t_mac,sample_idx,voltage_V,current_A,power_W,dp_V,dn_V,temp_C,energy_J,charge_C
1789864283.276,0,5.33603,0.01677,0.08949,3.298,3.298,947.3,0.00000,0.00000
1789864283.276,1,5.33603,0.01677,0.08949,3.298,3.298,947.3,0.00000,0.00000
1789864283.276,2,5.33603,0.01677,0.08949,3.297,3.298,947.3,0.00000,0.00000
1789864283.276,3,5.33614,0.01678,0.08954,3.298,3.298,947.3,0.00000,0.00000
1789864283.276,4,5.33614,0.01678,0.08954,3.299,3.298,947.3,0.00000,0.00000
1789864283.276,5,5.33614,0.01678,0.08954,3.297,3.297,947.3,0.00001,0.00000
1789864283.276,6,5.33614,0.01678,0.08954,3.294,3.295,947.3,0.00001,0.00000
1789864283.276,7,5.33614,0.01678,0.08954,3.294,3.294,947.3,0.00001,0.00000
1789864283.276,8,5.33614,0.01678,0.08954,3.294,3.294,947.3,0.00001,0.00000
1789864283.276,9,5.33614,0.01678,0.08954,3.294,3.294,947.3,0.00001,0.00000
1789864283.276,10,5.33614,0.01678,0.08954,3.294,3.294,947.3,0.00001,0.00000
1789864283.276,11,5.33614,0.01678,0.08954,3.292,3.292,947.3,0.00001,0.00000
1789864283.284,12,5.33614,0.01678,0.08954,3.292,3.292,947.3,0.00072,0.00014
1789864283.292,13,5.33607,0.01677,0.08949,3.291,3.291,947.3,0.00143,0.00027
1789864283.300,14,5.33607,0.01677,0.08949,3.291,3.291,947.3,0.00215,0.00040
1789864283.308,15,5.33607,0.01677,0.08949,3.290,3.290,947.3,0.00286,0.00054
1789864283.318,16,5.33607,0.01677,0.08949,3.289,3.289,947.3,0.00375,0.00070
1789864283.328,17,5.33607,0.01677,0.08949,3.292,3.291,947.3,0.00464,0.00087
1789864283.338,18,5.33607,0.01677,0.08949,3.294,3.294,947.3,0.00554,0.00104
1789864283.348,19,5.33607,0.01677,0.08949,3.293,3.293,947.3,0.00643,0.00120
1789864283.358,20,5.33607,0.01677,0.08949,3.293,3.293,947.3,0.00732,0.00137
1789864283.368,21,5.33607,0.01677,0.08949,3.294,3.294,947.3,0.00822,0.00154
1789864283.378,22,5.33607,0.01677,0.08949,3.294,3.294,947.3,0.00911,0.00171
1789864283.388,23,5.33607,0.01677,0.08949,3.295,3.294,947.3,0.01001,0.00187
1789864283.398,24,5.33607,0.01677,0.08949,3.295,3.295,947.3,0.01090,0.00204
1789864283.408,25,5.33607,0.01677,0.08949,3.296,3.296,947.3,0.01180,0.00221
1789864283.418,26,5.33607,0.01677,0.08949,3.297,3.297,947.3,0.01269,0.00238
1789864283.428,27,5.33607,0.01677,0.08949,3.297,3.297,947.3,0.01359,0.00255
1789864283.438,28,5.33607,0.01677,0.08949,3.297,3.297,947.3,0.01448,0.00271
1789864283.448,29,5.33607,0.01677,0.08949,3.296,3.296,947.3,0.01538,0.00288
1789864283.458,30,5.33607,0.01677,0.08949,3.297,3.297,947.3,0.01627,0.00305
1789864283.468,31,5.33607,0.01677,0.08949,3.296,3.296,947.3,0.01717,0.00322
1789864283.478,32,5.33607,0.01677,0.08949,3.296,3.296,947.3,0.01806,0.00339
1789864283.488,33,5.33599,0.01677,0.08948,3.296,3.296,947.3,0.01896,0.00355
1789864283.498,34,5.33599,0.01677,0.08948,3.297,3.297,947.3,0.01986,0.00372
1789864283.508,35,5.33599,0.01677,0.08948,3.298,3.298,947.3,0.02075,0.00389
1789864283.518,36,5.33599,0.01677,0.08948,3.298,3.298,947.3,0.02165,0.00406
1789864283.528,37,5.33599,0.01677,0.08948,3.299,3.298,947.3,0.02255,0.00423
1789864283.538,38,5.33599,0.01677,0.08948,3.299,3.299,947.3,0.02344,0.00439
1789864283.548,39,5.33599,0.01677,0.08948,3.298,3.299,947.3,0.02434,0.00456
1789864283.558,40,5.33599,0.01677,0.08948,3.298,3.297,947.3,0.02523,0.00473
1789864283.568,41,5.33599,0.01677,0.08948,3.297,3.296,947.3,0.02613,0.00490
1789864283.578,42,5.33599,0.01677,0.08948,3.296,3.296,947.3,0.02702,0.00506
1789864283.588,43,5.33599,0.01677,0.08948,3.296,3.295,947.3,0.02792,0.00523
1789864283.598,44,5.33599,0.01677,0.08948,3.296,3.295,947.3,0.02881,0.00540
1789864283.608,45,5.33599,0.01677,0.08948,3.297,3.295,947.3,0.02971,0.00557
1789864283.618,46,5.33599,0.01677,0.08948,3.296,3.296,947.3,0.03060,0.00574
1789864283.628,47,5.33599,0.01677,0.08948,3.296,3.296,947.3,0.03150,0.00590
1789864283.638,48,5.33599,0.01677,0.08948,3.296,3.296,947.3,0.03240,0.00607
1789864283.648,49,5.33599,0.01677,0.08948,3.296,3.296,947.3,0.03330,0.00624
1789864283.658,50,5.33599,0.01677,0.08948,3.296,3.296,947.3,0.03420,0.00641
1789864283.668,51,5.33599,0.01677,0.08948,3.295,3.295,947.3,0.03510,0.00658
1789864283.678,52,5.33599,0.01677,0.08948,3.294,3.294,947.3,0.03599,0.00674
1789864283.688,53,5.33611,0.01677,0.08949,3.293,3.293,947.3,0.03688,0.00691
1789864283.698,54,5.33611,0.01677,0.08949,3.291,3.292,947.3,0.03777,0.00708
1789864283.708,55,5.33611,0.01677,0.08949,3.291,3.291,947.3,0.03865,0.00724
1789864283.718,56,5.33611,0.01677,0.08949,3.290,3.290,947.3,0.03955,0.00741
1789864283.728,57,5.33611,0.01677,0.08949,3.291,3.291,947.3,0.04045,0.00758
1789864283.738,58,5.33611,0.01677,0.08949,3.293,3.293,947.3,0.04134,0.00775
1789864283.748,59,5.33611,0.01677,0.08949,3.293,3.294,947.3,0.04224,0.00792
1789864283.758,60,5.33611,0.01677,0.08949,3.294,3.295,947.3,0.04313,0.00808
1789864283.768,61,5.33611,0.01677,0.08949,3.295,3.295,947.3,0.04402,0.00825
1789864283.778,62,5.33611,0.01677,0.08949,3.295,3.296,947.3,0.04492,0.00842
1789864283.788,63,5.33607,0.01677,0.08949,3.296,3.296,947.3,0.04581,0.00859
1789864283.798,64,5.33607,0.01677,0.08949,3.295,3.295,947.3,0.04671,0.00875
1789864283.808,65,5.33607,0.01677,0.08949,3.295,3.295,947.3,0.04760,0.00892
1789864283.818,66,5.33607,0.01677,0.08949,3.295,3.295,947.3,0.04850,0.00909
1789864283.828,67,5.33607,0.01677,0.08949,3.295,3.295,947.3,0.04939,0.00926
1789864283.838,68,5.33607,0.01677,0.08949,3.295,3.295,947.3,0.05028,0.00942
1789864283.848,69,5.33607,0.01677,0.08949,3.295,3.295,947.3,0.05118,0.00959
1789864283.858,70,5.33607,0.01677,0.08949,3.295,3.296,947.3,0.05207,0.00976
1789864283.868,71,5.33607,0.01677,0.08949,3.295,3.295,947.3,0.05297,0.00993
1789864283.878,72,5.33607,0.01677,0.08949,3.295,3.295,947.3,0.05386,0.01009
1789864283.888,73,5.33599,0.01677,0.08948,3.296,3.296,947.3,0.05476,0.01026
1789864283.898,74,5.33599,0.01677,0.08948,3.296,3.297,947.3,0.05565,0.01043
1789864283.908,75,5.33599,0.01677,0.08948,3.297,3.297,947.3,0.05655,0.01060
1789864283.918,76,5.33599,0.01677,0.08948,3.298,3.298,947.3,0.05744,0.01076
1789864283.928,77,5.33599,0.01677,0.08948,3.299,3.299,947.3,0.05834,0.01093
1789864283.938,78,5.33599,0.01677,0.08948,3.299,3.299,947.3,0.05923,0.01110
1789864283.948,79,5.33599,0.01677,0.08948,3.299,3.299,947.3,0.06013,0.01127
1789864283.958,80,5.33599,0.01677,0.08948,3.298,3.299,947.3,0.06103,0.01144
1789864283.968,81,5.33599,0.01677,0.08948,3.298,3.296,947.3,0.06192,0.01160
1789864283.978,82,5.33599,0.01677,0.08948,3.297,3.296,947.3,0.06282,0.01177
1789864283.988,83,5.33595,0.01677,0.08948,3.297,3.295,947.3,0.06372,0.01194
1789864283.998,84,5.33595,0.01677,0.08948,3.297,3.295,947.3,0.06461,0.01211
1789864284.008,85,5.33595,0.01677,0.08948,3.295,3.295,947.3,0.06551,0.01228
1789864284.018,86,5.33595,0.01677,0.08948,3.293,3.293,947.3,0.06640,0.01244
1789864284.028,87,5.33595,0.01677,0.08948,3.293,3.294,947.3,0.06730,0.01261
1789864284.038,88,5.33595,0.01677,0.08948,3.294,3.294,947.3,0.06819,0.01278
1789864284.048,89,5.33595,0.01677,0.08948,3.294,3.294,947.3,0.06908,0.01295
1789864284.058,90,5.33595,0.01677,0.08948,3.294,3.294,947.3,0.06997,0.01311
1789864284.068,91,5.33595,0.01677,0.08948,3.291,3.292,947.3,0.07086,0.01328
1789864284.078,92,5.33595,0.01677,0.08948,3.291,3.291,947.3,0.07175,0.01345
1789864284.088,93,5.33591,0.01676,0.08943,3.291,3.291,947.3,0.07265,0.01361
1789864284.098,94,5.33591,0.01676,0.08943,3.291,3.291,947.3,0.07354,0.01378
1789864284.108,95,5.33591,0.01676,0.08943,3.289,3.291,947.3,0.07443,0.01395
1789864284.118,96,5.33591,0.01676,0.08943,3.288,3.289,947.3,0.07533,0.01412
1789864284.128,97,5.33591,0.01676,0.08943,3.291,3.291,947.3,0.07623,0.01429
1789864284.138,98,5.33591,0.01676,0.08943,3.295,3.295,947.3,0.07713,0.01446
1789864284.148,99,5.33591,0.01676,0.08943,3.294,3.295,947.3,0.07803,0.01462
1789864284.158,100,5.33591,0.01676,0.08943,3.294,3.295,947.3,0.07893,0.01479
1789864284.168,101,5.33591,0.01676,0.08943,3.295,3.295,947.3,0.07983,0.01496
1789864284.178,102,5.33591,0.01676,0.08943,3.295,3.295,947.3,0.08072,0.01513
1789864284.188,103,5.33579,0.01677,0.08948,3.295,3.295,947.3,0.08162,0.01530
1789864284.198,104,5.33579,0.01677,0.08948,3.295,3.295,947.3,0.08251,0.01546
1789864284.208,105,5.33579,0.01677,0.08948,3.295,3.295,947.3,0.08340,0.01563
1789864284.218,106,5.33579,0.01677,0.08948,3.295,3.296,947.3,0.08428,0.01580
1789864284.228,107,5.33579,0.01677,0.08948,3.296,3.296,947.3,0.08517,0.01596
1789864284.238,108,5.33579,0.01677,0.08948,3.296,3.296,947.3,0.08607,0.01613
1789864284.248,109,5.33579,0.01677,0.08948,3.297,3.296,947.3,0.08696,0.01630
1789864284.258,110,5.33579,0.01677,0.08948,3.298,3.297,947.3,0.08785,0.01646
1789864284.268,111,5.33579,0.01677,0.08948,3.297,3.297,947.3,0.08875,0.01663
1789864284.278,112,5.33579,0.01677,0.08948,3.297,3.297,947.3,0.08965,0.01680
1789864284.288,113,5.33575,0.01677,0.08948,3.297,3.297,947.3,0.09054,0.01697
1789864284.298,114,5.33575,0.01677,0.08948,3.298,3.298,947.3,0.09144,0.01714
1789864284.308,115,5.33575,0.01677,0.08948,3.299,3.298,947.3,0.09233,0.01730
1789864284.318,116,5.33575,0.01677,0.08948,3.299,3.298,947.3,0.09323,0.01747
1789864284.328,117,5.33575,0.01677,0.08948,3.299,3.299,947.3,0.09412,0.01764
1789864284.338,118,5.33575,0.01677,0.08948,3.299,3.299,947.3,0.09502,0.01781
1789864284.348,119,5.33575,0.01677,0.08948,3.299,3.299,947.3,0.09592,0.01798
1789864284.358,120,5.33575,0.01677,0.08948,3.299,3.299,947.3,0.09681,0.01814
1789864284.368,121,5.33575,0.01677,0.08948,3.298,3.298,947.3,0.09771,0.01831
1789864284.378,122,5.33575,0.01677,0.08948,3.296,3.297,947.3,0.09860,0.01848
1789864284.388,123,5.33579,0.01677,0.08948,3.296,3.297,947.3,0.09949,0.01865
1789864284.398,124,5.33579,0.01677,0.08948,3.295,3.297,947.3,0.10039,0.01881
1789864284.408,125,5.33579,0.01677,0.08948,3.295,3.297,947.3,0.10129,0.01898
1789864284.418,126,5.33579,0.01677,0.08948,3.294,3.295,947.3,0.10218,0.01915
1789864284.428,127,5.33579,0.01677,0.08948,3.293,3.294,947.3,0.10308,0.01932
1789864284.438,128,5.33579,0.01677,0.08948,3.295,3.295,947.3,0.10397,0.01949
1789864284.448,129,5.33579,0.01677,0.08948,3.295,3.295,947.3,0.10487,0.01965
1789864284.458,130,5.33579,0.01677,0.08948,3.295,3.295,947.3,0.10576,0.01982
1789864284.468,131,5.33579,0.01677,0.08948,3.293,3.293,947.3,0.10666,0.01999
1789864284.478,132,5.33579,0.01677,0.08948,3.292,3.291,947.3,0.10756,0.02016
1789864284.488,133,5.33583,0.01677,0.08948,3.293,3.294,947.3,0.10846,0.02033
1789864284.498,134,5.33583,0.01677,0.08948,3.292,3.292,947.3,0.10936,0.02049
1789864284.508,135,5.33583,0.01677,0.08948,3.292,3.293,947.3,0.11026,0.02066
1789864284.518,136,5.33583,0.01677,0.08948,3.291,3.292,947.3,0.11115,0.02083
1789864284.528,137,5.33583,0.01677,0.08948,3.294,3.293,947.3,0.11204,0.02100
1789864284.538,138,5.33583,0.01677,0.08948,3.295,3.295,947.3,0.11292,0.02116
1789864284.548,139,5.33583,0.01677,0.08948,3.294,3.294,947.3,0.11381,0.02133
1789864284.558,140,5.33583,0.01677,0.08948,3.294,3.294,947.3,0.11471,0.02150
1789864284.568,141,5.33583,0.01677,0.08948,3.293,3.293,947.3,0.11561,0.02167
1789864284.578,142,5.33583,0.01677,0.08948,3.293,3.294,947.3,0.11651,0.02183
1789864284.588,143,5.33599,0.01677,0.08948,3.294,3.294,947.3,0.11740,0.02200
1789864284.598,144,5.33599,0.01677,0.08948,3.295,3.295,947.3,0.11830,0.02217
1789864284.608,145,5.33599,0.01677,0.08948,3.295,3.295,947.3,0.11919,0.02234
1789864284.618,146,5.33599,0.01677,0.08948,3.296,3.297,947.3,0.12009,0.02251
1789864284.628,147,5.33599,0.01677,0.08948,3.297,3.297,947.3,0.12098,0.02267
1789864284.638,148,5.33599,0.01677,0.08948,3.297,3.297,947.3,0.12188,0.02284
1789864284.648,149,5.33599,0.01677,0.08948,3.298,3.298,947.3,0.12277,0.02301
1789864284.658,150,5.33599,0.01677,0.08948,3.298,3.298,947.3,0.12366,0.02318
1789864284.668,151,5.33599,0.01677,0.08948,3.298,3.298,947.3,0.12455,0.02334
1789864284.678,152,5.33599,0.01677,0.08948,3.298,3.298,947.3,0.12545,0.02351
1789864284.688,153,5.33603,0.01677,0.08949,3.299,3.299,947.3,0.12634,0.02368
1789864284.698,154,5.33603,0.01677,0.08949,3.299,3.299,947.3,0.12724,0.02384
1789864284.708,155,5.33603,0.01677,0.08949,3.299,3.299,947.3,0.12813,0.02401
1789864284.718,156,5.33603,0.01677,0.08949,3.299,3.299,947.3,0.12902,0.02418
1789864284.728,157,5.33603,0.01677,0.08949,3.299,3.299,947.3,0.12992,0.02435
1789864284.738,158,5.33603,0.01677,0.08949,3.299,3.299,947.3,0.13081,0.02452
1789864284.748,159,5.33603,0.01677,0.08949,3.299,3.299,947.3,0.13171,0.02468
1789864284.758,160,5.33603,0.01677,0.08949,3.299,3.299,947.3,0.13260,0.02485
1789864284.768,161,5.33603,0.01677,0.08949,3.299,3.299,947.3,0.13349,0.02502
1789864284.778,162,5.33603,0.01677,0.08949,3.296,3.298,947.3,0.13439,0.02518
1789864284.788,163,5.33599,0.01677,0.08948,3.296,3.298,947.3,0.13528,0.02535
1789864284.798,164,5.33599,0.01677,0.08948,3.296,3.297,947.3,0.13617,0.02552
1789864284.808,165,5.33599,0.01677,0.08948,3.295,3.297,947.3,0.13707,0.02569
1789864284.818,166,5.33599,0.01677,0.08948,3.292,3.294,947.3,0.13797,0.02586
1789864284.828,167,5.33599,0.01677,0.08948,3.291,3.292,947.3,0.13886,0.02602
1789864284.838,168,5.33599,0.01677,0.08948,3.293,3.293,947.3,0.13976,0.02619
1789864284.848,169,5.33599,0.01677,0.08948,3.293,3.293,947.3,0.14065,0.02636
1789864284.858,170,5.33599,0.01677,0.08948,3.293,3.293,947.3,0.14155,0.02653
1789864284.868,171,5.33599,0.01677,0.08948,3.292,3.293,947.3,0.14244,0.02669
1789864284.878,172,5.33599,0.01677,0.08948,3.291,3.291,947.3,0.14334,0.02686
1789864284.888,173,5.33607,0.01676,0.08943,3.290,3.290,947.3,0.14424,0.02703
1789864284.898,174,5.33607,0.01676,0.08943,3.288,3.289,947.3,0.14513,0.02720
1789864284.908,175,5.33607,0.01676,0.08943,3.287,3.287,947.3,0.14603,0.02737
1789864284.918,176,5.33607,0.01676,0.08943,3.287,3.287,947.3,0.14693,0.02754
1789864284.928,177,5.33607,0.01676,0.08943,3.289,3.288,947.3,0.14782,0.02770
1789864284.938,178,5.33607,0.01676,0.08943,3.293,3.293,947.3,0.14872,0.02787
1789864284.948,179,5.33607,0.01676,0.08943,3.294,3.294,947.3,0.14962,0.02804
1789864284.958,180,5.33607,0.01676,0.08943,3.294,3.294,947.3,0.15051,0.02821
1789864284.968,181,5.33607,0.01676,0.08943,3.295,3.295,947.3,0.15140,0.02837
1789864284.978,182,5.33607,0.01676,0.08943,3.294,3.294,947.3,0.15230,0.02854
1789864284.988,183,5.33607,0.01677,0.08949,3.294,3.293,947.3,0.15319,0.02871
1789864284.998,184,5.33607,0.01677,0.08949,3.294,3.294,947.3,0.15408,0.02888
1789864285.008,185,5.33607,0.01677,0.08949,3.294,3.294,947.3,0.15497,0.02904
1789864285.018,186,5.33607,0.01677,0.08949,3.295,3.295,947.3,0.15586,0.02921
1789864285.028,187,5.33607,0.01677,0.08949,3.295,3.295,947.3,0.15676,0.02938
1789864285.038,188,5.33607,0.01677,0.08949,3.295,3.295,947.3,0.15765,0.02955
1789864285.048,189,5.33607,0.01677,0.08949,3.295,3.295,947.3,0.15855,0.02971
1789864285.058,190,5.33607,0.01677,0.08949,3.295,3.295,947.3,0.15945,0.02988
1789864285.068,191,5.33607,0.01677,0.08949,3.295,3.295,947.3,0.16035,0.03005
1789864285.078,192,5.33607,0.01677,0.08949,3.295,3.295,947.3,0.16125,0.03022
1789864285.088,193,5.33611,0.01677,0.08949,3.295,3.296,947.3,0.16214,0.03039
1789864285.098,194,5.33611,0.01677,0.08949,3.295,3.295,947.3,0.16304,0.03055
1789864285.108,195,5.33611,0.01677,0.08949,3.295,3.296,947.3,0.16394,0.03072
1789864285.118,196,5.33611,0.01677,0.08949,3.295,3.296,947.3,0.16483,0.03089
1789864285.128,197,5.33611,0.01677,0.08949,3.296,3.297,947.3,0.16572,0.03106
1789864285.138,198,5.33611,0.01677,0.08949,3.297,3.298,947.3,0.16661,0.03122
1789864285.148,199,5.33611,0.01677,0.08949,3.298,3.298,947.3,0.16750,0.03139
1789864285.158,200,5.33611,0.01677,0.08949,3.298,3.299,947.3,0.16839,0.03156
1789864285.168,201,5.33611,0.01677,0.08949,3.299,3.299,947.3,0.16929,0.03173
1789864285.178,202,5.33611,0.01677,0.08949,3.299,3.299,947.3,0.17019,0.03189
1789864285.188,203,5.33626,0.01677,0.08949,3.298,3.298,947.3,0.17108,0.03206
1789864285.198,204,5.33626,0.01677,0.08949,3.298,3.297,947.3,0.17198,0.03223
1789864285.208,205,5.33626,0.01677,0.08949,3.296,3.296,947.3,0.17287,0.03240
1789864285.218,206,5.33626,0.01677,0.08949,3.293,3.294,947.3,0.17376,0.03256
1789864285.228,207,5.33626,0.01677,0.08949,3.291,3.291,947.3,0.17466,0.03273
1789864285.238,208,5.33626,0.01677,0.08949,3.291,3.291,947.3,0.17555,0.03290
1789864285.248,209,5.33626,0.01677,0.08949,3.291,3.292,947.3,0.17645,0.03307
1789864285.258,210,5.33626,0.01677,0.08949,3.292,3.292,947.3,0.17734,0.03324
1789864285.268,211,5.33626,0.01677,0.08949,3.291,3.292,947.3,0.17824,0.03340
1789864285.278,212,5.33626,0.01677,0.08949,3.290,3.290,947.3,0.17914,0.03357
1789864285.288,213,5.33634,0.01677,0.08949,3.291,3.291,947.3,0.18003,0.03374
1789864285.298,214,5.33634,0.01677,0.08949,3.290,3.291,947.3,0.18093,0.03391
1789864285.308,215,5.33634,0.01677,0.08949,3.289,3.290,947.3,0.18183,0.03408
1789864285.318,216,5.33634,0.01677,0.08949,3.289,3.291,947.3,0.18272,0.03424
1789864285.328,217,5.33634,0.01677,0.08949,3.291,3.291,947.3,0.18362,0.03441
1789864285.338,218,5.33634,0.01677,0.08949,3.295,3.295,947.3,0.18451,0.03458
1789864285.348,219,5.33634,0.01677,0.08949,3.295,3.295,947.3,0.18540,0.03475
1789864285.358,220,5.33634,0.01677,0.08949,3.295,3.295,947.3,0.18630,0.03491
1789864285.368,221,5.33634,0.01677,0.08949,3.295,3.295,947.3,0.18719,0.03508
1789864285.378,222,5.33634,0.01677,0.08949,3.295,3.295,947.3,0.18809,0.03525
1789864285.388,223,5.33634,0.01677,0.08949,3.295,3.295,947.3,0.18898,0.03542
1789864285.398,224,5.33634,0.01677,0.08949,3.295,3.294,947.3,0.18988,0.03558
1789864285.408,225,5.33634,0.01677,0.08949,3.295,3.295,947.3,0.19078,0.03575
1789864285.418,226,5.33634,0.01677,0.08949,3.295,3.295,947.3,0.19167,0.03592
1789864285.428,227,5.33634,0.01677,0.08949,3.295,3.296,947.3,0.19257,0.03609
1789864285.438,228,5.33634,0.01677,0.08949,3.295,3.295,947.3,0.19346,0.03626
1789864285.448,229,5.33634,0.01677,0.08949,3.295,3.295,947.3,0.19436,0.03642
1789864285.458,230,5.33634,0.01677,0.08949,3.295,3.296,947.3,0.19525,0.03659
1789864285.468,231,5.33634,0.01677,0.08949,3.295,3.296,947.3,0.19614,0.03676
1789864285.478,232,5.33634,0.01677,0.08949,3.295,3.295,947.3,0.19704,0.03693
1789864285.488,233,5.33630,0.01677,0.08949,3.295,3.295,947.3,0.19793,0.03709
1789864285.498,234,5.33630,0.01677,0.08949,3.296,3.296,947.3,0.19883,0.03726
1789864285.508,235,5.33630,0.01677,0.08949,3.297,3.297,947.3,0.19972,0.03743
1789864285.518,236,5.33630,0.01677,0.08949,3.297,3.297,947.3,0.20062,0.03760
1789864285.528,237,5.33630,0.01677,0.08949,3.298,3.298,947.3,0.20151,0.03776
1789864285.538,238,5.33630,0.01677,0.08949,3.299,3.299,947.3,0.20240,0.03793
1789864285.548,239,5.33630,0.01677,0.08949,3.299,3.299,947.3,0.20329,0.03810
1789864285.558,240,5.33630,0.01677,0.08949,3.299,3.299,947.3,0.20418,0.03827
1789864285.568,241,5.33630,0.01677,0.08949,3.299,3.299,947.3,0.20508,0.03843
1789864285.578,242,5.33630,0.01677,0.08949,3.299,3.299,947.3,0.20598,0.03860
1789864285.588,243,5.33626,0.01678,0.08954,3.299,3.299,947.3,0.20687,0.03877
1789864285.598,244,5.33626,0.01678,0.08954,3.298,3.298,947.3,0.20777,0.03894
1789864285.608,245,5.33626,0.01678,0.08954,3.297,3.297,947.3,0.20867,0.03911
1789864285.618,246,5.33626,0.01678,0.08954,3.296,3.296,947.3,0.20957,0.03927
1789864285.628,247,5.33626,0.01678,0.08954,3.294,3.293,947.3,0.21047,0.03944
1789864285.638,248,5.33626,0.01678,0.08954,3.294,3.293,947.3,0.21135,0.03961
1789864285.648,249,5.33626,0.01678,0.08954,3.294,3.293,947.3,0.21224,0.03978
1789864285.658,250,5.33626,0.01678,0.08954,3.295,3.294,947.3,0.21313,0.03994
1789864285.668,251,5.33626,0.01678,0.08954,3.294,3.294,947.3,0.21402,0.04011
1789864285.678,252,5.33626,0.01678,0.08954,3.289,3.289,947.3,0.21493,0.04028
1789864285.688,253,5.33618,0.01679,0.08959,3.289,3.289,947.3,0.21583,0.04045
1789864285.698,254,5.33618,0.01679,0.08959,3.288,3.288,947.3,0.21673,0.04062
1789864285.708,255,5.33618,0.01679,0.08959,3.286,3.287,947.3,0.21763,0.04079
1789864285.718,256,5.33618,0.01679,0.08959,3.285,3.285,947.3,0.21853,0.04095
1789864285.728,257,5.33618,0.01679,0.08959,3.285,3.285,947.3,0.21942,0.04112
1789864285.738,258,5.33618,0.01679,0.08959,3.290,3.289,947.3,0.22032,0.04129
1789864285.748,259,5.33618,0.01679,0.08959,3.291,3.291,947.3,0.22121,0.04146
1789864285.758,260,5.33618,0.01679,0.08959,3.291,3.291,947.3,0.22210,0.04162
1789864285.768,261,5.33618,0.01679,0.08959,3.293,3.292,947.3,0.22300,0.04179
1789864285.778,262,5.33618,0.01679,0.08959,3.294,3.294,947.3,0.22390,0.04196
1789864285.788,263,5.33614,0.01680,0.08965,3.295,3.295,947.3,0.22479,0.04213
1789864285.798,264,5.33614,0.01680,0.08965,3.295,3.295,947.3,0.22569,0.04230
1789864285.808,265,5.33614,0.01680,0.08965,3.295,3.295,947.3,0.22659,0.04246
1789864285.818,266,5.33614,0.01680,0.08965,3.295,3.295,947.3,0.22749,0.04263
1789864285.828,267,5.33614,0.01680,0.08965,3.295,3.295,947.3,0.22839,0.04280
1789864285.838,268,5.33614,0.01680,0.08965,3.295,3.295,947.3,0.22928,0.04297
1789864285.848,269,5.33614,0.01680,0.08965,3.295,3.295,947.3,0.23018,0.04314
1789864285.858,270,5.33614,0.01680,0.08965,3.295,3.296,947.3,0.23107,0.04330
1789864285.868,271,5.33614,0.01680,0.08965,3.296,3.296,947.3,0.23197,0.04347
1789864285.878,272,5.33614,0.01680,0.08965,3.297,3.297,947.3,0.23287,0.04364
1789864285.888,273,5.33611,0.01680,0.08965,3.298,3.298,947.3,0.23376,0.04381
1789864285.898,274,5.33611,0.01680,0.08965,3.298,3.298,947.3,0.23466,0.04398
1789864285.908,275,5.33611,0.01680,0.08965,3.299,3.299,947.3,0.23555,0.04414
1789864285.918,276,5.33611,0.01680,0.08965,3.299,3.299,947.3,0.23645,0.04431
1789864285.928,277,5.33611,0.01680,0.08965,3.299,3.299,947.3,0.23735,0.04448
1789864285.938,278,5.33611,0.01680,0.08965,3.299,3.299,947.3,0.23824,0.04465
1789864285.948,279,5.33611,0.01680,0.08965,3.299,3.299,947.3,0.23914,0.04482
1789864285.958,280,5.33611,0.01680,0.08965,3.299,3.299,947.3,0.24003,0.04498
1789864285.968,281,5.33611,0.01680,0.08965,3.299,3.299,947.3,0.24093,0.04515
1789864285.978,282,5.33611,0.01680,0.08965,3.299,3.299,947.3,0.24183,0.04532
1789864285.988,283,5.33611,0.01680,0.08965,3.299,3.299,947.3,0.24273,0.04549
1789864285.998,284,5.33611,0.01680,0.08965,3.298,3.298,947.3,0.24362,0.04566
1789864286.008,285,5.33611,0.01680,0.08965,3.296,3.297,947.3,0.24451,0.04582
1789864286.018,286,5.33611,0.01680,0.08965,3.295,3.295,947.3,0.24540,0.04599
1789864286.028,287,5.33611,0.01680,0.08965,3.291,3.291,947.3,0.24630,0.04616
1789864286.038,288,5.33611,0.01680,0.08965,3.291,3.292,947.3,0.24720,0.04633
1789864286.048,289,5.33611,0.01680,0.08965,3.291,3.292,947.3,0.24810,0.04649
1789864286.058,290,5.33611,0.01680,0.08965,3.291,3.292,947.3,0.24900,0.04666
1789864286.068,291,5.33611,0.01680,0.08965,3.293,3.293,947.3,0.24990,0.04683
1789864286.078,292,5.33611,0.01680,0.08965,3.291,3.291,947.3,0.25079,0.04700
1789864286.088,293,5.33603,0.01680,0.08965,3.293,3.293,947.3,0.25168,0.04717
1789864286.098,294,5.33603,0.01680,0.08965,3.292,3.292,947.3,0.25258,0.04733
1789864286.108,295,5.33603,0.01680,0.08965,3.292,3.291,947.3,0.25347,0.04750
1789864286.118,296,5.33603,0.01680,0.08965,3.291,3.291,947.3,0.25437,0.04767
1789864286.128,297,5.33603,0.01680,0.08965,3.290,3.290,947.3,0.25527,0.04784
1789864286.138,298,5.33603,0.01680,0.08965,3.292,3.291,947.3,0.25617,0.04801
1789864286.148,299,5.33603,0.01680,0.08965,3.293,3.293,947.3,0.25707,0.04818
1789864286.158,300,5.33603,0.01680,0.08965,3.292,3.292,947.3,0.25796,0.04834
1789864286.168,301,5.33603,0.01680,0.08965,3.293,3.293,947.3,0.25886,0.04851
1789864286.178,302,5.33603,0.01680,0.08965,3.294,3.294,947.3,0.25975,0.04868
1789864286.188,303,5.33583,0.01680,0.08964,3.295,3.295,947.3,0.26065,0.04885
1789864286.198,304,5.33583,0.01680,0.08964,3.295,3.295,947.3,0.26154,0.04901
1789864286.208,305,5.33583,0.01680,0.08964,3.295,3.295,947.3,0.26244,0.04918
1789864286.218,306,5.33583,0.01680,0.08964,3.295,3.295,947.3,0.26333,0.04935
1789864286.228,307,5.33583,0.01680,0.08964,3.295,3.295,947.3,0.26422,0.04952
1789864286.238,308,5.33583,0.01680,0.08964,3.295,3.295,947.3,0.26512,0.04969
1789864286.248,309,5.33583,0.01680,0.08964,3.295,3.295,947.3,0.26602,0.04985
1789864286.258,310,5.33583,0.01680,0.08964,3.296,3.296,947.3,0.26692,0.05002
1789864286.268,311,5.33583,0.01680,0.08964,3.296,3.296,947.3,0.26782,0.05019
1789864286.278,312,5.33583,0.01680,0.08964,3.296,3.296,947.3,0.26873,0.05036
1789864286.288,313,5.33568,0.01681,0.08969,3.296,3.296,947.3,0.26963,0.05053
1789864286.298,314,5.33568,0.01681,0.08969,3.297,3.297,947.3,0.27053,0.05070
1789864286.308,315,5.33568,0.01681,0.08969,3.297,3.297,947.3,0.27144,0.05087
1789864286.318,316,5.33568,0.01681,0.08969,3.298,3.298,947.3,0.27232,0.05103
1789864286.328,317,5.33568,0.01681,0.08969,3.298,3.298,947.3,0.27321,0.05120
1789864286.338,318,5.33568,0.01681,0.08969,3.299,3.299,947.3,0.27410,0.05137
1789864286.348,319,5.33568,0.01681,0.08969,3.299,3.299,947.3,0.27498,0.05153
1789864286.358,320,5.33568,0.01681,0.08969,3.299,3.299,947.3,0.27588,0.05170
1789864286.368,321,5.33568,0.01681,0.08969,3.299,3.299,947.3,0.27678,0.05187
1789864286.378,322,5.33568,0.01681,0.08969,3.299,3.299,947.3,0.27768,0.05204
1789864286.388,323,5.33556,0.01681,0.08969,3.298,3.299,947.3,0.27858,0.05221
1789864286.398,324,5.33556,0.01681,0.08969,3.298,3.298,947.3,0.27948,0.05238
1789864286.408,325,5.33556,0.01681,0.08969,3.297,3.298,947.3,0.28038,0.05254
1789864286.418,326,5.33556,0.01681,0.08969,3.295,3.295,947.3,0.28128,0.05271
1789864286.428,327,5.33556,0.01681,0.08969,3.294,3.294,947.3,0.28217,0.05288
1789864286.438,328,5.33556,0.01681,0.08969,3.294,3.294,947.3,0.28307,0.05305
1789864286.448,329,5.33556,0.01681,0.08969,3.295,3.295,947.3,0.28397,0.05322
1789864286.458,330,5.33556,0.01681,0.08969,3.294,3.294,947.3,0.28486,0.05339
1789864286.468,331,5.33556,0.01681,0.08969,3.294,3.294,947.3,0.28576,0.05355
1789864286.478,332,5.33556,0.01681,0.08969,3.291,3.291,947.3,0.28666,0.05372
1789864286.488,333,5.33556,0.01680,0.08964,3.288,3.288,947.3,0.28755,0.05389
1789864286.498,334,5.33556,0.01680,0.08964,3.287,3.287,947.3,0.28844,0.05406
1789864286.508,335,5.33556,0.01680,0.08964,3.286,3.286,947.3,0.28933,0.05422
1789864286.518,336,5.33556,0.01680,0.08964,3.286,3.287,947.3,0.29023,0.05439
1789864286.528,337,5.33556,0.01680,0.08964,3.286,3.286,947.3,0.29113,0.05456
1789864286.538,338,5.33556,0.01680,0.08964,3.292,3.291,947.3,0.29202,0.05473
1789864286.548,339,5.33556,0.01680,0.08964,3.295,3.295,947.3,0.29292,0.05489
1789864286.558,340,5.33556,0.01680,0.08964,3.295,3.295,947.3,0.29381,0.05506
1789864286.568,341,5.33556,0.01680,0.08964,3.296,3.296,947.3,0.29471,0.05523
1789864286.578,342,5.33556,0.01680,0.08964,3.296,3.297,947.3,0.29561,0.05540
1789864286.588,343,5.33548,0.01680,0.08964,3.296,3.297,947.3,0.29650,0.05557
1789864286.598,344,5.33548,0.01680,0.08964,3.296,3.296,947.3,0.29740,0.05573
1789864286.608,345,5.33548,0.01680,0.08964,3.296,3.296,947.3,0.29830,0.05590
1789864286.618,346,5.33548,0.01680,0.08964,3.297,3.297,947.3,0.29919,0.05607
1789864286.628,347,5.33548,0.01680,0.08964,3.297,3.297,947.3,0.30009,0.05624
1789864286.638,348,5.33548,0.01680,0.08964,3.297,3.297,947.3,0.30099,0.05641
1789864286.648,349,5.33548,0.01680,0.08964,3.298,3.298,947.3,0.30189,0.05658
1789864286.658,350,5.33548,0.01680,0.08964,3.298,3.298,947.3,0.30278,0.05674
1789864286.668,351,5.33548,0.01680,0.08964,3.297,3.297,947.3,0.30368,0.05691
1789864286.678,352,5.33548,0.01680,0.08964,3.298,3.298,947.3,0.30458,0.05708
1789864286.688,353,5.33540,0.01679,0.08958,3.297,3.297,947.3,0.30547,0.05725
1789864286.698,354,5.33540,0.01679,0.08958,3.297,3.297,947.3,0.30637,0.05742
1789864286.708,355,5.33540,0.01679,0.08958,3.297,3.297,947.3,0.30727,0.05758
1789864286.718,356,5.33540,0.01679,0.08958,3.298,3.298,947.3,0.30816,0.05775
1789864286.728,357,5.33540,0.01679,0.08958,3.299,3.299,947.3,0.30906,0.05792
1789864286.738,358,5.33540,0.01679,0.08958,3.299,3.299,947.3,0.30995,0.05809
1789864286.748,359,5.33540,0.01679,0.08958,3.299,3.299,947.3,0.31085,0.05826
1789864286.758,360,5.33540,0.01679,0.08958,3.299,3.299,947.3,0.31175,0.05842
1789864286.768,361,5.33540,0.01679,0.08958,3.299,3.299,947.3,0.31265,0.05859
1789864286.778,362,5.33540,0.01679,0.08958,3.299,3.299,947.3,0.31354,0.05876
1789864286.788,363,5.33532,0.01679,0.08958,3.298,3.299,947.3,0.31444,0.05893
1789864286.798,364,5.33532,0.01679,0.08958,3.298,3.298,947.3,0.31533,0.05910
1789864286.808,365,5.33532,0.01679,0.08958,3.298,3.298,947.3,0.31623,0.05926
1789864286.818,366,5.33532,0.01679,0.08958,3.295,3.296,947.3,0.31712,0.05943
1789864286.828,367,5.33532,0.01679,0.08958,3.292,3.293,947.3,0.31802,0.05960
1789864286.838,368,5.33532,0.01679,0.08958,3.292,3.293,947.3,0.31892,0.05977
1789864286.848,369,5.33532,0.01679,0.08958,3.292,3.293,947.3,0.31981,0.05994
1789864286.858,370,5.33532,0.01679,0.08958,3.291,3.293,947.3,0.32071,0.06010
1789864286.868,371,5.33532,0.01679,0.08958,3.291,3.292,947.3,0.32161,0.06027
1789864286.878,372,5.33532,0.01679,0.08958,3.287,3.288,947.3,0.32251,0.06044
1789864286.888,373,5.33529,0.01678,0.08953,3.288,3.289,947.3,0.32340,0.06061
1789864286.898,374,5.33529,0.01678,0.08953,3.288,3.289,947.3,0.32430,0.06078
1789864286.908,375,5.33529,0.01678,0.08953,3.287,3.288,947.3,0.32519,0.06094
1789864286.918,376,5.33529,0.01678,0.08953,3.286,3.287,947.3,0.32609,0.06111
1789864286.928,377,5.33529,0.01678,0.08953,3.286,3.287,947.3,0.32698,0.06128
1789864286.938,378,5.33529,0.01678,0.08953,3.292,3.292,947.3,0.32787,0.06145
1789864286.948,379,5.33529,0.01678,0.08953,3.294,3.294,947.3,0.32877,0.06161
1789864286.958,380,5.33529,0.01678,0.08953,3.293,3.293,947.3,0.32966,0.06178
1789864286.968,381,5.33529,0.01678,0.08953,3.294,3.294,947.3,0.33056,0.06195
1789864286.978,382,5.33529,0.01678,0.08953,3.295,3.295,947.3,0.33146,0.06212
1789864286.988,383,5.33525,0.01678,0.08953,3.295,3.295,947.3,0.33235,0.06229
1789864286.998,384,5.33525,0.01678,0.08953,3.295,3.295,947.3,0.33325,0.06245
1789864287.008,385,5.33525,0.01678,0.08953,3.295,3.295,947.3,0.33414,0.06262
1789864287.018,386,5.33525,0.01678,0.08953,3.295,3.296,947.3,0.33504,0.06279
1789864287.028,387,5.33525,0.01678,0.08953,3.295,3.296,947.3,0.33594,0.06296
1789864287.038,388,5.33525,0.01678,0.08953,3.296,3.296,947.3,0.33683,0.06313
1789864287.048,389,5.33525,0.01678,0.08953,3.297,3.297,947.3,0.33773,0.06329
1789864287.058,390,5.33525,0.01678,0.08953,3.297,3.297,947.3,0.33862,0.06346
1789864287.068,391,5.33525,0.01678,0.08953,3.297,3.297,947.3,0.33951,0.06363
1789864287.078,392,5.33525,0.01678,0.08953,3.298,3.298,947.3,0.34041,0.06380
1789864287.088,393,5.33521,0.01677,0.08947,3.297,3.298,947.3,0.34131,0.06396
1789864287.098,394,5.33521,0.01677,0.08947,3.297,3.298,947.3,0.34220,0.06413
1789864287.108,395,5.33521,0.01677,0.08947,3.297,3.298,947.3,0.34310,0.06430
1789864287.118,396,5.33521,0.01677,0.08947,3.298,3.298,947.3,0.34399,0.06447
1789864287.128,397,5.33521,0.01677,0.08947,3.298,3.298,947.3,0.34488,0.06463
1789864287.138,398,5.33521,0.01677,0.08947,3.298,3.298,947.3,0.34578,0.06480
1789864287.148,399,5.33521,0.01677,0.08947,3.299,3.299,947.3,0.34667,0.06497
1789864287.158,400,5.33521,0.01677,0.08947,3.299,3.299,947.3,0.34756,0.06514
1789864287.168,401,5.33521,0.01677,0.08947,3.299,3.299,947.3,0.34845,0.06530
1789864287.178,402,5.33521,0.01677,0.08947,3.299,3.299,947.3,0.34935,0.06547
1789864287.188,403,5.33525,0.01677,0.08947,3.299,3.299,947.3,0.35024,0.06564
1789864287.198,404,5.33525,0.01677,0.08947,3.298,3.298,947.3,0.35113,0.06581
1789864287.208,405,5.33525,0.01677,0.08947,3.297,3.298,947.3,0.35203,0.06597
1789864287.218,406,5.33525,0.01677,0.08947,3.295,3.297,947.3,0.35292,0.06614
1789864287.228,407,5.33525,0.01677,0.08947,3.293,3.294,947.3,0.35381,0.06631
1789864287.238,408,5.33525,0.01677,0.08947,3.291,3.293,947.3,0.35471,0.06648
1789864287.248,409,5.33525,0.01677,0.08947,3.291,3.294,947.3,0.35561,0.06665
1789864287.258,410,5.33525,0.01677,0.08947,3.291,3.294,947.3,0.35651,0.06681
1789864287.268,411,5.33525,0.01677,0.08947,3.291,3.294,947.3,0.35741,0.06698
1789864287.278,412,5.33525,0.01677,0.08947,3.288,3.291,947.3,0.35830,0.06715
1789864287.288,413,5.33532,0.01677,0.08947,3.287,3.289,947.3,0.35920,0.06732
1789864287.298,414,5.33532,0.01677,0.08947,3.288,3.289,947.3,0.36009,0.06748
1789864287.308,415,5.33532,0.01677,0.08947,3.287,3.288,947.3,0.36098,0.06765
1789864287.318,416,5.33532,0.01677,0.08947,3.287,3.287,947.3,0.36188,0.06782
1789864287.328,417,5.33532,0.01677,0.08947,3.286,3.287,947.3,0.36277,0.06799
1789864287.338,418,5.33532,0.01677,0.08947,3.291,3.291,947.3,0.36367,0.06816
1789864287.348,419,5.33532,0.01677,0.08947,3.294,3.294,947.3,0.36456,0.06832
1789864287.358,420,5.33532,0.01677,0.08947,3.294,3.295,947.3,0.36546,0.06849
1789864287.368,421,5.33532,0.01677,0.08947,3.294,3.295,947.3,0.36635,0.06866
1789864287.378,422,5.33532,0.01677,0.08947,3.295,3.295,947.3,0.36725,0.06883
1789864287.388,423,5.33540,0.01677,0.08947,3.295,3.296,947.3,0.36814,0.06899
1789864287.398,424,5.33540,0.01677,0.08947,3.295,3.295,947.3,0.36903,0.06916
1789864287.408,425,5.33540,0.01677,0.08947,3.296,3.296,947.3,0.36993,0.06933
1789864287.418,426,5.33540,0.01677,0.08947,3.296,3.297,947.3,0.37082,0.06950
1789864287.428,427,5.33540,0.01677,0.08947,3.297,3.297,947.3,0.37172,0.06966
1789864287.438,428,5.33540,0.01677,0.08947,3.297,3.297,947.3,0.37261,0.06983
1789864287.448,429,5.33540,0.01677,0.08947,3.297,3.297,947.3,0.37350,0.07000
1789864287.458,430,5.33540,0.01677,0.08947,3.297,3.297,947.3,0.37440,0.07017
1789864287.468,431,5.33540,0.01677,0.08947,3.297,3.297,947.3,0.37529,0.07033
1789864287.478,432,5.33540,0.01677,0.08947,3.297,3.298,947.3,0.37619,0.07050
1789864287.488,433,5.33548,0.01677,0.08948,3.297,3.297,947.3,0.37708,0.07067
1789864287.498,434,5.33548,0.01677,0.08948,3.297,3.298,947.3,0.37797,0.07084
1789864287.508,435,5.33548,0.01677,0.08948,3.298,3.298,947.3,0.37887,0.07100
1789864287.518,436,5.33548,0.01677,0.08948,3.298,3.299,947.3,0.37976,0.07117
1789864287.528,437,5.33548,0.01677,0.08948,3.299,3.299,947.3,0.38066,0.07134
1789864287.538,438,5.33548,0.01677,0.08948,3.299,3.299,947.3,0.38156,0.07151
1789864287.548,439,5.33548,0.01677,0.08948,3.299,3.299,947.3,0.38245,0.07168
1789864287.558,440,5.33548,0.01677,0.08948,3.299,3.299,947.3,0.38334,0.07184
1789864287.568,441,5.33548,0.01677,0.08948,3.299,3.299,947.3,0.38424,0.07201
1789864287.578,442,5.33548,0.01677,0.08948,3.299,3.299,947.3,0.38513,0.07218
1789864287.588,443,5.33564,0.01677,0.08948,3.299,3.299,947.3,0.38602,0.07234
1789864287.598,444,5.33564,0.01677,0.08948,3.298,3.299,947.3,0.38692,0.07251
1789864287.608,445,5.33564,0.01677,0.08948,3.298,3.298,947.3,0.38782,0.07268
1789864287.618,446,5.33564,0.01677,0.08948,3.298,3.298,947.3,0.38872,0.07285
1789864287.628,447,5.33564,0.01677,0.08948,3.296,3.296,947.3,0.38961,0.07302
1789864287.638,448,5.33564,0.01677,0.08948,3.297,3.297,947.3,0.39051,0.07319
1789864287.648,449,5.33564,0.01677,0.08948,3.297,3.296,947.3,0.39141,0.07335
1789864287.658,450,5.33564,0.01677,0.08948,3.296,3.296,947.3,0.39231,0.07352
1789864287.668,451,5.33564,0.01677,0.08948,3.296,3.296,947.3,0.39320,0.07369
1789864287.678,452,5.33564,0.01677,0.08948,3.293,3.294,947.3,0.39409,0.07386
1789864287.688,453,5.33575,0.01677,0.08948,3.291,3.292,947.3,0.39498,0.07402
1789864287.698,454,5.33575,0.01677,0.08948,3.290,3.291,947.3,0.39587,0.07419
1789864287.708,455,5.33575,0.01677,0.08948,3.288,3.290,947.3,0.39676,0.07436
1789864287.718,456,5.33575,0.01677,0.08948,3.287,3.288,947.3,0.39766,0.07453
1789864287.728,457,5.33575,0.01677,0.08948,3.287,3.287,947.3,0.39856,0.07469
1789864287.738,458,5.33575,0.01677,0.08948,3.289,3.289,947.3,0.39946,0.07486
1789864287.748,459,5.33575,0.01677,0.08948,3.291,3.292,947.3,0.40036,0.07503
1789864287.758,460,5.33575,0.01677,0.08948,3.292,3.293,947.3,0.40125,0.07520
1789864287.768,461,5.33575,0.01677,0.08948,3.294,3.294,947.3,0.40215,0.07537
1789864287.778,462,5.33575,0.01677,0.08948,3.295,3.295,947.3,0.40305,0.07554
1789864287.788,463,5.33587,0.01676,0.08943,3.295,3.295,947.3,0.40394,0.07570
1789864287.798,464,5.33587,0.01676,0.08943,3.295,3.295,947.3,0.40484,0.07587
1789864287.808,465,5.33587,0.01676,0.08943,3.295,3.295,947.3,0.40573,0.07604
1789864287.818,466,5.33587,0.01676,0.08943,3.295,3.295,947.3,0.40662,0.07621
1789864287.828,467,5.33587,0.01676,0.08943,3.295,3.295,947.3,0.40752,0.07637
1789864287.838,468,5.33587,0.01676,0.08943,3.295,3.295,947.3,0.40841,0.07654
1789864287.848,469,5.33587,0.01676,0.08943,3.295,3.295,947.3,0.40931,0.07671
1789864287.858,470,5.33587,0.01676,0.08943,3.296,3.296,947.3,0.41020,0.07688
1789864287.868,471,5.33587,0.01676,0.08943,3.296,3.296,947.3,0.41110,0.07704
1789864287.878,472,5.33587,0.01676,0.08943,3.296,3.296,947.3,0.41198,0.07721
1789864287.888,473,5.33599,0.01676,0.08943,3.296,3.296,947.3,0.41287,0.07738
1789864287.898,474,5.33599,0.01676,0.08943,3.296,3.296,947.3,0.41376,0.07754
1789864287.908,475,5.33599,0.01676,0.08943,3.297,3.296,947.3,0.41465,0.07771
1789864287.918,476,5.33599,0.01676,0.08943,3.297,3.297,947.3,0.41554,0.07788
1789864287.928,477,5.33599,0.01676,0.08943,3.298,3.297,947.3,0.41644,0.07804
1789864287.938,478,5.33599,0.01676,0.08943,3.299,3.298,947.3,0.41733,0.07821
1789864287.948,479,5.33599,0.01676,0.08943,3.299,3.299,947.3,0.41822,0.07838
1789864287.958,480,5.33599,0.01676,0.08943,3.299,3.299,947.3,0.41912,0.07855
1789864287.968,481,5.33599,0.01676,0.08943,3.299,3.299,947.3,0.42002,0.07872
1789864287.978,482,5.33599,0.01676,0.08943,3.299,3.299,947.3,0.42091,0.07888
1789864287.988,483,5.33607,0.01677,0.08949,3.298,3.299,947.3,0.42181,0.07905
1789864287.998,484,5.33607,0.01677,0.08949,3.298,3.298,947.3,0.42270,0.07922
1789864288.008,485,5.33607,0.01677,0.08949,3.298,3.298,947.3,0.42359,0.07939
1789864288.018,486,5.33607,0.01677,0.08949,3.297,3.297,947.3,0.42449,0.07955
1789864288.028,487,5.33607,0.01677,0.08949,3.294,3.294,947.3,0.42538,0.07972
1789864288.038,488,5.33607,0.01677,0.08949,3.293,3.293,947.3,0.42628,0.07989
1789864288.048,489,5.33607,0.01677,0.08949,3.294,3.294,947.3,0.42718,0.08006
1789864288.058,490,5.33607,0.01677,0.08949,3.293,3.293,947.3,0.42807,0.08023
1789864288.068,491,5.33607,0.01677,0.08949,3.293,3.293,947.3,0.42897,0.08039
1789864288.078,492,5.33607,0.01677,0.08949,3.291,3.292,947.3,0.42986,0.08056
1789864288.088,493,5.33611,0.01677,0.08949,3.291,3.291,947.3,0.43076,0.08073
1789864288.098,494,5.33611,0.01677,0.08949,3.291,3.291,947.3,0.43165,0.08090
1789864288.108,495,5.33611,0.01677,0.08949,3.290,3.291,947.3,0.43255,0.08106
1789864288.118,496,5.33611,0.01677,0.08949,3.290,3.291,947.3,0.43344,0.08123
1789864288.128,497,5.33611,0.01677,0.08949,3.290,3.290,947.3,0.43434,0.08140
1789864288.138,498,5.33611,0.01677,0.08949,3.291,3.291,947.3,0.43524,0.08157
1789864288.148,499,5.33611,0.01677,0.08949,3.294,3.295,947.3,0.43613,0.08174
1789864288.158,500,5.33611,0.01677,0.08949,3.295,3.295,947.3,0.43703,0.08190
1789864288.168,501,5.33611,0.01677,0.08949,3.295,3.295,947.3,0.43792,0.08207
1789864288.178,502,5.33611,0.01677,0.08949,3.295,3.296,947.3,0.43881,0.08224
1789864288.188,503,5.33614,0.01677,0.08949,3.296,3.297,947.3,0.43971,0.08241
1789864288.198,504,5.33614,0.01677,0.08949,3.296,3.297,947.3,0.44060,0.08257
1789864288.208,505,5.33614,0.01677,0.08949,3.296,3.297,947.3,0.44150,0.08274
1789864288.218,506,5.33614,0.01677,0.08949,3.296,3.296,947.3,0.44239,0.08291
1789864288.228,507,5.33614,0.01677,0.08949,3.297,3.297,947.3,0.44329,0.08308
1789864288.238,508,5.33614,0.01677,0.08949,3.296,3.296,947.3,0.44418,0.08324
1789864288.248,509,5.33614,0.01677,0.08949,3.296,3.296,947.3,0.44507,0.08341
1789864288.258,510,5.33614,0.01677,0.08949,3.296,3.295,947.3,0.44597,0.08358
1789864288.268,511,5.33614,0.01677,0.08949,3.296,3.296,947.3,0.44686,0.08375
1789864288.278,512,5.33614,0.01677,0.08949,3.295,3.295,947.3,0.44776,0.08391
1789864288.288,513,5.33614,0.01677,0.08949,3.296,3.296,947.3,0.44865,0.08408
1789864288.298,514,5.33614,0.01677,0.08949,3.297,3.297,947.3,0.44955,0.08425
1789864288.308,515,5.33614,0.01677,0.08949,3.297,3.297,947.3,0.45044,0.08442
1789864288.318,516,5.33614,0.01677,0.08949,3.298,3.298,947.3,0.45134,0.08459
1789864288.328,517,5.33614,0.01677,0.08949,3.298,3.299,947.3,0.45223,0.08475
1789864288.338,518,5.33614,0.01677,0.08949,3.299,3.299,947.3,0.45313,0.08492
1789864288.348,519,5.33614,0.01677,0.08949,3.299,3.299,947.3,0.45403,0.08509
1789864288.358,520,5.33614,0.01677,0.08949,3.299,3.299,947.3,0.45492,0.08526
1789864288.368,521,5.33614,0.01677,0.08949,3.299,3.299,947.3,0.45582,0.08542
1789864288.378,522,5.33614,0.01677,0.08949,3.299,3.299,947.3,0.45671,0.08559
1789864288.388,523,5.33611,0.01677,0.08949,3.299,3.299,947.3,0.45761,0.08576
1789864288.398,524,5.33611,0.01677,0.08949,3.299,3.299,947.3,0.45850,0.08593
1789864288.408,525,5.33611,0.01677,0.08949,3.299,3.299,947.3,0.45940,0.08610
1789864288.418,526,5.33611,0.01677,0.08949,3.297,3.298,947.3,0.46029,0.08626
1789864288.428,527,5.33611,0.01677,0.08949,3.294,3.295,947.3,0.46119,0.08643
1789864288.438,528,5.33611,0.01677,0.08949,3.294,3.294,947.3,0.46208,0.08660
1789864288.448,529,5.33611,0.01677,0.08949,3.294,3.294,947.3,0.46298,0.08677
1789864288.458,530,5.33611,0.01677,0.08949,3.294,3.294,947.3,0.46387,0.08693
1789864288.468,531,5.33611,0.01677,0.08949,3.292,3.292,947.3,0.46476,0.08710
1789864288.478,532,5.33611,0.01677,0.08949,3.289,3.290,947.3,0.46566,0.08727
1789864288.488,533,5.33607,0.01677,0.08949,3.286,3.287,947.3,0.46656,0.08744
1789864288.498,534,5.33607,0.01677,0.08949,3.284,3.285,947.3,0.46746,0.08761
1789864288.508,535,5.33607,0.01677,0.08949,3.283,3.283,947.3,0.46836,0.08778
1789864288.518,536,5.33607,0.01677,0.08949,3.283,3.283,947.3,0.46925,0.08794
1789864288.528,537,5.33607,0.01677,0.08949,3.283,3.283,947.3,0.47015,0.08811
1789864288.538,538,5.33607,0.01677,0.08949,3.287,3.286,947.3,0.47104,0.08828
1789864288.548,539,5.33607,0.01677,0.08949,3.293,3.291,947.3,0.47193,0.08844
1789864288.558,540,5.33607,0.01677,0.08949,3.294,3.293,947.3,0.47282,0.08861
1789864288.568,541,5.33607,0.01677,0.08949,3.294,3.294,947.3,0.47372,0.08878
1789864288.578,542,5.33607,0.01677,0.08949,3.295,3.295,947.3,0.47461,0.08895
1789864288.588,543,5.33607,0.01677,0.08949,3.295,3.295,947.3,0.47550,0.08911
1789864288.598,544,5.33607,0.01677,0.08949,3.295,3.295,947.3,0.47640,0.08928
1789864288.608,545,5.33607,0.01677,0.08949,3.295,3.295,947.3,0.47730,0.08945
1789864288.618,546,5.33607,0.01677,0.08949,3.295,3.296,947.3,0.47820,0.08962
1789864288.628,547,5.33607,0.01677,0.08949,3.295,3.296,947.3,0.47910,0.08979
1789864288.638,548,5.33607,0.01677,0.08949,3.295,3.296,947.3,0.47999,0.08996
1789864288.648,549,5.33607,0.01677,0.08949,3.296,3.296,947.3,0.48089,0.09012
1789864288.658,550,5.33607,0.01677,0.08949,3.296,3.297,947.3,0.48178,0.09029
1789864288.668,551,5.33607,0.01677,0.08949,3.297,3.297,947.3,0.48268,0.09046
1789864288.678,552,5.33607,0.01677,0.08949,3.297,3.297,947.3,0.48357,0.09063
1789864288.688,553,5.33603,0.01677,0.08949,3.298,3.298,947.3,0.48447,0.09079
1789864288.698,554,5.33603,0.01677,0.08949,3.298,3.299,947.3,0.48536,0.09096
1789864288.708,555,5.33603,0.01677,0.08949,3.298,3.299,947.3,0.48626,0.09113
1789864288.718,556,5.33603,0.01677,0.08949,3.299,3.299,947.3,0.48715,0.09130
1789864288.728,557,5.33603,0.01677,0.08949,3.299,3.299,947.3,0.48805,0.09147
1789864288.738,558,5.33603,0.01677,0.08949,3.299,3.299,947.3,0.48894,0.09163
1789864288.748,559,5.33603,0.01677,0.08949,3.299,3.299,947.3,0.48984,0.09180
1789864288.758,560,5.33603,0.01677,0.08949,3.299,3.299,947.3,0.49073,0.09197
1789864288.768,561,5.33603,0.01677,0.08949,3.299,3.299,947.3,0.49162,0.09214
1789864288.778,562,5.33603,0.01677,0.08949,3.299,3.299,947.3,0.49252,0.09230
1789864288.788,563,5.33611,0.01677,0.08949,3.299,3.299,947.3,0.49341,0.09247
1789864288.798,564,5.33611,0.01677,0.08949,3.299,3.299,947.3,0.49430,0.09264
1789864288.808,565,5.33611,0.01677,0.08949,3.298,3.298,947.3,0.49520,0.09281
1789864288.818,566,5.33611,0.01677,0.08949,3.298,3.298,947.3,0.49609,0.09297
1789864288.828,567,5.33611,0.01677,0.08949,3.295,3.295,947.3,0.49699,0.09314
1789864288.838,568,5.33611,0.01677,0.08949,3.294,3.294,947.3,0.49788,0.09331
1789864288.848,569,5.33611,0.01677,0.08949,3.294,3.294,947.3,0.49878,0.09348
1789864288.858,570,5.33611,0.01677,0.08949,3.294,3.294,947.3,0.49967,0.09364
1789864288.868,571,5.33611,0.01677,0.08949,3.295,3.294,947.3,0.50057,0.09381
1789864288.878,572,5.33611,0.01677,0.08949,3.293,3.292,947.3,0.50146,0.09398
1789864288.888,573,5.33611,0.01677,0.08949,3.291,3.291,947.3,0.50235,0.09415
1789864288.898,574,5.33611,0.01677,0.08949,3.289,3.289,947.3,0.50324,0.09431
1789864288.908,575,5.33611,0.01677,0.08949,3.288,3.287,947.3,0.50413,0.09448
1789864288.918,576,5.33611,0.01677,0.08949,3.286,3.286,947.3,0.50503,0.09465
1789864288.928,577,5.33611,0.01677,0.08949,3.283,3.283,947.3,0.50593,0.09482
1789864288.938,578,5.33611,0.01677,0.08949,3.285,3.284,947.3,0.50682,0.09498
1789864288.948,579,5.33611,0.01677,0.08949,3.290,3.289,947.3,0.50772,0.09515
1789864288.958,580,5.33611,0.01677,0.08949,3.292,3.292,947.3,0.50861,0.09532
1789864288.968,581,5.33611,0.01677,0.08949,3.292,3.292,947.3,0.50951,0.09549
1789864288.978,582,5.33611,0.01677,0.08949,3.294,3.294,947.3,0.51040,0.09565
1789864288.988,583,5.33611,0.01677,0.08949,3.295,3.295,947.3,0.51129,0.09582
1789864288.998,584,5.33611,0.01677,0.08949,3.296,3.296,947.3,0.51219,0.09599
1789864289.008,585,5.33611,0.01677,0.08949,3.296,3.296,947.3,0.51309,0.09616
1789864289.018,586,5.33611,0.01677,0.08949,3.296,3.296,947.3,0.51398,0.09633
1789864289.028,587,5.33611,0.01677,0.08949,3.296,3.296,947.3,0.51488,0.09649
1789864289.038,588,5.33611,0.01677,0.08949,3.297,3.297,947.3,0.51578,0.09666
1789864289.048,589,5.33611,0.01677,0.08949,3.297,3.297,947.3,0.51668,0.09683
1789864289.058,590,5.33611,0.01677,0.08949,3.297,3.297,947.3,0.51758,0.09700
1789864289.068,591,5.33611,0.01677,0.08949,3.297,3.297,947.3,0.51847,0.09717
1789864289.078,592,5.33611,0.01677,0.08949,3.297,3.297,947.3,0.51937,0.09733
1789864289.088,593,5.33611,0.01676,0.08943,3.296,3.296,947.3,0.52026,0.09750
1789864289.098,594,5.33611,0.01676,0.08943,3.295,3.295,947.3,0.52116,0.09767
1789864289.108,595,5.33611,0.01676,0.08943,3.296,3.295,947.3,0.52205,0.09784
1789864289.118,596,5.33611,0.01676,0.08943,3.296,3.296,947.3,0.52294,0.09800
1789864289.128,597,5.33611,0.01676,0.08943,3.297,3.297,947.3,0.52383,0.09817
1789864289.138,598,5.33611,0.01676,0.08943,3.297,3.297,947.3,0.52472,0.09834
1789864289.148,599,5.33611,0.01676,0.08943,3.298,3.298,947.3,0.52562,0.09851
1789864289.158,600,5.33611,0.01676,0.08943,3.299,3.299,947.3,0.52651,0.09867
1789864289.168,601,5.33611,0.01676,0.08943,3.299,3.299,947.3,0.52741,0.09884
1789864289.178,602,5.33611,0.01676,0.08943,3.299,3.299,947.3,0.52830,0.09901
1789864289.188,603,5.33611,0.01676,0.08943,3.299,3.299,947.3,0.52920,0.09918
1789864289.198,604,5.33611,0.01676,0.08943,3.298,3.298,947.3,0.53009,0.09934
1789864289.208,605,5.33611,0.01676,0.08943,3.298,3.298,947.3,0.53098,0.09951
1789864289.218,606,5.33611,0.01676,0.08943,3.297,3.297,947.3,0.53187,0.09968
1789864289.228,607,5.33611,0.01676,0.08943,3.295,3.295,947.3,0.53277,0.09985
1789864289.238,608,5.33611,0.01676,0.08943,3.293,3.293,947.3,0.53366,0.10001
1789864289.248,609,5.33611,0.01676,0.08943,3.294,3.293,947.3,0.53456,0.10018
1789864289.258,610,5.33611,0.01676,0.08943,3.294,3.294,947.3,0.53545,0.10035
1789864289.268,611,5.33611,0.01676,0.08943,3.294,3.293,947.3,0.53635,0.10052
1789864289.278,612,5.33611,0.01676,0.08943,3.291,3.291,947.3,0.53724,0.10068
1789864289.288,613,5.33614,0.01676,0.08943,3.289,3.290,947.3,0.53814,0.10085
1789864289.298,614,5.33614,0.01676,0.08943,3.287,3.288,947.3,0.53903,0.10102
1789864289.308,615,5.33614,0.01676,0.08943,3.285,3.286,947.3,0.53993,0.10119
1789864289.318,616,5.33614,0.01676,0.08943,3.283,3.285,947.3,0.54082,0.10136
1789864289.328,617,5.33614,0.01676,0.08943,3.283,3.283,947.3,0.54171,0.10152
1789864289.338,618,5.33614,0.01676,0.08943,3.285,3.285,947.3,0.54260,0.10169
1789864289.348,619,5.33614,0.01676,0.08943,3.290,3.290,947.3,0.54349,0.10186
1789864289.358,620,5.33614,0.01676,0.08943,3.292,3.292,947.3,0.54439,0.10202
1789864289.368,621,5.33614,0.01676,0.08943,3.294,3.294,947.3,0.54529,0.10219
1789864289.378,622,5.33614,0.01676,0.08943,3.295,3.295,947.3,0.54619,0.10236
1789864289.388,623,5.33614,0.01675,0.08938,3.295,3.296,947.3,0.54709,0.10253
1789864289.398,624,5.33614,0.01675,0.08938,3.295,3.296,947.3,0.54798,0.10270
1789864289.408,625,5.33614,0.01675,0.08938,3.295,3.295,947.3,0.54888,0.10287
1789864289.418,626,5.33614,0.01675,0.08938,3.295,3.295,947.3,0.54977,0.10303
1789864289.428,627,5.33614,0.01675,0.08938,3.295,3.295,947.3,0.55067,0.10320
1789864289.438,628,5.33614,0.01675,0.08938,3.295,3.295,947.3,0.55156,0.10337
1789864289.448,629,5.33614,0.01675,0.08938,3.295,3.295,947.3,0.55245,0.10353
1789864289.458,630,5.33614,0.01675,0.08938,3.295,3.295,947.3,0.55333,0.10370
1789864289.468,631,5.33614,0.01675,0.08938,3.296,3.296,947.3,0.55422,0.10387
1789864289.478,632,5.33614,0.01675,0.08938,3.296,3.296,947.3,0.55512,0.10403
1789864289.488,633,5.33607,0.01677,0.08949,3.296,3.296,947.3,0.55601,0.10420
1789864289.498,634,5.33607,0.01677,0.08949,3.297,3.297,947.3,0.55690,0.10437
1789864289.508,635,5.33607,0.01677,0.08949,3.297,3.297,947.3,0.55780,0.10454
1789864289.518,636,5.33607,0.01677,0.08949,3.298,3.298,947.3,0.55869,0.10470
1789864289.528,637,5.33607,0.01677,0.08949,3.298,3.298,947.3,0.55959,0.10487
1789864289.538,638,5.33607,0.01677,0.08949,3.298,3.298,947.3,0.56049,0.10504
1789864289.548,639,5.33607,0.01677,0.08949,3.299,3.299,947.3,0.56139,0.10521
1789864289.558,640,5.33607,0.01677,0.08949,3.299,3.299,947.3,0.56229,0.10538
1789864289.568,641,5.33607,0.01677,0.08949,3.299,3.299,947.3,0.56318,0.10555
1789864289.578,642,5.33607,0.01677,0.08949,3.299,3.299,947.3,0.56407,0.10571
1789864289.588,643,5.33595,0.01678,0.08954,3.299,3.299,947.3,0.56497,0.10588
1789864289.598,644,5.33595,0.01678,0.08954,3.298,3.299,947.3,0.56587,0.10605
1789864289.608,645,5.33595,0.01678,0.08954,3.298,3.298,947.3,0.56676,0.10622
1789864289.618,646,5.33595,0.01678,0.08954,3.297,3.298,947.3,0.56766,0.10638
1789864289.628,647,5.33595,0.01678,0.08954,3.295,3.296,947.3,0.56856,0.10655
1789864289.638,648,5.33595,0.01678,0.08954,3.294,3.294,947.3,0.56945,0.10672
1789864289.648,649,5.33595,0.01678,0.08954,3.294,3.294,947.3,0.57035,0.10689
1789864289.658,650,5.33595,0.01678,0.08954,3.294,3.293,947.3,0.57124,0.10706
1789864289.668,651,5.33595,0.01678,0.08954,3.294,3.293,947.3,0.57214,0.10722
1789864289.678,652,5.33595,0.01678,0.08954,3.291,3.291,947.3,0.57303,0.10739
1789864289.688,653,5.33583,0.01679,0.08959,3.287,3.289,947.3,0.57393,0.10756
1789864289.698,654,5.33583,0.01679,0.08959,3.288,3.291,947.3,0.57482,0.10773
1789864289.708,655,5.33583,0.01679,0.08959,3.286,3.289,947.3,0.57572,0.10789
1789864289.718,656,5.33583,0.01679,0.08959,3.285,3.287,947.3,0.57662,0.10806
1789864289.728,657,5.33583,0.01679,0.08959,3.284,3.287,947.3,0.57751,0.10823
1789864289.738,658,5.33583,0.01679,0.08959,3.286,3.287,947.3,0.57841,0.10840
1789864289.748,659,5.33583,0.01679,0.08959,3.291,3.291,947.3,0.57931,0.10857
1789864289.758,660,5.33583,0.01679,0.08959,3.291,3.291,947.3,0.58021,0.10874
1789864289.768,661,5.33583,0.01679,0.08959,3.291,3.291,947.3,0.58110,0.10890
1789864289.778,662,5.33583,0.01679,0.08959,3.293,3.292,947.3,0.58200,0.10907
1789864289.788,663,5.33575,0.01680,0.08964,3.294,3.293,947.3,0.58290,0.10924
1789864289.798,664,5.33575,0.01680,0.08964,3.294,3.294,947.3,0.58379,0.10941
1789864289.808,665,5.33575,0.01680,0.08964,3.295,3.295,947.3,0.58469,0.10958
1789864289.818,666,5.33575,0.01680,0.08964,3.295,3.295,947.3,0.58559,0.10974
1789864289.828,667,5.33575,0.01680,0.08964,3.295,3.295,947.3,0.58648,0.10991
1789864289.838,668,5.33575,0.01680,0.08964,3.295,3.296,947.3,0.58737,0.11008
1789864289.848,669,5.33575,0.01680,0.08964,3.295,3.296,947.3,0.58827,0.11025
1789864289.858,670,5.33575,0.01680,0.08964,3.295,3.296,947.3,0.58916,0.11041
1789864289.868,671,5.33575,0.01680,0.08964,3.295,3.296,947.3,0.59005,0.11058
1789864289.878,672,5.33575,0.01680,0.08964,3.296,3.296,947.3,0.59095,0.11075
1789864289.888,673,5.33564,0.01679,0.08959,3.297,3.297,947.3,0.59184,0.11092
1789864289.898,674,5.33564,0.01679,0.08959,3.297,3.297,947.3,0.59274,0.11108
1789864289.908,675,5.33564,0.01679,0.08959,3.297,3.297,947.3,0.59363,0.11125
1789864289.918,676,5.33564,0.01679,0.08959,3.298,3.298,947.3,0.59453,0.11142
1789864289.928,677,5.33564,0.01679,0.08959,3.298,3.299,947.3,0.59543,0.11159
1789864289.938,678,5.33564,0.01679,0.08959,3.299,3.299,947.3,0.59633,0.11176
1789864289.948,679,5.33564,0.01679,0.08959,3.299,3.299,947.3,0.59723,0.11193
1789864289.958,680,5.33564,0.01679,0.08959,3.299,3.299,947.3,0.59813,0.11209
1789864289.968,681,5.33564,0.01679,0.08959,3.299,3.299,947.3,0.59902,0.11226
1789864289.978,682,5.33564,0.01679,0.08959,3.299,3.299,947.3,0.59992,0.11243
1789864289.988,683,5.33560,0.01679,0.08958,3.299,3.299,947.3,0.60081,0.11260
1789864289.998,684,5.33560,0.01679,0.08958,3.299,3.299,947.3,0.60171,0.11277
1789864290.008,685,5.33560,0.01679,0.08958,3.298,3.298,947.3,0.60261,0.11293
1789864290.018,686,5.33560,0.01679,0.08958,3.298,3.298,947.3,0.60350,0.11310
1789864290.028,687,5.33560,0.01679,0.08958,3.296,3.296,947.3,0.60440,0.11327
1789864290.038,688,5.33560,0.01679,0.08958,3.295,3.294,947.3,0.60529,0.11344
1789864290.048,689,5.33560,0.01679,0.08958,3.295,3.294,947.3,0.60619,0.11360
1789864290.058,690,5.33560,0.01679,0.08958,3.295,3.295,947.3,0.60708,0.11377
1789864290.068,691,5.33560,0.01679,0.08958,3.295,3.295,947.3,0.60797,0.11394
1789864290.078,692,5.33560,0.01679,0.08958,3.295,3.295,947.3,0.60887,0.11411
1789864290.088,693,5.33552,0.01678,0.08953,3.293,3.293,947.3,0.60977,0.11428
1789864290.098,694,5.33552,0.01678,0.08953,3.294,3.294,947.3,0.61066,0.11444
1789864290.108,695,5.33552,0.01678,0.08953,3.293,3.293,947.3,0.61156,0.11461
1789864290.118,696,5.33552,0.01678,0.08953,3.291,3.292,947.3,0.61246,0.11478
1789864290.128,697,5.33552,0.01678,0.08953,3.291,3.291,947.3,0.61335,0.11495
1789864290.138,698,5.33552,0.01678,0.08953,3.291,3.290,947.3,0.61425,0.11512
1789864290.148,699,5.33552,0.01678,0.08953,3.293,3.292,947.3,0.61514,0.11528
1789864290.158,700,5.33552,0.01678,0.08953,3.294,3.292,947.3,0.61604,0.11545
1789864290.168,701,5.33552,0.01678,0.08953,3.293,3.293,947.3,0.61693,0.11562
1789864290.178,702,5.33552,0.01678,0.08953,3.295,3.294,947.3,0.61783,0.11579
1789864290.188,703,5.33548,0.01677,0.08948,3.295,3.295,947.3,0.61872,0.11595
1789864290.198,704,5.33548,0.01677,0.08948,3.295,3.295,947.3,0.61962,0.11612
1789864290.208,705,5.33548,0.01677,0.08948,3.295,3.295,947.3,0.62051,0.11629
1789864290.218,706,5.33548,0.01677,0.08948,3.296,3.296,947.3,0.62140,0.11646
1789864290.228,707,5.33548,0.01677,0.08948,3.296,3.296,947.3,0.62230,0.11662
1789864290.238,708,5.33548,0.01677,0.08948,3.296,3.296,947.3,0.62319,0.11679
1789864290.248,709,5.33548,0.01677,0.08948,3.295,3.295,947.3,0.62408,0.11696
1789864290.258,710,5.33548,0.01677,0.08948,3.295,3.295,947.3,0.62498,0.11713
1789864290.268,711,5.33548,0.01677,0.08948,3.295,3.295,947.3,0.62587,0.11729
1789864290.278,712,5.33548,0.01677,0.08948,3.295,3.295,947.3,0.62677,0.11746
1789864290.288,713,5.33552,0.01677,0.08948,3.295,3.295,947.3,0.62766,0.11763
1789864290.298,714,5.33552,0.01677,0.08948,3.296,3.296,947.3,0.62855,0.11780
1789864290.308,715,5.33552,0.01677,0.08948,3.297,3.297,947.3,0.62945,0.11797
1789864290.318,716,5.33552,0.01677,0.08948,3.297,3.298,947.3,0.63035,0.11813
1789864290.328,717,5.33552,0.01677,0.08948,3.298,3.298,947.3,0.63124,0.11830
1789864290.338,718,5.33552,0.01677,0.08948,3.298,3.298,947.3,0.63214,0.11847
1789864290.348,719,5.33552,0.01677,0.08948,3.299,3.299,947.3,0.63304,0.11864
1789864290.358,720,5.33552,0.01677,0.08948,3.299,3.299,947.3,0.63393,0.11881
1789864290.368,721,5.33552,0.01677,0.08948,3.299,3.299,947.3,0.63483,0.11897
1789864290.378,722,5.33552,0.01677,0.08948,3.299,3.299,947.3,0.63572,0.11914
1789864290.388,723,5.33552,0.01677,0.08948,3.299,3.299,947.3,0.63662,0.11931
1789864290.398,724,5.33552,0.01677,0.08948,3.298,3.299,947.3,0.63751,0.11948
1789864290.408,725,5.33552,0.01677,0.08948,3.298,3.298,947.3,0.63840,0.11964
1789864290.418,726,5.33552,0.01677,0.08948,3.297,3.298,947.3,0.63929,0.11981
1789864290.428,727,5.33552,0.01677,0.08948,3.295,3.296,947.3,0.64018,0.11998
1789864290.438,728,5.33552,0.01677,0.08948,3.293,3.294,947.3,0.64108,0.12014
1789864290.448,729,5.33552,0.01677,0.08948,3.293,3.294,947.3,0.64197,0.12031
1789864290.458,730,5.33552,0.01677,0.08948,3.293,3.294,947.3,0.64287,0.12048
1789864290.468,731,5.33552,0.01677,0.08948,3.293,3.294,947.3,0.64377,0.12065
1789864290.478,732,5.33552,0.01677,0.08948,3.292,3.293,947.3,0.64467,0.12082
1789864290.488,733,5.33560,0.01677,0.08948,3.289,3.290,947.3,0.64556,0.12098
1789864290.498,734,5.33560,0.01677,0.08948,3.289,3.289,947.3,0.64645,0.12115
1789864290.508,735,5.33560,0.01677,0.08948,3.287,3.287,947.3,0.64735,0.12132
1789864290.518,736,5.33560,0.01677,0.08948,3.286,3.287,947.3,0.64824,0.12149
1789864290.528,737,5.33560,0.01677,0.08948,3.283,3.284,947.3,0.64914,0.12166
1789864290.538,738,5.33560,0.01677,0.08948,3.283,3.283,947.3,0.65004,0.12182
1789864290.548,739,5.33560,0.01677,0.08948,3.287,3.287,947.3,0.65093,0.12199
1789864290.558,740,5.33560,0.01677,0.08948,3.290,3.290,947.3,0.65183,0.12216
1789864290.568,741,5.33560,0.01677,0.08948,3.291,3.291,947.3,0.65272,0.12233
1789864290.578,742,5.33560,0.01677,0.08948,3.291,3.291,947.3,0.65362,0.12249
1789864290.588,743,5.33572,0.01677,0.08948,3.293,3.293,947.3,0.65451,0.12266
1789864290.598,744,5.33572,0.01677,0.08948,3.294,3.294,947.3,0.65540,0.12283
1789864290.608,745,5.33572,0.01677,0.08948,3.295,3.295,947.3,0.65630,0.12300
1789864290.618,746,5.33572,0.01677,0.08948,3.295,3.295,947.3,0.65719,0.12316
1789864290.628,747,5.33572,0.01677,0.08948,3.296,3.296,947.3,0.65808,0.12333
1789864290.638,748,5.33572,0.01677,0.08948,3.296,3.296,947.3,0.65898,0.12350
1789864290.648,749,5.33572,0.01677,0.08948,3.296,3.297,947.3,0.65988,0.12367
1789864290.658,750,5.33572,0.01677,0.08948,3.297,3.297,947.3,0.66078,0.12384
1789864290.668,751,5.33572,0.01677,0.08948,3.296,3.297,947.3,0.66167,0.12400
1789864290.678,752,5.33572,0.01677,0.08948,3.296,3.297,947.3,0.66256,0.12417
1789864290.688,753,5.33575,0.01675,0.08937,3.297,3.297,947.3,0.66345,0.12434
1789864290.698,754,5.33575,0.01675,0.08937,3.297,3.297,947.3,0.66434,0.12450
1789864290.708,755,5.33575,0.01675,0.08937,3.297,3.297,947.3,0.66523,0.12467
1789864290.718,756,5.33575,0.01675,0.08937,3.298,3.298,947.3,0.66613,0.12484
1789864290.728,757,5.33575,0.01675,0.08937,3.298,3.298,947.3,0.66702,0.12501
1789864290.738,758,5.33575,0.01675,0.08937,3.298,3.298,947.3,0.66792,0.12517
1789864290.748,759,5.33575,0.01675,0.08937,3.298,3.298,947.3,0.66881,0.12534
1789864290.758,760,5.33575,0.01675,0.08937,3.299,3.299,947.3,0.66970,0.12551
1789864290.768,761,5.33575,0.01675,0.08937,3.299,3.299,947.3,0.67060,0.12568
1789864290.778,762,5.33575,0.01675,0.08937,3.299,3.299,947.3,0.67149,0.12584
1789864290.788,763,5.33579,0.01675,0.08937,3.299,3.299,947.3,0.67238,0.12601
1789864290.798,764,5.33579,0.01675,0.08937,3.299,3.299,947.3,0.67327,0.12618
1789864290.808,765,5.33579,0.01675,0.08937,3.298,3.299,947.3,0.67417,0.12635
1789864290.818,766,5.33579,0.01675,0.08937,3.298,3.299,947.3,0.67507,0.12651
1789864290.828,767,5.33579,0.01675,0.08937,3.295,3.296,947.3,0.67596,0.12668
1789864290.838,768,5.33579,0.01675,0.08937,3.293,3.293,947.3,0.67686,0.12685
1789864290.848,769,5.33579,0.01675,0.08937,3.293,3.293,947.3,0.67775,0.12702
1789864290.858,770,5.33579,0.01675,0.08937,3.293,3.293,947.3,0.67864,0.12718
1789864290.868,771,5.33579,0.01675,0.08937,3.293,3.293,947.3,0.67953,0.12735
1789864290.878,772,5.33579,0.01675,0.08937,3.291,3.293,947.3,0.68043,0.12752
1789864290.888,773,5.33587,0.01676,0.08943,3.290,3.291,947.3,0.68133,0.12769
1789864290.898,774,5.33587,0.01676,0.08943,3.289,3.290,947.3,0.68222,0.12786
1789864290.908,775,5.33587,0.01676,0.08943,3.288,3.288,947.3,0.68312,0.12802
1789864290.918,776,5.33587,0.01676,0.08943,3.285,3.286,947.3,0.68401,0.12819
1789864290.928,777,5.33587,0.01676,0.08943,3.284,3.285,947.3,0.68491,0.12836
1789864290.938,778,5.33587,0.01676,0.08943,3.283,3.284,947.3,0.68580,0.12853
1789864290.948,779,5.33587,0.01676,0.08943,3.287,3.288,947.3,0.68670,0.12869
1789864290.958,780,5.33587,0.01676,0.08943,3.291,3.291,947.3,0.68759,0.12886
1789864290.968,781,5.33587,0.01676,0.08943,3.290,3.291,947.3,0.68849,0.12903
1789864290.978,782,5.33587,0.01676,0.08943,3.293,3.294,947.3,0.68938,0.12920
1789864290.988,783,5.33587,0.01676,0.08943,3.294,3.294,947.3,0.69028,0.12937
1789864290.998,784,5.33587,0.01676,0.08943,3.295,3.295,947.3,0.69117,0.12953
1789864291.008,785,5.33587,0.01676,0.08943,3.295,3.295,947.3,0.69207,0.12970
1789864291.018,786,5.33587,0.01676,0.08943,3.295,3.295,947.3,0.69296,0.12987
1789864291.028,787,5.33587,0.01676,0.08943,3.295,3.295,947.3,0.69386,0.13004
1789864291.038,788,5.33587,0.01676,0.08943,3.295,3.295,947.3,0.69475,0.13020
1789864291.048,789,5.33587,0.01676,0.08943,3.295,3.295,947.3,0.69565,0.13037
1789864291.058,790,5.33587,0.01676,0.08943,3.295,3.295,947.3,0.69654,0.13054
1789864291.068,791,5.33587,0.01676,0.08943,3.296,3.296,947.3,0.69743,0.13071
1789864291.078,792,5.33587,0.01676,0.08943,3.297,3.297,947.3,0.69832,0.13087
1789864291.088,793,5.33587,0.01676,0.08943,3.296,3.297,947.3,0.69921,0.13104
1789864291.098,794,5.33587,0.01676,0.08943,3.297,3.297,947.3,0.70010,0.13121
1789864291.108,795,5.33587,0.01676,0.08943,3.296,3.296,947.3,0.70099,0.13137
1789864291.118,796,5.33587,0.01676,0.08943,3.296,3.296,947.3,0.70189,0.13154
1789864291.128,797,5.33587,0.01676,0.08943,3.296,3.296,947.3,0.70279,0.13171
1789864291.138,798,5.33587,0.01676,0.08943,3.296,3.296,947.3,0.70368,0.13188
1789864291.148,799,5.33587,0.01676,0.08943,3.297,3.297,947.3,0.70458,0.13205
1789864291.158,800,5.33587,0.01676,0.08943,3.298,3.297,947.3,0.70547,0.13221
1789864291.168,801,5.33587,0.01676,0.08943,3.299,3.299,947.3,0.70636,0.13238
1789864291.178,802,5.33587,0.01676,0.08943,3.299,3.299,947.3,0.70726,0.13255
1789864291.188,803,5.33587,0.01677,0.08948,3.299,3.299,947.3,0.70815,0.13272
1789864291.198,804,5.33587,0.01677,0.08948,3.299,3.299,947.3,0.70905,0.13288
1789864291.208,805,5.33587,0.01677,0.08948,3.298,3.299,947.3,0.70994,0.13305
1789864291.218,806,5.33587,0.01677,0.08948,3.298,3.298,947.3,0.71084,0.13322
1789864291.228,807,5.33587,0.01677,0.08948,3.295,3.296,947.3,0.71174,0.13339
1789864291.238,808,5.33587,0.01677,0.08948,3.293,3.294,947.3,0.71263,0.13356
1789864291.248,809,5.33587,0.01677,0.08948,3.293,3.293,947.3,0.71353,0.13372
1789864291.258,810,5.33587,0.01677,0.08948,3.293,3.294,947.3,0.71442,0.13389
1789864291.268,811,5.33587,0.01677,0.08948,3.293,3.293,947.3,0.71532,0.13406
1789864291.278,812,5.33587,0.01677,0.08948,3.292,3.293,947.3,0.71621,0.13423
1789864291.288,813,5.33579,0.01677,0.08948,3.290,3.291,947.3,0.71710,0.13439
1789864291.298,814,5.33579,0.01677,0.08948,3.288,3.289,947.3,0.71799,0.13456
1789864291.308,815,5.33579,0.01677,0.08948,3.288,3.288,947.3,0.71889,0.13473
1789864291.318,816,5.33579,0.01677,0.08948,3.287,3.287,947.3,0.71978,0.13489
1789864291.328,817,5.33579,0.01677,0.08948,3.286,3.286,947.3,0.72068,0.13506
1789864291.338,818,5.33579,0.01677,0.08948,3.287,3.285,947.3,0.72157,0.13523
1789864291.348,819,5.33579,0.01677,0.08948,3.289,3.287,947.3,0.72247,0.13540
1789864291.358,820,5.33579,0.01677,0.08948,3.291,3.291,947.3,0.72337,0.13557
1789864291.368,821,5.33579,0.01677,0.08948,3.291,3.291,947.3,0.72426,0.13573
1789864291.378,822,5.33579,0.01677,0.08948,3.291,3.291,947.3,0.72516,0.13590
1789864291.388,823,5.33575,0.01677,0.08948,3.293,3.292,947.3,0.72605,0.13607
1789864291.398,824,5.33575,0.01677,0.08948,3.292,3.292,947.3,0.72695,0.13624
1789864291.408,825,5.33575,0.01677,0.08948,3.293,3.293,947.3,0.72784,0.13641
1789864291.418,826,5.33575,0.01677,0.08948,3.295,3.295,947.3,0.72874,0.13657
1789864291.428,827,5.33575,0.01677,0.08948,3.295,3.295,947.3,0.72964,0.13674
1789864291.438,828,5.33575,0.01677,0.08948,3.295,3.295,947.3,0.73053,0.13691
1789864291.448,829,5.33575,0.01677,0.08948,3.295,3.295,947.3,0.73143,0.13708
1789864291.458,830,5.33575,0.01677,0.08948,3.296,3.296,947.3,0.73232,0.13725
1789864291.468,831,5.33575,0.01677,0.08948,3.296,3.296,947.3,0.73322,0.13741
1789864291.478,832,5.33575,0.01677,0.08948,3.296,3.296,947.3,0.73411,0.13758
1789864291.488,833,5.33579,0.01677,0.08948,3.295,3.296,947.3,0.73501,0.13775
1789864291.498,834,5.33579,0.01677,0.08948,3.295,3.296,947.3,0.73590,0.13792
1789864291.508,835,5.33579,0.01677,0.08948,3.296,3.297,947.3,0.73679,0.13808
1789864291.518,836,5.33579,0.01677,0.08948,3.297,3.297,947.3,0.73769,0.13825
1789864291.528,837,5.33579,0.01677,0.08948,3.298,3.298,947.3,0.73858,0.13842
1789864291.538,838,5.33579,0.01677,0.08948,3.298,3.299,947.3,0.73948,0.13859
1789864291.548,839,5.33579,0.01677,0.08948,3.299,3.299,947.3,0.74037,0.13875
1789864291.558,840,5.33579,0.01677,0.08948,3.299,3.299,947.3,0.74126,0.13892
1789864291.568,841,5.33579,0.01677,0.08948,3.299,3.299,947.3,0.74216,0.13909
1789864291.578,842,5.33579,0.01677,0.08948,3.299,3.299,947.3,0.74305,0.13926
1789864291.588,843,5.33587,0.01677,0.08948,3.298,3.298,947.3,0.74394,0.13942
1789864291.598,844,5.33587,0.01677,0.08948,3.298,3.298,947.3,0.74484,0.13959
1789864291.608,845,5.33587,0.01677,0.08948,3.298,3.298,947.3,0.74573,0.13976
1789864291.618,846,5.33587,0.01677,0.08948,3.298,3.298,947.3,0.74663,0.13993
1789864291.628,847,5.33587,0.01677,0.08948,3.297,3.297,947.3,0.74753,0.14009
1789864291.638,848,5.33587,0.01677,0.08948,3.295,3.295,947.3,0.74842,0.14026
1789864291.648,849,5.33587,0.01677,0.08948,3.296,3.296,947.3,0.74932,0.14043
1789864291.658,850,5.33587,0.01677,0.08948,3.296,3.296,947.3,0.75022,0.14060
1789864291.668,851,5.33587,0.01677,0.08948,3.296,3.296,947.3,0.75111,0.14077
1789864291.678,852,5.33587,0.01677,0.08948,3.295,3.295,947.3,0.75201,0.14093
1789864291.688,853,5.33583,0.01677,0.08948,3.293,3.294,947.3,0.75290,0.14110
1789864291.698,854,5.33583,0.01677,0.08948,3.291,3.292,947.3,0.75380,0.14127
1789864291.708,855,5.33583,0.01677,0.08948,3.290,3.291,947.3,0.75470,0.14144
1789864291.718,856,5.33583,0.01677,0.08948,3.289,3.289,947.3,0.75559,0.14161
1789864291.728,857,5.33583,0.01677,0.08948,3.287,3.287,947.3,0.75649,0.14177
1789864291.738,858,5.33583,0.01677,0.08948,3.285,3.286,947.3,0.75738,0.14194
1789864291.748,859,5.33583,0.01677,0.08948,3.287,3.287,947.3,0.75828,0.14211
1789864291.758,860,5.33583,0.01677,0.08948,3.287,3.288,947.3,0.75917,0.14228
1789864291.768,861,5.33583,0.01677,0.08948,3.288,3.289,947.3,0.76006,0.14244
1789864291.778,862,5.33583,0.01677,0.08948,3.289,3.290,947.3,0.76095,0.14261
1789864291.788,863,5.33587,0.01677,0.08948,3.291,3.291,947.3,0.76184,0.14278
1789864291.798,864,5.33587,0.01677,0.08948,3.293,3.294,947.3,0.76273,0.14294
1789864291.808,865,5.33587,0.01677,0.08948,3.294,3.294,947.3,0.76363,0.14311
1789864291.818,866,5.33587,0.01677,0.08948,3.296,3.296,947.3,0.76453,0.14328
1789864291.828,867,5.33587,0.01677,0.08948,3.297,3.296,947.3,0.76542,0.14345
1789864291.838,868,5.33587,0.01677,0.08948,3.297,3.297,947.3,0.76632,0.14362
1789864291.848,869,5.33587,0.01677,0.08948,3.297,3.296,947.3,0.76721,0.14378
1789864291.858,870,5.33587,0.01677,0.08948,3.297,3.296,947.3,0.76811,0.14395
1789864291.868,871,5.33587,0.01677,0.08948,3.296,3.296,947.3,0.76900,0.14412
1789864291.878,872,5.33587,0.01677,0.08948,3.295,3.296,947.3,0.76990,0.14429
1789864291.888,873,5.33587,0.01677,0.08948,3.295,3.295,947.3,0.77079,0.14445
1789864291.898,874,5.33587,0.01677,0.08948,3.295,3.296,947.3,0.77168,0.14462
1789864291.908,875,5.33587,0.01677,0.08948,3.296,3.296,947.3,0.77258,0.14479
1789864291.918,876,5.33587,0.01677,0.08948,3.296,3.296,947.3,0.77347,0.14496
1789864291.928,877,5.33587,0.01677,0.08948,3.297,3.297,947.3,0.77437,0.14512
1789864291.938,878,5.33587,0.01677,0.08948,3.298,3.298,947.3,0.77526,0.14529
1789864291.948,879,5.33587,0.01677,0.08948,3.299,3.299,947.3,0.77616,0.14546
1789864291.958,880,5.33587,0.01677,0.08948,3.299,3.299,947.3,0.77705,0.14563
1789864291.968,881,5.33587,0.01677,0.08948,3.299,3.299,947.3,0.77795,0.14580
1789864291.978,882,5.33587,0.01677,0.08948,3.299,3.299,947.3,0.77885,0.14596
1789864291.988,883,5.33583,0.01677,0.08948,3.299,3.299,947.3,0.77975,0.14613
1789864291.998,884,5.33583,0.01677,0.08948,3.298,3.298,947.3,0.78064,0.14630
1789864292.008,885,5.33583,0.01677,0.08948,3.298,3.298,947.3,0.78154,0.14647
1789864292.018,886,5.33583,0.01677,0.08948,3.298,3.298,947.3,0.78243,0.14664
1789864292.028,887,5.33583,0.01677,0.08948,3.296,3.297,947.3,0.78333,0.14680
1789864292.038,888,5.33583,0.01677,0.08948,3.294,3.295,947.3,0.78422,0.14697
1789864292.048,889,5.33583,0.01677,0.08948,3.294,3.293,947.3,0.78512,0.14714
1789864292.058,890,5.33583,0.01677,0.08948,3.294,3.294,947.3,0.78601,0.14731
1789864292.068,891,5.33583,0.01677,0.08948,3.294,3.294,947.3,0.78690,0.14747
1789864292.078,892,5.33583,0.01677,0.08948,3.294,3.294,947.3,0.78779,0.14764
1789864292.088,893,5.33587,0.01678,0.08954,3.293,3.293,947.3,0.78869,0.14781
1789864292.098,894,5.33587,0.01678,0.08954,3.292,3.292,947.3,0.78958,0.14798
1789864292.108,895,5.33587,0.01678,0.08954,3.291,3.292,947.3,0.79047,0.14814
1789864292.118,896,5.33587,0.01678,0.08954,3.291,3.291,947.3,0.79137,0.14831
1789864292.128,897,5.33587,0.01678,0.08954,3.290,3.290,947.3,0.79226,0.14848
1789864292.138,898,5.33587,0.01678,0.08954,3.288,3.288,947.3,0.79316,0.14865
1789864292.148,899,5.33587,0.01678,0.08954,3.288,3.288,947.3,0.79405,0.14881
1789864292.158,900,5.33587,0.01678,0.08954,3.291,3.291,947.3,0.79495,0.14898
1789864292.168,901,5.33587,0.01678,0.08954,3.291,3.292,947.3,0.79585,0.14915
1789864292.178,902,5.33587,0.01678,0.08954,3.291,3.293,947.3,0.79675,0.14932
1789864292.188,903,5.33591,0.01678,0.08954,3.292,3.293,947.3,0.79765,0.14949
1789864292.198,904,5.33591,0.01678,0.08954,3.293,3.294,947.3,0.79854,0.14966
1789864292.208,905,5.33591,0.01678,0.08954,3.295,3.295,947.3,0.79944,0.14982
1789864292.218,906,5.33591,0.01678,0.08954,3.295,3.295,947.3,0.80033,0.14999
1789864292.228,907,5.33591,0.01678,0.08954,3.295,3.295,947.3,0.80122,0.15016
1789864292.238,908,5.33591,0.01678,0.08954,3.295,3.295,947.3,0.80212,0.15033
1789864292.248,909,5.33591,0.01678,0.08954,3.295,3.295,947.3,0.80302,0.15049
1789864292.258,910,5.33591,0.01678,0.08954,3.295,3.295,947.3,0.80391,0.15066
1789864292.268,911,5.33591,0.01678,0.08954,3.295,3.295,947.3,0.80481,0.15083
1789864292.278,912,5.33591,0.01678,0.08954,3.296,3.296,947.3,0.80570,0.15100
1789864292.288,913,5.33603,0.01677,0.08949,3.296,3.296,947.3,0.80660,0.15117
1789864292.298,914,5.33603,0.01677,0.08949,3.296,3.296,947.3,0.80749,0.15133
1789864292.308,915,5.33603,0.01677,0.08949,3.296,3.296,947.3,0.80838,0.15150
1789864292.318,916,5.33603,0.01677,0.08949,3.297,3.296,947.3,0.80928,0.15167
1789864292.328,917,5.33603,0.01677,0.08949,3.297,3.297,947.3,0.81018,0.15184
1789864292.338,918,5.33603,0.01677,0.08949,3.297,3.297,947.3,0.81107,0.15200
1789864292.348,919,5.33603,0.01677,0.08949,3.298,3.298,947.3,0.81197,0.15217
1789864292.358,920,5.33603,0.01677,0.08949,3.299,3.298,947.3,0.81287,0.15234
1789864292.368,921,5.33603,0.01677,0.08949,3.299,3.299,947.3,0.81376,0.15251
1789864292.378,922,5.33603,0.01677,0.08949,3.299,3.299,947.3,0.81466,0.15268
1789864292.388,923,5.33607,0.01679,0.08959,3.299,3.299,947.3,0.81556,0.15284
1789864292.398,924,5.33607,0.01679,0.08959,3.299,3.299,947.3,0.81646,0.15301
1789864292.408,925,5.33607,0.01679,0.08959,3.298,3.298,947.3,0.81735,0.15318
1789864292.418,926,5.33607,0.01679,0.08959,3.298,3.298,947.3,0.81825,0.15335
1789864292.428,927,5.33607,0.01679,0.08959,3.297,3.297,947.3,0.81915,0.15352
1789864292.438,928,5.33607,0.01679,0.08959,3.294,3.295,947.3,0.82004,0.15368
1789864292.448,929,5.33607,0.01679,0.08959,3.293,3.294,947.3,0.82093,0.15385
1789864292.458,930,5.33607,0.01679,0.08959,3.294,3.294,947.3,0.82182,0.15402
1789864292.468,931,5.33607,0.01679,0.08959,3.294,3.294,947.3,0.82271,0.15418
1789864292.478,932,5.33607,0.01679,0.08959,3.294,3.295,947.3,0.82360,0.15435
1789864292.488,933,5.33603,0.01679,0.08959,3.291,3.293,947.3,0.82450,0.15452
1789864292.498,934,5.33603,0.01679,0.08959,3.290,3.290,947.3,0.82540,0.15469
1789864292.508,935,5.33603,0.01679,0.08959,3.289,3.289,947.3,0.82630,0.15486
1789864292.518,936,5.33603,0.01679,0.08959,3.287,3.287,947.3,0.82720,0.15503
1789864292.528,937,5.33603,0.01679,0.08959,3.286,3.286,947.3,0.82810,0.15519
1789864292.538,938,5.33603,0.01679,0.08959,3.287,3.286,947.3,0.82899,0.15536
1789864292.548,939,5.33603,0.01679,0.08959,3.289,3.287,947.3,0.82989,0.15553
1789864292.558,940,5.33603,0.01679,0.08959,3.292,3.291,947.3,0.83079,0.15570
1789864292.568,941,5.33603,0.01679,0.08959,3.292,3.292,947.3,0.83168,0.15587
1789864292.578,942,5.33603,0.01679,0.08959,3.293,3.293,947.3,0.83257,0.15603
1789864292.588,943,5.33591,0.01679,0.08959,3.294,3.294,947.3,0.83346,0.15620
1789864292.598,944,5.33591,0.01679,0.08959,3.293,3.293,947.3,0.83436,0.15637
1789864292.608,945,5.33591,0.01679,0.08959,3.293,3.293,947.3,0.83526,0.15654
1789864292.618,946,5.33591,0.01679,0.08959,3.295,3.295,947.3,0.83616,0.15671
1789864292.628,947,5.33591,0.01679,0.08959,3.295,3.295,947.3,0.83707,0.15688
1789864292.638,948,5.33591,0.01679,0.08959,3.295,3.295,947.3,0.83796,0.15704
1789864292.648,949,5.33591,0.01679,0.08959,3.295,3.295,947.3,0.83886,0.15721
1789864292.658,950,5.33591,0.01679,0.08959,3.295,3.295,947.3,0.83975,0.15738
1789864292.668,951,5.33591,0.01679,0.08959,3.295,3.295,947.3,0.84065,0.15755
1789864292.678,952,5.33591,0.01679,0.08959,3.295,3.295,947.3,0.84154,0.15771
1789864292.688,953,5.33587,0.01678,0.08954,3.295,3.295,947.3,0.84243,0.15788
1789864292.698,954,5.33587,0.01678,0.08954,3.295,3.296,947.3,0.84333,0.15805
1789864292.708,955,5.33587,0.01678,0.08954,3.296,3.296,947.3,0.84422,0.15822
1789864292.718,956,5.33587,0.01678,0.08954,3.297,3.297,947.3,0.84512,0.15838
1789864292.728,957,5.33587,0.01678,0.08954,3.297,3.297,947.3,0.84601,0.15855
1789864292.738,958,5.33587,0.01678,0.08954,3.297,3.297,947.3,0.84691,0.15872
1789864292.748,959,5.33587,0.01678,0.08954,3.298,3.298,947.3,0.84781,0.15889
1789864292.758,960,5.33587,0.01678,0.08954,3.299,3.299,947.3,0.84870,0.15906
1789864292.768,961,5.33587,0.01678,0.08954,3.299,3.299,947.3,0.84960,0.15922
1789864292.778,962,5.33587,0.01678,0.08954,3.299,3.299,947.3,0.85049,0.15939
1789864292.788,963,5.33579,0.01677,0.08948,3.299,3.299,947.3,0.85139,0.15956
1789864292.798,964,5.33579,0.01677,0.08948,3.298,3.299,947.3,0.85228,0.15973
1789864292.808,965,5.33579,0.01677,0.08948,3.298,3.298,947.3,0.85318,0.15989
1789864292.818,966,5.33579,0.01677,0.08948,3.297,3.297,947.3,0.85407,0.16006
1789864292.828,967,5.33579,0.01677,0.08948,3.296,3.296,947.3,0.85497,0.16023
1789864292.838,968,5.33579,0.01677,0.08948,3.294,3.294,947.3,0.85586,0.16040
1789864292.848,969,5.33579,0.01677,0.08948,3.292,3.293,947.3,0.85675,0.16056
1789864292.858,970,5.33579,0.01677,0.08948,3.293,3.293,947.3,0.85764,0.16073
1789864292.868,971,5.33579,0.01677,0.08948,3.293,3.293,947.3,0.85854,0.16090
1789864292.878,972,5.33579,0.01677,0.08948,3.293,3.294,947.3,0.85943,0.16107
1789864292.888,973,5.33575,0.01678,0.08953,3.291,3.292,947.3,0.86032,0.16123
1789864292.898,974,5.33575,0.01678,0.08953,3.288,3.289,947.3,0.86122,0.16140
1789864292.908,975,5.33575,0.01678,0.08953,3.289,3.290,947.3,0.86211,0.16157
1789864292.918,976,5.33575,0.01678,0.08953,3.288,3.289,947.3,0.86300,0.16174
1789864292.928,977,5.33575,0.01678,0.08953,3.287,3.287,947.3,0.86390,0.16190
1789864292.938,978,5.33575,0.01678,0.08953,3.287,3.287,947.3,0.86479,0.16207
1789864292.948,979,5.33575,0.01678,0.08953,3.289,3.289,947.3,0.86569,0.16224
1789864292.958,980,5.33575,0.01678,0.08953,3.293,3.293,947.3,0.86659,0.16241
1789864292.968,981,5.33575,0.01678,0.08953,3.292,3.292,947.3,0.86748,0.16258
1789864292.978,982,5.33575,0.01678,0.08953,3.292,3.292,947.3,0.86838,0.16274
1789864292.988,983,5.33579,0.01677,0.08948,3.292,3.292,947.3,0.86928,0.16291
1789864292.998,984,5.33579,0.01677,0.08948,3.291,3.291,947.3,0.87017,0.16308
1789864293.008,985,5.33579,0.01677,0.08948,3.291,3.291,947.3,0.87107,0.16325
1789864293.018,986,5.33579,0.01677,0.08948,3.292,3.292,947.3,0.87197,0.16342
1789864293.028,987,5.33579,0.01677,0.08948,3.293,3.294,947.3,0.87287,0.16358
1789864293.038,988,5.33579,0.01677,0.08948,3.294,3.294,947.3,0.87376,0.16375
1789864293.048,989,5.33579,0.01677,0.08948,3.295,3.295,947.3,0.87466,0.16392
1789864293.058,990,5.33579,0.01677,0.08948,3.295,3.295,947.3,0.87555,0.16409
1789864293.068,991,5.33579,0.01677,0.08948,3.295,3.295,947.3,0.87645,0.16426
1789864293.078,992,5.33579,0.01677,0.08948,3.295,3.295,947.3,0.87734,0.16442
1789864293.088,993,5.33579,0.01677,0.08948,3.295,3.295,947.3,0.87823,0.16459
1789864293.098,994,5.33579,0.01677,0.08948,3.296,3.296,947.3,0.87913,0.16476
1789864293.108,995,5.33579,0.01677,0.08948,3.296,3.296,947.3,0.88002,0.16493
1789864293.118,996,5.33579,0.01677,0.08948,3.297,3.296,947.3,0.88092,0.16509
1789864293.128,997,5.33579,0.01677,0.08948,3.298,3.298,947.3,0.88182,0.16526
1789864293.138,998,5.33579,0.01677,0.08948,3.298,3.298,947.3,0.88271,0.16543
1789864293.148,999,5.33579,0.01677,0.08948,3.298,3.298,947.3,0.88361,0.16560
1789864293.158,1000,5.33579,0.01677,0.08948,3.298,3.298,947.3,0.88450,0.16576
1789864293.168,1001,5.33579,0.01677,0.08948,3.299,3.299,947.3,0.88539,0.16593
1789864293.178,1002,5.33579,0.01677,0.08948,3.299,3.299,947.3,0.88627,0.16610
1789864293.188,1003,5.33579,0.01676,0.08943,3.299,3.299,947.3,0.88716,0.16626
1789864293.198,1004,5.33579,0.01676,0.08943,3.299,3.299,947.3,0.88806,0.16643
1789864293.208,1005,5.33579,0.01676,0.08943,3.298,3.298,947.3,0.88896,0.16660
1789864293.218,1006,5.33579,0.01676,0.08943,3.298,3.298,947.3,0.88986,0.16677
1789864293.228,1007,5.33579,0.01676,0.08943,3.297,3.297,947.3,0.89075,0.16694
1789864293.238,1008,5.33579,0.01676,0.08943,3.295,3.295,947.3,0.89165,0.16710
1789864293.248,1009,5.33579,0.01676,0.08943,3.295,3.295,947.3,0.89254,0.16727
1789864293.258,1010,5.33579,0.01676,0.08943,3.295,3.295,947.3,0.89343,0.16744
1789864293.268,1011,5.33579,0.01676,0.08943,3.295,3.295,947.3,0.89432,0.16761
1789864293.278,1012,5.33579,0.01676,0.08943,3.295,3.295,947.3,0.89521,0.16777
1789864293.288,1013,5.33579,0.01676,0.08943,3.293,3.294,947.3,0.89610,0.16794
1789864293.298,1014,5.33579,0.01676,0.08943,3.290,3.290,947.3,0.89700,0.16811
1789864293.308,1015,5.33579,0.01676,0.08943,3.288,3.289,947.3,0.89789,0.16827
1789864293.318,1016,5.33579,0.01676,0.08943,3.287,3.287,947.3,0.89879,0.16844
1789864293.328,1017,5.33579,0.01676,0.08943,3.285,3.286,947.3,0.89968,0.16861
1789864293.338,1018,5.33579,0.01676,0.08943,3.284,3.285,947.3,0.90058,0.16878
1789864293.348,1019,5.33579,0.01676,0.08943,3.286,3.285,947.3,0.90147,0.16895
1789864293.358,1020,5.33579,0.01676,0.08943,3.290,3.290,947.3,0.90237,0.16911
1789864293.368,1021,5.33579,0.01676,0.08943,3.291,3.291,947.3,0.90326,0.16928
1789864293.378,1022,5.33579,0.01676,0.08943,3.291,3.291,947.3,0.90415,0.16945
1789864293.388,1023,5.33579,0.01675,0.08937,3.292,3.293,947.3,0.90505,0.16962
1789864293.398,1024,5.33579,0.01675,0.08937,3.291,3.292,947.3,0.90594,0.16978
1789864293.408,1025,5.33579,0.01675,0.08937,3.291,3.292,947.3,0.90684,0.16995
1789864293.418,1026,5.33579,0.01675,0.08937,3.293,3.293,947.3,0.90774,0.17012
1789864293.428,1027,5.33579,0.01675,0.08937,3.293,3.293,947.3,0.90863,0.17029
1789864293.438,1028,5.33579,0.01675,0.08937,3.294,3.294,947.3,0.90953,0.17046
1789864293.448,1029,5.33579,0.01675,0.08937,3.295,3.295,947.3,0.91042,0.17062
1789864293.458,1030,5.33579,0.01675,0.08937,3.296,3.296,947.3,0.91131,0.17079
1789864293.468,1031,5.33579,0.01675,0.08937,3.296,3.296,947.3,0.91221,0.17096
1789864293.478,1032,5.33579,0.01675,0.08937,3.296,3.296,947.3,0.91310,0.17112
1789864293.488,1033,5.33575,0.01674,0.08932,3.296,3.296,947.3,0.91399,0.17129
1789864293.498,1034,5.33575,0.01674,0.08932,3.297,3.297,947.3,0.91488,0.17146
1789864293.508,1035,5.33575,0.01674,0.08932,3.297,3.296,947.3,0.91577,0.17163
1789864293.518,1036,5.33575,0.01674,0.08932,3.297,3.297,947.3,0.91667,0.17179
1789864293.528,1037,5.33575,0.01674,0.08932,3.298,3.298,947.3,0.91757,0.17196
1789864293.538,1038,5.33575,0.01674,0.08932,3.298,3.298,947.3,0.91846,0.17213
1789864293.548,1039,5.33575,0.01674,0.08932,3.298,3.298,947.3,0.91936,0.17230
1789864293.558,1040,5.33575,0.01674,0.08932,3.299,3.298,947.3,0.92025,0.17247
1789864293.568,1041,5.33575,0.01674,0.08932,3.299,3.299,947.3,0.92115,0.17263
1789864293.578,1042,5.33575,0.01674,0.08932,3.299,3.299,947.3,0.92204,0.17280
1789864293.588,1043,5.33575,0.01674,0.08932,3.298,3.298,947.3,0.92293,0.17297
1789864293.598,1044,5.33575,0.01674,0.08932,3.297,3.298,947.3,0.92382,0.17313
1789864293.608,1045,5.33575,0.01674,0.08932,3.297,3.298,947.3,0.92471,0.17330
1789864293.618,1046,5.33575,0.01674,0.08932,3.297,3.298,947.3,0.92560,0.17347
1789864293.628,1047,5.33575,0.01674,0.08932,3.297,3.298,947.3,0.92649,0.17363
1789864293.638,1048,5.33575,0.01674,0.08932,3.296,3.297,947.3,0.92738,0.17380
1789864293.648,1049,5.33575,0.01674,0.08932,3.295,3.295,947.3,0.92828,0.17397
1789864293.658,1050,5.33575,0.01674,0.08932,3.296,3.295,947.3,0.92917,0.17414
1789864293.668,1051,5.33575,0.01674,0.08932,3.295,3.295,947.3,0.93006,0.17430
1789864293.678,1052,5.33575,0.01674,0.08932,3.295,3.295,947.3,0.93095,0.17447
1789864293.688,1053,5.33583,0.01675,0.08938,3.294,3.295,947.3,0.93185,0.17464
1789864293.698,1054,5.33583,0.01675,0.08938,3.289,3.290,947.3,0.93275,0.17481
1789864293.708,1055,5.33583,0.01675,0.08938,3.288,3.289,947.3,0.93364,0.17497
1789864293.718,1056,5.33583,0.01675,0.08938,3.287,3.287,947.3,0.93454,0.17514
1789864293.728,1057,5.33583,0.01675,0.08938,3.285,3.286,947.3,0.93543,0.17531
1789864293.738,1058,5.33583,0.01675,0.08938,3.283,3.285,947.3,0.93633,0.17548
1789864293.748,1059,5.33583,0.01675,0.08938,3.284,3.284,947.3,0.93722,0.17565
1789864293.758,1060,5.33583,0.01675,0.08938,3.289,3.288,947.3,0.93812,0.17581
1789864293.768,1061,5.33583,0.01675,0.08938,3.291,3.291,947.3,0.93901,0.17598
1789864293.778,1062,5.33583,0.01675,0.08938,3.291,3.292,947.3,0.93990,0.17615
1789864293.788,1063,5.33595,0.01675,0.08938,3.293,3.293,947.3,0.94079,0.17631
1789864293.798,1064,5.33595,0.01675,0.08938,3.294,3.294,947.3,0.94169,0.17648
1789864293.808,1065,5.33595,0.01675,0.08938,3.293,3.293,947.3,0.94258,0.17665
1789864293.818,1066,5.33595,0.01675,0.08938,3.294,3.294,947.3,0.94348,0.17682
1789864293.828,1067,5.33595,0.01675,0.08938,3.295,3.295,947.3,0.94437,0.17699
1789864293.838,1068,5.33595,0.01675,0.08938,3.294,3.295,947.3,0.94527,0.17715
1789864293.848,1069,5.33595,0.01675,0.08938,3.295,3.295,947.3,0.94617,0.17732
1789864293.858,1070,5.33595,0.01675,0.08938,3.295,3.294,947.3,0.94706,0.17749
1789864293.868,1071,5.33595,0.01675,0.08938,3.295,3.295,947.3,0.94796,0.17766
1789864293.878,1072,5.33595,0.01675,0.08938,3.295,3.295,947.3,0.94885,0.17782
1789864293.888,1073,5.33595,0.01674,0.08932,3.295,3.295,947.3,0.94974,0.17799
1789864293.898,1074,5.33595,0.01674,0.08932,3.296,3.296,947.3,0.95063,0.17816
1789864293.908,1075,5.33595,0.01674,0.08932,3.296,3.297,947.3,0.95152,0.17833
1789864293.918,1076,5.33595,0.01674,0.08932,3.297,3.297,947.3,0.95241,0.17849
1789864293.928,1077,5.33595,0.01674,0.08932,3.298,3.298,947.3,0.95331,0.17866
1789864293.938,1078,5.33595,0.01674,0.08932,3.299,3.299,947.3,0.95420,0.17883
1789864293.948,1079,5.33595,0.01674,0.08932,3.299,3.299,947.3,0.95509,0.17899
1789864293.958,1080,5.33595,0.01674,0.08932,3.299,3.299,947.3,0.95599,0.17916
1789864293.968,1081,5.33595,0.01674,0.08932,3.299,3.299,947.3,0.95688,0.17933
1789864293.978,1082,5.33595,0.01674,0.08932,3.299,3.299,947.3,0.95778,0.17950
1789864293.988,1083,5.33587,0.01677,0.08948,3.299,3.299,947.3,0.95867,0.17967
1789864293.998,1084,5.33587,0.01677,0.08948,3.299,3.299,947.3,0.95957,0.17983
1789864294.008,1085,5.33587,0.01677,0.08948,3.298,3.298,947.3,0.96047,0.18000
1789864294.018,1086,5.33587,0.01677,0.08948,3.298,3.298,947.3,0.96136,0.18017
1789864294.028,1087,5.33587,0.01677,0.08948,3.297,3.298,947.3,0.96226,0.18034
1789864294.038,1088,5.33587,0.01677,0.08948,3.295,3.295,947.3,0.96315,0.18051
1789864294.048,1089,5.33587,0.01677,0.08948,3.293,3.293,947.3,0.96405,0.18067
1789864294.058,1090,5.33587,0.01677,0.08948,3.293,3.293,947.3,0.96494,0.18084
1789864294.068,1091,5.33587,0.01677,0.08948,3.294,3.294,947.3,0.96584,0.18101
1789864294.078,1092,5.33587,0.01677,0.08948,3.294,3.294,947.3,0.96673,0.18118
1789864294.088,1093,5.33595,0.01677,0.08948,3.294,3.294,947.3,0.96762,0.18134
1789864294.098,1094,5.33595,0.01677,0.08948,3.293,3.293,947.3,0.96852,0.18151
1789864294.108,1095,5.33595,0.01677,0.08948,3.293,3.293,947.3,0.96941,0.18168
1789864294.118,1096,5.33595,0.01677,0.08948,3.292,3.292,947.3,0.97031,0.18185
1789864294.128,1097,5.33595,0.01677,0.08948,3.291,3.291,947.3,0.97120,0.18201
1789864294.138,1098,5.33595,0.01677,0.08948,3.291,3.291,947.3,0.97210,0.18218
1789864294.148,1099,5.33595,0.01677,0.08948,3.291,3.291,947.3,0.97300,0.18235
1789864294.158,1100,5.33595,0.01677,0.08948,3.294,3.293,947.3,0.97389,0.18252
1789864294.168,1101,5.33595,0.01677,0.08948,3.295,3.295,947.3,0.97479,0.18269
1789864294.178,1102,5.33595,0.01677,0.08948,3.295,3.296,947.3,0.97568,0.18285
1789864294.188,1103,5.33587,0.01678,0.08954,3.295,3.296,947.3,0.97658,0.18302
1789864294.198,1104,5.33587,0.01678,0.08954,3.294,3.295,947.3,0.97747,0.18319
1789864294.208,1105,5.33587,0.01678,0.08954,3.293,3.295,947.3,0.97836,0.18336
1789864294.218,1106,5.33587,0.01678,0.08954,3.292,3.293,947.3,0.97925,0.18352
1789864294.228,1107,5.33587,0.01678,0.08954,3.292,3.293,947.3,0.98014,0.18369
1789864294.238,1108,5.33587,0.01678,0.08954,3.292,3.293,947.3,0.98104,0.18386
1789864294.248,1109,5.33587,0.01678,0.08954,3.291,3.292,947.3,0.98194,0.18403
1789864294.258,1110,5.33587,0.01678,0.08954,3.293,3.293,947.3,0.98284,0.18420
1789864294.268,1111,5.33587,0.01678,0.08954,3.294,3.294,947.3,0.98374,0.18436
1789864294.278,1112,5.33587,0.01678,0.08954,3.295,3.295,947.3,0.98463,0.18453
1789864294.288,1113,5.33591,0.01678,0.08954,3.295,3.295,947.3,0.98552,0.18470
1789864294.298,1114,5.33591,0.01678,0.08954,3.295,3.295,947.3,0.98641,0.18486
1789864294.308,1115,5.33591,0.01678,0.08954,3.295,3.296,947.3,0.98730,0.18503
1789864294.318,1116,5.33591,0.01678,0.08954,3.296,3.297,947.3,0.98820,0.18520
1789864294.328,1117,5.33591,0.01678,0.08954,3.297,3.297,947.3,0.98910,0.18537
1789864294.338,1118,5.33591,0.01678,0.08954,3.297,3.298,947.3,0.99000,0.18554
1789864294.348,1119,5.33591,0.01678,0.08954,3.298,3.298,947.3,0.99089,0.18570
1789864294.358,1120,5.33591,0.01678,0.08954,3.299,3.299,947.3,0.99179,0.18587
1789864294.368,1121,5.33591,0.01678,0.08954,3.299,3.299,947.3,0.99269,0.18604
1789864294.378,1122,5.33591,0.01678,0.08954,3.299,3.299,947.3,0.99359,0.18621
1789864294.388,1123,5.33591,0.01678,0.08954,3.299,3.299,947.3,0.99449,0.18638
1789864294.398,1124,5.33591,0.01678,0.08954,3.299,3.299,947.3,0.99538,0.18654
1789864294.408,1125,5.33591,0.01678,0.08954,3.299,3.299,947.3,0.99627,0.18671
1789864294.418,1126,5.33591,0.01678,0.08954,3.299,3.298,947.3,0.99716,0.18688
1789864294.428,1127,5.33591,0.01678,0.08954,3.298,3.298,947.3,0.99805,0.18705
1789864294.438,1128,5.33591,0.01678,0.08954,3.296,3.296,947.3,0.99895,0.18721
1789864294.448,1129,5.33591,0.01678,0.08954,3.294,3.294,947.3,0.99984,0.18738
1789864294.458,1130,5.33591,0.01678,0.08954,3.294,3.294,947.3,1.00074,0.18755
1789864294.468,1131,5.33591,0.01678,0.08954,3.293,3.293,947.3,1.00164,0.18772
1789864294.478,1132,5.33591,0.01678,0.08954,3.294,3.294,947.3,1.00253,0.18789
1789864294.488,1133,5.33591,0.01679,0.08959,3.293,3.294,947.3,1.00342,0.18805
1789864294.498,1134,5.33591,0.01679,0.08959,3.291,3.291,947.3,1.00431,0.18822
1789864294.508,1135,5.33591,0.01679,0.08959,3.289,3.290,947.3,1.00521,0.18839
1789864294.518,1136,5.33591,0.01679,0.08959,3.288,3.288,947.3,1.00611,0.18856
1789864294.528,1137,5.33591,0.01679,0.08959,3.286,3.287,947.3,1.00701,0.18872
1789864294.538,1138,5.33591,0.01679,0.08959,3.285,3.285,947.3,1.00791,0.18889
1789864294.548,1139,5.33591,0.01679,0.08959,3.285,3.285,947.3,1.00881,0.18906
1789864294.558,1140,5.33591,0.01679,0.08959,3.290,3.289,947.3,1.00970,0.18923
1789864294.568,1141,5.33591,0.01679,0.08959,3.292,3.292,947.3,1.01060,0.18940
1789864294.578,1142,5.33591,0.01679,0.08959,3.293,3.294,947.3,1.01150,0.18957
1789864294.588,1143,5.33595,0.01680,0.08964,3.295,3.295,947.3,1.01240,0.18973
1789864294.598,1144,5.33595,0.01680,0.08964,3.295,3.296,947.3,1.01329,0.18990
1789864294.608,1145,5.33595,0.01680,0.08964,3.294,3.295,947.3,1.01418,0.19007
1789864294.618,1146,5.33595,0.01680,0.08964,3.294,3.295,947.3,1.01508,0.19024
1789864294.628,1147,5.33595,0.01680,0.08964,3.294,3.294,947.3,1.01597,0.19040
1789864294.638,1148,5.33595,0.01680,0.08964,3.294,3.294,947.3,1.01687,0.19057
1789864294.648,1149,5.33595,0.01680,0.08964,3.294,3.295,947.3,1.01776,0.19074
1789864294.658,1150,5.33595,0.01680,0.08964,3.295,3.295,947.3,1.01866,0.19091
1789864294.668,1151,5.33595,0.01680,0.08964,3.296,3.296,947.3,1.01955,0.19108
1789864294.678,1152,5.33595,0.01680,0.08964,3.296,3.296,947.3,1.02045,0.19124
1789864294.688,1153,5.33591,0.01679,0.08959,3.297,3.297,947.3,1.02134,0.19141
1789864294.698,1154,5.33591,0.01679,0.08959,3.296,3.296,947.3,1.02224,0.19158
1789864294.708,1155,5.33591,0.01679,0.08959,3.296,3.295,947.3,1.02313,0.19175
1789864294.718,1156,5.33591,0.01679,0.08959,3.296,3.296,947.3,1.02403,0.19191
1789864294.728,1157,5.33591,0.01679,0.08959,3.297,3.296,947.3,1.02492,0.19208
1789864294.738,1158,5.33591,0.01679,0.08959,3.297,3.297,947.3,1.02582,0.19225
1789864294.748,1159,5.33591,0.01679,0.08959,3.298,3.297,947.3,1.02671,0.19242
1789864294.758,1160,5.33591,0.01679,0.08959,3.298,3.298,947.3,1.02761,0.19259
1789864294.768,1161,5.33591,0.01679,0.08959,3.299,3.299,947.3,1.02851,0.19275
1789864294.778,1162,5.33591,0.01679,0.08959,3.299,3.299,947.3,1.02942,0.19292
1789864294.788,1163,5.33587,0.01679,0.08959,3.299,3.299,947.3,1.03032,0.19309
1789864294.798,1164,5.33587,0.01679,0.08959,3.299,3.299,947.3,1.03121,0.19326
1789864294.808,1165,5.33587,0.01679,0.08959,3.298,3.298,947.3,1.03211,0.19343
1789864294.818,1166,5.33587,0.01679,0.08959,3.298,3.298,947.3,1.03300,0.19360
1789864294.828,1167,5.33587,0.01679,0.08959,3.298,3.298,947.3,1.03389,0.19376
1789864294.838,1168,5.33587,0.01679,0.08959,3.296,3.297,947.3,1.03479,0.19393
1789864294.848,1169,5.33587,0.01679,0.08959,3.293,3.294,947.3,1.03569,0.19410
1789864294.858,1170,5.33587,0.01679,0.08959,3.294,3.294,947.3,1.03659,0.19427
1789864294.868,1171,5.33587,0.01679,0.08959,3.294,3.294,947.3,1.03748,0.19444
1789864294.878,1172,5.33587,0.01679,0.08959,3.294,3.294,947.3,1.03837,0.19460
1789864294.888,1173,5.33583,0.01680,0.08964,3.293,3.294,947.3,1.03927,0.19477
1789864294.898,1174,5.33583,0.01680,0.08964,3.289,3.291,947.3,1.04016,0.19494
1789864294.908,1175,5.33583,0.01680,0.08964,3.289,3.289,947.3,1.04105,0.19510
1789864294.918,1176,5.33583,0.01680,0.08964,3.287,3.287,947.3,1.04195,0.19527
1789864294.928,1177,5.33583,0.01680,0.08964,3.285,3.286,947.3,1.04286,0.19544
1789864294.938,1178,5.33583,0.01680,0.08964,3.283,3.284,947.3,1.04376,0.19561
1789864294.948,1179,5.33583,0.01680,0.08964,3.283,3.283,947.3,1.04466,0.19578
1789864294.958,1180,5.33583,0.01680,0.08964,3.287,3.286,947.3,1.04555,0.19595
1789864294.968,1181,5.33583,0.01680,0.08964,3.290,3.290,947.3,1.04645,0.19612
1789864294.978,1182,5.33583,0.01680,0.08964,3.291,3.291,947.3,1.04735,0.19628
1789864294.988,1183,5.33587,0.01679,0.08959,3.292,3.291,947.3,1.04824,0.19645
1789864294.998,1184,5.33587,0.01679,0.08959,3.293,3.293,947.3,1.04913,0.19662
1789864295.008,1185,5.33587,0.01679,0.08959,3.294,3.295,947.3,1.05003,0.19679
1789864295.018,1186,5.33587,0.01679,0.08959,3.295,3.295,947.3,1.05092,0.19695
1789864295.028,1187,5.33587,0.01679,0.08959,3.295,3.295,947.3,1.05182,0.19712
1789864295.038,1188,5.33587,0.01679,0.08959,3.295,3.295,947.3,1.05271,0.19729
1789864295.048,1189,5.33587,0.01679,0.08959,3.295,3.295,947.3,1.05361,0.19746
1789864295.058,1190,5.33587,0.01679,0.08959,3.294,3.294,947.3,1.05450,0.19762
1789864295.068,1191,5.33587,0.01679,0.08959,3.294,3.295,947.3,1.05539,0.19779
1789864295.078,1192,5.33587,0.01679,0.08959,3.295,3.295,947.3,1.05629,0.19796
1789864295.088,1193,5.33591,0.01678,0.08954,3.295,3.295,947.3,1.05718,0.19813
1789864295.098,1194,5.33591,0.01678,0.08954,3.296,3.297,947.3,1.05808,0.19830
1789864295.108,1195,5.33591,0.01678,0.08954,3.297,3.297,947.3,1.05897,0.19846
1789864295.118,1196,5.33591,0.01678,0.08954,3.297,3.298,947.3,1.05987,0.19863
1789864295.128,1197,5.33591,0.01678,0.08954,3.298,3.298,947.3,1.06076,0.19880
1789864295.138,1198,5.33591,0.01678,0.08954,3.298,3.298,947.3,1.06165,0.19897
1789864295.148,1199,5.33591,0.01678,0.08954,3.299,3.299,947.3,1.06255,0.19913
1789864295.158,1200,5.33591,0.01678,0.08954,3.299,3.299,947.3,1.06344,0.19930
1789864295.168,1201,5.33591,0.01678,0.08954,3.299,3.299,947.3,1.06434,0.19947
1789864295.178,1202,5.33591,0.01678,0.08954,3.299,3.299,947.3,1.06524,0.19964
1789864295.188,1203,5.33599,0.01678,0.08954,3.299,3.299,947.3,1.06614,0.19981
1789864295.198,1204,5.33599,0.01678,0.08954,3.299,3.299,947.3,1.06703,0.19997
1789864295.208,1205,5.33599,0.01678,0.08954,3.298,3.299,947.3,1.06793,0.20014
1789864295.218,1206,5.33599,0.01678,0.08954,3.298,3.298,947.3,1.06882,0.20031
1789864295.228,1207,5.33599,0.01678,0.08954,3.298,3.298,947.3,1.06972,0.20048
1789864295.238,1208,5.33599,0.01678,0.08954,3.296,3.297,947.3,1.07062,0.20064
1789864295.248,1209,5.33599,0.01678,0.08954,3.293,3.294,947.3,1.07151,0.20081
1789864295.258,1210,5.33599,0.01678,0.08954,3.293,3.293,947.3,1.07240,0.20098
1789864295.268,1211,5.33599,0.01678,0.08954,3.294,3.294,947.3,1.07330,0.20115
1789864295.278,1212,5.33599,0.01678,0.08954,3.294,3.294,947.3,1.07419,0.20132
1789864295.288,1213,5.33607,0.01678,0.08954,3.294,3.294,947.3,1.07509,0.20148
1789864295.298,1214,5.33607,0.01678,0.08954,3.292,3.292,947.3,1.07598,0.20165
1789864295.308,1215,5.33607,0.01678,0.08954,3.292,3.292,947.3,1.07688,0.20182
1789864295.318,1216,5.33607,0.01678,0.08954,3.291,3.291,947.3,1.07777,0.20199
1789864295.328,1217,5.33607,0.01678,0.08954,3.288,3.288,947.3,1.07867,0.20215
1789864295.338,1218,5.33607,0.01678,0.08954,3.288,3.288,947.3,1.07957,0.20232
1789864295.348,1219,5.33607,0.01678,0.08954,3.287,3.287,947.3,1.08046,0.20249
1789864295.358,1220,5.33607,0.01678,0.08954,3.290,3.290,947.3,1.08136,0.20266
1789864295.368,1221,5.33607,0.01678,0.08954,3.291,3.292,947.3,1.08225,0.20283
1789864295.378,1222,5.33607,0.01678,0.08954,3.293,3.293,947.3,1.08314,0.20299
1789864295.388,1223,5.33611,0.01678,0.08954,3.295,3.295,947.3,1.08404,0.20316
1789864295.398,1224,5.33611,0.01678,0.08954,3.295,3.295,947.3,1.08493,0.20333
1789864295.408,1225,5.33611,0.01678,0.08954,3.295,3.295,947.3,1.08583,0.20350
1789864295.418,1226,5.33611,0.01678,0.08954,3.295,3.295,947.3,1.08672,0.20366
1789864295.428,1227,5.33611,0.01678,0.08954,3.295,3.295,947.3,1.08762,0.20383
1789864295.438,1228,5.33611,0.01678,0.08954,3.295,3.295,947.3,1.08852,0.20400
1789864295.448,1229,5.33611,0.01678,0.08954,3.295,3.295,947.3,1.08941,0.20417
1789864295.458,1230,5.33611,0.01678,0.08954,3.295,3.295,947.3,1.09031,0.20434
1789864295.468,1231,5.33611,0.01678,0.08954,3.295,3.295,947.3,1.09120,0.20450
1789864295.478,1232,5.33611,0.01678,0.08954,3.295,3.294,947.3,1.09210,0.20467
1789864295.488,1233,5.33618,0.01677,0.08949,3.295,3.295,947.3,1.09299,0.20484
1789864295.498,1234,5.33618,0.01677,0.08949,3.295,3.295,947.3,1.09389,0.20501
1789864295.508,1235,5.33618,0.01677,0.08949,3.296,3.296,947.3,1.09478,0.20517
1789864295.518,1236,5.33618,0.01677,0.08949,3.296,3.296,947.3,1.09568,0.20534
1789864295.528,1237,5.33618,0.01677,0.08949,3.297,3.297,947.3,1.09658,0.20551
1789864295.538,1238,5.33618,0.01677,0.08949,3.298,3.298,947.3,1.09747,0.20568
1789864295.548,1239,5.33618,0.01677,0.08949,3.298,3.298,947.3,1.09837,0.20585
1789864295.558,1240,5.33618,0.01677,0.08949,3.299,3.299,947.3,1.09926,0.20601
1789864295.568,1241,5.33618,0.01677,0.08949,3.299,3.299,947.3,1.10016,0.20618
1789864295.578,1242,5.33618,0.01677,0.08949,3.299,3.299,947.3,1.10105,0.20635
1789864295.588,1243,5.33622,0.01677,0.08949,3.298,3.299,947.3,1.10194,0.20652
1789864295.598,1244,5.33622,0.01677,0.08949,3.298,3.299,947.3,1.10284,0.20668
1789864295.608,1245,5.33622,0.01677,0.08949,3.298,3.298,947.3,1.10374,0.20685
1789864295.618,1246,5.33622,0.01677,0.08949,3.298,3.298,947.3,1.10464,0.20702
1789864295.628,1247,5.33622,0.01677,0.08949,3.298,3.298,947.3,1.10554,0.20719
1789864295.638,1248,5.33622,0.01677,0.08949,3.296,3.297,947.3,1.10643,0.20736
1789864295.648,1249,5.33622,0.01677,0.08949,3.293,3.294,947.3,1.10732,0.20752
1789864295.658,1250,5.33622,0.01677,0.08949,3.294,3.294,947.3,1.10822,0.20769
1789864295.668,1251,5.33622,0.01677,0.08949,3.294,3.294,947.3,1.10911,0.20786
1789864295.678,1252,5.33622,0.01677,0.08949,3.294,3.294,947.3,1.11000,0.20803
1789864295.688,1253,5.33630,0.01677,0.08949,3.293,3.294,947.3,1.11090,0.20819
1789864295.698,1254,5.33630,0.01677,0.08949,3.290,3.290,947.3,1.11179,0.20836
1789864295.708,1255,5.33630,0.01677,0.08949,3.289,3.289,947.3,1.11268,0.20853
1789864295.718,1256,5.33630,0.01677,0.08949,3.287,3.287,947.3,1.11358,0.20870
1789864295.728,1257,5.33630,0.01677,0.08949,3.286,3.286,947.3,1.11448,0.20886
1789864295.738,1258,5.33630,0.01677,0.08949,3.283,3.283,947.3,1.11537,0.20903
1789864295.748,1259,5.33630,0.01677,0.08949,3.283,3.283,947.3,1.11627,0.20920
1789864295.758,1260,5.33630,0.01677,0.08949,3.288,3.287,947.3,1.11717,0.20937
1789864295.768,1261,5.33630,0.01677,0.08949,3.291,3.291,947.3,1.11806,0.20954
1789864295.778,1262,5.33630,0.01677,0.08949,3.294,3.294,947.3,1.11896,0.20970
1789864295.788,1263,5.33642,0.01677,0.08949,3.295,3.295,947.3,1.11986,0.20987
1789864295.798,1264,5.33642,0.01677,0.08949,3.297,3.297,947.3,1.12075,0.21004
1789864295.808,1265,5.33642,0.01677,0.08949,3.298,3.298,947.3,1.12165,0.21021
1789864295.818,1266,5.33642,0.01677,0.08949,3.297,3.297,947.3,1.12254,0.21038
1789864295.828,1267,5.33642,0.01677,0.08949,3.296,3.298,947.3,1.12343,0.21054
1789864295.838,1268,5.33642,0.01677,0.08949,3.296,3.296,947.3,1.12433,0.21071
1789864295.848,1269,5.33642,0.01677,0.08949,3.294,3.295,947.3,1.12522,0.21088
1789864295.858,1270,5.33642,0.01677,0.08949,3.293,3.294,947.3,1.12612,0.21105
1789864295.868,1271,5.33642,0.01677,0.08949,3.293,3.293,947.3,1.12702,0.21121
1789864295.878,1272,5.33642,0.01677,0.08949,3.293,3.293,947.3,1.12791,0.21138
1789864295.888,1273,5.33646,0.01677,0.08949,3.294,3.293,947.3,1.12880,0.21155
1789864295.898,1274,5.33646,0.01677,0.08949,3.293,3.294,947.3,1.12969,0.21172
1789864295.908,1275,5.33646,0.01677,0.08949,3.295,3.295,947.3,1.13058,0.21188
1789864295.918,1276,5.33646,0.01677,0.08949,3.296,3.296,947.3,1.13148,0.21205
1789864295.928,1277,5.33646,0.01677,0.08949,3.297,3.297,947.3,1.13237,0.21222
1789864295.938,1278,5.33646,0.01677,0.08949,3.297,3.298,947.3,1.13327,0.21239
1789864295.948,1279,5.33646,0.01677,0.08949,3.298,3.298,947.3,1.13417,0.21255
1789864295.958,1280,5.33646,0.01677,0.08949,3.299,3.299,947.3,1.13506,0.21272
1789864295.968,1281,5.33646,0.01677,0.08949,3.299,3.299,947.3,1.13596,0.21289
1789864295.978,1282,5.33646,0.01677,0.08949,3.299,3.299,947.3,1.13685,0.21306
1789864295.988,1283,5.33646,0.01677,0.08949,3.299,3.299,947.3,1.13775,0.21323
1789864295.998,1284,5.33646,0.01677,0.08949,3.299,3.299,947.3,1.13865,0.21339
1789864296.008,1285,5.33646,0.01677,0.08949,3.299,3.299,947.3,1.13955,0.21356
1789864296.018,1286,5.33646,0.01677,0.08949,3.299,3.299,947.3,1.14044,0.21373
1789864296.028,1287,5.33646,0.01677,0.08949,3.299,3.299,947.3,1.14134,0.21390
1789864296.038,1288,5.33646,0.01677,0.08949,3.297,3.297,947.3,1.14224,0.21407
1789864296.048,1289,5.33646,0.01677,0.08949,3.294,3.295,947.3,1.14313,0.21423
1789864296.058,1290,5.33646,0.01677,0.08949,3.294,3.294,947.3,1.14402,0.21440
1789864296.068,1291,5.33646,0.01677,0.08949,3.294,3.294,947.3,1.14491,0.21457
1789864296.078,1292,5.33646,0.01677,0.08949,3.294,3.295,947.3,1.14581,0.21474
1789864296.088,1293,5.33642,0.01677,0.08949,3.294,3.295,947.3,1.14670,0.21490
1789864296.098,1294,5.33642,0.01677,0.08949,3.293,3.294,947.3,1.14760,0.21507
1789864296.108,1295,5.33642,0.01677,0.08949,3.292,3.292,947.3,1.14849,0.21524
1789864296.118,1296,5.33642,0.01677,0.08949,3.291,3.291,947.3,1.14939,0.21541
1789864296.128,1297,5.33642,0.01677,0.08949,3.291,3.291,947.3,1.15028,0.21557
1789864296.138,1298,5.33642,0.01677,0.08949,3.288,3.289,947.3,1.15118,0.21574
1789864296.148,1299,5.33642,0.01677,0.08949,3.288,3.288,947.3,1.15207,0.21591
1789864296.158,1300,5.33642,0.01677,0.08949,3.290,3.289,947.3,1.15297,0.21608
1789864296.168,1301,5.33642,0.01677,0.08949,3.293,3.293,947.3,1.15386,0.21624
1789864296.178,1302,5.33642,0.01677,0.08949,3.294,3.294,947.3,1.15475,0.21641
1789864296.188,1303,5.33642,0.01677,0.08949,3.295,3.294,947.3,1.15565,0.21658
1789864296.198,1304,5.33642,0.01677,0.08949,3.296,3.296,947.3,1.15654,0.21675
1789864296.208,1305,5.33642,0.01677,0.08949,3.296,3.296,947.3,1.15743,0.21691
1789864296.218,1306,5.33642,0.01677,0.08949,3.296,3.296,947.3,1.15833,0.21708
1789864296.228,1307,5.33642,0.01677,0.08949,3.296,3.296,947.3,1.15922,0.21725
1789864296.238,1308,5.33642,0.01677,0.08949,3.295,3.295,947.3,1.16012,0.21742
1789864296.248,1309,5.33642,0.01677,0.08949,3.295,3.295,947.3,1.16102,0.21759
1789864296.258,1310,5.33642,0.01677,0.08949,3.295,3.295,947.3,1.16192,0.21775
1789864296.268,1311,5.33642,0.01677,0.08949,3.294,3.294,947.3,1.16282,0.21792
1789864296.278,1312,5.33642,0.01677,0.08949,3.294,3.295,947.3,1.16371,0.21809
1789864296.288,1313,5.33642,0.01678,0.08955,3.293,3.294,947.3,1.16460,0.21826
1789864296.298,1314,5.33642,0.01678,0.08955,3.294,3.294,947.3,1.16549,0.21842
1789864296.308,1315,5.33642,0.01678,0.08955,3.294,3.294,947.3,1.16638,0.21859
1789864296.318,1316,5.33642,0.01678,0.08955,3.295,3.295,947.3,1.16728,0.21876
1789864296.328,1317,5.33642,0.01678,0.08955,3.295,3.295,947.3,1.16818,0.21893
1789864296.338,1318,5.33642,0.01678,0.08955,3.296,3.296,947.3,1.16908,0.21910
1789864296.348,1319,5.33642,0.01678,0.08955,3.297,3.297,947.3,1.16998,0.21927
1789864296.358,1320,5.33642,0.01678,0.08955,3.298,3.298,947.3,1.17087,0.21943
1789864296.368,1321,5.33642,0.01678,0.08955,3.299,3.299,947.3,1.17176,0.21960
1789864296.378,1322,5.33642,0.01678,0.08955,3.299,3.299,947.3,1.17265,0.21977
1789864296.388,1323,5.33630,0.01679,0.08960,3.299,3.299,947.3,1.17354,0.21993
1789864296.398,1324,5.33630,0.01679,0.08960,3.299,3.299,947.3,1.17444,0.22010
1789864296.408,1325,5.33630,0.01679,0.08960,3.299,3.299,947.3,1.17534,0.22027
1789864296.418,1326,5.33630,0.01679,0.08960,3.299,3.299,947.3,1.17623,0.22044
1789864296.428,1327,5.33630,0.01679,0.08960,3.299,3.299,947.3,1.17713,0.22061
1789864296.438,1328,5.33630,0.01679,0.08960,3.298,3.298,947.3,1.17803,0.22077
1789864296.448,1329,5.33630,0.01679,0.08960,3.295,3.296,947.3,1.17893,0.22094
1789864296.458,1330,5.33630,0.01679,0.08960,3.295,3.295,947.3,1.17982,0.22111
1789864296.468,1331,5.33630,0.01679,0.08960,3.295,3.295,947.3,1.18072,0.22128
1789864296.478,1332,5.33630,0.01679,0.08960,3.295,3.295,947.3,1.18161,0.22145
1789864296.488,1333,5.33622,0.01679,0.08960,3.295,3.295,947.3,1.18251,0.22161
1789864296.498,1334,5.33622,0.01679,0.08960,3.292,3.293,947.3,1.18340,0.22178
1789864296.508,1335,5.33622,0.01679,0.08960,3.291,3.290,947.3,1.18430,0.22195
1789864296.518,1336,5.33622,0.01679,0.08960,3.290,3.290,947.3,1.18519,0.22212
1789864296.528,1337,5.33622,0.01679,0.08960,3.290,3.290,947.3,1.18609,0.22228
1789864296.538,1338,5.33622,0.01679,0.08960,3.288,3.288,947.3,1.18698,0.22245
1789864296.548,1339,5.33622,0.01679,0.08960,3.287,3.287,947.3,1.18788,0.22262
1789864296.558,1340,5.33622,0.01679,0.08960,3.289,3.288,947.3,1.18878,0.22279
1789864296.568,1341,5.33622,0.01679,0.08960,3.292,3.292,947.3,1.18968,0.22296
1789864296.578,1342,5.33622,0.01679,0.08960,3.293,3.293,947.3,1.19057,0.22312
1789864296.588,1343,5.33618,0.01680,0.08965,3.292,3.292,947.3,1.19147,0.22329
1789864296.598,1344,5.33618,0.01680,0.08965,3.293,3.293,947.3,1.19237,0.22346
1789864296.608,1345,5.33618,0.01680,0.08965,3.294,3.294,947.3,1.19328,0.22363
1789864296.618,1346,5.33618,0.01680,0.08965,3.295,3.295,947.3,1.19418,0.22380
1789864296.628,1347,5.33618,0.01680,0.08965,3.296,3.295,947.3,1.19508,0.22397
1789864296.638,1348,5.33618,0.01680,0.08965,3.295,3.295,947.3,1.19598,0.22414
1789864296.648,1349,5.33618,0.01680,0.08965,3.295,3.295,947.3,1.19687,0.22430
1789864296.658,1350,5.33618,0.01680,0.08965,3.294,3.295,947.3,1.19776,0.22447
1789864296.668,1351,5.33618,0.01680,0.08965,3.293,3.295,947.3,1.19866,0.22464
1789864296.678,1352,5.33618,0.01680,0.08965,3.293,3.295,947.3,1.19955,0.22481
1789864296.688,1353,5.33607,0.01680,0.08965,3.293,3.295,947.3,1.20045,0.22497
1789864296.698,1354,5.33607,0.01680,0.08965,3.293,3.295,947.3,1.20134,0.22514
1789864296.708,1355,5.33607,0.01680,0.08965,3.294,3.295,947.3,1.20223,0.22531
1789864296.718,1356,5.33607,0.01680,0.08965,3.295,3.295,947.3,1.20313,0.22548
1789864296.728,1357,5.33607,0.01680,0.08965,3.296,3.297,947.3,1.20402,0.22564
1789864296.738,1358,5.33607,0.01680,0.08965,3.297,3.297,947.3,1.20491,0.22581
1789864296.748,1359,5.33607,0.01680,0.08965,3.297,3.298,947.3,1.20581,0.22598
1789864296.758,1360,5.33607,0.01680,0.08965,3.298,3.298,947.3,1.20670,0.22615
1789864296.768,1361,5.33607,0.01680,0.08965,3.299,3.299,947.3,1.20760,0.22632
1789864296.778,1362,5.33607,0.01680,0.08965,3.299,3.299,947.3,1.20849,0.22648
1789864296.788,1363,5.33603,0.01679,0.08959,3.299,3.299,947.3,1.20939,0.22665
1789864296.798,1364,5.33603,0.01679,0.08959,3.299,3.299,947.3,1.21029,0.22682
1789864296.808,1365,5.33603,0.01679,0.08959,3.299,3.299,947.3,1.21119,0.22699
1789864296.818,1366,5.33603,0.01679,0.08959,3.299,3.299,947.3,1.21210,0.22716
1789864296.828,1367,5.33603,0.01679,0.08959,3.298,3.299,947.3,1.21300,0.22733
1789864296.838,1368,5.33603,0.01679,0.08959,3.297,3.298,947.3,1.21389,0.22749
1789864296.848,1369,5.33603,0.01679,0.08959,3.294,3.295,947.3,1.21479,0.22766
1789864296.858,1370,5.33603,0.01679,0.08959,3.292,3.293,947.3,1.21568,0.22783
1789864296.868,1371,5.33603,0.01679,0.08959,3.293,3.294,947.3,1.21658,0.22800
1789864296.878,1372,5.33603,0.01679,0.08959,3.293,3.294,947.3,1.21747,0.22817
1789864296.888,1373,5.33599,0.01678,0.08954,3.293,3.294,947.3,1.21837,0.22833
1789864296.898,1374,5.33599,0.01678,0.08954,3.291,3.291,947.3,1.21926,0.22850
1789864296.908,1375,5.33599,0.01678,0.08954,3.289,3.289,947.3,1.22016,0.22867
1789864296.918,1376,5.33599,0.01678,0.08954,3.289,3.290,947.3,1.22105,0.22884
1789864296.928,1377,5.33599,0.01678,0.08954,3.288,3.289,947.3,1.22195,0.22900
1789864296.938,1378,5.33599,0.01678,0.08954,3.287,3.288,947.3,1.22285,0.22917
1789864296.948,1379,5.33599,0.01678,0.08954,3.287,3.287,947.3,1.22374,0.22934
1789864296.958,1380,5.33599,0.01678,0.08954,3.290,3.289,947.3,1.22463,0.22951
1789864296.968,1381,5.33599,0.01678,0.08954,3.295,3.295,947.3,1.22553,0.22968
1789864296.978,1382,5.33599,0.01678,0.08954,3.295,3.295,947.3,1.22642,0.22984
1789864296.988,1383,5.33603,0.01678,0.08954,3.295,3.295,947.3,1.22731,0.23001
1789864296.998,1384,5.33603,0.01678,0.08954,3.295,3.295,947.3,1.22821,0.23018
1789864297.008,1385,5.33603,0.01678,0.08954,3.295,3.295,947.3,1.22911,0.23035
1789864297.018,1386,5.33603,0.01678,0.08954,3.295,3.295,947.3,1.23000,0.23051
1789864297.028,1387,5.33603,0.01678,0.08954,3.295,3.295,947.3,1.23090,0.23068
1789864297.038,1388,5.33603,0.01678,0.08954,3.295,3.295,947.3,1.23179,0.23085
1789864297.048,1389,5.33603,0.01678,0.08954,3.295,3.296,947.3,1.23269,0.23102
1789864297.058,1390,5.33603,0.01678,0.08954,3.295,3.295,947.3,1.23359,0.23119
1789864297.068,1391,5.33603,0.01678,0.08954,3.295,3.296,947.3,1.23449,0.23135
1789864297.078,1392,5.33603,0.01678,0.08954,3.296,3.296,947.3,1.23538,0.23152
1789864297.088,1393,5.33611,0.01677,0.08949,3.295,3.296,947.3,1.23628,0.23169
1789864297.098,1394,5.33611,0.01677,0.08949,3.295,3.296,947.3,1.23717,0.23186
1789864297.108,1395,5.33611,0.01677,0.08949,3.295,3.296,947.3,1.23806,0.23202
1789864297.118,1396,5.33611,0.01677,0.08949,3.296,3.297,947.3,1.23896,0.23219
1789864297.128,1397,5.33611,0.01677,0.08949,3.296,3.296,947.3,1.23986,0.23236
1789864297.138,1398,5.33611,0.01677,0.08949,3.297,3.297,947.3,1.24075,0.23253
1789864297.148,1399,5.33611,0.01677,0.08949,3.297,3.297,947.3,1.24165,0.23270
1789864297.158,1400,5.33611,0.01677,0.08949,3.298,3.297,947.3,1.24254,0.23286
1789864297.168,1401,5.33611,0.01677,0.08949,3.298,3.298,947.3,1.24343,0.23303
1789864297.178,1402,5.33611,0.01677,0.08949,3.299,3.299,947.3,1.24432,0.23320
1789864297.188,1403,5.33603,0.01677,0.08949,3.299,3.299,947.3,1.24520,0.23336
1789864297.198,1404,5.33603,0.01677,0.08949,3.299,3.299,947.3,1.24610,0.23353
1789864297.208,1405,5.33603,0.01677,0.08949,3.298,3.299,947.3,1.24700,0.23370
1789864297.218,1406,5.33603,0.01677,0.08949,3.298,3.298,947.3,1.24789,0.23387
1789864297.228,1407,5.33603,0.01677,0.08949,3.298,3.298,947.3,1.24879,0.23403
1789864297.238,1408,5.33603,0.01677,0.08949,3.297,3.297,947.3,1.24969,0.23420
1789864297.248,1409,5.33603,0.01677,0.08949,3.296,3.296,947.3,1.25059,0.23437
1789864297.258,1410,5.33603,0.01677,0.08949,3.295,3.295,947.3,1.25149,0.23454
1789864297.268,1411,5.33603,0.01677,0.08949,3.295,3.295,947.3,1.25238,0.23471
1789864297.278,1412,5.33603,0.01677,0.08949,3.296,3.295,947.3,1.25328,0.23488
1789864297.288,1413,5.33599,0.01677,0.08948,3.296,3.295,947.3,1.25417,0.23504
1789864297.298,1414,5.33599,0.01677,0.08948,3.294,3.295,947.3,1.25506,0.23521
1789864297.308,1415,5.33599,0.01677,0.08948,3.290,3.290,947.3,1.25595,0.23538
1789864297.318,1416,5.33599,0.01677,0.08948,3.289,3.289,947.3,1.25685,0.23554
1789864297.328,1417,5.33599,0.01677,0.08948,3.287,3.287,947.3,1.25775,0.23571
1789864297.338,1418,5.33599,0.01677,0.08948,3.285,3.285,947.3,1.25865,0.23588
1789864297.348,1419,5.33599,0.01677,0.08948,3.283,3.284,947.3,1.25955,0.23605
1789864297.358,1420,5.33599,0.01677,0.08948,3.285,3.285,947.3,1.26044,0.23622
1789864297.368,1421,5.33599,0.01677,0.08948,3.290,3.290,947.3,1.26133,0.23639
1789864297.378,1422,5.33599,0.01677,0.08948,3.291,3.291,947.3,1.26223,0.23655
1789864297.388,1423,5.33603,0.01677,0.08949,3.291,3.291,947.3,1.26312,0.23672
1789864297.398,1424,5.33603,0.01677,0.08949,3.294,3.294,947.3,1.26401,0.23689
1789864297.408,1425,5.33603,0.01677,0.08949,3.295,3.295,947.3,1.26491,0.23705
1789864297.418,1426,5.33603,0.01677,0.08949,3.295,3.295,947.3,1.26580,0.23722
1789864297.428,1427,5.33603,0.01677,0.08949,3.296,3.296,947.3,1.26669,0.23739
1789864297.438,1428,5.33603,0.01677,0.08949,3.297,3.297,947.3,1.26759,0.23756
1789864297.448,1429,5.33603,0.01677,0.08949,3.297,3.297,947.3,1.26848,0.23773
1789864297.458,1430,5.33603,0.01677,0.08949,3.296,3.297,947.3,1.26938,0.23789
1789864297.468,1431,5.33603,0.01677,0.08949,3.296,3.296,947.3,1.27028,0.23806
1789864297.478,1432,5.33603,0.01677,0.08949,3.296,3.296,947.3,1.27117,0.23823
1789864297.488,1433,5.33607,0.01676,0.08943,3.295,3.295,947.3,1.27207,0.23840
1789864297.498,1434,5.33607,0.01676,0.08943,3.296,3.295,947.3,1.27297,0.23857
1789864297.508,1435,5.33607,0.01676,0.08943,3.296,3.295,947.3,1.27386,0.23873
1789864297.518,1436,5.33607,0.01676,0.08943,3.296,3.295,947.3,1.27475,0.23890
1789864297.528,1437,5.33607,0.01676,0.08943,3.297,3.296,947.3,1.27564,0.23907
1789864297.538,1438,5.33607,0.01676,0.08943,3.297,3.297,947.3,1.27653,0.23923
1789864297.548,1439,5.33607,0.01676,0.08943,3.298,3.297,947.3,1.27742,0.23940
1789864297.558,1440,5.33607,0.01676,0.08943,3.298,3.298,947.3,1.27832,0.23957
1789864297.568,1441,5.33607,0.01676,0.08943,3.299,3.298,947.3,1.27921,0.23974
1789864297.578,1442,5.33607,0.01676,0.08943,3.299,3.299,947.3,1.28011,0.23990
1789864297.588,1443,5.33611,0.01675,0.08938,3.299,3.299,947.3,1.28101,0.24007
1789864297.598,1444,5.33611,0.01675,0.08938,3.299,3.299,947.3,1.28190,0.24024
1789864297.608,1445,5.33611,0.01675,0.08938,3.299,3.299,947.3,1.28280,0.24041
1789864297.618,1446,5.33611,0.01675,0.08938,3.298,3.299,947.3,1.28369,0.24058
1789864297.628,1447,5.33611,0.01675,0.08938,3.298,3.299,947.3,1.28459,0.24074
1789864297.638,1448,5.33611,0.01675,0.08938,3.297,3.297,947.3,1.28548,0.24091
1789864297.648,1449,5.33611,0.01675,0.08938,3.295,3.295,947.3,1.28638,0.24108
1789864297.658,1450,5.33611,0.01675,0.08938,3.292,3.292,947.3,1.28727,0.24125
1789864297.668,1451,5.33611,0.01675,0.08938,3.292,3.292,947.3,1.28816,0.24141
1789864297.678,1452,5.33611,0.01675,0.08938,3.292,3.293,947.3,1.28905,0.24158
1789864297.688,1453,5.33626,0.01676,0.08944,3.292,3.292,947.3,1.28994,0.24175
1789864297.698,1454,5.33626,0.01676,0.08944,3.291,3.292,947.3,1.29083,0.24191
1789864297.708,1455,5.33626,0.01676,0.08944,3.289,3.290,947.3,1.29172,0.24208
1789864297.718,1456,5.33626,0.01676,0.08944,3.290,3.290,947.3,1.29262,0.24225
1789864297.728,1457,5.33626,0.01676,0.08944,3.288,3.288,947.3,1.29351,0.24242
1789864297.738,1458,5.33626,0.01676,0.08944,3.287,3.288,947.3,1.29440,0.24258
1789864297.748,1459,5.33626,0.01676,0.08944,3.287,3.287,947.3,1.29530,0.24275
1789864297.758,1460,5.33626,0.01676,0.08944,3.288,3.288,947.3,1.29619,0.24292
1789864297.768,1461,5.33626,0.01676,0.08944,3.292,3.292,947.3,1.29709,0.24309
1789864297.778,1462,5.33626,0.01676,0.08944,3.292,3.292,947.3,1.29798,0.24325
1789864297.788,1463,5.33630,0.01676,0.08944,3.293,3.293,947.3,1.29887,0.24342
1789864297.798,1464,5.33630,0.01676,0.08944,3.292,3.293,947.3,1.29977,0.24359
1789864297.808,1465,5.33630,0.01676,0.08944,3.293,3.293,947.3,1.30067,0.24376
1789864297.818,1466,5.33630,0.01676,0.08944,3.294,3.294,947.3,1.30157,0.24393
1789864297.828,1467,5.33630,0.01676,0.08944,3.294,3.295,947.3,1.30247,0.24409
1789864297.838,1468,5.33630,0.01676,0.08944,3.295,3.296,947.3,1.30336,0.24426
1789864297.848,1469,5.33630,0.01676,0.08944,3.296,3.296,947.3,1.30426,0.24443
1789864297.858,1470,5.33630,0.01676,0.08944,3.297,3.297,947.3,1.30515,0.24460
1789864297.868,1471,5.33630,0.01676,0.08944,3.297,3.298,947.3,1.30605,0.24476
1789864297.878,1472,5.33630,0.01676,0.08944,3.295,3.296,947.3,1.30694,0.24493
1789864297.888,1473,5.33638,0.01677,0.08949,3.296,3.296,947.3,1.30784,0.24510
1789864297.898,1474,5.33638,0.01677,0.08949,3.295,3.295,947.3,1.30873,0.24527
1789864297.908,1475,5.33638,0.01677,0.08949,3.295,3.294,947.3,1.30963,0.24544
1789864297.918,1476,5.33638,0.01677,0.08949,3.295,3.294,947.3,1.31052,0.24560
1789864297.928,1477,5.33638,0.01677,0.08949,3.295,3.294,947.3,1.31141,0.24577
1789864297.938,1478,5.33638,0.01677,0.08949,3.296,3.296,947.3,1.31231,0.24594
1789864297.948,1479,5.33638,0.01677,0.08949,3.296,3.296,947.3,1.31320,0.24611
1789864297.958,1480,5.33638,0.01677,0.08949,3.298,3.298,947.3,1.31410,0.24627
1789864297.968,1481,5.33638,0.01677,0.08949,3.299,3.299,947.3,1.31499,0.24644
1789864297.978,1482,5.33638,0.01677,0.08949,3.299,3.299,947.3,1.31589,0.24661
1789864297.988,1483,5.33630,0.01677,0.08949,3.299,3.299,947.3,1.31678,0.24678
1789864297.998,1484,5.33630,0.01677,0.08949,3.299,3.299,947.3,1.31768,0.24694
1789864298.008,1485,5.33630,0.01677,0.08949,3.299,3.299,947.3,1.31857,0.24711
1789864298.018,1486,5.33630,0.01677,0.08949,3.298,3.298,947.3,1.31947,0.24728
1789864298.028,1487,5.33630,0.01677,0.08949,3.298,3.298,947.3,1.32036,0.24745
1789864298.038,1488,5.33630,0.01677,0.08949,3.296,3.297,947.3,1.32126,0.24761
1789864298.048,1489,5.33630,0.01677,0.08949,3.294,3.295,947.3,1.32215,0.24778
1789864298.058,1490,5.33630,0.01677,0.08949,3.292,3.293,947.3,1.32305,0.24795
1789864298.068,1491,5.33630,0.01677,0.08949,3.293,3.293,947.3,1.32394,0.24812
1789864298.078,1492,5.33630,0.01677,0.08949,3.294,3.294,947.3,1.32484,0.24829
1789864298.088,1493,5.33618,0.01677,0.08949,3.294,3.294,947.3,1.32573,0.24845
1789864298.098,1494,5.33618,0.01677,0.08949,3.295,3.295,947.3,1.32662,0.24862
1789864298.108,1495,5.33618,0.01677,0.08949,3.292,3.292,947.3,1.32752,0.24879
1789864298.118,1496,5.33618,0.01677,0.08949,3.292,3.293,947.3,1.32841,0.24896
1789864298.128,1497,5.33618,0.01677,0.08949,3.291,3.292,947.3,1.32930,0.24912
1789864298.138,1498,5.33618,0.01677,0.08949,3.290,3.291,947.3,1.33020,0.24929
1789864298.148,1499,5.33618,0.01677,0.08949,3.288,3.289,947.3,1.33109,0.24946
1789864298.158,1500,5.33618,0.01677,0.08949,3.288,3.289,947.3,1.33199,0.24963
1789864298.168,1501,5.33618,0.01677,0.08949,3.293,3.293,947.3,1.33289,0.24979
1789864298.178,1502,5.33618,0.01677,0.08949,3.292,3.293,947.3,1.33378,0.24996
1789864298.188,1503,5.33622,0.01677,0.08949,3.293,3.293,947.3,1.33468,0.25013
1789864298.198,1504,5.33622,0.01677,0.08949,3.294,3.294,947.3,1.33557,0.25030
1789864298.208,1505,5.33622,0.01677,0.08949,3.295,3.295,947.3,1.33646,0.25046
1789864298.218,1506,5.33622,0.01677,0.08949,3.295,3.295,947.3,1.33736,0.25063
1789864298.228,1507,5.33622,0.01677,0.08949,3.295,3.295,947.3,1.33825,0.25080
1789864298.238,1508,5.33622,0.01677,0.08949,3.296,3.296,947.3,1.33914,0.25097
1789864298.248,1509,5.33622,0.01677,0.08949,3.296,3.296,947.3,1.34004,0.25114
1789864298.258,1510,5.33622,0.01677,0.08949,3.296,3.296,947.3,1.34094,0.25130
1789864298.268,1511,5.33622,0.01677,0.08949,3.296,3.297,947.3,1.34184,0.25147
1789864298.278,1512,5.33622,0.01677,0.08949,3.296,3.296,947.3,1.34273,0.25164
1789864298.288,1513,5.33626,0.01676,0.08944,3.295,3.295,947.3,1.34363,0.25181
1789864298.298,1514,5.33626,0.01676,0.08944,3.295,3.295,947.3,1.34453,0.25198
1789864298.308,1515,5.33626,0.01676,0.08944,3.294,3.294,947.3,1.34542,0.25214
1789864298.318,1516,5.33626,0.01676,0.08944,3.294,3.293,947.3,1.34632,0.25231
1789864298.328,1517,5.33626,0.01676,0.08944,3.295,3.294,947.3,1.34721,0.25248
1789864298.338,1518,5.33626,0.01676,0.08944,3.295,3.295,947.3,1.34810,0.25265
1789864298.348,1519,5.33626,0.01676,0.08944,3.297,3.296,947.3,1.34900,0.25281
1789864298.358,1520,5.33626,0.01676,0.08944,3.297,3.296,947.3,1.34989,0.25298
1789864298.368,1521,5.33626,0.01676,0.08944,3.298,3.298,947.3,1.35078,0.25315
1789864298.378,1522,5.33626,0.01676,0.08944,3.299,3.299,947.3,1.35167,0.25331
1789864298.388,1523,5.33622,0.01676,0.08944,3.299,3.299,947.3,1.35256,0.25348
1789864298.398,1524,5.33622,0.01676,0.08944,3.299,3.299,947.3,1.35346,0.25365
1789864298.408,1525,5.33622,0.01676,0.08944,3.299,3.299,947.3,1.35436,0.25382
1789864298.418,1526,5.33622,0.01676,0.08944,3.298,3.299,947.3,1.35525,0.25399
1789864298.428,1527,5.33622,0.01676,0.08944,3.298,3.298,947.3,1.35615,0.25415
1789864298.438,1528,5.33622,0.01676,0.08944,3.297,3.298,947.3,1.35704,0.25432
1789864298.448,1529,5.33622,0.01676,0.08944,3.295,3.295,947.3,1.35794,0.25449
1789864298.458,1530,5.33622,0.01676,0.08944,3.291,3.292,947.3,1.35883,0.25466
1789864298.468,1531,5.33622,0.01676,0.08944,3.291,3.292,947.3,1.35972,0.25482
1789864298.478,1532,5.33622,0.01676,0.08944,3.292,3.292,947.3,1.36061,0.25499
1789864298.488,1533,5.33630,0.01677,0.08949,3.292,3.292,947.3,1.36151,0.25516
1789864298.498,1534,5.33630,0.01677,0.08949,3.291,3.292,947.3,1.36240,0.25532
1789864298.508,1535,5.33630,0.01677,0.08949,3.289,3.290,947.3,1.36329,0.25549
1789864298.518,1536,5.33630,0.01677,0.08949,3.290,3.291,947.3,1.36419,0.25566
1789864298.528,1537,5.33630,0.01677,0.08949,3.289,3.289,947.3,1.36508,0.25583
1789864298.538,1538,5.33630,0.01677,0.08949,3.287,3.288,947.3,1.36598,0.25600
1789864298.548,1539,5.33630,0.01677,0.08949,3.287,3.287,947.3,1.36687,0.25616
1789864298.558,1540,5.33630,0.01677,0.08949,3.287,3.287,947.3,1.36777,0.25633
1789864298.568,1541,5.33630,0.01677,0.08949,3.291,3.291,947.3,1.36867,0.25650
1789864298.578,1542,5.33630,0.01677,0.08949,3.294,3.295,947.3,1.36956,0.25667
1789864298.588,1543,5.33626,0.01676,0.08944,3.295,3.295,947.3,1.37046,0.25684
1789864298.598,1544,5.33626,0.01676,0.08944,3.295,3.296,947.3,1.37136,0.25700
1789864298.608,1545,5.33626,0.01676,0.08944,3.297,3.297,947.3,1.37225,0.25717
1789864298.618,1546,5.33626,0.01676,0.08944,3.297,3.297,947.3,1.37315,0.25734
1789864298.628,1547,5.33626,0.01676,0.08944,3.296,3.296,947.3,1.37405,0.25751
1789864298.638,1548,5.33626,0.01676,0.08944,3.296,3.296,947.3,1.37494,0.25768
1789864298.648,1549,5.33626,0.01676,0.08944,3.295,3.295,947.3,1.37583,0.25784
1789864298.658,1550,5.33626,0.01676,0.08944,3.295,3.295,947.3,1.37673,0.25801
1789864298.668,1551,5.33626,0.01676,0.08944,3.295,3.295,947.3,1.37762,0.25818
1789864298.678,1552,5.33626,0.01676,0.08944,3.295,3.295,947.3,1.37851,0.25834
1789864298.688,1553,5.33618,0.01677,0.08949,3.297,3.297,947.3,1.37941,0.25851
1789864298.698,1554,5.33618,0.01677,0.08949,3.296,3.295,947.3,1.38030,0.25868
1789864298.708,1555,5.33618,0.01677,0.08949,3.296,3.295,947.3,1.38119,0.25885
1789864298.718,1556,5.33618,0.01677,0.08949,3.296,3.295,947.3,1.38209,0.25901
1789864298.728,1557,5.33618,0.01677,0.08949,3.296,3.295,947.3,1.38298,0.25918
1789864298.738,1558,5.33618,0.01677,0.08949,3.296,3.295,947.3,1.38388,0.25935
1789864298.748,1559,5.33618,0.01677,0.08949,3.296,3.295,947.3,1.38478,0.25952
1789864298.758,1560,5.33618,0.01677,0.08949,3.297,3.297,947.3,1.38567,0.25969
1789864298.768,1561,5.33618,0.01677,0.08949,3.298,3.297,947.3,1.38656,0.25985
1789864298.778,1562,5.33618,0.01677,0.08949,3.299,3.299,947.3,1.38746,0.26002
1789864298.788,1563,5.33614,0.01676,0.08943,3.299,3.299,947.3,1.38835,0.26019
1789864298.798,1564,5.33614,0.01676,0.08943,3.299,3.299,947.3,1.38925,0.26036
1789864298.808,1565,5.33614,0.01676,0.08943,3.299,3.299,947.3,1.39015,0.26053
1789864298.818,1566,5.33614,0.01676,0.08943,3.298,3.298,947.3,1.39105,0.26069
1789864298.828,1567,5.33614,0.01676,0.08943,3.298,3.298,947.3,1.39195,0.26086
1789864298.838,1568,5.33614,0.01676,0.08943,3.296,3.297,947.3,1.39284,0.26103
1789864298.848,1569,5.33614,0.01676,0.08943,3.294,3.295,947.3,1.39372,0.26120
1789864298.858,1570,5.33614,0.01676,0.08943,3.291,3.291,947.3,1.39461,0.26136
1789864298.868,1571,5.33614,0.01676,0.08943,3.291,3.291,947.3,1.39550,0.26153
1789864298.878,1572,5.33614,0.01676,0.08943,3.291,3.292,947.3,1.39640,0.26170
1789864298.888,1573,5.33611,0.01676,0.08943,3.292,3.292,947.3,1.39730,0.26186
1789864298.898,1574,5.33611,0.01676,0.08943,3.293,3.293,947.3,1.39820,0.26203
1789864298.908,1575,5.33611,0.01676,0.08943,3.291,3.291,947.3,1.39909,0.26220
1789864298.918,1576,5.33611,0.01676,0.08943,3.291,3.291,947.3,1.39999,0.26237
1789864298.928,1577,5.33611,0.01676,0.08943,3.289,3.289,947.3,1.40088,0.26254
1789864298.938,1578,5.33611,0.01676,0.08943,3.287,3.287,947.3,1.40178,0.26270
1789864298.948,1579,5.33611,0.01676,0.08943,3.286,3.286,947.3,1.40267,0.26287
1789864298.958,1580,5.33611,0.01676,0.08943,3.285,3.285,947.3,1.40356,0.26304
1789864298.968,1581,5.33611,0.01676,0.08943,3.289,3.288,947.3,1.40445,0.26321
1789864298.978,1582,5.33611,0.01676,0.08943,3.291,3.291,947.3,1.40534,0.26337
1789864298.988,1583,5.33622,0.01675,0.08938,3.291,3.291,947.3,1.40623,0.26354
1789864298.998,1584,5.33622,0.01675,0.08938,3.291,3.291,947.3,1.40713,0.26371
1789864299.008,1585,5.33622,0.01675,0.08938,3.292,3.292,947.3,1.40802,0.26387
1789864299.018,1586,5.33622,0.01675,0.08938,3.292,3.293,947.3,1.40892,0.26404
1789864299.028,1587,5.33622,0.01675,0.08938,3.293,3.294,947.3,1.40981,0.26421
1789864299.038,1588,5.33622,0.01675,0.08938,3.294,3.294,947.3,1.41071,0.26438
1789864299.048,1589,5.33622,0.01675,0.08938,3.295,3.295,947.3,1.41160,0.26455
1789864299.058,1590,5.33622,0.01675,0.08938,3.295,3.295,947.3,1.41249,0.26471
1789864299.068,1591,5.33622,0.01675,0.08938,3.295,3.295,947.3,1.41339,0.26488
1789864299.078,1592,5.33622,0.01675,0.08938,3.295,3.295,947.3,1.41428,0.26505
1789864299.088,1593,5.33622,0.01676,0.08944,3.295,3.295,947.3,1.41517,0.26521
1789864299.098,1594,5.33622,0.01676,0.08944,3.295,3.295,947.3,1.41607,0.26538
1789864299.108,1595,5.33622,0.01676,0.08944,3.293,3.295,947.3,1.41696,0.26555
1789864299.118,1596,5.33622,0.01676,0.08944,3.293,3.295,947.3,1.41785,0.26572
1789864299.128,1597,5.33622,0.01676,0.08944,3.293,3.295,947.3,1.41875,0.26588
1789864299.138,1598,5.33622,0.01676,0.08944,3.294,3.295,947.3,1.41964,0.26605
1789864299.148,1599,5.33622,0.01676,0.08944,3.295,3.296,947.3,1.42054,0.26622
1789864299.158,1600,5.33622,0.01676,0.08944,3.295,3.296,947.3,1.42143,0.26639
1789864299.168,1601,5.33622,0.01676,0.08944,3.297,3.298,947.3,1.42233,0.26656
1789864299.178,1602,5.33622,0.01676,0.08944,3.298,3.299,947.3,1.42322,0.26672
1789864299.188,1603,5.33626,0.01677,0.08949,3.299,3.299,947.3,1.42412,0.26689
1789864299.198,1604,5.33626,0.01677,0.08949,3.299,3.299,947.3,1.42502,0.26706
1789864299.208,1605,5.33626,0.01677,0.08949,3.299,3.299,947.3,1.42591,0.26723
1789864299.218,1606,5.33626,0.01677,0.08949,3.298,3.298,947.3,1.42681,0.26739
1789864299.228,1607,5.33626,0.01677,0.08949,3.298,3.298,947.3,1.42770,0.26756
1789864299.238,1608,5.33626,0.01677,0.08949,3.297,3.298,947.3,1.42860,0.26773
1789864299.248,1609,5.33626,0.01677,0.08949,3.295,3.296,947.3,1.42949,0.26790
1789864299.258,1610,5.33626,0.01677,0.08949,3.291,3.291,947.3,1.43038,0.26807
1789864299.268,1611,5.33626,0.01677,0.08949,3.291,3.291,947.3,1.43128,0.26823
1789864299.278,1612,5.33626,0.01677,0.08949,3.292,3.292,947.3,1.43218,0.26840
1789864299.288,1613,5.33622,0.01677,0.08949,3.292,3.292,947.3,1.43308,0.26857
1789864299.298,1614,5.33622,0.01677,0.08949,3.292,3.292,947.3,1.43398,0.26874
1789864299.308,1615,5.33622,0.01677,0.08949,3.289,3.291,947.3,1.43488,0.26891
1789864299.318,1616,5.33622,0.01677,0.08949,3.289,3.290,947.3,1.43577,0.26907
1789864299.328,1617,5.33622,0.01677,0.08949,3.287,3.288,947.3,1.43665,0.26924
1789864299.338,1618,5.33622,0.01677,0.08949,3.287,3.287,947.3,1.43754,0.26941
1789864299.348,1619,5.33622,0.01677,0.08949,3.286,3.287,947.3,1.43843,0.26957
1789864299.358,1620,5.33622,0.01677,0.08949,3.285,3.285,947.3,1.43933,0.26974
1789864299.368,1621,5.33622,0.01677,0.08949,3.290,3.289,947.3,1.44023,0.26991
1789864299.378,1622,5.33622,0.01677,0.08949,3.292,3.292,947.3,1.44112,0.27008
1789864299.388,1623,5.33622,0.01677,0.08949,3.293,3.293,947.3,1.44202,0.27025
1789864299.398,1624,5.33622,0.01677,0.08949,3.293,3.293,947.3,1.44292,0.27041
1789864299.408,1625,5.33622,0.01677,0.08949,3.293,3.294,947.3,1.44381,0.27058
1789864299.418,1626,5.33622,0.01677,0.08949,3.294,3.294,947.3,1.44471,0.27075
1789864299.428,1627,5.33622,0.01677,0.08949,3.293,3.293,947.3,1.44560,0.27092
1789864299.438,1628,5.33622,0.01677,0.08949,3.294,3.294,947.3,1.44650,0.27109
1789864299.448,1629,5.33622,0.01677,0.08949,3.295,3.295,947.3,1.44740,0.27125
1789864299.458,1630,5.33622,0.01677,0.08949,3.295,3.295,947.3,1.44829,0.27142
1789864299.468,1631,5.33622,0.01677,0.08949,3.295,3.295,947.3,1.44919,0.27159
1789864299.478,1632,5.33622,0.01677,0.08949,3.295,3.296,947.3,1.45008,0.27176
1789864299.488,1633,5.33618,0.01677,0.08949,3.296,3.296,947.3,1.45097,0.27192
1789864299.498,1634,5.33618,0.01677,0.08949,3.295,3.295,947.3,1.45186,0.27209
1789864299.508,1635,5.33618,0.01677,0.08949,3.295,3.295,947.3,1.45275,0.27226
1789864299.518,1636,5.33618,0.01677,0.08949,3.294,3.295,947.3,1.45365,0.27242
1789864299.528,1637,5.33618,0.01677,0.08949,3.295,3.295,947.3,1.45455,0.27259
1789864299.538,1638,5.33618,0.01677,0.08949,3.295,3.295,947.3,1.45544,0.27276
1789864299.548,1639,5.33618,0.01677,0.08949,3.295,3.296,947.3,1.45634,0.27293
1789864299.558,1640,5.33618,0.01677,0.08949,3.296,3.297,947.3,1.45725,0.27310
1789864299.568,1641,5.33618,0.01677,0.08949,3.297,3.298,947.3,1.45815,0.27327
1789864299.578,1642,5.33618,0.01677,0.08949,3.298,3.299,947.3,1.45906,0.27344
1789864299.589,1643,5.33614,0.01677,0.08949,3.298,3.299,947.3,1.45997,0.27361
1789864299.599,1644,5.33614,0.01677,0.08949,3.298,3.298,947.3,1.46085,0.27377
1789864299.608,1645,5.33614,0.01677,0.08949,3.298,3.298,947.3,1.46174,0.27394
1789864299.618,1646,5.33614,0.01677,0.08949,3.297,3.297,947.3,1.46262,0.27411
1789864299.628,1647,5.33614,0.01677,0.08949,3.296,3.296,947.3,1.46351,0.27427
1789864299.638,1648,5.33614,0.01677,0.08949,3.296,3.296,947.3,1.46440,0.27444
1789864299.648,1649,5.33614,0.01677,0.08949,3.294,3.295,947.3,1.46530,0.27461
1789864299.658,1650,5.33614,0.01677,0.08949,3.291,3.291,947.3,1.46619,0.27478
1789864299.668,1651,5.33614,0.01677,0.08949,3.291,3.291,947.3,1.46709,0.27494
1789864299.678,1652,5.33614,0.01677,0.08949,3.291,3.292,947.3,1.46798,0.27511
1789864299.688,1653,5.33622,0.01677,0.08949,3.292,3.292,947.3,1.46887,0.27528
1789864299.698,1654,5.33622,0.01677,0.08949,3.292,3.292,947.3,1.46977,0.27545
1789864299.708,1655,5.33622,0.01677,0.08949,3.291,3.291,947.3,1.47066,0.27561
1789864299.718,1656,5.33622,0.01677,0.08949,3.291,3.291,947.3,1.47155,0.27578
1789864299.728,1657,5.33622,0.01677,0.08949,3.290,3.290,947.3,1.47244,0.27595
1789864299.738,1658,5.33622,0.01677,0.08949,3.288,3.288,947.3,1.47334,0.27611
1789864299.748,1659,5.33622,0.01677,0.08949,3.287,3.287,947.3,1.47423,0.27628
1789864299.758,1660,5.33622,0.01677,0.08949,3.286,3.286,947.3,1.47512,0.27645
1789864299.768,1661,5.33622,0.01677,0.08949,3.290,3.288,947.3,1.47602,0.27662
1789864299.778,1662,5.33622,0.01677,0.08949,3.291,3.291,947.3,1.47692,0.27679
1789864299.788,1663,5.33630,0.01677,0.08949,3.291,3.291,947.3,1.47781,0.27695
1789864299.798,1664,5.33630,0.01677,0.08949,3.292,3.292,947.3,1.47871,0.27712
1789864299.808,1665,5.33630,0.01677,0.08949,3.295,3.295,947.3,1.47961,0.27729
1789864299.818,1666,5.33630,0.01677,0.08949,3.295,3.295,947.3,1.48051,0.27746
1789864299.828,1667,5.33630,0.01677,0.08949,3.295,3.295,947.3,1.48140,0.27763
1789864299.838,1668,5.33630,0.01677,0.08949,3.295,3.295,947.3,1.48230,0.27779
1789864299.848,1669,5.33630,0.01677,0.08949,3.296,3.296,947.3,1.48319,0.27796
1789864299.858,1670,5.33630,0.01677,0.08949,3.297,3.297,947.3,1.48409,0.27813
1789864299.868,1671,5.33630,0.01677,0.08949,3.296,3.296,947.3,1.48498,0.27830
1789864299.878,1672,5.33630,0.01677,0.08949,3.296,3.296,947.3,1.48588,0.27846
1789864299.888,1673,5.33626,0.01677,0.08949,3.296,3.296,947.3,1.48677,0.27863
1789864299.898,1674,5.33626,0.01677,0.08949,3.295,3.296,947.3,1.48767,0.27880
1789864299.908,1675,5.33626,0.01677,0.08949,3.296,3.296,947.3,1.48856,0.27897
1789864299.918,1676,5.33626,0.01677,0.08949,3.295,3.295,947.3,1.48946,0.27914
1789864299.928,1677,5.33626,0.01677,0.08949,3.295,3.295,947.3,1.49036,0.27930
1789864299.938,1678,5.33626,0.01677,0.08949,3.296,3.296,947.3,1.49125,0.27947
1789864299.948,1679,5.33626,0.01677,0.08949,3.296,3.297,947.3,1.49215,0.27964
1789864299.958,1680,5.33626,0.01677,0.08949,3.297,3.297,947.3,1.49304,0.27981
1789864299.968,1681,5.33626,0.01677,0.08949,3.298,3.298,947.3,1.49394,0.27998
1789864299.978,1682,5.33626,0.01677,0.08949,3.299,3.298,947.3,1.49483,0.28014
1789864299.988,1683,5.33622,0.01677,0.08949,3.299,3.299,947.3,1.49573,0.28031
1789864299.998,1684,5.33622,0.01677,0.08949,3.299,3.299,947.3,1.49662,0.28048
1789864300.008,1685,5.33622,0.01677,0.08949,3.299,3.299,947.3,1.49751,0.28064
1789864300.018,1686,5.33622,0.01677,0.08949,3.298,3.298,947.3,1.49839,0.28081
1789864300.028,1687,5.33622,0.01677,0.08949,3.298,3.298,947.3,1.49928,0.28098
1789864300.038,1688,5.33622,0.01677,0.08949,3.297,3.297,947.3,1.50018,0.28114
1789864300.048,1689,5.33622,0.01677,0.08949,3.296,3.296,947.3,1.50107,0.28131
1789864300.058,1690,5.33622,0.01677,0.08949,3.293,3.294,947.3,1.50197,0.28148
1789864300.068,1691,5.33622,0.01677,0.08949,3.293,3.292,947.3,1.50287,0.28165
1789864300.078,1692,5.33622,0.01677,0.08949,3.293,3.293,947.3,1.50376,0.28182
1789864300.088,1693,5.33622,0.01677,0.08949,3.294,3.293,947.3,1.50466,0.28198
1789864300.098,1694,5.33622,0.01677,0.08949,3.294,3.294,947.3,1.50555,0.28215
1789864300.108,1695,5.33622,0.01677,0.08949,3.292,3.292,947.3,1.50645,0.28232
1789864300.118,1696,5.33622,0.01677,0.08949,3.292,3.292,947.3,1.50734,0.28249
1789864300.128,1697,5.33622,0.01677,0.08949,3.292,3.292,947.3,1.50824,0.28265
1789864300.138,1698,5.33622,0.01677,0.08949,3.291,3.291,947.3,1.50913,0.28282
1789864300.148,1699,5.33622,0.01677,0.08949,3.290,3.289,947.3,1.51002,0.28299
1789864300.158,1700,5.33622,0.01677,0.08949,3.290,3.289,947.3,1.51092,0.28316
1789864300.168,1701,5.33622,0.01677,0.08949,3.292,3.291,947.3,1.51181,0.28332
1789864300.178,1702,5.33622,0.01677,0.08949,3.295,3.294,947.3,1.51271,0.28349
1789864300.188,1703,5.33622,0.01677,0.08949,3.295,3.294,947.3,1.51360,0.28366
1789864300.198,1704,5.33622,0.01677,0.08949,3.295,3.295,947.3,1.51450,0.28383
1789864300.208,1705,5.33622,0.01677,0.08949,3.295,3.295,947.3,1.51539,0.28400
1789864300.218,1706,5.33622,0.01677,0.08949,3.295,3.295,947.3,1.51629,0.28416
1789864300.228,1707,5.33622,0.01677,0.08949,3.294,3.293,947.3,1.51719,0.28433
1789864300.238,1708,5.33622,0.01677,0.08949,3.294,3.294,947.3,1.51808,0.28450
1789864300.248,1709,5.33622,0.01677,0.08949,3.294,3.293,947.3,1.51898,0.28467
1789864300.258,1710,5.33622,0.01677,0.08949,3.295,3.295,947.3,1.51987,0.28483
1789864300.268,1711,5.33622,0.01677,0.08949,3.295,3.295,947.3,1.52076,0.28500
1789864300.278,1712,5.33622,0.01677,0.08949,3.295,3.295,947.3,1.52166,0.28517
1789864300.288,1713,5.33622,0.01677,0.08949,3.295,3.295,947.3,1.52256,0.28534
1789864300.298,1714,5.33622,0.01677,0.08949,3.295,3.296,947.3,1.52346,0.28551
1789864300.308,1715,5.33622,0.01677,0.08949,3.295,3.295,947.3,1.52436,0.28568
1789864300.318,1716,5.33622,0.01677,0.08949,3.295,3.295,947.3,1.52525,0.28584
1789864300.328,1717,5.33622,0.01677,0.08949,3.295,3.296,947.3,1.52615,0.28601
1789864300.338,1718,5.33622,0.01677,0.08949,3.296,3.296,947.3,1.52704,0.28618
1789864300.348,1719,5.33622,0.01677,0.08949,3.297,3.297,947.3,1.52794,0.28635
1789864300.358,1720,5.33622,0.01677,0.08949,3.297,3.297,947.3,1.52883,0.28651
1789864300.368,1721,5.33622,0.01677,0.08949,3.298,3.298,947.3,1.52973,0.28668
1789864300.378,1722,5.33622,0.01677,0.08949,3.299,3.299,947.3,1.53062,0.28685
1789864300.388,1723,5.33634,0.01677,0.08949,3.299,3.299,947.3,1.53151,0.28702
1789864300.398,1724,5.33634,0.01677,0.08949,3.299,3.299,947.3,1.53241,0.28718
1789864300.408,1725,5.33634,0.01677,0.08949,3.299,3.299,947.3,1.53330,0.28735
1789864300.418,1726,5.33634,0.01677,0.08949,3.299,3.299,947.3,1.53419,0.28752
1789864300.428,1727,5.33634,0.01677,0.08949,3.299,3.299,947.3,1.53508,0.28768
1789864300.438,1728,5.33634,0.01677,0.08949,3.299,3.299,947.3,1.53598,0.28785
1789864300.448,1729,5.33634,0.01677,0.08949,3.297,3.298,947.3,1.53687,0.28802
1789864300.458,1730,5.33634,0.01677,0.08949,3.294,3.295,947.3,1.53777,0.28819
1789864300.468,1731,5.33634,0.01677,0.08949,3.293,3.293,947.3,1.53867,0.28836
1789864300.478,1732,5.33634,0.01677,0.08949,3.293,3.293,947.3,1.53956,0.28852
1789864300.488,1733,5.33646,0.01677,0.08949,3.293,3.293,947.3,1.54045,0.28869
1789864300.498,1734,5.33646,0.01677,0.08949,3.292,3.293,947.3,1.54135,0.28886
1789864300.508,1735,5.33646,0.01677,0.08949,3.292,3.292,947.3,1.54224,0.28903
1789864300.518,1736,5.33646,0.01677,0.08949,3.291,3.291,947.3,1.54314,0.28920
1789864300.528,1737,5.33646,0.01677,0.08949,3.291,3.291,947.3,1.54404,0.28936
1789864300.538,1738,5.33646,0.01677,0.08949,3.289,3.289,947.3,1.54494,0.28953
1789864300.548,1739,5.33646,0.01677,0.08949,3.287,3.287,947.3,1.54583,0.28970
1789864300.558,1740,5.33646,0.01677,0.08949,3.287,3.287,947.3,1.54673,0.28987
1789864300.568,1741,5.33646,0.01677,0.08949,3.288,3.287,947.3,1.54762,0.29004
1789864300.578,1742,5.33646,0.01677,0.08949,3.291,3.291,947.3,1.54852,0.29020
1789864300.588,1743,5.33657,0.01677,0.08949,3.293,3.292,947.3,1.54941,0.29037
1789864300.598,1744,5.33657,0.01677,0.08949,3.294,3.294,947.3,1.55030,0.29054
1789864300.608,1745,5.33657,0.01677,0.08949,3.295,3.295,947.3,1.55119,0.29070
1789864300.618,1746,5.33657,0.01677,0.08949,3.296,3.295,947.3,1.55209,0.29087
1789864300.628,1747,5.33657,0.01677,0.08949,3.296,3.296,947.3,1.55298,0.29104
1789864300.638,1748,5.33657,0.01677,0.08949,3.295,3.295,947.3,1.55388,0.29121
1789864300.648,1749,5.33657,0.01677,0.08949,3.295,3.296,947.3,1.55477,0.29138
1789864300.658,1750,5.33657,0.01677,0.08949,3.295,3.295,947.3,1.55567,0.29154
1789864300.668,1751,5.33657,0.01677,0.08949,3.294,3.295,947.3,1.55657,0.29171
1789864300.678,1752,5.33657,0.01677,0.08949,3.294,3.295,947.3,1.55747,0.29188
1789864300.688,1753,5.33657,0.01677,0.08949,3.294,3.295,947.3,1.55836,0.29205
1789864300.698,1754,5.33657,0.01677,0.08949,3.295,3.295,947.3,1.55926,0.29222
1789864300.708,1755,5.33657,0.01677,0.08949,3.295,3.295,947.3,1.56015,0.29238
1789864300.718,1756,5.33657,0.01677,0.08949,3.295,3.295,947.3,1.56105,0.29255
1789864300.728,1757,5.33657,0.01677,0.08949,3.296,3.296,947.3,1.56194,0.29272
1789864300.738,1758,5.33657,0.01677,0.08949,3.296,3.297,947.3,1.56284,0.29289
1789864300.748,1759,5.33657,0.01677,0.08949,3.296,3.295,947.3,1.56373,0.29305
1789864300.758,1760,5.33657,0.01677,0.08949,3.297,3.295,947.3,1.56463,0.29322
1789864300.768,1761,5.33657,0.01677,0.08949,3.297,3.296,947.3,1.56552,0.29339
1789864300.778,1762,5.33657,0.01677,0.08949,3.298,3.297,947.3,1.56642,0.29356
1789864300.788,1763,5.33650,0.01677,0.08949,3.299,3.297,947.3,1.56731,0.29373
1789864300.798,1764,5.33650,0.01677,0.08949,3.298,3.297,947.3,1.56821,0.29389
1789864300.808,1765,5.33650,0.01677,0.08949,3.299,3.299,947.3,1.56911,0.29406
1789864300.818,1766,5.33650,0.01677,0.08949,3.298,3.299,947.3,1.57001,0.29423
1789864300.828,1767,5.33650,0.01677,0.08949,3.298,3.298,947.3,1.57091,0.29440
1789864300.838,1768,5.33650,0.01677,0.08949,3.298,3.298,947.3,1.57180,0.29457
1789864300.848,1769,5.33650,0.01677,0.08949,3.296,3.297,947.3,1.57269,0.29473
1789864300.858,1770,5.33650,0.01677,0.08949,3.294,3.295,947.3,1.57358,0.29490
1789864300.868,1771,5.33650,0.01677,0.08949,3.292,3.293,947.3,1.57448,0.29507
1789864300.878,1772,5.33650,0.01677,0.08949,3.293,3.293,947.3,1.57537,0.29524
1789864300.888,1773,5.33650,0.01677,0.08949,3.293,3.293,947.3,1.57627,0.29540
1789864300.898,1774,5.33650,0.01677,0.08949,3.293,3.293,947.3,1.57716,0.29557
1789864300.908,1775,5.33650,0.01677,0.08949,3.291,3.292,947.3,1.57806,0.29574
1789864300.918,1776,5.33650,0.01677,0.08949,3.290,3.290,947.3,1.57895,0.29591
1789864300.928,1777,5.33650,0.01677,0.08949,3.289,3.289,947.3,1.57985,0.29607
1789864300.938,1778,5.33650,0.01677,0.08949,3.288,3.288,947.3,1.58074,0.29624
1789864300.948,1779,5.33650,0.01677,0.08949,3.288,3.288,947.3,1.58163,0.29641
1789864300.958,1780,5.33650,0.01677,0.08949,3.287,3.288,947.3,1.58253,0.29658
1789864300.968,1781,5.33650,0.01677,0.08949,3.291,3.290,947.3,1.58343,0.29674
1789864300.978,1782,5.33650,0.01677,0.08949,3.295,3.295,947.3,1.58432,0.29691
1789864300.988,1783,5.33650,0.01677,0.08949,3.295,3.295,947.3,1.58522,0.29708
1789864300.998,1784,5.33650,0.01677,0.08949,3.295,3.295,947.3,1.58611,0.29725
1789864301.008,1785,5.33650,0.01677,0.08949,3.294,3.294,947.3,1.58700,0.29741
1789864301.018,1786,5.33650,0.01677,0.08949,3.295,3.295,947.3,1.58790,0.29758
1789864301.028,1787,5.33650,0.01677,0.08949,3.295,3.294,947.3,1.58879,0.29775
1789864301.038,1788,5.33650,0.01677,0.08949,3.294,3.294,947.3,1.58968,0.29792
1789864301.048,1789,5.33650,0.01677,0.08949,3.295,3.295,947.3,1.59057,0.29808
1789864301.058,1790,5.33650,0.01677,0.08949,3.297,3.297,947.3,1.59147,0.29825
1789864301.068,1791,5.33650,0.01677,0.08949,3.297,3.297,947.3,1.59236,0.29842
1789864301.078,1792,5.33650,0.01677,0.08949,3.297,3.297,947.3,1.59326,0.29859
1789864301.088,1793,5.33654,0.01677,0.08949,3.297,3.297,947.3,1.59416,0.29876
1789864301.098,1794,5.33654,0.01677,0.08949,3.296,3.296,947.3,1.59506,0.29892
1789864301.108,1795,5.33654,0.01677,0.08949,3.297,3.297,947.3,1.59596,0.29909
1789864301.118,1796,5.33654,0.01677,0.08949,3.296,3.296,947.3,1.59685,0.29926
1789864301.128,1797,5.33654,0.01677,0.08949,3.296,3.296,947.3,1.59774,0.29943
1789864301.138,1798,5.33654,0.01677,0.08949,3.297,3.297,947.3,1.59863,0.29959
1789864301.148,1799,5.33654,0.01677,0.08949,3.297,3.297,947.3,1.59952,0.29976
1789864301.158,1800,5.33654,0.01677,0.08949,3.296,3.295,947.3,1.60042,0.29993
1789864301.168,1801,5.33654,0.01677,0.08949,3.296,3.295,947.3,1.60132,0.30010
1789864301.178,1802,5.33654,0.01677,0.08949,3.297,3.295,947.3,1.60221,0.30027
1789864301.188,1803,5.33661,0.01676,0.08944,3.297,3.296,947.3,1.60311,0.30043
1789864301.198,1804,5.33661,0.01676,0.08944,3.297,3.296,947.3,1.60401,0.30060
1789864301.208,1805,5.33661,0.01676,0.08944,3.297,3.296,947.3,1.60491,0.30077
1789864301.218,1806,5.33661,0.01676,0.08944,3.298,3.298,947.3,1.60581,0.30094
1789864301.228,1807,5.33661,0.01676,0.08944,3.298,3.299,947.3,1.60672,0.30111
1789864301.238,1808,5.33661,0.01676,0.08944,3.299,3.299,947.3,1.60760,0.30127
1789864301.248,1809,5.33661,0.01676,0.08944,3.298,3.298,947.3,1.60849,0.30144
1789864301.258,1810,5.33661,0.01676,0.08944,3.295,3.296,947.3,1.60937,0.30161
1789864301.268,1811,5.33661,0.01676,0.08944,3.294,3.294,947.3,1.61026,0.30177
1789864301.278,1812,5.33661,0.01676,0.08944,3.294,3.294,947.3,1.61116,0.30194
1789864301.288,1813,5.33669,0.01677,0.08950,3.294,3.294,947.3,1.61205,0.30211
1789864301.298,1814,5.33669,0.01677,0.08950,3.294,3.294,947.3,1.61295,0.30228
1789864301.308,1815,5.33669,0.01677,0.08950,3.293,3.293,947.3,1.61385,0.30245
1789864301.318,1816,5.33669,0.01677,0.08950,3.291,3.291,947.3,1.61475,0.30261
1789864301.328,1817,5.33669,0.01677,0.08950,3.291,3.291,947.3,1.61564,0.30278
1789864301.338,1818,5.33669,0.01677,0.08950,3.289,3.290,947.3,1.61654,0.30295
1789864301.348,1819,5.33669,0.01677,0.08950,3.288,3.288,947.3,1.61743,0.30312
1789864301.358,1820,5.33669,0.01677,0.08950,3.287,3.287,947.3,1.61832,0.30328
1789864301.368,1821,5.33669,0.01677,0.08950,3.287,3.287,947.3,1.61921,0.30345
1789864301.378,1822,5.33669,0.01677,0.08950,3.291,3.291,947.3,1.62011,0.30362
1789864301.388,1823,5.33665,0.01677,0.08950,3.291,3.291,947.3,1.62100,0.30378
1789864301.398,1824,5.33665,0.01677,0.08950,3.291,3.291,947.3,1.62189,0.30395
1789864301.408,1825,5.33665,0.01677,0.08950,3.291,3.291,947.3,1.62279,0.30412
1789864301.418,1826,5.33665,0.01677,0.08950,3.291,3.292,947.3,1.62369,0.30429
1789864301.428,1827,5.33665,0.01677,0.08950,3.292,3.292,947.3,1.62459,0.30446
1789864301.438,1828,5.33665,0.01677,0.08950,3.292,3.293,947.3,1.62548,0.30462
1789864301.448,1829,5.33665,0.01677,0.08950,3.294,3.294,947.3,1.62637,0.30479
1789864301.458,1830,5.33665,0.01677,0.08950,3.295,3.295,947.3,1.62726,0.30496
1789864301.468,1831,5.33665,0.01677,0.08950,3.296,3.296,947.3,1.62816,0.30513
1789864301.478,1832,5.33665,0.01677,0.08950,3.296,3.296,947.3,1.62905,0.30529
1789864301.488,1833,5.33657,0.01677,0.08949,3.296,3.297,947.3,1.62994,0.30546
1789864301.498,1834,5.33657,0.01677,0.08949,3.297,3.298,947.3,1.63084,0.30563
1789864301.508,1835,5.33657,0.01677,0.08949,3.297,3.297,947.3,1.63173,0.30580
1789864301.518,1836,5.33657,0.01677,0.08949,3.297,3.297,947.3,1.63262,0.30596
1789864301.528,1837,5.33657,0.01677,0.08949,3.297,3.297,947.3,1.63352,0.30613
1789864301.538,1838,5.33657,0.01677,0.08949,3.298,3.298,947.3,1.63441,0.30630
1789864301.548,1839,5.33657,0.01677,0.08949,3.298,3.298,947.3,1.63530,0.30647
1789864301.558,1840,5.33657,0.01677,0.08949,3.298,3.298,947.3,1.63620,0.30663
1789864301.568,1841,5.33657,0.01677,0.08949,3.297,3.298,947.3,1.63710,0.30680
1789864301.578,1842,5.33657,0.01677,0.08949,3.296,3.298,947.3,1.63799,0.30697
1789864301.588,1843,5.33657,0.01677,0.08949,3.296,3.297,947.3,1.63889,0.30714
1789864301.598,1844,5.33657,0.01677,0.08949,3.295,3.297,947.3,1.63978,0.30730
1789864301.608,1845,5.33657,0.01677,0.08949,3.295,3.296,947.3,1.64068,0.30747
1789864301.618,1846,5.33657,0.01677,0.08949,3.295,3.296,947.3,1.64157,0.30764
1789864301.628,1847,5.33657,0.01677,0.08949,3.295,3.295,947.3,1.64247,0.30781
1789864301.638,1848,5.33657,0.01677,0.08949,3.296,3.296,947.3,1.64336,0.30798
1789864301.648,1849,5.33657,0.01677,0.08949,3.296,3.296,947.3,1.64426,0.30814
1789864301.658,1850,5.33657,0.01677,0.08949,3.294,3.295,947.3,1.64516,0.30831
1789864301.668,1851,5.33657,0.01677,0.08949,3.292,3.292,947.3,1.64605,0.30848
1789864301.678,1852,5.33657,0.01677,0.08949,3.292,3.293,947.3,1.64695,0.30865
1789864301.688,1853,5.33661,0.01677,0.08949,3.293,3.294,947.3,1.64784,0.30882
1789864301.698,1854,5.33661,0.01677,0.08949,3.293,3.294,947.3,1.64874,0.30898
1789864301.708,1855,5.33661,0.01677,0.08949,3.291,3.293,947.3,1.64963,0.30915
1789864301.718,1856,5.33661,0.01677,0.08949,3.289,3.290,947.3,1.65053,0.30932
1789864301.728,1857,5.33661,0.01677,0.08949,3.289,3.290,947.3,1.65143,0.30949
1789864301.738,1858,5.33661,0.01677,0.08949,3.287,3.288,947.3,1.65233,0.30966
1789864301.748,1859,5.33661,0.01677,0.08949,3.287,3.287,947.3,1.65323,0.30982
1789864301.758,1860,5.33661,0.01677,0.08949,3.286,3.286,947.3,1.65412,0.30999
1789864301.768,1861,5.33661,0.01677,0.08949,3.286,3.286,947.3,1.65501,0.31016
1789864301.778,1862,5.33661,0.01677,0.08949,3.291,3.290,947.3,1.65591,0.31033
1789864301.788,1863,5.33661,0.01677,0.08949,3.291,3.292,947.3,1.65680,0.31049
1789864301.798,1864,5.33661,0.01677,0.08949,3.292,3.292,947.3,1.65769,0.31066
1789864301.808,1865,5.33661,0.01677,0.08949,3.293,3.294,947.3,1.65858,0.31083
1789864301.818,1866,5.33661,0.01677,0.08949,3.294,3.294,947.3,1.65947,0.31099
1789864301.828,1867,5.33661,0.01677,0.08949,3.294,3.295,947.3,1.66037,0.31116
1789864301.838,1868,5.33661,0.01677,0.08949,3.294,3.295,947.3,1.66126,0.31133
1789864301.848,1869,5.33661,0.01677,0.08949,3.295,3.295,947.3,1.66215,0.31150
1789864301.858,1870,5.33661,0.01677,0.08949,3.295,3.295,947.3,1.66305,0.31166
1789864301.868,1871,5.33661,0.01677,0.08949,3.295,3.295,947.3,1.66394,0.31183
1789864301.878,1872,5.33661,0.01677,0.08949,3.295,3.295,947.3,1.66484,0.31200
1789864301.888,1873,5.33665,0.01677,0.08950,3.295,3.295,947.3,1.66574,0.31217
1789864301.898,1874,5.33665,0.01677,0.08950,3.295,3.295,947.3,1.66663,0.31234
1789864301.908,1875,5.33665,0.01677,0.08950,3.295,3.295,947.3,1.66753,0.31250
1789864301.918,1876,5.33665,0.01677,0.08950,3.295,3.295,947.3,1.66842,0.31267
1789864301.928,1877,5.33665,0.01677,0.08950,3.296,3.296,947.3,1.66932,0.31284
1789864301.938,1878,5.33665,0.01677,0.08950,3.296,3.296,947.3,1.67022,0.31301
1789864301.948,1879,5.33665,0.01677,0.08950,3.297,3.297,947.3,1.67111,0.31318
1789864301.958,1880,5.33665,0.01677,0.08950,3.298,3.297,947.3,1.67201,0.31334
1789864301.968,1881,5.33665,0.01677,0.08950,3.298,3.298,947.3,1.67290,0.31351
1789864301.978,1882,5.33665,0.01677,0.08950,3.298,3.298,947.3,1.67379,0.31368
1789864301.988,1883,5.33673,0.01677,0.08950,3.298,3.298,947.3,1.67468,0.31385
1789864301.998,1884,5.33673,0.01677,0.08950,3.298,3.298,947.3,1.67558,0.31401
1789864302.008,1885,5.33673,0.01677,0.08950,3.298,3.298,947.3,1.67647,0.31418
1789864302.018,1886,5.33673,0.01677,0.08950,3.298,3.298,947.3,1.67737,0.31435
1789864302.028,1887,5.33673,0.01677,0.08950,3.297,3.297,947.3,1.67826,0.31452
1789864302.038,1888,5.33673,0.01677,0.08950,3.298,3.299,947.3,1.67916,0.31468
1789864302.048,1889,5.33673,0.01677,0.08950,3.299,3.299,947.3,1.68006,0.31485
1789864302.058,1890,5.33673,0.01677,0.08950,3.295,3.296,947.3,1.68095,0.31502
1789864302.068,1891,5.33673,0.01677,0.08950,3.292,3.293,947.3,1.68185,0.31519
1789864302.078,1892,5.33673,0.01677,0.08950,3.292,3.293,947.3,1.68274,0.31536
1789864302.088,1893,5.33677,0.01678,0.08955,3.293,3.293,947.3,1.68364,0.31552
1789864302.098,1894,5.33677,0.01678,0.08955,3.293,3.293,947.3,1.68454,0.31569
1789864302.108,1895,5.33677,0.01678,0.08955,3.292,3.293,947.3,1.68544,0.31586
1789864302.118,1896,5.33677,0.01678,0.08955,3.291,3.291,947.3,1.68633,0.31603
1789864302.128,1897,5.33677,0.01678,0.08955,3.292,3.293,947.3,1.68723,0.31620
1789864302.138,1898,5.33677,0.01678,0.08955,3.291,3.291,947.3,1.68812,0.31636
1789864302.148,1899,5.33677,0.01678,0.08955,3.291,3.291,947.3,1.68902,0.31653
1789864302.158,1900,5.33677,0.01678,0.08955,3.291,3.291,947.3,1.68991,0.31670
1789864302.168,1901,5.33677,0.01678,0.08955,3.290,3.290,947.3,1.69081,0.31687
1789864302.178,1902,5.33677,0.01678,0.08955,3.294,3.294,947.3,1.69171,0.31703
1789864302.188,1903,5.33669,0.01678,0.08955,3.294,3.295,947.3,1.69261,0.31720
1789864302.198,1904,5.33669,0.01678,0.08955,3.293,3.294,947.3,1.69350,0.31737
1789864302.208,1905,5.33669,0.01678,0.08955,3.293,3.293,947.3,1.69439,0.31754
1789864302.218,1906,5.33669,0.01678,0.08955,3.292,3.293,947.3,1.69528,0.31770
1789864302.228,1907,5.33669,0.01678,0.08955,3.293,3.294,947.3,1.69617,0.31787
1789864302.238,1908,5.33669,0.01678,0.08955,3.293,3.293,947.3,1.69707,0.31804
1789864302.248,1909,5.33669,0.01678,0.08955,3.294,3.294,947.3,1.69796,0.31821
1789864302.258,1910,5.33669,0.01678,0.08955,3.295,3.295,947.3,1.69886,0.31838
1789864302.268,1911,5.33669,0.01678,0.08955,3.295,3.295,947.3,1.69976,0.31854
1789864302.278,1912,5.33669,0.01678,0.08955,3.295,3.295,947.3,1.70066,0.31871
1789864302.288,1913,5.33661,0.01678,0.08955,3.295,3.295,947.3,1.70156,0.31888
1789864302.298,1914,5.33661,0.01678,0.08955,3.295,3.295,947.3,1.70246,0.31905
1789864302.308,1915,5.33661,0.01678,0.08955,3.295,3.295,947.3,1.70336,0.31922
1789864302.318,1916,5.33661,0.01678,0.08955,3.296,3.296,947.3,1.70425,0.31939
1789864302.328,1917,5.33661,0.01678,0.08955,3.296,3.296,947.3,1.70515,0.31955
1789864302.338,1918,5.33661,0.01678,0.08955,3.297,3.297,947.3,1.70605,0.31972
1789864302.348,1919,5.33661,0.01678,0.08955,3.298,3.298,947.3,1.70694,0.31989
1789864302.358,1920,5.33661,0.01678,0.08955,3.298,3.298,947.3,1.70784,0.32006
1789864302.368,1921,5.33661,0.01678,0.08955,3.298,3.299,947.3,1.70873,0.32023
1789864302.378,1922,5.33661,0.01678,0.08955,3.298,3.299,947.3,1.70963,0.32039
1789864302.388,1923,5.33661,0.01678,0.08955,3.298,3.299,947.3,1.71052,0.32056
1789864302.398,1924,5.33661,0.01678,0.08955,3.298,3.298,947.3,1.71141,0.32073
1789864302.408,1925,5.33661,0.01678,0.08955,3.297,3.297,947.3,1.71230,0.32089
1789864302.418,1926,5.33661,0.01678,0.08955,3.297,3.297,947.3,1.71319,0.32106
1789864302.428,1927,5.33661,0.01678,0.08955,3.296,3.296,947.3,1.71408,0.32123
1789864302.438,1928,5.33661,0.01678,0.08955,3.297,3.296,947.3,1.71498,0.32140
1789864302.448,1929,5.33661,0.01678,0.08955,3.297,3.297,947.3,1.71588,0.32156
1789864302.458,1930,5.33661,0.01678,0.08955,3.295,3.295,947.3,1.71678,0.32173
1789864302.468,1931,5.33661,0.01678,0.08955,3.294,3.294,947.3,1.71768,0.32190
1789864302.478,1932,5.33661,0.01678,0.08955,3.294,3.294,947.3,1.71857,0.32207
1789864302.488,1933,5.33665,0.01678,0.08955,3.294,3.294,947.3,1.71947,0.32224
1789864302.498,1934,5.33665,0.01678,0.08955,3.294,3.294,947.3,1.72037,0.32241
1789864302.508,1935,5.33665,0.01678,0.08955,3.294,3.294,947.3,1.72126,0.32257
1789864302.518,1936,5.33665,0.01678,0.08955,3.290,3.291,947.3,1.72216,0.32274
1789864302.528,1937,5.33665,0.01678,0.08955,3.289,3.290,947.3,1.72306,0.32291
1789864302.538,1938,5.33665,0.01678,0.08955,3.287,3.288,947.3,1.72395,0.32308
1789864302.548,1939,5.33665,0.01678,0.08955,3.286,3.287,947.3,1.72485,0.32324
1789864302.558,1940,5.33665,0.01678,0.08955,3.285,3.286,947.3,1.72574,0.32341
1789864302.568,1941,5.33665,0.01678,0.08955,3.284,3.284,947.3,1.72664,0.32358
1789864302.578,1942,5.33665,0.01678,0.08955,3.289,3.288,947.3,1.72753,0.32375
1789864302.588,1943,5.33657,0.01679,0.08960,3.292,3.292,947.3,1.72843,0.32392
1789864302.598,1944,5.33657,0.01679,0.08960,3.293,3.293,947.3,1.72932,0.32408
1789864302.608,1945,5.33657,0.01679,0.08960,3.294,3.294,947.3,1.73021,0.32425
1789864302.618,1946,5.33657,0.01679,0.08960,3.295,3.295,947.3,1.73111,0.32442
1789864302.628,1947,5.33657,0.01679,0.08960,3.295,3.295,947.3,1.73200,0.32458
1789864302.638,1948,5.33657,0.01679,0.08960,3.295,3.295,947.3,1.73289,0.32475
1789864302.648,1949,5.33657,0.01679,0.08960,3.295,3.295,947.3,1.73379,0.32492
1789864302.658,1950,5.33657,0.01679,0.08960,3.295,3.295,947.3,1.73469,0.32509
1789864302.668,1951,5.33657,0.01679,0.08960,3.295,3.295,947.3,1.73559,0.32526
1789864302.678,1952,5.33657,0.01679,0.08960,3.295,3.295,947.3,1.73648,0.32543
1789864302.688,1953,5.33650,0.01678,0.08955,3.295,3.295,947.3,1.73738,0.32559
1789864302.698,1954,5.33650,0.01678,0.08955,3.296,3.297,947.3,1.73828,0.32576
1789864302.708,1955,5.33650,0.01678,0.08955,3.297,3.297,947.3,1.73918,0.32593
1789864302.718,1956,5.33650,0.01678,0.08955,3.297,3.297,947.3,1.74007,0.32610
1789864302.728,1957,5.33650,0.01678,0.08955,3.297,3.296,947.3,1.74096,0.32626
1789864302.738,1958,5.33650,0.01678,0.08955,3.297,3.297,947.3,1.74185,0.32643
1789864302.748,1959,5.33650,0.01678,0.08955,3.298,3.298,947.3,1.74274,0.32660
1789864302.758,1960,5.33650,0.01678,0.08955,3.298,3.298,947.3,1.74364,0.32677
1789864302.768,1961,5.33650,0.01678,0.08955,3.298,3.298,947.3,1.74454,0.32694
1789864302.778,1962,5.33650,0.01678,0.08955,3.299,3.299,947.3,1.74544,0.32710
1789864302.788,1963,5.33650,0.01678,0.08955,3.299,3.299,947.3,1.74634,0.32727
1789864302.798,1964,5.33650,0.01678,0.08955,3.299,3.298,947.3,1.74724,0.32744
1789864302.808,1965,5.33650,0.01678,0.08955,3.298,3.298,947.3,1.74814,0.32761
1789864302.818,1966,5.33650,0.01678,0.08955,3.298,3.298,947.3,1.74903,0.32778
1789864302.828,1967,5.33650,0.01678,0.08955,3.298,3.297,947.3,1.74993,0.32794
1789864302.838,1968,5.33650,0.01678,0.08955,3.297,3.297,947.3,1.75082,0.32811
1789864302.848,1969,5.33650,0.01678,0.08955,3.297,3.296,947.3,1.75172,0.32828
1789864302.858,1970,5.33650,0.01678,0.08955,3.295,3.295,947.3,1.75261,0.32845
1789864302.868,1971,5.33650,0.01678,0.08955,3.293,3.293,947.3,1.75351,0.32862
1789864302.878,1972,5.33650,0.01678,0.08955,3.293,3.293,947.3,1.75440,0.32878
1789864302.888,1973,5.33657,0.01677,0.08949,3.293,3.293,947.3,1.75530,0.32895
1789864302.898,1974,5.33657,0.01677,0.08949,3.293,3.294,947.3,1.75620,0.32912
1789864302.908,1975,5.33657,0.01677,0.08949,3.294,3.294,947.3,1.75709,0.32929
1789864302.918,1976,5.33657,0.01677,0.08949,3.291,3.291,947.3,1.75798,0.32945
1789864302.928,1977,5.33657,0.01677,0.08949,3.291,3.291,947.3,1.75887,0.32962
1789864302.938,1978,5.33657,0.01677,0.08949,3.290,3.290,947.3,1.75976,0.32979
1789864302.948,1979,5.33657,0.01677,0.08949,3.288,3.288,947.3,1.76065,0.32995
1789864302.958,1980,5.33657,0.01677,0.08949,3.287,3.288,947.3,1.76155,0.33012
1789864302.968,1981,5.33657,0.01677,0.08949,3.287,3.287,947.3,1.76245,0.33029
1789864302.978,1982,5.33657,0.01677,0.08949,3.291,3.290,947.3,1.76335,0.33046
1789864302.988,1983,5.33661,0.01677,0.08949,3.291,3.292,947.3,1.76425,0.33063
1789864302.998,1984,5.33661,0.01677,0.08949,3.291,3.292,947.3,1.76514,0.33080
1789864303.008,1985,5.33661,0.01677,0.08949,3.292,3.292,947.3,1.76604,0.33096
1789864303.018,1986,5.33661,0.01677,0.08949,3.292,3.292,947.3,1.76693,0.33113
1789864303.028,1987,5.33661,0.01677,0.08949,3.293,3.294,947.3,1.76783,0.33130
1789864303.038,1988,5.33661,0.01677,0.08949,3.295,3.295,947.3,1.76872,0.33147
1789864303.048,1989,5.33661,0.01677,0.08949,3.295,3.295,947.3,1.76961,0.33163
1789864303.058,1990,5.33661,0.01677,0.08949,3.296,3.296,947.3,1.77050,0.33180
1789864303.068,1991,5.33661,0.01677,0.08949,3.297,3.296,947.3,1.77138,0.33197
1789864303.078,1992,5.33661,0.01677,0.08949,3.297,3.297,947.3,1.77228,0.33213
1789864303.088,1993,5.33654,0.01677,0.08949,3.296,3.296,947.3,1.77317,0.33230
1789864303.098,1994,5.33654,0.01677,0.08949,3.297,3.297,947.3,1.77407,0.33247
1789864303.108,1995,5.33654,0.01677,0.08949,3.297,3.297,947.3,1.77496,0.33264
1789864303.118,1996,5.33654,0.01677,0.08949,3.298,3.298,947.3,1.77586,0.33280
1789864303.128,1997,5.33654,0.01677,0.08949,3.297,3.298,947.3,1.77675,0.33297
1789864303.138,1998,5.33654,0.01677,0.08949,3.298,3.298,947.3,1.77765,0.33314
1789864303.148,1999,5.33654,0.01677,0.08949,3.298,3.299,947.3,1.77855,0.33331
1789864303.158,2000,5.33654,0.01677,0.08949,3.298,3.298,947.3,1.77944,0.33347
1789864303.168,2001,5.33654,0.01677,0.08949,3.298,3.299,947.3,1.78033,0.33364
1789864303.178,2002,5.33654,0.01677,0.08949,3.298,3.298,947.3,1.78123,0.33381
1789864303.188,2003,5.33661,0.01677,0.08949,3.299,3.299,947.3,1.78212,0.33398
1789864303.198,2004,5.33661,0.01677,0.08949,3.298,3.298,947.3,1.78302,0.33415
1789864303.208,2005,5.33661,0.01677,0.08949,3.297,3.296,947.3,1.78392,0.33431
1789864303.218,2006,5.33661,0.01677,0.08949,3.297,3.296,947.3,1.78481,0.33448
1789864303.228,2007,5.33661,0.01677,0.08949,3.296,3.295,947.3,1.78571,0.33465
1789864303.238,2008,5.33661,0.01677,0.08949,3.296,3.295,947.3,1.78660,0.33482
1789864303.248,2009,5.33661,0.01677,0.08949,3.296,3.295,947.3,1.78750,0.33498
1789864303.258,2010,5.33661,0.01677,0.08949,3.295,3.295,947.3,1.78839,0.33515
1789864303.268,2011,5.33661,0.01677,0.08949,3.292,3.293,947.3,1.78928,0.33532
1789864303.278,2012,5.33661,0.01677,0.08949,3.291,3.291,947.3,1.79018,0.33549
1789864303.288,2013,5.33665,0.01677,0.08950,3.292,3.291,947.3,1.79107,0.33565
1789864303.298,2014,5.33665,0.01677,0.08950,3.291,3.291,947.3,1.79197,0.33582
1789864303.308,2015,5.33665,0.01677,0.08950,3.291,3.291,947.3,1.79287,0.33599
1789864303.318,2016,5.33665,0.01677,0.08950,3.289,3.290,947.3,1.79376,0.33616
1789864303.328,2017,5.33665,0.01677,0.08950,3.290,3.290,947.3,1.79466,0.33633
1789864303.338,2018,5.33665,0.01677,0.08950,3.289,3.290,947.3,1.79555,0.33649
1789864303.348,2019,5.33665,0.01677,0.08950,3.288,3.289,947.3,1.79645,0.33666
1789864303.358,2020,5.33665,0.01677,0.08950,3.287,3.288,947.3,1.79734,0.33683
1789864303.368,2021,5.33665,0.01677,0.08950,3.287,3.287,947.3,1.79823,0.33700
1789864303.378,2022,5.33665,0.01677,0.08950,3.291,3.290,947.3,1.79913,0.33716
1789864303.388,2023,5.33669,0.01677,0.08950,3.293,3.293,947.3,1.80002,0.33733
1789864303.398,2024,5.33669,0.01677,0.08950,3.292,3.292,947.3,1.80092,0.33750
1789864303.408,2025,5.33669,0.01677,0.08950,3.293,3.293,947.3,1.80182,0.33767
1789864303.418,2026,5.33669,0.01677,0.08950,3.293,3.293,947.3,1.80271,0.33784
1789864303.428,2027,5.33669,0.01677,0.08950,3.293,3.293,947.3,1.80361,0.33800
1789864303.438,2028,5.33669,0.01677,0.08950,3.293,3.293,947.3,1.80451,0.33817
1789864303.448,2029,5.33669,0.01677,0.08950,3.293,3.293,947.3,1.80540,0.33834
1789864303.458,2030,5.33669,0.01677,0.08950,3.295,3.294,947.3,1.80629,0.33851
1789864303.468,2031,5.33669,0.01677,0.08950,3.295,3.295,947.3,1.80719,0.33867
1789864303.478,2032,5.33669,0.01677,0.08950,3.295,3.295,947.3,1.80808,0.33884
1789864303.488,2033,5.33665,0.01676,0.08944,3.295,3.295,947.3,1.80898,0.33901
1789864303.498,2034,5.33665,0.01676,0.08944,3.295,3.296,947.3,1.80987,0.33918
1789864303.508,2035,5.33665,0.01676,0.08944,3.297,3.297,947.3,1.81076,0.33934
1789864303.518,2036,5.33665,0.01676,0.08944,3.297,3.297,947.3,1.81166,0.33951
1789864303.528,2037,5.33665,0.01676,0.08944,3.297,3.298,947.3,1.81255,0.33968
1789864303.538,2038,5.33665,0.01676,0.08944,3.298,3.298,947.3,1.81345,0.33985
1789864303.548,2039,5.33665,0.01676,0.08944,3.298,3.298,947.3,1.81434,0.34001
1789864303.558,2040,5.33665,0.01676,0.08944,3.299,3.299,947.3,1.81524,0.34018
1789864303.568,2041,5.33665,0.01676,0.08944,3.299,3.299,947.3,1.81613,0.34035
1789864303.578,2042,5.33665,0.01676,0.08944,3.298,3.298,947.3,1.81703,0.34052
1789864303.588,2043,5.33673,0.01675,0.08939,3.298,3.298,947.3,1.81792,0.34069
1789864303.598,2044,5.33673,0.01675,0.08939,3.297,3.298,947.3,1.81882,0.34085
1789864303.608,2045,5.33673,0.01675,0.08939,3.296,3.296,947.3,1.81971,0.34102
1789864303.618,2046,5.33673,0.01675,0.08939,3.296,3.295,947.3,1.82061,0.34119
1789864303.628,2047,5.33673,0.01675,0.08939,3.295,3.295,947.3,1.82150,0.34136
1789864303.638,2048,5.33673,0.01675,0.08939,3.296,3.295,947.3,1.82240,0.34152
1789864303.648,2049,5.33673,0.01675,0.08939,3.297,3.295,947.3,1.82330,0.34169
1789864303.658,2050,5.33673,0.01675,0.08939,3.295,3.295,947.3,1.82419,0.34186
1789864303.668,2051,5.33673,0.01675,0.08939,3.294,3.294,947.3,1.82509,0.34203
1789864303.678,2052,5.33673,0.01675,0.08939,3.293,3.294,947.3,1.82598,0.34220
1789864303.688,2053,5.33677,0.01676,0.08944,3.294,3.294,947.3,1.82687,0.34236
1789864303.698,2054,5.33677,0.01676,0.08944,3.294,3.294,947.3,1.82776,0.34253
1789864303.708,2055,5.33677,0.01676,0.08944,3.294,3.294,947.3,1.82866,0.34270
1789864303.718,2056,5.33677,0.01676,0.08944,3.291,3.292,947.3,1.82955,0.34286
1789864303.728,2057,5.33677,0.01676,0.08944,3.291,3.291,947.3,1.83044,0.34303
1789864303.738,2058,5.33677,0.01676,0.08944,3.291,3.291,947.3,1.83133,0.34320
1789864303.748,2059,5.33677,0.01676,0.08944,3.290,3.291,947.3,1.83222,0.34337
1789864303.758,2060,5.33677,0.01676,0.08944,3.289,3.289,947.3,1.83312,0.34353
1789864303.768,2061,5.33677,0.01676,0.08944,3.287,3.288,947.3,1.83402,0.34370
1789864303.778,2062,5.33677,0.01676,0.08944,3.291,3.291,947.3,1.83492,0.34387
1789864303.788,2063,5.33681,0.01677,0.08950,3.293,3.293,947.3,1.83582,0.34404
1789864303.798,2064,5.33681,0.01677,0.08950,3.292,3.292,947.3,1.83671,0.34421
1789864303.808,2065,5.33681,0.01677,0.08950,3.292,3.293,947.3,1.83761,0.34437
1789864303.818,2066,5.33681,0.01677,0.08950,3.293,3.294,947.3,1.83850,0.34454
1789864303.828,2067,5.33681,0.01677,0.08950,3.294,3.294,947.3,1.83940,0.34471
1789864303.838,2068,5.33681,0.01677,0.08950,3.294,3.294,947.3,1.84029,0.34488
1789864303.848,2069,5.33681,0.01677,0.08950,3.295,3.295,947.3,1.84119,0.34504
1789864303.858,2070,5.33681,0.01677,0.08950,3.295,3.295,947.3,1.84208,0.34521
1789864303.868,2071,5.33681,0.01677,0.08950,3.296,3.296,947.3,1.84298,0.34538
1789864303.878,2072,5.33681,0.01677,0.08950,3.295,3.296,947.3,1.84387,0.34555
1789864303.888,2073,5.33677,0.01677,0.08950,3.295,3.295,947.3,1.84476,0.34572
1789864303.898,2074,5.33677,0.01677,0.08950,3.296,3.296,947.3,1.84566,0.34588
1789864303.908,2075,5.33677,0.01677,0.08950,3.296,3.296,947.3,1.84655,0.34605
1789864303.918,2076,5.33677,0.01677,0.08950,3.295,3.296,947.3,1.84745,0.34622
1789864303.928,2077,5.33677,0.01677,0.08950,3.296,3.296,947.3,1.84834,0.34639
1789864303.938,2078,5.33677,0.01677,0.08950,3.297,3.297,947.3,1.84924,0.34655
1789864303.948,2079,5.33677,0.01677,0.08950,3.298,3.298,947.3,1.85014,0.34672
1789864303.958,2080,5.33677,0.01677,0.08950,3.298,3.298,947.3,1.85103,0.34689
1789864303.968,2081,5.33677,0.01677,0.08950,3.299,3.299,947.3,1.85192,0.34706
1789864303.978,2082,5.33677,0.01677,0.08950,3.299,3.299,947.3,1.85282,0.34722
1789864303.988,2083,5.33669,0.01677,0.08950,3.299,3.299,947.3,1.85371,0.34739
1789864303.998,2084,5.33669,0.01677,0.08950,3.299,3.299,947.3,1.85461,0.34756
1789864304.008,2085,5.33669,0.01677,0.08950,3.299,3.299,947.3,1.85550,0.34773
1789864304.018,2086,5.33669,0.01677,0.08950,3.298,3.298,947.3,1.85640,0.34790
1789864304.028,2087,5.33669,0.01677,0.08950,3.296,3.298,947.3,1.85730,0.34806
1789864304.038,2088,5.33669,0.01677,0.08950,3.295,3.297,947.3,1.85819,0.34823
1789864304.048,2089,5.33669,0.01677,0.08950,3.295,3.297,947.3,1.85909,0.34840
1789864304.058,2090,5.33669,0.01677,0.08950,3.294,3.296,947.3,1.85998,0.34857
1789864304.068,2091,5.33669,0.01677,0.08950,3.291,3.293,947.3,1.86088,0.34873
1789864304.078,2092,5.33669,0.01677,0.08950,3.292,3.293,947.3,1.86177,0.34890
1789864304.088,2093,5.33669,0.01676,0.08944,3.293,3.294,947.3,1.86266,0.34907
1789864304.098,2094,5.33669,0.01676,0.08944,3.294,3.295,947.3,1.86355,0.34924
1789864304.108,2095,5.33669,0.01676,0.08944,3.294,3.294,947.3,1.86444,0.34940
1789864304.118,2096,5.33669,0.01676,0.08944,3.291,3.293,947.3,1.86534,0.34957
1789864304.128,2097,5.33669,0.01676,0.08944,3.291,3.291,947.3,1.86624,0.34974
1789864304.138,2098,5.33669,0.01676,0.08944,3.289,3.289,947.3,1.86714,0.34991
1789864304.148,2099,5.33669,0.01676,0.08944,3.287,3.287,947.3,1.86804,0.35008
1789864304.158,2100,5.33669,0.01676,0.08944,3.287,3.287,947.3,1.86893,0.35024
1789864304.168,2101,5.33669,0.01676,0.08944,3.285,3.286,947.3,1.86983,0.35041
1789864304.178,2102,5.33669,0.01676,0.08944,3.288,3.287,947.3,1.87072,0.35058
1789864304.188,2103,5.33665,0.01676,0.08944,3.291,3.291,947.3,1.87161,0.35075
1789864304.198,2104,5.33665,0.01676,0.08944,3.291,3.291,947.3,1.87250,0.35091
1789864304.208,2105,5.33665,0.01676,0.08944,3.292,3.292,947.3,1.87339,0.35108
1789864304.218,2106,5.33665,0.01676,0.08944,3.293,3.293,947.3,1.87429,0.35125
1789864304.228,2107,5.33665,0.01676,0.08944,3.294,3.294,947.3,1.87518,0.35141
1789864304.238,2108,5.33665,0.01676,0.08944,3.293,3.294,947.3,1.87608,0.35158
1789864304.248,2109,5.33665,0.01676,0.08944,3.294,3.295,947.3,1.87697,0.35175
1789864304.258,2110,5.33665,0.01676,0.08944,3.295,3.295,947.3,1.87787,0.35192
1789864304.268,2111,5.33665,0.01676,0.08944,3.295,3.296,947.3,1.87877,0.35209
1789864304.278,2112,5.33665,0.01676,0.08944,3.296,3.296,947.3,1.87966,0.35225
1789864304.288,2113,5.33669,0.01675,0.08939,3.296,3.296,947.3,1.88055,0.35242
1789864304.298,2114,5.33669,0.01675,0.08939,3.297,3.297,947.3,1.88144,0.35259
1789864304.308,2115,5.33669,0.01675,0.08939,3.297,3.298,947.3,1.88232,0.35275
1789864304.318,2116,5.33669,0.01675,0.08939,3.297,3.298,947.3,1.88322,0.35292
1789864304.328,2117,5.33669,0.01675,0.08939,3.297,3.297,947.3,1.88412,0.35309
1789864304.338,2118,5.33669,0.01675,0.08939,3.298,3.298,947.3,1.88502,0.35326
1789864304.348,2119,5.33669,0.01675,0.08939,3.298,3.298,947.3,1.88592,0.35343
1789864304.358,2120,5.33669,0.01675,0.08939,3.298,3.298,947.3,1.88681,0.35359
1789864304.368,2121,5.33669,0.01675,0.08939,3.298,3.298,947.3,1.88770,0.35376
1789864304.378,2122,5.33669,0.01675,0.08939,3.298,3.299,947.3,1.88860,0.35393
1789864304.388,2123,5.33661,0.01677,0.08949,3.299,3.299,947.3,1.88949,0.35410
1789864304.398,2124,5.33661,0.01677,0.08949,3.299,3.299,947.3,1.89039,0.35426
1789864304.408,2125,5.33661,0.01677,0.08949,3.299,3.299,947.3,1.89128,0.35443
1789864304.418,2126,5.33661,0.01677,0.08949,3.299,3.299,947.3,1.89218,0.35460
1789864304.428,2127,5.33661,0.01677,0.08949,3.298,3.297,947.3,1.89307,0.35477
1789864304.438,2128,5.33661,0.01677,0.08949,3.297,3.297,947.3,1.89397,0.35494
1789864304.448,2129,5.33661,0.01677,0.08949,3.296,3.296,947.3,1.89486,0.35510
1789864304.458,2130,5.33661,0.01677,0.08949,3.295,3.295,947.3,1.89576,0.35527
1789864304.468,2131,5.33661,0.01677,0.08949,3.292,3.293,947.3,1.89665,0.35544
1789864304.478,2132,5.33661,0.01677,0.08949,3.291,3.291,947.3,1.89755,0.35561
1789864304.488,2133,5.33665,0.01677,0.08950,3.292,3.292,947.3,1.89844,0.35577
1789864304.498,2134,5.33665,0.01677,0.08950,3.292,3.292,947.3,1.89934,0.35594
1789864304.508,2135,5.33665,0.01677,0.08950,3.293,3.293,947.3,1.90023,0.35611
1789864304.518,2136,5.33665,0.01677,0.08950,3.292,3.292,947.3,1.90113,0.35628
1789864304.528,2137,5.33665,0.01677,0.08950,3.291,3.291,947.3,1.90203,0.35645
1789864304.538,2138,5.33665,0.01677,0.08950,3.290,3.290,947.3,1.90293,0.35661
1789864304.548,2139,5.33665,0.01677,0.08950,3.289,3.289,947.3,1.90382,0.35678
1789864304.558,2140,5.33665,0.01677,0.08950,3.288,3.288,947.3,1.90472,0.35695
1789864304.568,2141,5.33665,0.01677,0.08950,3.287,3.287,947.3,1.90561,0.35712
1789864304.578,2142,5.33665,0.01677,0.08950,3.287,3.287,947.3,1.90651,0.35728
1789864304.588,2143,5.33669,0.01677,0.08950,3.291,3.291,947.3,1.90740,0.35745
1789864304.598,2144,5.33669,0.01677,0.08950,3.292,3.293,947.3,1.90829,0.35762
1789864304.608,2145,5.33669,0.01677,0.08950,3.293,3.293,947.3,1.90918,0.35779
1789864304.618,2146,5.33669,0.01677,0.08950,3.294,3.294,947.3,1.91007,0.35795
1789864304.628,2147,5.33669,0.01677,0.08950,3.294,3.294,947.3,1.91096,0.35812
1789864304.638,2148,5.33669,0.01677,0.08950,3.294,3.294,947.3,1.91186,0.35829
1789864304.648,2149,5.33669,0.01677,0.08950,3.294,3.294,947.3,1.91276,0.35846
1789864304.658,2150,5.33669,0.01677,0.08950,3.294,3.295,947.3,1.91366,0.35862
1789864304.668,2151,5.33669,0.01677,0.08950,3.294,3.295,947.3,1.91455,0.35879
1789864304.678,2152,5.33669,0.01677,0.08950,3.294,3.295,947.3,1.91545,0.35896
1789864304.688,2153,5.33669,0.01676,0.08944,3.295,3.296,947.3,1.91634,0.35913
1789864304.698,2154,5.33669,0.01676,0.08944,3.296,3.296,947.3,1.91724,0.35930
1789864304.708,2155,5.33669,0.01676,0.08944,3.296,3.296,947.3,1.91813,0.35946
1789864304.718,2156,5.33669,0.01676,0.08944,3.296,3.296,947.3,1.91903,0.35963
1789864304.728,2157,5.33669,0.01676,0.08944,3.296,3.296,947.3,1.91992,0.35980
1789864304.738,2158,5.33669,0.01676,0.08944,3.297,3.297,947.3,1.92082,0.35997
1789864304.748,2159,5.33669,0.01676,0.08944,3.297,3.297,947.3,1.92172,0.36013
1789864304.758,2160,5.33669,0.01676,0.08944,3.298,3.297,947.3,1.92261,0.36030
1789864304.768,2161,5.33669,0.01676,0.08944,3.298,3.298,947.3,1.92350,0.36047
1789864304.778,2162,5.33669,0.01676,0.08944,3.299,3.298,947.3,1.92439,0.36064
1789864304.788,2163,5.33661,0.01676,0.08944,3.299,3.299,947.3,1.92528,0.36080
1789864304.798,2164,5.33661,0.01676,0.08944,3.299,3.299,947.3,1.92617,0.36097
1789864304.808,2165,5.33661,0.01676,0.08944,3.299,3.299,947.3,1.92707,0.36114
1789864304.818,2166,5.33661,0.01676,0.08944,3.299,3.299,947.3,1.92796,0.36131
1789864304.828,2167,5.33661,0.01676,0.08944,3.299,3.299,947.3,1.92886,0.36147
1789864304.838,2168,5.33661,0.01676,0.08944,3.297,3.298,947.3,1.92975,0.36164
1789864304.848,2169,5.33661,0.01676,0.08944,3.297,3.298,947.3,1.93065,0.36181
1789864304.858,2170,5.33661,0.01676,0.08944,3.296,3.297,947.3,1.93155,0.36198
1789864304.868,2171,5.33661,0.01676,0.08944,3.293,3.294,947.3,1.93245,0.36215
1789864304.878,2172,5.33661,0.01676,0.08944,3.291,3.291,947.3,1.93334,0.36231
1789864304.888,2173,5.33661,0.01676,0.08944,3.292,3.292,947.3,1.93423,0.36248
1789864304.898,2174,5.33661,0.01676,0.08944,3.293,3.292,947.3,1.93513,0.36265
1789864304.908,2175,5.33661,0.01676,0.08944,3.293,3.292,947.3,1.93602,0.36282
1789864304.918,2176,5.33661,0.01676,0.08944,3.292,3.292,947.3,1.93691,0.36298
1789864304.928,2177,5.33661,0.01676,0.08944,3.291,3.291,947.3,1.93781,0.36315
1789864304.938,2178,5.33661,0.01676,0.08944,3.292,3.293,947.3,1.93870,0.36332
1789864304.948,2179,5.33661,0.01676,0.08944,3.291,3.291,947.3,1.93959,0.36348
1789864304.958,2180,5.33661,0.01676,0.08944,3.289,3.290,947.3,1.94049,0.36365
1789864304.968,2181,5.33661,0.01676,0.08944,3.288,3.289,947.3,1.94138,0.36382
1789864304.978,2182,5.33661,0.01676,0.08944,3.290,3.290,947.3,1.94228,0.36399
1789864304.988,2183,5.33665,0.01676,0.08944,3.292,3.292,947.3,1.94317,0.36416
1789864304.998,2184,5.33665,0.01676,0.08944,3.293,3.293,947.3,1.94407,0.36432
1789864305.008,2185,5.33665,0.01676,0.08944,3.294,3.294,947.3,1.94496,0.36449
1789864305.018,2186,5.33665,0.01676,0.08944,3.295,3.295,947.3,1.94585,0.36466
1789864305.028,2187,5.33665,0.01676,0.08944,3.295,3.294,947.3,1.94675,0.36483
1789864305.038,2188,5.33665,0.01676,0.08944,3.295,3.295,947.3,1.94764,0.36499
1789864305.048,2189,5.33665,0.01676,0.08944,3.295,3.295,947.3,1.94853,0.36516
1789864305.058,2190,5.33665,0.01676,0.08944,3.295,3.295,947.3,1.94943,0.36533
1789864305.068,2191,5.33665,0.01676,0.08944,3.295,3.295,947.3,1.95032,0.36549
1789864305.078,2192,5.33665,0.01676,0.08944,3.295,3.296,947.3,1.95121,0.36566
1789864305.088,2193,5.33657,0.01676,0.08944,3.295,3.296,947.3,1.95211,0.36583
1789864305.098,2194,5.33657,0.01676,0.08944,3.296,3.297,947.3,1.95300,0.36600
1789864305.108,2195,5.33657,0.01676,0.08944,3.296,3.297,947.3,1.95390,0.36617
1789864305.118,2196,5.33657,0.01676,0.08944,3.296,3.297,947.3,1.95480,0.36633
1789864305.128,2197,5.33657,0.01676,0.08944,3.296,3.297,947.3,1.95569,0.36650
1789864305.138,2198,5.33657,0.01676,0.08944,3.297,3.298,947.3,1.95659,0.36667
1789864305.148,2199,5.33657,0.01676,0.08944,3.298,3.298,947.3,1.95748,0.36684
1789864305.158,2200,5.33657,0.01676,0.08944,3.298,3.298,947.3,1.95838,0.36701
1789864305.168,2201,5.33657,0.01676,0.08944,3.298,3.298,947.3,1.95928,0.36717
1789864305.178,2202,5.33657,0.01676,0.08944,3.299,3.299,947.3,1.96018,0.36734
1789864305.188,2203,5.33657,0.01677,0.08949,3.299,3.299,947.3,1.96108,0.36751
1789864305.198,2204,5.33657,0.01677,0.08949,3.299,3.299,947.3,1.96197,0.36768
1789864305.208,2205,5.33657,0.01677,0.08949,3.299,3.299,947.3,1.96287,0.36785
1789864305.218,2206,5.33657,0.01677,0.08949,3.299,3.299,947.3,1.96376,0.36801
1789864305.228,2207,5.33657,0.01677,0.08949,3.299,3.299,947.3,1.96465,0.36818
1789864305.238,2208,5.33657,0.01677,0.08949,3.299,3.299,947.3,1.96554,0.36835
1789864305.248,2209,5.33657,0.01677,0.08949,3.298,3.298,947.3,1.96644,0.36851
1789864305.258,2210,5.33657,0.01677,0.08949,3.296,3.297,947.3,1.96733,0.36868
1789864305.268,2211,5.33657,0.01677,0.08949,3.294,3.295,947.3,1.96822,0.36885
1789864305.278,2212,5.33657,0.01677,0.08949,3.291,3.292,947.3,1.96912,0.36902
1789864305.288,2213,5.33650,0.01677,0.08949,3.292,3.292,947.3,1.97001,0.36918
1789864305.298,2214,5.33650,0.01677,0.08949,3.292,3.292,947.3,1.97090,0.36935
1789864305.308,2215,5.33650,0.01677,0.08949,3.292,3.292,947.3,1.97179,0.36952
1789864305.318,2216,5.33650,0.01677,0.08949,3.291,3.292,947.3,1.97269,0.36969
1789864305.328,2217,5.33650,0.01677,0.08949,3.289,3.289,947.3,1.97358,0.36985
1789864305.338,2218,5.33650,0.01677,0.08949,3.289,3.290,947.3,1.97448,0.37002
1789864305.348,2219,5.33650,0.01677,0.08949,3.288,3.288,947.3,1.97537,0.37019
1789864305.358,2220,5.33650,0.01677,0.08949,3.287,3.287,947.3,1.97626,0.37036
1789864305.368,2221,5.33650,0.01677,0.08949,3.287,3.287,947.3,1.97716,0.37052
1789864305.378,2222,5.33650,0.01677,0.08949,3.287,3.287,947.3,1.97805,0.37069
1789864305.388,2223,5.33654,0.01676,0.08944,3.291,3.291,947.3,1.97895,0.37086
1789864305.398,2224,5.33654,0.01676,0.08944,3.292,3.292,947.3,1.97984,0.37103
1789864305.408,2225,5.33654,0.01676,0.08944,3.292,3.292,947.3,1.98074,0.37119
1789864305.418,2226,5.33654,0.01676,0.08944,3.292,3.292,947.3,1.98163,0.37136
1789864305.428,2227,5.33654,0.01676,0.08944,3.293,3.293,947.3,1.98253,0.37153
1789864305.438,2228,5.33654,0.01676,0.08944,3.293,3.294,947.3,1.98342,0.37170
1789864305.448,2229,5.33654,0.01676,0.08944,3.293,3.294,947.3,1.98432,0.37186
1789864305.458,2230,5.33654,0.01676,0.08944,3.295,3.295,947.3,1.98521,0.37203
1789864305.468,2231,5.33654,0.01676,0.08944,3.296,3.296,947.3,1.98611,0.37220
1789864305.478,2232,5.33654,0.01676,0.08944,3.296,3.296,947.3,1.98700,0.37237
1789864305.488,2233,5.33642,0.01677,0.08949,3.296,3.297,947.3,1.98789,0.37254
1789864305.498,2234,5.33642,0.01677,0.08949,3.296,3.296,947.3,1.98879,0.37270
1789864305.508,2235,5.33642,0.01677,0.08949,3.296,3.296,947.3,1.98968,0.37287
1789864305.518,2236,5.33642,0.01677,0.08949,3.295,3.295,947.3,1.99058,0.37304
1789864305.528,2237,5.33642,0.01677,0.08949,3.295,3.295,947.3,1.99148,0.37321
1789864305.538,2238,5.33642,0.01677,0.08949,3.295,3.295,947.3,1.99238,0.37338
1789864305.548,2239,5.33642,0.01677,0.08949,3.296,3.296,947.3,1.99328,0.37354
1789864305.558,2240,5.33642,0.01677,0.08949,3.296,3.296,947.3,1.99417,0.37371
1789864305.568,2241,5.33642,0.01677,0.08949,3.297,3.297,947.3,1.99507,0.37388
1789864305.578,2242,5.33642,0.01677,0.08949,3.298,3.297,947.3,1.99597,0.37405
1789864305.588,2243,5.33626,0.01676,0.08944,3.299,3.298,947.3,1.99687,0.37422
1789864305.598,2244,5.33626,0.01676,0.08944,3.299,3.299,947.3,1.99776,0.37438
1789864305.608,2245,5.33626,0.01676,0.08944,3.298,3.298,947.3,1.99865,0.37455
1789864305.618,2246,5.33626,0.01676,0.08944,3.298,3.298,947.3,1.99954,0.37472
1789864305.628,2247,5.33626,0.01676,0.08944,3.296,3.297,947.3,2.00043,0.37488
1789864305.638,2248,5.33626,0.01676,0.08944,3.297,3.297,947.3,2.00132,0.37505
1789864305.648,2249,5.33626,0.01676,0.08944,3.296,3.297,947.3,2.00221,0.37522
1789864305.658,2250,5.33626,0.01676,0.08944,3.295,3.295,947.3,2.00311,0.37539
1789864305.668,2251,5.33626,0.01676,0.08944,3.293,3.293,947.3,2.00400,0.37555
1789864305.678,2252,5.33626,0.01676,0.08944,3.291,3.291,947.3,2.00490,0.37572
1789864305.688,2253,5.33614,0.01677,0.08949,3.292,3.291,947.3,2.00581,0.37589
1789864305.698,2254,5.33614,0.01677,0.08949,3.292,3.291,947.3,2.00671,0.37606
1789864305.708,2255,5.33614,0.01677,0.08949,3.293,3.291,947.3,2.00762,0.37623
1789864305.718,2256,5.33614,0.01677,0.08949,3.293,3.294,947.3,2.00851,0.37640
1789864305.728,2257,5.33614,0.01677,0.08949,3.291,3.291,947.3,2.00939,0.37656
1789864305.738,2258,5.33614,0.01677,0.08949,3.291,3.291,947.3,2.01028,0.37673
1789864305.748,2259,5.33614,0.01677,0.08949,3.289,3.289,947.3,2.01117,0.37690
1789864305.758,2260,5.33614,0.01677,0.08949,3.287,3.288,947.3,2.01206,0.37706
1789864305.768,2261,5.33614,0.01677,0.08949,3.287,3.287,947.3,2.01296,0.37723
1789864305.778,2262,5.33614,0.01677,0.08949,3.287,3.287,947.3,2.01385,0.37740
1789864305.788,2263,5.33611,0.01677,0.08949,3.290,3.290,947.3,2.01475,0.37757
1789864305.798,2264,5.33611,0.01677,0.08949,3.291,3.291,947.3,2.01564,0.37773
1789864305.808,2265,5.33611,0.01677,0.08949,3.292,3.293,947.3,2.01654,0.37790
1789864305.818,2266,5.33611,0.01677,0.08949,3.292,3.293,947.3,2.01743,0.37807
1789864305.828,2267,5.33611,0.01677,0.08949,3.293,3.294,947.3,2.01833,0.37824
1789864305.838,2268,5.33611,0.01677,0.08949,3.294,3.294,947.3,2.01922,0.37841
1789864305.848,2269,5.33611,0.01677,0.08949,3.294,3.294,947.3,2.02011,0.37857
1789864305.858,2270,5.33611,0.01677,0.08949,3.295,3.294,947.3,2.02100,0.37874
1789864305.868,2271,5.33611,0.01677,0.08949,3.295,3.295,947.3,2.02190,0.37891
1789864305.878,2272,5.33611,0.01677,0.08949,3.295,3.295,947.3,2.02279,0.37908
1789864305.888,2273,5.33611,0.01677,0.08949,3.295,3.295,947.3,2.02369,0.37924
1789864305.898,2274,5.33611,0.01677,0.08949,3.295,3.295,947.3,2.02458,0.37941
1789864305.908,2275,5.33611,0.01677,0.08949,3.295,3.295,947.3,2.02548,0.37958
1789864305.918,2276,5.33611,0.01677,0.08949,3.295,3.295,947.3,2.02637,0.37975
1789864305.928,2277,5.33611,0.01677,0.08949,3.295,3.295,947.3,2.02727,0.37991
1789864305.938,2278,5.33611,0.01677,0.08949,3.295,3.295,947.3,2.02816,0.38008
1789864305.948,2279,5.33611,0.01677,0.08949,3.296,3.296,947.3,2.02905,0.38025
1789864305.958,2280,5.33611,0.01677,0.08949,3.297,3.297,947.3,2.02995,0.38042
1789864305.968,2281,5.33611,0.01677,0.08949,3.297,3.297,947.3,2.03085,0.38058
1789864305.978,2282,5.33611,0.01677,0.08949,3.298,3.298,947.3,2.03174,0.38075
1789864305.988,2283,5.33595,0.01677,0.08948,3.299,3.299,947.3,2.03264,0.38092
1789864305.998,2284,5.33595,0.01677,0.08948,3.299,3.299,947.3,2.03353,0.38109
1789864306.008,2285,5.33595,0.01677,0.08948,3.299,3.299,947.3,2.03442,0.38126
1789864306.018,2286,5.33595,0.01677,0.08948,3.299,3.299,947.3,2.03532,0.38142
1789864306.028,2287,5.33595,0.01677,0.08948,3.299,3.299,947.3,2.03621,0.38159
1789864306.038,2288,5.33595,0.01677,0.08948,3.298,3.298,947.3,2.03713,0.38176
1789864306.049,2289,5.33595,0.01677,0.08948,3.298,3.298,947.3,2.03805,0.38193
1789864306.059,2290,5.33595,0.01677,0.08948,3.297,3.297,947.3,2.03897,0.38211
1789864306.069,2291,5.33595,0.01677,0.08948,3.295,3.294,947.3,2.03989,0.38228
1789864306.079,2292,5.33595,0.01677,0.08948,3.294,3.294,947.3,2.04076,0.38244
1789864306.089,2293,5.33587,0.01677,0.08948,3.295,3.295,947.3,2.04163,0.38261
1789864306.098,2294,5.33587,0.01677,0.08948,3.295,3.295,947.3,2.04250,0.38277
1789864306.108,2295,5.33587,0.01677,0.08948,3.295,3.295,947.3,2.04337,0.38293
1789864306.118,2296,5.33587,0.01677,0.08948,3.295,3.295,947.3,2.04427,0.38310
1789864306.128,2297,5.33587,0.01677,0.08948,3.292,3.294,947.3,2.04517,0.38327
1789864306.138,2298,5.33587,0.01677,0.08948,3.290,3.291,947.3,2.04606,0.38344
1789864306.148,2299,5.33587,0.01677,0.08948,3.289,3.289,947.3,2.04696,0.38360
1789864306.158,2300,5.33587,0.01677,0.08948,3.287,3.287,947.3,2.04786,0.38377
1789864306.168,2301,5.33587,0.01677,0.08948,3.286,3.287,947.3,2.04875,0.38394
1789864306.178,2302,5.33587,0.01677,0.08948,3.287,3.287,947.3,2.04965,0.38411
1789864306.188,2303,5.33583,0.01677,0.08948,3.291,3.291,947.3,2.05054,0.38428
1789864306.198,2304,5.33583,0.01677,0.08948,3.293,3.293,947.3,2.05144,0.38444
1789864306.208,2305,5.33583,0.01677,0.08948,3.293,3.293,947.3,2.05233,0.38461
1789864306.218,2306,5.33583,0.01677,0.08948,3.294,3.294,947.3,2.05322,0.38478
1789864306.228,2307,5.33583,0.01677,0.08948,3.295,3.295,947.3,2.05411,0.38495
1789864306.238,2308,5.33583,0.01677,0.08948,3.294,3.294,947.3,2.05501,0.38511
1789864306.248,2309,5.33583,0.01677,0.08948,3.293,3.293,947.3,2.05590,0.38528
1789864306.258,2310,5.33583,0.01677,0.08948,3.294,3.294,947.3,2.05680,0.38545
1789864306.268,2311,5.33583,0.01677,0.08948,3.295,3.295,947.3,2.05770,0.38562
1789864306.278,2312,5.33583,0.01677,0.08948,3.295,3.295,947.3,2.05859,0.38578
1789864306.288,2313,5.33572,0.01677,0.08948,3.295,3.295,947.3,2.05948,0.38595
1789864306.298,2314,5.33572,0.01677,0.08948,3.296,3.296,947.3,2.06038,0.38612
1789864306.308,2315,5.33572,0.01677,0.08948,3.296,3.296,947.3,2.06127,0.38629
1789864306.318,2316,5.33572,0.01677,0.08948,3.296,3.296,947.3,2.06217,0.38645
1789864306.328,2317,5.33572,0.01677,0.08948,3.295,3.295,947.3,2.06306,0.38662
1789864306.338,2318,5.33572,0.01677,0.08948,3.295,3.295,947.3,2.06396,0.38679
1789864306.348,2319,5.33572,0.01677,0.08948,3.296,3.296,947.3,2.06486,0.38696
1789864306.358,2320,5.33572,0.01677,0.08948,3.296,3.296,947.3,2.06575,0.38713
1789864306.368,2321,5.33572,0.01677,0.08948,3.297,3.297,947.3,2.06665,0.38729
1789864306.378,2322,5.33572,0.01677,0.08948,3.298,3.298,947.3,2.06755,0.38746
1789864306.388,2323,5.33568,0.01677,0.08948,3.298,3.298,947.3,2.06845,0.38763
1789864306.398,2324,5.33568,0.01677,0.08948,3.299,3.299,947.3,2.06934,0.38780
1789864306.408,2325,5.33568,0.01677,0.08948,3.299,3.299,947.3,2.07023,0.38797
1789864306.418,2326,5.33568,0.01677,0.08948,3.299,3.299,947.3,2.07113,0.38813
1789864306.428,2327,5.33568,0.01677,0.08948,3.299,3.299,947.3,2.07202,0.38830
1789864306.438,2328,5.33568,0.01677,0.08948,3.298,3.299,947.3,2.07292,0.38847
1789864306.448,2329,5.33568,0.01677,0.08948,3.298,3.298,947.3,2.07381,0.38864
1789864306.458,2330,5.33568,0.01677,0.08948,3.297,3.297,947.3,2.07471,0.38880
1789864306.468,2331,5.33568,0.01677,0.08948,3.294,3.295,947.3,2.07560,0.38897
1789864306.478,2332,5.33568,0.01677,0.08948,3.291,3.292,947.3,2.07650,0.38914
1789864306.488,2333,5.33568,0.01677,0.08948,3.291,3.291,947.3,2.07739,0.38931
1789864306.498,2334,5.33568,0.01677,0.08948,3.291,3.292,947.3,2.07828,0.38947
1789864306.508,2335,5.33568,0.01677,0.08948,3.290,3.291,947.3,2.07917,0.38964
1789864306.518,2336,5.33568,0.01677,0.08948,3.291,3.292,947.3,2.08008,0.38981
1789864306.528,2337,5.33568,0.01677,0.08948,3.288,3.290,947.3,2.08099,0.38998
1789864306.539,2338,5.33568,0.01677,0.08948,3.290,3.290,947.3,2.08190,0.39015
1789864306.549,2339,5.33568,0.01677,0.08948,3.288,3.288,947.3,2.08280,0.39032
1789864306.559,2340,5.33568,0.01677,0.08948,3.287,3.287,947.3,2.08369,0.39049
1789864306.568,2341,5.33568,0.01677,0.08948,3.287,3.287,947.3,2.08457,0.39065
1789864306.578,2342,5.33568,0.01677,0.08948,3.287,3.287,947.3,2.08545,0.39082
1789864306.588,2343,5.33587,0.01677,0.08948,3.291,3.291,947.3,2.08633,0.39098
1789864306.598,2344,5.33587,0.01677,0.08948,3.292,3.294,947.3,2.08723,0.39115
1789864306.608,2345,5.33587,0.01677,0.08948,3.294,3.295,947.3,2.08812,0.39132
1789864306.618,2346,5.33587,0.01677,0.08948,3.295,3.295,947.3,2.08902,0.39149
1789864306.628,2347,5.33587,0.01677,0.08948,3.295,3.295,947.3,2.08991,0.39165
1789864306.638,2348,5.33587,0.01677,0.08948,3.295,3.295,947.3,2.09081,0.39182
1789864306.648,2349,5.33587,0.01677,0.08948,3.295,3.295,947.3,2.09170,0.39199
1789864306.658,2350,5.33587,0.01677,0.08948,3.295,3.295,947.3,2.09260,0.39216
1789864306.668,2351,5.33587,0.01677,0.08948,3.295,3.295,947.3,2.09349,0.39233
1789864306.678,2352,5.33587,0.01677,0.08948,3.295,3.296,947.3,2.09439,0.39249
1789864306.688,2353,5.33599,0.01677,0.08948,3.296,3.297,947.3,2.09528,0.39266
1789864306.698,2354,5.33599,0.01677,0.08948,3.296,3.297,947.3,2.09618,0.39283
1789864306.708,2355,5.33599,0.01677,0.08948,3.296,3.297,947.3,2.09707,0.39300
1789864306.718,2356,5.33599,0.01677,0.08948,3.296,3.297,947.3,2.09797,0.39316
1789864306.728,2357,5.33599,0.01677,0.08948,3.296,3.297,947.3,2.09887,0.39333
1789864306.738,2358,5.33599,0.01677,0.08948,3.296,3.296,947.3,2.09976,0.39350
1789864306.748,2359,5.33599,0.01677,0.08948,3.296,3.296,947.3,2.10066,0.39367
1789864306.758,2360,5.33599,0.01677,0.08948,3.297,3.297,947.3,2.10155,0.39384
1789864306.768,2361,5.33599,0.01677,0.08948,3.297,3.298,947.3,2.10244,0.39400
1789864306.778,2362,5.33599,0.01677,0.08948,3.298,3.298,947.3,2.10334,0.39417
1789864306.788,2363,5.33603,0.01677,0.08949,3.299,3.299,947.3,2.10423,0.39434
1789864306.798,2364,5.33603,0.01677,0.08949,3.299,3.299,947.3,2.10513,0.39451
1789864306.808,2365,5.33603,0.01677,0.08949,3.299,3.299,947.3,2.10602,0.39467
1789864306.818,2366,5.33603,0.01677,0.08949,3.299,3.299,947.3,2.10692,0.39484
1789864306.828,2367,5.33603,0.01677,0.08949,3.299,3.299,947.3,2.10782,0.39501
1789864306.838,2368,5.33603,0.01677,0.08949,3.298,3.298,947.3,2.10871,0.39518
1789864306.848,2369,5.33603,0.01677,0.08949,3.298,3.298,947.3,2.10960,0.39534
1789864306.858,2370,5.33603,0.01677,0.08949,3.297,3.297,947.3,2.11050,0.39551
1789864306.868,2371,5.33603,0.01677,0.08949,3.294,3.295,947.3,2.11139,0.39568
1789864306.878,2372,5.33603,0.01677,0.08949,3.292,3.292,947.3,2.11228,0.39585
1789864306.888,2373,5.33611,0.01678,0.08954,3.291,3.291,947.3,2.11317,0.39601
1789864306.898,2374,5.33611,0.01678,0.08954,3.292,3.292,947.3,2.11406,0.39618
1789864306.908,2375,5.33611,0.01678,0.08954,3.291,3.291,947.3,2.11495,0.39635
1789864306.918,2376,5.33611,0.01678,0.08954,3.291,3.292,947.3,2.11585,0.39652
1789864306.928,2377,5.33611,0.01678,0.08954,3.289,3.290,947.3,2.11675,0.39668
1789864306.938,2378,5.33611,0.01678,0.08954,3.288,3.288,947.3,2.11766,0.39685
1789864306.948,2379,5.33611,0.01678,0.08954,3.287,3.287,947.3,2.11856,0.39702
1789864306.958,2380,5.33611,0.01678,0.08954,3.286,3.287,947.3,2.11945,0.39719
1789864306.968,2381,5.33611,0.01678,0.08954,3.287,3.287,947.3,2.12034,0.39736
1789864306.978,2382,5.33611,0.01678,0.08954,3.287,3.287,947.3,2.12124,0.39752
1789864306.988,2383,5.33618,0.01678,0.08954,3.291,3.291,947.3,2.12213,0.39769
1789864306.998,2384,5.33618,0.01678,0.08954,3.295,3.295,947.3,2.12302,0.39786
1789864307.008,2385,5.33618,0.01678,0.08954,3.295,3.295,947.3,2.12392,0.39803
1789864307.018,2386,5.33618,0.01678,0.08954,3.295,3.295,947.3,2.12482,0.39820
1789864307.028,2387,5.33618,0.01678,0.08954,3.295,3.295,947.3,2.12571,0.39836
1789864307.038,2388,5.33618,0.01678,0.08954,3.295,3.295,947.3,2.12661,0.39853
1789864307.048,2389,5.33618,0.01678,0.08954,3.295,3.295,947.3,2.12750,0.39870
1789864307.058,2390,5.33618,0.01678,0.08954,3.295,3.295,947.3,2.12839,0.39887
1789864307.068,2391,5.33618,0.01678,0.08954,3.296,3.296,947.3,2.12929,0.39903
1789864307.078,2392,5.33618,0.01678,0.08954,3.297,3.297,947.3,2.13018,0.39920
1789864307.088,2393,5.33626,0.01678,0.08954,3.297,3.297,947.3,2.13108,0.39937
1789864307.098,2394,5.33626,0.01678,0.08954,3.298,3.298,947.3,2.13198,0.39954
1789864307.108,2395,5.33626,0.01678,0.08954,3.298,3.298,947.3,2.13287,0.39971
1789864307.118,2396,5.33626,0.01678,0.08954,3.298,3.297,947.3,2.13377,0.39987
1789864307.128,2397,5.33626,0.01678,0.08954,3.298,3.297,947.3,2.13466,0.40004
1789864307.138,2398,5.33626,0.01678,0.08954,3.298,3.297,947.3,2.13555,0.40021
1789864307.148,2399,5.33626,0.01678,0.08954,3.298,3.298,947.3,2.13644,0.40037
1789864307.158,2400,5.33626,0.01678,0.08954,3.298,3.298,947.3,2.13734,0.40054
1789864307.168,2401,5.33626,0.01678,0.08954,3.298,3.298,947.3,2.13824,0.40071
1789864307.178,2402,5.33626,0.01678,0.08954,3.298,3.299,947.3,2.13913,0.40088
1789864307.188,2403,5.33630,0.01678,0.08954,3.299,3.299,947.3,2.14003,0.40105
1789864307.199,2404,5.33630,0.01678,0.08954,3.299,3.299,947.3,2.14098,0.40123
1789864307.209,2405,5.33630,0.01678,0.08954,3.299,3.299,947.3,2.14193,0.40140
1789864307.220,2406,5.33630,0.01678,0.08954,3.299,3.299,947.3,2.14289,0.40158
1789864307.231,2407,5.33630,0.01678,0.08954,3.299,3.299,947.3,2.14384,0.40176
1789864307.240,2408,5.33630,0.01678,0.08954,3.299,3.299,947.3,2.14468,0.40192
1789864307.249,2409,5.33630,0.01678,0.08954,3.299,3.299,947.3,2.14552,0.40207
1789864307.259,2410,5.33630,0.01678,0.08954,3.299,3.299,947.3,2.14636,0.40223
1789864307.268,2411,5.33630,0.01678,0.08954,3.297,3.297,947.3,2.14719,0.40239
1789864307.278,2412,5.33630,0.01678,0.08954,3.293,3.293,947.3,2.14809,0.40256
1789864307.288,2413,5.33642,0.01677,0.08949,3.293,3.292,947.3,2.14898,0.40272
1789864307.298,2414,5.33642,0.01677,0.08949,3.292,3.291,947.3,2.14988,0.40289
1789864307.308,2415,5.33642,0.01677,0.08949,3.292,3.291,947.3,2.15077,0.40306
1789864307.318,2416,5.33642,0.01677,0.08949,3.292,3.292,947.3,2.15167,0.40323
1789864307.328,2417,5.33642,0.01677,0.08949,3.291,3.291,947.3,2.15257,0.40340
1789864307.338,2418,5.33642,0.01677,0.08949,3.291,3.291,947.3,2.15346,0.40356
1789864307.348,2419,5.33642,0.01677,0.08949,3.289,3.289,947.3,2.15436,0.40373
1789864307.358,2420,5.33642,0.01677,0.08949,3.289,3.289,947.3,2.15525,0.40390
1789864307.368,2421,5.33642,0.01677,0.08949,3.287,3.287,947.3,2.15614,0.40407
1789864307.378,2422,5.33642,0.01677,0.08949,3.287,3.287,947.3,2.15704,0.40423
1789864307.388,2423,5.33654,0.01677,0.08949,3.289,3.288,947.3,2.15793,0.40440
1789864307.398,2424,5.33654,0.01677,0.08949,3.291,3.291,947.3,2.15883,0.40457
1789864307.408,2425,5.33654,0.01677,0.08949,3.291,3.291,947.3,2.15973,0.40474
1789864307.418,2426,5.33654,0.01677,0.08949,3.291,3.291,947.3,2.16063,0.40491
1789864307.428,2427,5.33654,0.01677,0.08949,3.291,3.291,947.3,2.16153,0.40508
1789864307.438,2428,5.33654,0.01677,0.08949,3.291,3.291,947.3,2.16243,0.40524
1789864307.448,2429,5.33654,0.01677,0.08949,3.292,3.293,947.3,2.16332,0.40541
1789864307.458,2430,5.33654,0.01677,0.08949,3.293,3.293,947.3,2.16421,0.40558
1789864307.468,2431,5.33654,0.01677,0.08949,3.294,3.295,947.3,2.16511,0.40575
1789864307.478,2432,5.33654,0.01677,0.08949,3.295,3.295,947.3,2.16600,0.40591
1789864307.488,2433,5.33661,0.01678,0.08955,3.295,3.296,947.3,2.16690,0.40608
1789864307.498,2434,5.33661,0.01678,0.08955,3.296,3.296,947.3,2.16779,0.40625
1789864307.508,2435,5.33661,0.01678,0.08955,3.296,3.296,947.3,2.16869,0.40642
1789864307.518,2436,5.33661,0.01678,0.08955,3.296,3.296,947.3,2.16958,0.40658
1789864307.528,2437,5.33661,0.01678,0.08955,3.296,3.296,947.3,2.17047,0.40675
1789864307.538,2438,5.33661,0.01678,0.08955,3.296,3.296,947.3,2.17136,0.40692
1789864307.548,2439,5.33661,0.01678,0.08955,3.297,3.297,947.3,2.17225,0.40709
1789864307.558,2440,5.33661,0.01678,0.08955,3.297,3.297,947.3,2.17315,0.40725
1789864307.568,2441,5.33661,0.01678,0.08955,3.298,3.298,947.3,2.17405,0.40742
1789864307.578,2442,5.33661,0.01678,0.08955,3.298,3.298,947.3,2.17495,0.40759
1789864307.588,2443,5.33654,0.01680,0.08965,3.298,3.298,947.3,2.17585,0.40776
1789864307.598,2444,5.33654,0.01680,0.08965,3.298,3.298,947.3,2.17674,0.40793
1789864307.608,2445,5.33654,0.01680,0.08965,3.298,3.298,947.3,2.17763,0.40809
1789864307.618,2446,5.33654,0.01680,0.08965,3.297,3.297,947.3,2.17853,0.40826
1789864307.628,2447,5.33654,0.01680,0.08965,3.297,3.297,947.3,2.17942,0.40843
1789864307.638,2448,5.33654,0.01680,0.08965,3.297,3.297,947.3,2.18032,0.40860
1789864307.648,2449,5.33654,0.01680,0.08965,3.298,3.298,947.3,2.18122,0.40876
1789864307.658,2450,5.33654,0.01680,0.08965,3.297,3.298,947.3,2.18211,0.40893
1789864307.668,2451,5.33654,0.01680,0.08965,3.295,3.296,947.3,2.18301,0.40910
1789864307.678,2452,5.33654,0.01680,0.08965,3.291,3.292,947.3,2.18391,0.40927
1789864307.688,2453,5.33646,0.01678,0.08955,3.291,3.291,947.3,2.18480,0.40944
1789864307.698,2454,5.33646,0.01678,0.08955,3.291,3.292,947.3,2.18570,0.40961
1789864307.708,2455,5.33646,0.01678,0.08955,3.291,3.291,947.3,2.18660,0.40977
1789864307.718,2456,5.33646,0.01678,0.08955,3.291,3.291,947.3,2.18750,0.40994
1789864307.728,2457,5.33646,0.01678,0.08955,3.288,3.289,947.3,2.18839,0.41011
1789864307.738,2458,5.33646,0.01678,0.08955,3.288,3.288,947.3,2.18929,0.41028
1789864307.748,2459,5.33646,0.01678,0.08955,3.287,3.287,947.3,2.19018,0.41044
1789864307.758,2460,5.33646,0.01678,0.08955,3.285,3.286,947.3,2.19108,0.41061
1789864307.768,2461,5.33646,0.01678,0.08955,3.284,3.285,947.3,2.19198,0.41078
1789864307.778,2462,5.33646,0.01678,0.08955,3.284,3.284,947.3,2.19287,0.41095
1789864307.788,2463,5.33650,0.01678,0.08955,3.288,3.287,947.3,2.19377,0.41112
1789864307.798,2464,5.33650,0.01678,0.08955,3.291,3.292,947.3,2.19467,0.41128
1789864307.808,2465,5.33650,0.01678,0.08955,3.291,3.292,947.3,2.19556,0.41145
1789864307.818,2466,5.33650,0.01678,0.08955,3.292,3.292,947.3,2.19645,0.41162
1789864307.828,2467,5.33650,0.01678,0.08955,3.293,3.293,947.3,2.19735,0.41179
1789864307.838,2468,5.33650,0.01678,0.08955,3.293,3.294,947.3,2.19825,0.41196
1789864307.848,2469,5.33650,0.01678,0.08955,3.293,3.293,947.3,2.19914,0.41212
1789864307.858,2470,5.33650,0.01678,0.08955,3.293,3.293,947.3,2.20004,0.41229
1789864307.868,2471,5.33650,0.01678,0.08955,3.295,3.295,947.3,2.20094,0.41246
1789864307.878,2472,5.33650,0.01678,0.08955,3.295,3.295,947.3,2.20183,0.41263
1789864307.888,2473,5.33654,0.01677,0.08949,3.295,3.295,947.3,2.20273,0.41280
1789864307.898,2474,5.33654,0.01677,0.08949,3.296,3.296,947.3,2.20362,0.41296
1789864307.908,2475,5.33654,0.01677,0.08949,3.296,3.296,947.3,2.20452,0.41313
1789864307.918,2476,5.33654,0.01677,0.08949,3.296,3.296,947.3,2.20541,0.41330
1789864307.928,2477,5.33654,0.01677,0.08949,3.296,3.296,947.3,2.20631,0.41347
1789864307.938,2478,5.33654,0.01677,0.08949,3.295,3.296,947.3,2.20721,0.41364
1789864307.948,2479,5.33654,0.01677,0.08949,3.295,3.296,947.3,2.20811,0.41380
1789864307.958,2480,5.33654,0.01677,0.08949,3.296,3.296,947.3,2.20899,0.41397
1789864307.968,2481,5.33654,0.01677,0.08949,3.296,3.297,947.3,2.20988,0.41414
1789864307.978,2482,5.33654,0.01677,0.08949,3.297,3.298,947.3,2.21077,0.41430
1789864307.988,2483,5.33665,0.01677,0.08950,3.298,3.298,947.3,2.21166,0.41447
1789864307.998,2484,5.33665,0.01677,0.08950,3.299,3.299,947.3,2.21255,0.41464
1789864308.008,2485,5.33665,0.01677,0.08950,3.299,3.299,947.3,2.21345,0.41480
1789864308.018,2486,5.33665,0.01677,0.08950,3.299,3.299,947.3,2.21435,0.41497
1789864308.028,2487,5.33665,0.01677,0.08950,3.299,3.299,947.3,2.21525,0.41514
1789864308.038,2488,5.33665,0.01677,0.08950,3.299,3.299,947.3,2.21614,0.41531
1789864308.048,2489,5.33665,0.01677,0.08950,3.298,3.298,947.3,2.21704,0.41548
1789864308.058,2490,5.33665,0.01677,0.08950,3.298,3.298,947.3,2.21793,0.41565
1789864308.068,2491,5.33665,0.01677,0.08950,3.295,3.296,947.3,2.21883,0.41581
1789864308.078,2492,5.33665,0.01677,0.08950,3.295,3.295,947.3,2.21973,0.41598
1789864308.088,2493,5.33669,0.01677,0.08950,3.295,3.295,947.3,2.22062,0.41615
1789864308.098,2494,5.33669,0.01677,0.08950,3.295,3.296,947.3,2.22152,0.41632
1789864308.108,2495,5.33669,0.01677,0.08950,3.295,3.296,947.3,2.22241,0.41648
1789864308.118,2496,5.33669,0.01677,0.08950,3.295,3.295,947.3,2.22331,0.41665
1789864308.128,2497,5.33669,0.01677,0.08950,3.293,3.293,947.3,2.22420,0.41682
1789864308.138,2498,5.33669,0.01677,0.08950,3.288,3.288,947.3,2.22510,0.41699
1789864308.148,2499,5.33669,0.01677,0.08950,3.287,3.287,947.3,2.22599,0.41716
1789864308.158,2500,5.33669,0.01677,0.08950,3.287,3.287,947.3,2.22689,0.41732
1789864308.168,2501,5.33669,0.01677,0.08950,3.287,3.286,947.3,2.22778,0.41749
1789864308.178,2502,5.33669,0.01677,0.08950,3.286,3.286,947.3,2.22868,0.41766
1789864308.188,2503,5.33677,0.01677,0.08950,3.290,3.289,947.3,2.22957,0.41783
1789864308.198,2504,5.33677,0.01677,0.08950,3.294,3.294,947.3,2.23047,0.41799
1789864308.208,2505,5.33677,0.01677,0.08950,3.293,3.294,947.3,2.23136,0.41816
1789864308.218,2506,5.33677,0.01677,0.08950,3.292,3.292,947.3,2.23226,0.41833
1789864308.228,2507,5.33677,0.01677,0.08950,3.293,3.293,947.3,2.23316,0.41850
1789864308.238,2508,5.33677,0.01677,0.08950,3.294,3.295,947.3,2.23405,0.41867
1789864308.248,2509,5.33677,0.01677,0.08950,3.294,3.295,947.3,2.23495,0.41883
1789864308.258,2510,5.33677,0.01677,0.08950,3.295,3.295,947.3,2.23584,0.41900
1789864308.268,2511,5.33677,0.01677,0.08950,3.296,3.296,947.3,2.23674,0.41917
1789864308.278,2512,5.33677,0.01677,0.08950,3.297,3.297,947.3,2.23763,0.41934
1789864308.288,2513,5.33689,0.01676,0.08945,3.297,3.297,947.3,2.23853,0.41950
1789864308.298,2514,5.33689,0.01676,0.08945,3.297,3.296,947.3,2.23942,0.41967
1789864308.308,2515,5.33689,0.01676,0.08945,3.296,3.296,947.3,2.24031,0.41984
1789864308.318,2516,5.33689,0.01676,0.08945,3.296,3.296,947.3,2.24121,0.42001
1789864308.328,2517,5.33689,0.01676,0.08945,3.295,3.295,947.3,2.24210,0.42017
1789864308.338,2518,5.33689,0.01676,0.08945,3.295,3.296,947.3,2.24299,0.42034
1789864308.348,2519,5.33689,0.01676,0.08945,3.296,3.297,947.3,2.24388,0.42051
1789864308.358,2520,5.33689,0.01676,0.08945,3.296,3.297,947.3,2.24478,0.42068
1789864308.368,2521,5.33689,0.01676,0.08945,3.297,3.297,947.3,2.24568,0.42084
1789864308.378,2522,5.33689,0.01676,0.08945,3.298,3.298,947.3,2.24657,0.42101
1789864308.388,2523,5.33685,0.01676,0.08945,3.299,3.299,947.3,2.24747,0.42118
1789864308.398,2524,5.33685,0.01676,0.08945,3.299,3.299,947.3,2.24836,0.42135
1789864308.408,2525,5.33685,0.01676,0.08945,3.299,3.299,947.3,2.24925,0.42151
1789864308.418,2526,5.33685,0.01676,0.08945,3.299,3.299,947.3,2.25014,0.42168
1789864308.428,2527,5.33685,0.01676,0.08945,3.299,3.299,947.3,2.25103,0.42185
1789864308.438,2528,5.33685,0.01676,0.08945,3.298,3.298,947.3,2.25192,0.42201
1789864308.448,2529,5.33685,0.01676,0.08945,3.298,3.298,947.3,2.25282,0.42218
1789864308.458,2530,5.33685,0.01676,0.08945,3.298,3.298,947.3,2.25371,0.42235
1789864308.468,2531,5.33685,0.01676,0.08945,3.295,3.295,947.3,2.25460,0.42252
1789864308.478,2532,5.33685,0.01676,0.08945,3.291,3.292,947.3,2.25550,0.42268
1789864308.488,2533,5.33681,0.01676,0.08944,3.291,3.291,947.3,2.25640,0.42285
1789864308.498,2534,5.33681,0.01676,0.08944,3.291,3.291,947.3,2.25730,0.42302
1789864308.508,2535,5.33681,0.01676,0.08944,3.291,3.291,947.3,2.25820,0.42319
1789864308.516,2536,5.33681,0.01676,0.08944,3.291,3.291,947.3,2.25891,0.42332
1789864308.524,2537,5.33681,0.01676,0.08944,3.291,3.291,947.3,2.25963,0.42346
1789864308.532,2538,5.33681,0.01676,0.08944,3.290,3.289,947.3,2.26034,0.42359
1789864308.540,2539,5.33681,0.01676,0.08944,3.288,3.288,947.3,2.26105,0.42372
1789864308.552,2540,5.33681,0.01676,0.08944,3.287,3.287,947.3,2.26213,0.42393
1789864308.564,2541,5.33681,0.01676,0.08944,3.286,3.286,947.3,2.26320,0.42413
1789864308.576,2542,5.33681,0.01676,0.08944,3.287,3.286,947.3,2.26428,0.42433
1789864308.588,2543,5.33681,0.01676,0.08944,3.287,3.287,947.3,2.26535,0.42453
1789864308.598,2544,5.33681,0.01676,0.08944,3.292,3.292,947.3,2.26624,0.42470
1789864308.608,2545,5.33681,0.01676,0.08944,3.295,3.295,947.3,2.26713,0.42486
1789864308.618,2546,5.33681,0.01676,0.08944,3.295,3.295,947.3,2.26802,0.42503
1789864308.628,2547,5.33681,0.01676,0.08944,3.295,3.296,947.3,2.26892,0.42520
1789864308.636,2548,5.33681,0.01676,0.08944,3.295,3.295,947.3,2.26964,0.42533
1789864308.644,2549,5.33681,0.01676,0.08944,3.295,3.295,947.3,2.27036,0.42547
1789864308.652,2550,5.33681,0.01676,0.08944,3.295,3.295,947.3,2.27108,0.42560
1789864308.660,2551,5.33681,0.01676,0.08944,3.294,3.295,947.3,2.27180,0.42574
1789864308.670,2552,5.33681,0.01676,0.08944,3.294,3.295,947.3,2.27269,0.42591
1789864308.680,2553,5.33685,0.01677,0.08950,3.295,3.295,947.3,2.27359,0.42607
1789864308.690,2554,5.33685,0.01677,0.08950,3.295,3.295,947.3,2.27448,0.42624
1789864308.700,2555,5.33685,0.01677,0.08950,3.295,3.295,947.3,2.27538,0.42641
1789864308.710,2556,5.33685,0.01677,0.08950,3.295,3.295,947.3,2.27627,0.42658
1789864308.720,2557,5.33685,0.01677,0.08950,3.295,3.295,947.3,2.27717,0.42674
1789864308.730,2558,5.33685,0.01677,0.08950,3.296,3.296,947.3,2.27806,0.42691
1789864308.740,2559,5.33685,0.01677,0.08950,3.296,3.296,947.3,2.27896,0.42708
1789864308.750,2560,5.33685,0.01677,0.08950,3.297,3.297,947.3,2.27985,0.42725
1789864308.760,2561,5.33685,0.01677,0.08950,3.298,3.298,947.3,2.28074,0.42741
1789864308.770,2562,5.33685,0.01677,0.08950,3.298,3.298,947.3,2.28164,0.42758
1789864308.780,2563,5.33685,0.01677,0.08950,3.299,3.299,947.3,2.28253,0.42775
1789864308.790,2564,5.33685,0.01677,0.08950,3.299,3.299,947.3,2.28343,0.42792
1789864308.800,2565,5.33685,0.01677,0.08950,3.299,3.299,947.3,2.28432,0.42808
1789864308.810,2566,5.33685,0.01677,0.08950,3.299,3.299,947.3,2.28522,0.42825
1789864308.820,2567,5.33685,0.01677,0.08950,3.299,3.299,947.3,2.28611,0.42842
1789864308.830,2568,5.33685,0.01677,0.08950,3.299,3.299,947.3,2.28701,0.42859
1789864308.840,2569,5.33685,0.01677,0.08950,3.299,3.299,947.3,2.28790,0.42876
1789864308.850,2570,5.33685,0.01677,0.08950,3.298,3.299,947.3,2.28880,0.42892
1789864308.860,2571,5.33685,0.01677,0.08950,3.297,3.298,947.3,2.28970,0.42909
1789864308.870,2572,5.33685,0.01677,0.08950,3.294,3.295,947.3,2.29059,0.42926
1789864308.880,2573,5.33681,0.01678,0.08955,3.292,3.293,947.3,2.29149,0.42943
1789864308.890,2574,5.33681,0.01678,0.08955,3.292,3.293,947.3,2.29238,0.42959
1789864308.900,2575,5.33681,0.01678,0.08955,3.292,3.293,947.3,2.29328,0.42976
1789864308.910,2576,5.33681,0.01678,0.08955,3.292,3.293,947.3,2.29417,0.42993
1789864308.920,2577,5.33681,0.01678,0.08955,3.291,3.292,947.3,2.29507,0.43010
1789864308.930,2578,5.33681,0.01678,0.08955,3.290,3.291,947.3,2.29596,0.43027
1789864308.940,2579,5.33681,0.01678,0.08955,3.289,3.291,947.3,2.29685,0.43043
1789864308.950,2580,5.33681,0.01678,0.08955,3.287,3.289,947.3,2.29775,0.43060
1789864308.960,2581,5.33681,0.01678,0.08955,3.286,3.287,947.3,2.29865,0.43077
1789864308.970,2582,5.33681,0.01678,0.08955,3.285,3.287,947.3,2.29954,0.43094
1789864308.980,2583,5.33677,0.01679,0.08960,3.288,3.288,947.3,2.30044,0.43110
1789864308.990,2584,5.33677,0.01679,0.08960,3.291,3.291,947.3,2.30133,0.43127
1789864309.000,2585,5.33677,0.01679,0.08960,3.293,3.293,947.3,2.30223,0.43144
1789864309.010,2586,5.33677,0.01679,0.08960,3.294,3.294,947.3,2.30312,0.43161
1789864309.020,2587,5.33677,0.01679,0.08960,3.295,3.295,947.3,2.30402,0.43178
1789864309.032,2588,5.33677,0.01679,0.08960,3.295,3.295,947.3,2.30509,0.43198
1789864309.044,2589,5.33677,0.01679,0.08960,3.294,3.294,947.3,2.30617,0.43218
1789864309.056,2590,5.33677,0.01679,0.08960,3.295,3.295,947.3,2.30725,0.43238
1789864309.068,2591,5.33677,0.01679,0.08960,3.293,3.293,947.3,2.30833,0.43258
1789864309.078,2592,5.33677,0.01679,0.08960,3.294,3.294,947.3,2.30922,0.43275
1789864309.088,2593,5.33681,0.01679,0.08961,3.295,3.295,947.3,2.31012,0.43292
1789864309.098,2594,5.33681,0.01679,0.08961,3.295,3.295,947.3,2.31101,0.43309
1789864309.108,2595,5.33681,0.01679,0.08961,3.295,3.295,947.3,2.31191,0.43325
1789864309.116,2596,5.33681,0.01679,0.08961,3.295,3.295,947.3,2.31263,0.43339
1789864309.124,2597,5.33681,0.01679,0.08961,3.296,3.296,947.3,2.31335,0.43352
1789864309.132,2598,5.33681,0.01679,0.08961,3.296,3.296,947.3,2.31407,0.43366
1789864309.140,2599,5.33681,0.01679,0.08961,3.296,3.296,947.3,2.31479,0.43379
1789864309.150,2600,5.33681,0.01679,0.08961,3.297,3.297,947.3,2.31569,0.43396
1789864309.160,2601,5.33681,0.01679,0.08961,3.297,3.297,947.3,2.31658,0.43413
1789864309.170,2602,5.33681,0.01679,0.08961,3.297,3.297,947.3,2.31747,0.43430
1789864309.180,2603,5.33681,0.01679,0.08961,3.298,3.298,947.3,2.31836,0.43446
1789864309.190,2604,5.33681,0.01679,0.08961,3.299,3.299,947.3,2.31926,0.43463
1789864309.200,2605,5.33681,0.01679,0.08961,3.299,3.299,947.3,2.32015,0.43480
1789864309.210,2606,5.33681,0.01679,0.08961,3.299,3.299,947.3,2.32104,0.43497
1789864309.220,2607,5.33681,0.01679,0.08961,3.299,3.299,947.3,2.32194,0.43513
1789864309.230,2608,5.33681,0.01679,0.08961,3.299,3.299,947.3,2.32284,0.43530
1789864309.240,2609,5.33681,0.01679,0.08961,3.299,3.299,947.3,2.32374,0.43547
1789864309.250,2610,5.33681,0.01679,0.08961,3.298,3.299,947.3,2.32464,0.43564
1789864309.260,2611,5.33681,0.01679,0.08961,3.297,3.298,947.3,2.32554,0.43581
1789864309.270,2612,5.33681,0.01679,0.08961,3.295,3.295,947.3,2.32643,0.43597
1789864309.280,2613,5.33677,0.01680,0.08966,3.294,3.293,947.3,2.32733,0.43614
1789864309.290,2614,5.33677,0.01680,0.08966,3.294,3.294,947.3,2.32822,0.43631
1789864309.300,2615,5.33677,0.01680,0.08966,3.294,3.294,947.3,2.32912,0.43648
1789864309.310,2616,5.33677,0.01680,0.08966,3.294,3.293,947.3,2.33001,0.43665
1789864309.320,2617,5.33677,0.01680,0.08966,3.293,3.293,947.3,2.33091,0.43681
1789864309.330,2618,5.33677,0.01680,0.08966,3.290,3.290,947.3,2.33181,0.43698
1789864309.340,2619,5.33677,0.01680,0.08966,3.290,3.290,947.3,2.33271,0.43715
1789864309.350,2620,5.33677,0.01680,0.08966,3.288,3.288,947.3,2.33360,0.43732
1789864309.360,2621,5.33677,0.01680,0.08966,3.287,3.287,947.3,2.33450,0.43749
1789864309.370,2622,5.33677,0.01680,0.08966,3.286,3.286,947.3,2.33539,0.43765
1789864309.380,2623,5.33669,0.01680,0.08966,3.287,3.286,947.3,2.33629,0.43782
1789864309.390,2624,5.33669,0.01680,0.08966,3.292,3.291,947.3,2.33719,0.43799
1789864309.400,2625,5.33669,0.01680,0.08966,3.293,3.293,947.3,2.33808,0.43816
1789864309.410,2626,5.33669,0.01680,0.08966,3.294,3.293,947.3,2.33898,0.43833
1789864309.420,2627,5.33669,0.01680,0.08966,3.295,3.295,947.3,2.33987,0.43849
1789864309.430,2628,5.33669,0.01680,0.08966,3.295,3.295,947.3,2.34077,0.43866
1789864309.440,2629,5.33669,0.01680,0.08966,3.295,3.295,947.3,2.34167,0.43883
1789864309.450,2630,5.33669,0.01680,0.08966,3.295,3.295,947.3,2.34257,0.43900
1789864309.460,2631,5.33669,0.01680,0.08966,3.295,3.295,947.3,2.34346,0.43917
1789864309.470,2632,5.33669,0.01680,0.08966,3.296,3.296,947.3,2.34436,0.43933
1789864309.480,2633,5.33677,0.01680,0.08966,3.295,3.295,947.3,2.34526,0.43950
1789864309.490,2634,5.33677,0.01680,0.08966,3.295,3.295,947.3,2.34616,0.43967
1789864309.500,2635,5.33677,0.01680,0.08966,3.296,3.296,947.3,2.34705,0.43984
1789864309.510,2636,5.33677,0.01680,0.08966,3.295,3.295,947.3,2.34795,0.44001
1789864309.520,2637,5.33677,0.01680,0.08966,3.295,3.295,947.3,2.34884,0.44017
1789864309.530,2638,5.33677,0.01680,0.08966,3.295,3.296,947.3,2.34973,0.44034
1789864309.540,2639,5.33677,0.01680,0.08966,3.296,3.296,947.3,2.35063,0.44051
1789864309.550,2640,5.33677,0.01680,0.08966,3.297,3.297,947.3,2.35152,0.44068
1789864309.560,2641,5.33677,0.01680,0.08966,3.297,3.298,947.3,2.35242,0.44085
1789864309.570,2642,5.33677,0.01680,0.08966,3.299,3.299,947.3,2.35332,0.44101
1789864309.580,2643,5.33677,0.01678,0.08955,3.298,3.298,947.3,2.35422,0.44118
1789864309.590,2644,5.33677,0.01678,0.08955,3.297,3.298,947.3,2.35511,0.44135
1789864309.600,2645,5.33677,0.01678,0.08955,3.297,3.297,947.3,2.35601,0.44152
1789864309.610,2646,5.33677,0.01678,0.08955,3.296,3.297,947.3,2.35690,0.44168
1789864309.620,2647,5.33677,0.01678,0.08955,3.296,3.296,947.3,2.35780,0.44185
1789864309.630,2648,5.33677,0.01678,0.08955,3.296,3.296,947.3,2.35869,0.44202
1789864309.640,2649,5.33677,0.01678,0.08955,3.297,3.297,947.3,2.35959,0.44219
1789864309.650,2650,5.33677,0.01678,0.08955,3.298,3.298,947.3,2.36049,0.44236
1789864309.660,2651,5.33677,0.01678,0.08955,3.297,3.297,947.3,2.36138,0.44252
1789864309.670,2652,5.33677,0.01678,0.08955,3.294,3.295,947.3,2.36228,0.44269
1789864309.680,2653,5.33669,0.01678,0.08955,3.292,3.293,947.3,2.36318,0.44286
1789864309.690,2654,5.33669,0.01678,0.08955,3.292,3.293,947.3,2.36407,0.44303
1789864309.700,2655,5.33669,0.01678,0.08955,3.292,3.293,947.3,2.36497,0.44320
1789864309.710,2656,5.33669,0.01678,0.08955,3.292,3.293,947.3,2.36586,0.44336
1789864309.720,2657,5.33669,0.01678,0.08955,3.292,3.293,947.3,2.36676,0.44353
1789864309.730,2658,5.33669,0.01678,0.08955,3.291,3.291,947.3,2.36765,0.44370
1789864309.740,2659,5.33669,0.01678,0.08955,3.290,3.291,947.3,2.36855,0.44387
1789864309.750,2660,5.33669,0.01678,0.08955,3.289,3.289,947.3,2.36944,0.44403
1789864309.760,2661,5.33669,0.01678,0.08955,3.287,3.287,947.3,2.37034,0.44420
1789864309.770,2662,5.33669,0.01678,0.08955,3.286,3.286,947.3,2.37123,0.44437
1789864309.780,2663,5.33661,0.01677,0.08949,3.287,3.286,947.3,2.37213,0.44454
1789864309.790,2664,5.33661,0.01677,0.08949,3.291,3.290,947.3,2.37302,0.44471
1789864309.800,2665,5.33661,0.01677,0.08949,3.292,3.292,947.3,2.37392,0.44487
1789864309.810,2666,5.33661,0.01677,0.08949,3.291,3.291,947.3,2.37481,0.44504
1789864309.820,2667,5.33661,0.01677,0.08949,3.293,3.293,947.3,2.37571,0.44521
1789864309.830,2668,5.33661,0.01677,0.08949,3.293,3.293,947.3,2.37660,0.44538
1789864309.840,2669,5.33661,0.01677,0.08949,3.292,3.293,947.3,2.37749,0.44554
1789864309.850,2670,5.33661,0.01677,0.08949,3.292,3.292,947.3,2.37838,0.44571
1789864309.860,2671,5.33661,0.01677,0.08949,3.292,3.293,947.3,2.37927,0.44588
1789864309.870,2672,5.33661,0.01677,0.08949,3.293,3.294,947.3,2.38017,0.44604
1789864309.880,2673,5.33661,0.01677,0.08949,3.293,3.294,947.3,2.38107,0.44621
1789864309.890,2674,5.33661,0.01677,0.08949,3.294,3.295,947.3,2.38196,0.44638
1789864309.900,2675,5.33661,0.01677,0.08949,3.294,3.295,947.3,2.38286,0.44655
1789864309.910,2676,5.33661,0.01677,0.08949,3.295,3.295,947.3,2.38376,0.44672
1789864309.920,2677,5.33661,0.01677,0.08949,3.295,3.295,947.3,2.38466,0.44689
1789864309.930,2678,5.33661,0.01677,0.08949,3.295,3.296,947.3,2.38555,0.44705
1789864309.940,2679,5.33661,0.01677,0.08949,3.296,3.296,947.3,2.38645,0.44722
1789864309.950,2680,5.33661,0.01677,0.08949,3.297,3.297,947.3,2.38734,0.44739
1789864309.960,2681,5.33661,0.01677,0.08949,3.298,3.298,947.3,2.38824,0.44756
1789864309.970,2682,5.33661,0.01677,0.08949,3.297,3.298,947.3,2.38913,0.44772
1789864309.980,2683,5.33665,0.01677,0.08950,3.298,3.298,947.3,2.39003,0.44789
1789864309.990,2684,5.33665,0.01677,0.08950,3.299,3.299,947.3,2.39092,0.44806
1789864310.000,2685,5.33665,0.01677,0.08950,3.299,3.299,947.3,2.39181,0.44823
1789864310.010,2686,5.33665,0.01677,0.08950,3.299,3.299,947.3,2.39270,0.44839
1789864310.020,2687,5.33665,0.01677,0.08950,3.299,3.299,947.3,2.39359,0.44856
1789864310.032,2688,5.33665,0.01677,0.08950,3.299,3.299,947.3,2.39467,0.44876
1789864310.044,2689,5.33665,0.01677,0.08950,3.298,3.299,947.3,2.39575,0.44896
1789864310.056,2690,5.33665,0.01677,0.08950,3.298,3.298,947.3,2.39683,0.44917
1789864310.068,2691,5.33665,0.01677,0.08950,3.297,3.298,947.3,2.39791,0.44937
1789864310.076,2692,5.33665,0.01677,0.08950,3.297,3.298,947.3,2.39862,0.44950
1789864310.084,2693,5.33654,0.01677,0.08949,3.297,3.297,947.3,2.39934,0.44964
1789864310.092,2694,5.33654,0.01677,0.08949,3.297,3.297,947.3,2.40006,0.44977
1789864310.100,2695,5.33654,0.01677,0.08949,3.297,3.298,947.3,2.40077,0.44991
1789864310.110,2696,5.33654,0.01677,0.08949,3.297,3.298,947.3,2.40167,0.45007
1789864310.120,2697,5.33654,0.01677,0.08949,3.297,3.298,947.3,2.40256,0.45024
1789864310.130,2698,5.33654,0.01677,0.08949,3.292,3.294,947.3,2.40345,0.45041
1789864310.140,2699,5.33654,0.01677,0.08949,3.290,3.290,947.3,2.40435,0.45057
1789864310.150,2700,5.33654,0.01677,0.08949,3.287,3.288,947.3,2.40524,0.45074
1789864310.160,2701,5.33654,0.01677,0.08949,3.287,3.288,947.3,2.40614,0.45091
1789864310.170,2702,5.33654,0.01677,0.08949,3.285,3.286,947.3,2.40703,0.45108
1789864310.180,2703,5.33650,0.01677,0.08949,3.284,3.283,947.3,2.40793,0.45125
1789864310.190,2704,5.33650,0.01677,0.08949,3.288,3.287,947.3,2.40882,0.45141
1789864310.200,2705,5.33650,0.01677,0.08949,3.291,3.290,947.3,2.40971,0.45158
1789864310.210,2706,5.33650,0.01677,0.08949,3.291,3.291,947.3,2.41060,0.45175
1789864310.220,2707,5.33650,0.01677,0.08949,3.291,3.290,947.3,2.41150,0.45191
1789864310.230,2708,5.33650,0.01677,0.08949,3.291,3.291,947.3,2.41240,0.45208
1789864310.240,2709,5.33650,0.01677,0.08949,3.293,3.292,947.3,2.41330,0.45225
1789864310.250,2710,5.33650,0.01677,0.08949,3.293,3.292,947.3,2.41420,0.45242
1789864310.260,2711,5.33650,0.01677,0.08949,3.294,3.294,947.3,2.41510,0.45259
1789864310.270,2712,5.33650,0.01677,0.08949,3.295,3.295,947.3,2.41599,0.45276
1789864310.280,2713,5.33646,0.01677,0.08949,3.295,3.295,947.3,2.41688,0.45292
1789864310.290,2714,5.33646,0.01677,0.08949,3.296,3.297,947.3,2.41777,0.45309
1789864310.300,2715,5.33646,0.01677,0.08949,3.297,3.297,947.3,2.41867,0.45326
1789864310.310,2716,5.33646,0.01677,0.08949,3.298,3.298,947.3,2.41956,0.45343
1789864310.320,2717,5.33646,0.01677,0.08949,3.298,3.298,947.3,2.42046,0.45359
1789864310.330,2718,5.33646,0.01677,0.08949,3.297,3.298,947.3,2.42135,0.45376
1789864310.340,2719,5.33646,0.01677,0.08949,3.297,3.298,947.3,2.42224,0.45393
1789864310.350,2720,5.33646,0.01677,0.08949,3.298,3.298,947.3,2.42314,0.45410
1789864310.360,2721,5.33646,0.01677,0.08949,3.298,3.298,947.3,2.42404,0.45426
1789864310.370,2722,5.33646,0.01677,0.08949,3.298,3.298,947.3,2.42493,0.45443
1789864310.380,2723,5.33654,0.01677,0.08949,3.298,3.298,947.3,2.42583,0.45460
1789864310.390,2724,5.33654,0.01677,0.08949,3.299,3.299,947.3,2.42672,0.45477
1789864310.400,2725,5.33654,0.01677,0.08949,3.299,3.299,947.3,2.42762,0.45494
1789864310.410,2726,5.33654,0.01677,0.08949,3.299,3.299,947.3,2.42851,0.45510
1789864310.420,2727,5.33654,0.01677,0.08949,3.299,3.299,947.3,2.42941,0.45527
1789864310.430,2728,5.33654,0.01677,0.08949,3.299,3.299,947.3,2.43030,0.45544
1789864310.440,2729,5.33654,0.01677,0.08949,3.298,3.298,947.3,2.43119,0.45561
1789864310.450,2730,5.33654,0.01677,0.08949,3.297,3.297,947.3,2.43209,0.45577
1789864310.460,2731,5.33654,0.01677,0.08949,3.296,3.297,947.3,2.43298,0.45594
1789864310.470,2732,5.33654,0.01677,0.08949,3.293,3.294,947.3,2.43388,0.45611
1789864310.480,2733,5.33654,0.01677,0.08949,3.291,3.291,947.3,2.43478,0.45628
1789864310.490,2734,5.33654,0.01677,0.08949,3.291,3.291,947.3,2.43567,0.45644
1789864310.500,2735,5.33654,0.01677,0.08949,3.291,3.291,947.3,2.43657,0.45661
1789864310.510,2736,5.33654,0.01677,0.08949,3.291,3.292,947.3,2.43746,0.45678
1789864310.520,2737,5.33654,0.01677,0.08949,3.292,3.292,947.3,2.43835,0.45695
1789864310.530,2738,5.33654,0.01677,0.08949,3.290,3.291,947.3,2.43924,0.45711
1789864310.540,2739,5.33654,0.01677,0.08949,3.289,3.290,947.3,2.44013,0.45728
1789864310.550,2740,5.33654,0.01677,0.08949,3.288,3.289,947.3,2.44103,0.45745
1789864310.560,2741,5.33654,0.01677,0.08949,3.287,3.287,947.3,2.44193,0.45762
1789864310.570,2742,5.33654,0.01677,0.08949,3.286,3.285,947.3,2.44282,0.45779
1789864310.580,2743,5.33657,0.01678,0.08955,3.287,3.285,947.3,2.44372,0.45795
1789864310.590,2744,5.33657,0.01678,0.08955,3.291,3.289,947.3,2.44462,0.45812
1789864310.600,2745,5.33657,0.01678,0.08955,3.294,3.293,947.3,2.44551,0.45829
1789864310.610,2746,5.33657,0.01678,0.08955,3.294,3.293,947.3,2.44640,0.45846
1789864310.620,2747,5.33657,0.01678,0.08955,3.295,3.295,947.3,2.44730,0.45862
1789864310.630,2748,5.33657,0.01678,0.08955,3.294,3.295,947.3,2.44819,0.45879
1789864310.640,2749,5.33657,0.01678,0.08955,3.294,3.295,947.3,2.44909,0.45896
1789864310.650,2750,5.33657,0.01678,0.08955,3.294,3.294,947.3,2.44999,0.45913
1789864310.660,2751,5.33657,0.01678,0.08955,3.293,3.294,947.3,2.45089,0.45930
1789864310.670,2752,5.33657,0.01678,0.08955,3.294,3.294,947.3,2.45178,0.45946
1789864310.680,2753,5.33665,0.01677,0.08950,3.294,3.295,947.3,2.45268,0.45963
1789864310.690,2754,5.33665,0.01677,0.08950,3.295,3.295,947.3,2.45357,0.45980
1789864310.700,2755,5.33665,0.01677,0.08950,3.295,3.295,947.3,2.45446,0.45997
1789864310.710,2756,5.33665,0.01677,0.08950,3.295,3.295,947.3,2.45536,0.46013
1789864310.720,2757,5.33665,0.01677,0.08950,3.295,3.295,947.3,2.45625,0.46030
1789864310.730,2758,5.33665,0.01677,0.08950,3.295,3.295,947.3,2.45715,0.46047
1789864310.740,2759,5.33665,0.01677,0.08950,3.295,3.295,947.3,2.45804,0.46064
1789864310.750,2760,5.33665,0.01677,0.08950,3.297,3.296,947.3,2.45894,0.46080
1789864310.760,2761,5.33665,0.01677,0.08950,3.297,3.297,947.3,2.45983,0.46097
1789864310.770,2762,5.33665,0.01677,0.08950,3.298,3.298,947.3,2.46073,0.46114
1789864310.780,2763,5.33673,0.01679,0.08960,3.299,3.298,947.3,2.46162,0.46131
1789864310.790,2764,5.33673,0.01679,0.08960,3.299,3.299,947.3,2.46252,0.46148
1789864310.800,2765,5.33673,0.01679,0.08960,3.299,3.299,947.3,2.46342,0.46164
1789864310.810,2766,5.33673,0.01679,0.08960,3.299,3.299,947.3,2.46431,0.46181
1789864310.820,2767,5.33673,0.01679,0.08960,3.299,3.299,947.3,2.46521,0.46198
1789864310.830,2768,5.33673,0.01679,0.08960,3.299,3.299,947.3,2.46611,0.46215
1789864310.840,2769,5.33673,0.01679,0.08960,3.299,3.299,947.3,2.46701,0.46232
1789864310.850,2770,5.33673,0.01679,0.08960,3.298,3.298,947.3,2.46791,0.46249
1789864310.860,2771,5.33673,0.01679,0.08960,3.297,3.298,947.3,2.46880,0.46265
1789864310.870,2772,5.33673,0.01679,0.08960,3.295,3.296,947.3,2.46970,0.46282
1789864310.880,2773,5.33677,0.01678,0.08955,3.291,3.292,947.3,2.47059,0.46299
1789864310.890,2774,5.33677,0.01678,0.08955,3.291,3.292,947.3,2.47149,0.46316
1789864310.900,2775,5.33677,0.01678,0.08955,3.292,3.292,947.3,2.47238,0.46332
1789864310.910,2776,5.33677,0.01678,0.08955,3.292,3.292,947.3,2.47328,0.46349
1789864310.920,2777,5.33677,0.01678,0.08955,3.293,3.292,947.3,2.47417,0.46366
1789864310.930,2778,5.33677,0.01678,0.08955,3.291,3.291,947.3,2.47507,0.46383
1789864310.940,2779,5.33677,0.01678,0.08955,3.292,3.292,947.3,2.47597,0.46400
1789864310.950,2780,5.33677,0.01678,0.08955,3.291,3.292,947.3,2.47686,0.46416
1789864310.960,2781,5.33677,0.01678,0.08955,3.291,3.291,947.3,2.47776,0.46433
1789864310.970,2782,5.33677,0.01678,0.08955,3.289,3.290,947.3,2.47866,0.46450
1789864310.980,2783,5.33673,0.01678,0.08955,3.288,3.289,947.3,2.47955,0.46467
1789864310.990,2784,5.33673,0.01678,0.08955,3.290,3.291,947.3,2.48045,0.46483
1789864311.000,2785,5.33673,0.01678,0.08955,3.291,3.292,947.3,2.48134,0.46500
1789864311.010,2786,5.33673,0.01678,0.08955,3.291,3.291,947.3,2.48223,0.46517
1789864311.020,2787,5.33673,0.01678,0.08955,3.290,3.291,947.3,2.48313,0.46534
1789864311.032,2788,5.33673,0.01678,0.08955,3.291,3.291,947.3,2.48420,0.46554
1789864311.044,2789,5.33673,0.01678,0.08955,3.291,3.291,947.3,2.48527,0.46574
1789864311.056,2790,5.33673,0.01678,0.08955,3.292,3.292,947.3,2.48635,0.46594
1789864311.068,2791,5.33673,0.01678,0.08955,3.292,3.293,947.3,2.48742,0.46614
1789864311.076,2792,5.33673,0.01678,0.08955,3.294,3.294,947.3,2.48814,0.46628
1789864311.084,2793,5.33677,0.01679,0.08960,3.295,3.295,947.3,2.48885,0.46641
1789864311.092,2794,5.33677,0.01679,0.08960,3.295,3.295,947.3,2.48957,0.46654
1789864311.100,2795,5.33677,0.01679,0.08960,3.296,3.296,947.3,2.49028,0.46668
1789864311.110,2796,5.33677,0.01679,0.08960,3.297,3.297,947.3,2.49118,0.46685
1789864311.120,2797,5.33677,0.01679,0.08960,3.298,3.298,947.3,2.49208,0.46702
1789864311.130,2798,5.33677,0.01679,0.08960,3.297,3.297,947.3,2.49298,0.46718
1789864311.140,2799,5.33677,0.01679,0.08960,3.298,3.298,947.3,2.49388,0.46735
1789864311.150,2800,5.33677,0.01679,0.08960,3.298,3.298,947.3,2.49478,0.46752
1789864311.160,2801,5.33677,0.01679,0.08960,3.298,3.298,947.3,2.49568,0.46769
1789864311.170,2802,5.33677,0.01679,0.08960,3.298,3.299,947.3,2.49657,0.46786
1789864311.180,2803,5.33681,0.01679,0.08961,3.298,3.299,947.3,2.49747,0.46802
1789864311.190,2804,5.33681,0.01679,0.08961,3.299,3.299,947.3,2.49836,0.46819
1789864311.200,2805,5.33681,0.01679,0.08961,3.299,3.299,947.3,2.49926,0.46836
1789864311.210,2806,5.33681,0.01679,0.08961,3.299,3.299,947.3,2.50015,0.46853
1789864311.220,2807,5.33681,0.01679,0.08961,3.299,3.299,947.3,2.50104,0.46869
1789864311.230,2808,5.33681,0.01679,0.08961,3.299,3.299,947.3,2.50194,0.46886
1789864311.240,2809,5.33681,0.01679,0.08961,3.299,3.299,947.3,2.50284,0.46903
1789864311.250,2810,5.33681,0.01679,0.08961,3.299,3.299,947.3,2.50374,0.46920
1789864311.260,2811,5.33681,0.01679,0.08961,3.298,3.298,947.3,2.50463,0.46937
1789864311.270,2812,5.33681,0.01679,0.08961,3.296,3.296,947.3,2.50553,0.46953
1789864311.280,2813,5.33685,0.01679,0.08961,3.293,3.293,947.3,2.50642,0.46970
1789864311.290,2814,5.33685,0.01679,0.08961,3.293,3.293,947.3,2.50732,0.46987
1789864311.300,2815,5.33685,0.01679,0.08961,3.294,3.293,947.3,2.50821,0.47004
1789864311.310,2816,5.33685,0.01679,0.08961,3.293,3.293,947.3,2.50911,0.47021
1789864311.320,2817,5.33685,0.01679,0.08961,3.294,3.293,947.3,2.51000,0.47037
1789864311.330,2818,5.33685,0.01679,0.08961,3.291,3.291,947.3,2.51090,0.47054
1789864311.340,2819,5.33685,0.01679,0.08961,3.290,3.290,947.3,2.51180,0.47071
1789864311.350,2820,5.33685,0.01679,0.08961,3.288,3.289,947.3,2.51269,0.47088
1789864311.360,2821,5.33685,0.01679,0.08961,3.287,3.287,947.3,2.51359,0.47104
1789864311.370,2822,5.33685,0.01679,0.08961,3.285,3.286,947.3,2.51448,0.47121
1789864311.380,2823,5.33681,0.01678,0.08955,3.283,3.284,947.3,2.51538,0.47138
1789864311.390,2824,5.33681,0.01678,0.08955,3.286,3.287,947.3,2.51627,0.47155
1789864311.400,2825,5.33681,0.01678,0.08955,3.289,3.291,947.3,2.51717,0.47172
1789864311.410,2826,5.33681,0.01678,0.08955,3.289,3.291,947.3,2.51806,0.47188
1789864311.420,2827,5.33681,0.01678,0.08955,3.290,3.292,947.3,2.51896,0.47205
1789864311.430,2828,5.33681,0.01678,0.08955,3.291,3.292,947.3,2.51986,0.47222
1789864311.440,2829,5.33681,0.01678,0.08955,3.293,3.294,947.3,2.52075,0.47239
1789864311.450,2830,5.33681,0.01678,0.08955,3.294,3.294,947.3,2.52165,0.47255
1789864311.460,2831,5.33681,0.01678,0.08955,3.294,3.295,947.3,2.52254,0.47272
1789864311.470,2832,5.33681,0.01678,0.08955,3.295,3.295,947.3,2.52344,0.47289
1789864311.480,2833,5.33681,0.01678,0.08955,3.295,3.295,947.3,2.52433,0.47306
1789864311.490,2834,5.33681,0.01678,0.08955,3.295,3.295,947.3,2.52523,0.47323
1789864311.500,2835,5.33681,0.01678,0.08955,3.295,3.295,947.3,2.52612,0.47339
1789864311.510,2836,5.33681,0.01678,0.08955,3.295,3.296,947.3,2.52702,0.47356
1789864311.520,2837,5.33681,0.01678,0.08955,3.295,3.295,947.3,2.52792,0.47373
1789864311.530,2838,5.33681,0.01678,0.08955,3.296,3.296,947.3,2.52881,0.47390
1789864311.540,2839,5.33681,0.01678,0.08955,3.296,3.296,947.3,2.52971,0.47407
1789864311.550,2840,5.33681,0.01678,0.08955,3.296,3.296,947.3,2.53060,0.47423
1789864311.560,2841,5.33681,0.01678,0.08955,3.297,3.297,947.3,2.53150,0.47440
1789864311.570,2842,5.33681,0.01678,0.08955,3.297,3.297,947.3,2.53239,0.47457
1789864311.580,2843,5.33685,0.01678,0.08955,3.297,3.297,947.3,2.53328,0.47474
1789864311.590,2844,5.33685,0.01678,0.08955,3.297,3.297,947.3,2.53418,0.47490
1789864311.600,2845,5.33685,0.01678,0.08955,3.298,3.298,947.3,2.53508,0.47507
1789864311.610,2846,5.33685,0.01678,0.08955,3.297,3.297,947.3,2.53597,0.47524
1789864311.620,2847,5.33685,0.01678,0.08955,3.297,3.297,947.3,2.53687,0.47541
1789864311.630,2848,5.33685,0.01678,0.08955,3.297,3.297,947.3,2.53777,0.47558
1789864311.640,2849,5.33685,0.01678,0.08955,3.297,3.297,947.3,2.53866,0.47574
1789864311.650,2850,5.33685,0.01678,0.08955,3.297,3.297,947.3,2.53956,0.47591
1789864311.660,2851,5.33685,0.01678,0.08955,3.297,3.297,947.3,2.54045,0.47608
1789864311.670,2852,5.33685,0.01678,0.08955,3.295,3.296,947.3,2.54135,0.47625
1789864311.680,2853,5.33693,0.01678,0.08955,3.293,3.293,947.3,2.54225,0.47642
1789864311.690,2854,5.33693,0.01678,0.08955,3.293,3.292,947.3,2.54315,0.47658
1789864311.700,2855,5.33693,0.01678,0.08955,3.293,3.293,947.3,2.54404,0.47675
1789864311.710,2856,5.33693,0.01678,0.08955,3.294,3.293,947.3,2.54494,0.47692
1789864311.720,2857,5.33693,0.01678,0.08955,3.294,3.294,947.3,2.54583,0.47709
1789864311.730,2858,5.33693,0.01678,0.08955,3.291,3.292,947.3,2.54673,0.47725
1789864311.740,2859,5.33693,0.01678,0.08955,3.291,3.291,947.3,2.54763,0.47742
1789864311.750,2860,5.33693,0.01678,0.08955,3.291,3.291,947.3,2.54852,0.47759
1789864311.760,2861,5.33693,0.01678,0.08955,3.289,3.290,947.3,2.54941,0.47776
1789864311.770,2862,5.33693,0.01678,0.08955,3.288,3.289,947.3,2.55031,0.47793
1789864311.780,2863,5.33696,0.01678,0.08955,3.288,3.289,947.3,2.55120,0.47809
1789864311.790,2864,5.33696,0.01678,0.08955,3.291,3.291,947.3,2.55210,0.47826
1789864311.800,2865,5.33696,0.01678,0.08955,3.294,3.295,947.3,2.55299,0.47843
1789864311.810,2866,5.33696,0.01678,0.08955,3.292,3.293,947.3,2.55388,0.47859
1789864311.820,2867,5.33696,0.01678,0.08955,3.292,3.292,947.3,2.55477,0.47876
1789864311.830,2868,5.33696,0.01678,0.08955,3.291,3.292,947.3,2.55567,0.47893
1789864311.840,2869,5.33696,0.01678,0.08955,3.291,3.291,947.3,2.55658,0.47910
1789864311.850,2870,5.33696,0.01678,0.08955,3.291,3.292,947.3,2.55748,0.47927
1789864311.860,2871,5.33696,0.01678,0.08955,3.292,3.292,947.3,2.55838,0.47944
1789864311.870,2872,5.33696,0.01678,0.08955,3.294,3.294,947.3,2.55927,0.47960
1789864311.880,2873,5.33700,0.01677,0.08950,3.295,3.295,947.3,2.56016,0.47977
1789864311.890,2874,5.33700,0.01677,0.08950,3.295,3.295,947.3,2.56104,0.47994
1789864311.900,2875,5.33700,0.01677,0.08950,3.295,3.295,947.3,2.56193,0.48010
1789864311.910,2876,5.33700,0.01677,0.08950,3.296,3.296,947.3,2.56283,0.48027
1789864311.920,2877,5.33700,0.01677,0.08950,3.296,3.296,947.3,2.56373,0.48044
1789864311.930,2878,5.33700,0.01677,0.08950,3.296,3.297,947.3,2.56463,0.48061
1789864311.940,2879,5.33700,0.01677,0.08950,3.296,3.297,947.3,2.56553,0.48078
1789864311.950,2880,5.33700,0.01677,0.08950,3.297,3.298,947.3,2.56642,0.48095
1789864311.960,2881,5.33700,0.01677,0.08950,3.298,3.298,947.3,2.56732,0.48111
1789864311.970,2882,5.33700,0.01677,0.08950,3.298,3.298,947.3,2.56821,0.48128
1789864311.980,2883,5.33693,0.01678,0.08955,3.299,3.298,947.3,2.56911,0.48145
1789864311.990,2884,5.33693,0.01678,0.08955,3.299,3.298,947.3,2.57000,0.48162
1789864312.000,2885,5.33693,0.01678,0.08955,3.299,3.299,947.3,2.57090,0.48178
1789864312.010,2886,5.33693,0.01678,0.08955,3.299,3.299,947.3,2.57179,0.48195
1789864312.020,2887,5.33693,0.01678,0.08955,3.299,3.299,947.3,2.57269,0.48212
1789864312.030,2888,5.33693,0.01678,0.08955,3.299,3.299,947.3,2.57359,0.48229
1789864312.040,2889,5.33693,0.01678,0.08955,3.299,3.299,947.3,2.57448,0.48245
1789864312.050,2890,5.33693,0.01678,0.08955,3.298,3.298,947.3,2.57538,0.48262
1789864312.060,2891,5.33693,0.01678,0.08955,3.298,3.298,947.3,2.57628,0.48279
1789864312.070,2892,5.33693,0.01678,0.08955,3.298,3.298,947.3,2.57717,0.48296
1789864312.080,2893,5.33685,0.01678,0.08955,3.298,3.298,947.3,2.57807,0.48313
1789864312.090,2894,5.33685,0.01678,0.08955,3.298,3.298,947.3,2.57896,0.48329
1789864312.100,2895,5.33685,0.01678,0.08955,3.298,3.298,947.3,2.57986,0.48346
1789864312.110,2896,5.33685,0.01678,0.08955,3.299,3.299,947.3,2.58075,0.48363
1789864312.120,2897,5.33685,0.01678,0.08955,3.299,3.299,947.3,2.58165,0.48380
1789864312.130,2898,5.33685,0.01678,0.08955,3.296,3.297,947.3,2.58254,0.48397
1789864312.140,2899,5.33685,0.01678,0.08955,3.292,3.292,947.3,2.58344,0.48413
1789864312.150,2900,5.33685,0.01678,0.08955,3.291,3.291,947.3,2.58434,0.48430
1789864312.160,2901,5.33685,0.01678,0.08955,3.290,3.290,947.3,2.58523,0.48447
1789864312.170,2902,5.33685,0.01678,0.08955,3.288,3.288,947.3,2.58613,0.48464
1789864312.180,2903,5.33685,0.01677,0.08950,3.287,3.287,947.3,2.58702,0.48480
1789864312.190,2904,5.33685,0.01677,0.08950,3.288,3.288,947.3,2.58791,0.48497
1789864312.200,2905,5.33685,0.01677,0.08950,3.291,3.291,947.3,2.58881,0.48514
1789864312.210,2906,5.33685,0.01677,0.08950,3.291,3.291,947.3,2.58970,0.48531
1789864312.220,2907,5.33685,0.01677,0.08950,3.290,3.290,947.3,2.59059,0.48547
1789864312.230,2908,5.33685,0.01677,0.08950,3.291,3.291,947.3,2.59149,0.48564
1789864312.240,2909,5.33685,0.01677,0.08950,3.291,3.291,947.3,2.59239,0.48581
1789864312.250,2910,5.33685,0.01677,0.08950,3.291,3.292,947.3,2.59328,0.48598
1789864312.260,2911,5.33685,0.01677,0.08950,3.293,3.293,947.3,2.59418,0.48615
1789864312.270,2912,5.33685,0.01677,0.08950,3.294,3.294,947.3,2.59508,0.48631
1789864312.280,2913,5.33685,0.01677,0.08950,3.295,3.295,947.3,2.59597,0.48648
1789864312.290,2914,5.33685,0.01677,0.08950,3.295,3.295,947.3,2.59687,0.48665
1789864312.300,2915,5.33685,0.01677,0.08950,3.295,3.295,947.3,2.59776,0.48682
1789864312.310,2916,5.33685,0.01677,0.08950,3.295,3.295,947.3,2.59865,0.48698
1789864312.320,2917,5.33685,0.01677,0.08950,3.295,3.296,947.3,2.59954,0.48715
1789864312.330,2918,5.33685,0.01677,0.08950,3.295,3.296,947.3,2.60044,0.48732
1789864312.340,2919,5.33685,0.01677,0.08950,3.296,3.296,947.3,2.60133,0.48749
1789864312.350,2920,5.33685,0.01677,0.08950,3.297,3.297,947.3,2.60223,0.48765
1789864312.360,2921,5.33685,0.01677,0.08950,3.298,3.298,947.3,2.60313,0.48782
1789864312.370,2922,5.33685,0.01677,0.08950,3.298,3.298,947.3,2.60402,0.48799
1789864312.380,2923,5.33689,0.01678,0.08955,3.298,3.298,947.3,2.60492,0.48816
1789864312.390,2924,5.33689,0.01678,0.08955,3.299,3.299,947.3,2.60582,0.48833
1789864312.400,2925,5.33689,0.01678,0.08955,3.299,3.299,947.3,2.60671,0.48849
1789864312.410,2926,5.33689,0.01678,0.08955,3.299,3.299,947.3,2.60761,0.48866
1789864312.420,2927,5.33689,0.01678,0.08955,3.299,3.299,947.3,2.60850,0.48883
1789864312.430,2928,5.33689,0.01678,0.08955,3.299,3.299,947.3,2.60939,0.48900
1789864312.440,2929,5.33689,0.01678,0.08955,3.298,3.298,947.3,2.61029,0.48916
1789864312.450,2930,5.33689,0.01678,0.08955,3.297,3.298,947.3,2.61118,0.48933
1789864312.460,2931,5.33689,0.01678,0.08955,3.297,3.297,947.3,2.61207,0.48950
1789864312.470,2932,5.33689,0.01678,0.08955,3.295,3.296,947.3,2.61297,0.48967
1789864312.480,2933,5.33693,0.01678,0.08955,3.293,3.294,947.3,2.61387,0.48983
1789864312.490,2934,5.33693,0.01678,0.08955,3.292,3.292,947.3,2.61476,0.49000
1789864312.500,2935,5.33693,0.01678,0.08955,3.292,3.292,947.3,2.61566,0.49017
1789864312.510,2936,5.33693,0.01678,0.08955,3.293,3.292,947.3,2.61656,0.49034
1789864312.520,2937,5.33693,0.01678,0.08955,3.293,3.293,947.3,2.61746,0.49051
1789864312.530,2938,5.33693,0.01678,0.08955,3.291,3.291,947.3,2.61835,0.49068
1789864312.540,2939,5.33693,0.01678,0.08955,3.290,3.290,947.3,2.61925,0.49084
1789864312.550,2940,5.33693,0.01678,0.08955,3.291,3.291,947.3,2.62014,0.49101
1789864312.560,2941,5.33693,0.01678,0.08955,3.289,3.289,947.3,2.62104,0.49118
1789864312.570,2942,5.33693,0.01678,0.08955,3.288,3.289,947.3,2.62193,0.49135
1789864312.580,2943,5.33700,0.01679,0.08961,3.288,3.289,947.3,2.62283,0.49151
1789864312.590,2944,5.33700,0.01679,0.08961,3.291,3.291,947.3,2.62373,0.49168
1789864312.600,2945,5.33700,0.01679,0.08961,3.295,3.295,947.3,2.62462,0.49185
1789864312.610,2946,5.33700,0.01679,0.08961,3.294,3.295,947.3,2.62552,0.49202
1789864312.620,2947,5.33700,0.01679,0.08961,3.295,3.295,947.3,2.62641,0.49219
1789864312.630,2948,5.33700,0.01679,0.08961,3.292,3.294,947.3,2.62731,0.49235
1789864312.640,2949,5.33700,0.01679,0.08961,3.293,3.294,947.3,2.62821,0.49252
1789864312.650,2950,5.33700,0.01679,0.08961,3.293,3.295,947.3,2.62910,0.49269
1789864312.660,2951,5.33700,0.01679,0.08961,3.293,3.294,947.3,2.63000,0.49286
1789864312.670,2952,5.33700,0.01679,0.08961,3.294,3.294,947.3,2.63090,0.49303
1789864312.680,2953,5.33704,0.01679,0.08961,3.294,3.295,947.3,2.63179,0.49319
1789864312.690,2954,5.33704,0.01679,0.08961,3.295,3.295,947.3,2.63269,0.49336
1789864312.700,2955,5.33704,0.01679,0.08961,3.295,3.295,947.3,2.63358,0.49353
1789864312.710,2956,5.33704,0.01679,0.08961,3.295,3.295,947.3,2.63448,0.49370
1789864312.720,2957,5.33704,0.01679,0.08961,3.295,3.295,947.3,2.63537,0.49386
1789864312.730,2958,5.33704,0.01679,0.08961,3.295,3.295,947.3,2.63626,0.49403
1789864312.740,2959,5.33704,0.01679,0.08961,3.295,3.295,947.3,2.63716,0.49420
1789864312.750,2960,5.33704,0.01679,0.08961,3.296,3.295,947.3,2.63805,0.49437
1789864312.760,2961,5.33704,0.01679,0.08961,3.297,3.296,947.3,2.63895,0.49454
1789864312.770,2962,5.33704,0.01679,0.08961,3.298,3.297,947.3,2.63985,0.49470
1789864312.780,2963,5.33704,0.01679,0.08961,3.298,3.298,947.3,2.64075,0.49487
1789864312.790,2964,5.33704,0.01679,0.08961,3.299,3.298,947.3,2.64165,0.49504
1789864312.800,2965,5.33704,0.01679,0.08961,3.299,3.299,947.3,2.64254,0.49521
1789864312.810,2966,5.33704,0.01679,0.08961,3.299,3.299,947.3,2.64344,0.49538
1789864312.820,2967,5.33704,0.01679,0.08961,3.299,3.299,947.3,2.64433,0.49554
1789864312.830,2968,5.33704,0.01679,0.08961,3.299,3.299,947.3,2.64523,0.49571
1789864312.840,2969,5.33704,0.01679,0.08961,3.298,3.299,947.3,2.64613,0.49588
1789864312.850,2970,5.33704,0.01679,0.08961,3.297,3.298,947.3,2.64702,0.49605
1789864312.860,2971,5.33704,0.01679,0.08961,3.297,3.297,947.3,2.64792,0.49622
1789864312.870,2972,5.33704,0.01679,0.08961,3.295,3.296,947.3,2.64881,0.49638
1789864312.880,2973,5.33696,0.01680,0.08966,3.291,3.292,947.3,2.64971,0.49655
1789864312.890,2974,5.33696,0.01680,0.08966,3.290,3.291,947.3,2.65060,0.49672
1789864312.900,2975,5.33696,0.01680,0.08966,3.291,3.291,947.3,2.65150,0.49689
1789864312.910,2976,5.33696,0.01680,0.08966,3.291,3.291,947.3,2.65239,0.49705
1789864312.920,2977,5.33696,0.01680,0.08966,3.292,3.292,947.3,2.65329,0.49722
1789864312.930,2978,5.33696,0.01680,0.08966,3.291,3.292,947.3,2.65419,0.49739
1789864312.940,2979,5.33696,0.01680,0.08966,3.290,3.291,947.3,2.65508,0.49756
1789864312.950,2980,5.33696,0.01680,0.08966,3.290,3.290,947.3,2.65598,0.49773
1789864312.960,2981,5.33696,0.01680,0.08966,3.288,3.289,947.3,2.65688,0.49789
1789864312.970,2982,5.33696,0.01680,0.08966,3.287,3.287,947.3,2.65778,0.49806
1789864312.980,2983,5.33696,0.01680,0.08966,3.287,3.287,947.3,2.65868,0.49823
1789864312.990,2984,5.33696,0.01680,0.08966,3.287,3.287,947.3,2.65958,0.49840
1789864313.000,2985,5.33696,0.01680,0.08966,3.292,3.292,947.3,2.66047,0.49857
1789864313.010,2986,5.33696,0.01680,0.08966,3.292,3.293,947.3,2.66136,0.49873
1789864313.020,2987,5.33696,0.01680,0.08966,3.293,3.292,947.3,2.66226,0.49890
1789864313.030,2988,5.33696,0.01680,0.08966,3.292,3.292,947.3,2.66316,0.49907
1789864313.040,2989,5.33696,0.01680,0.08966,3.291,3.291,947.3,2.66406,0.49924
1789864313.050,2990,5.33696,0.01680,0.08966,3.291,3.291,947.3,2.66496,0.49941
1789864313.060,2991,5.33696,0.01680,0.08966,3.291,3.291,947.3,2.66585,0.49958
1789864313.070,2992,5.33696,0.01680,0.08966,3.291,3.291,947.3,2.66675,0.49974
1789864313.080,2993,5.33700,0.01679,0.08961,3.292,3.293,947.3,2.66765,0.49991
1789864313.090,2994,5.33700,0.01679,0.08961,3.293,3.293,947.3,2.66854,0.50008
1789864313.100,2995,5.33700,0.01679,0.08961,3.295,3.295,947.3,2.66944,0.50025
1789864313.110,2996,5.33700,0.01679,0.08961,3.295,3.295,947.3,2.67033,0.50041
1789864313.120,2997,5.33700,0.01679,0.08961,3.295,3.295,947.3,2.67123,0.50058
1789864313.130,2998,5.33700,0.01679,0.08961,3.295,3.295,947.3,2.67213,0.50075
1789864313.140,2999,5.33700,0.01679,0.08961,3.295,3.295,947.3,2.67302,0.50092
1789864313.150,3000,5.33700,0.01679,0.08961,3.295,3.295,947.3,2.67392,0.50109
1789864313.160,3001,5.33700,0.01679,0.08961,3.295,3.296,947.3,2.67481,0.50125
1789864313.170,3002,5.33700,0.01679,0.08961,3.296,3.297,947.3,2.67571,0.50142
1789864313.180,3003,5.33704,0.01678,0.08956,3.297,3.298,947.3,2.67660,0.50159
1789864313.190,3004,5.33704,0.01678,0.08956,3.298,3.299,947.3,2.67750,0.50176
1789864313.200,3005,5.33704,0.01678,0.08956,3.299,3.299,947.3,2.67839,0.50193
1789864313.210,3006,5.33704,0.01678,0.08956,3.299,3.299,947.3,2.67929,0.50209
1789864313.220,3007,5.33704,0.01678,0.08956,3.299,3.299,947.3,2.68018,0.50226
1789864313.230,3008,5.33704,0.01678,0.08956,3.299,3.299,947.3,2.68108,0.50243
1789864313.240,3009,5.33704,0.01678,0.08956,3.299,3.299,947.3,2.68198,0.50260
1789864313.250,3010,5.33704,0.01678,0.08956,3.299,3.299,947.3,2.68287,0.50276
1789864313.260,3011,5.33704,0.01678,0.08956,3.299,3.299,947.3,2.68377,0.50293
1789864313.270,3012,5.33704,0.01678,0.08956,3.297,3.298,947.3,2.68467,0.50310
1789864313.280,3013,5.33704,0.01677,0.08950,3.294,3.295,947.3,2.68556,0.50327
1789864313.290,3014,5.33704,0.01677,0.08950,3.292,3.292,947.3,2.68646,0.50344
1789864313.300,3015,5.33704,0.01677,0.08950,3.292,3.292,947.3,2.68735,0.50360
1789864313.310,3016,5.33704,0.01677,0.08950,3.291,3.292,947.3,2.68824,0.50377
1789864313.320,3017,5.33704,0.01677,0.08950,3.292,3.292,947.3,2.68913,0.50394
1789864313.330,3018,5.33704,0.01677,0.08950,3.292,3.293,947.3,2.69002,0.50410
1789864313.340,3019,5.33704,0.01677,0.08950,3.291,3.291,947.3,2.69091,0.50427
1789864313.350,3020,5.33704,0.01677,0.08950,3.290,3.290,947.3,2.69181,0.50444
1789864313.360,3021,5.33704,0.01677,0.08950,3.288,3.289,947.3,2.69270,0.50461
1789864313.370,3022,5.33704,0.01677,0.08950,3.287,3.288,947.3,2.69359,0.50477
1789864313.380,3023,5.33700,0.01677,0.08950,3.286,3.287,947.3,2.69449,0.50494
1789864313.390,3024,5.33700,0.01677,0.08950,3.287,3.287,947.3,2.69539,0.50511
1789864313.400,3025,5.33700,0.01677,0.08950,3.291,3.291,947.3,2.69628,0.50528
1789864313.410,3026,5.33700,0.01677,0.08950,3.292,3.293,947.3,2.69718,0.50545
1789864313.420,3027,5.33700,0.01677,0.08950,3.293,3.293,947.3,2.69808,0.50561
1789864313.430,3028,5.33700,0.01677,0.08950,3.292,3.293,947.3,2.69897,0.50578
1789864313.440,3029,5.33700,0.01677,0.08950,3.293,3.294,947.3,2.69987,0.50595
1789864313.450,3030,5.33700,0.01677,0.08950,3.293,3.293,947.3,2.70076,0.50612
1789864313.460,3031,5.33700,0.01677,0.08950,3.292,3.292,947.3,2.70165,0.50628
1789864313.470,3032,5.33700,0.01677,0.08950,3.294,3.294,947.3,2.70255,0.50645
1789864313.480,3033,5.33689,0.01677,0.08950,3.294,3.294,947.3,2.70344,0.50662
1789864313.490,3034,5.33689,0.01677,0.08950,3.295,3.295,947.3,2.70434,0.50679
1789864313.500,3035,5.33689,0.01677,0.08950,3.295,3.295,947.3,2.70523,0.50695
1789864313.510,3036,5.33689,0.01677,0.08950,3.295,3.295,947.3,2.70613,0.50712
1789864313.520,3037,5.33689,0.01677,0.08950,3.296,3.296,947.3,2.70703,0.50729
1789864313.530,3038,5.33689,0.01677,0.08950,3.296,3.296,947.3,2.70793,0.50746
1789864313.540,3039,5.33689,0.01677,0.08950,3.296,3.296,947.3,2.70883,0.50763
1789864313.550,3040,5.33689,0.01677,0.08950,3.296,3.296,947.3,2.70972,0.50780
1789864313.560,3041,5.33689,0.01677,0.08950,3.297,3.297,947.3,2.71061,0.50796
1789864313.570,3042,5.33689,0.01677,0.08950,3.297,3.297,947.3,2.71151,0.50813
1789864313.580,3043,5.33681,0.01677,0.08950,3.297,3.297,947.3,2.71240,0.50830
1789864313.590,3044,5.33681,0.01677,0.08950,3.296,3.296,947.3,2.71329,0.50846
1789864313.600,3045,5.33681,0.01677,0.08950,3.296,3.296,947.3,2.71419,0.50863
1789864313.610,3046,5.33681,0.01677,0.08950,3.296,3.297,947.3,2.71508,0.50880
1789864313.620,3047,5.33681,0.01677,0.08950,3.296,3.297,947.3,2.71598,0.50897
1789864313.630,3048,5.33681,0.01677,0.08950,3.296,3.297,947.3,2.71687,0.50913
1789864313.640,3049,5.33681,0.01677,0.08950,3.297,3.297,947.3,2.71777,0.50930
1789864313.650,3050,5.33681,0.01677,0.08950,3.298,3.298,947.3,2.71866,0.50947
1789864313.660,3051,5.33681,0.01677,0.08950,3.298,3.298,947.3,2.71955,0.50964
1789864313.670,3052,5.33681,0.01677,0.08950,3.296,3.297,947.3,2.72045,0.50981
1789864313.680,3053,5.33669,0.01676,0.08944,3.295,3.296,947.3,2.72135,0.50997
1789864313.690,3054,5.33669,0.01676,0.08944,3.294,3.294,947.3,2.72224,0.51014
1789864313.700,3055,5.33669,0.01676,0.08944,3.294,3.294,947.3,2.72314,0.51031
1789864313.710,3056,5.33669,0.01676,0.08944,3.294,3.295,947.3,2.72403,0.51048
1789864313.720,3057,5.33669,0.01676,0.08944,3.295,3.295,947.3,2.72492,0.51064
1789864313.730,3058,5.33669,0.01676,0.08944,3.294,3.295,947.3,2.72582,0.51081
1789864313.740,3059,5.33669,0.01676,0.08944,3.291,3.291,947.3,2.72671,0.51098
1789864313.750,3060,5.33669,0.01676,0.08944,3.291,3.292,947.3,2.72760,0.51115
1789864313.760,3061,5.33669,0.01676,0.08944,3.291,3.291,947.3,2.72850,0.51131
1789864313.770,3062,5.33669,0.01676,0.08944,3.289,3.290,947.3,2.72939,0.51148
1789864313.780,3063,5.33665,0.01676,0.08944,3.288,3.288,947.3,2.73029,0.51165
1789864313.790,3064,5.33665,0.01676,0.08944,3.288,3.288,947.3,2.73118,0.51182
1789864313.800,3065,5.33665,0.01676,0.08944,3.292,3.291,947.3,2.73208,0.51198
1789864313.810,3066,5.33665,0.01676,0.08944,3.292,3.292,947.3,2.73298,0.51215
1789864313.820,3067,5.33665,0.01676,0.08944,3.292,3.292,947.3,2.73387,0.51232
1789864313.830,3068,5.33665,0.01676,0.08944,3.293,3.294,947.3,2.73477,0.51249
1789864313.840,3069,5.33665,0.01676,0.08944,3.292,3.294,947.3,2.73566,0.51266
1789864313.850,3070,5.33665,0.01676,0.08944,3.292,3.294,947.3,2.73656,0.51282
1789864313.860,3071,5.33665,0.01676,0.08944,3.293,3.295,947.3,2.73746,0.51299
1789864313.870,3072,5.33665,0.01676,0.08944,3.294,3.295,947.3,2.73835,0.51316
1789864313.880,3073,5.33654,0.01675,0.08939,3.294,3.295,947.3,2.73924,0.51333
1789864313.890,3074,5.33654,0.01675,0.08939,3.293,3.295,947.3,2.74014,0.51349
1789864313.900,3075,5.33654,0.01675,0.08939,3.295,3.295,947.3,2.74103,0.51366
1789864313.910,3076,5.33654,0.01675,0.08939,3.295,3.295,947.3,2.74193,0.51383
1789864313.920,3077,5.33654,0.01675,0.08939,3.295,3.295,947.3,2.74282,0.51400
1789864313.930,3078,5.33654,0.01675,0.08939,3.295,3.295,947.3,2.74372,0.51417
1789864313.940,3079,5.33654,0.01675,0.08939,3.295,3.295,947.3,2.74462,0.51433
1789864313.950,3080,5.33654,0.01675,0.08939,3.295,3.295,947.3,2.74551,0.51450
1789864313.960,3081,5.33654,0.01675,0.08939,3.296,3.296,947.3,2.74640,0.51467
1789864313.970,3082,5.33654,0.01675,0.08939,3.297,3.297,947.3,2.74730,0.51484
1789864313.980,3083,5.33654,0.01674,0.08933,3.298,3.297,947.3,2.74819,0.51500
1789864313.990,3084,5.33654,0.01674,0.08933,3.298,3.298,947.3,2.74908,0.51517
1789864314.000,3085,5.33654,0.01674,0.08933,3.299,3.298,947.3,2.74997,0.51534
1789864314.010,3086,5.33654,0.01674,0.08933,3.299,3.299,947.3,2.75086,0.51550
1789864314.020,3087,5.33654,0.01674,0.08933,3.299,3.299,947.3,2.75176,0.51567
1789864314.030,3088,5.33654,0.01674,0.08933,3.299,3.299,947.3,2.75265,0.51584
1789864314.040,3089,5.33654,0.01674,0.08933,3.299,3.299,947.3,2.75354,0.51601
1789864314.050,3090,5.33654,0.01674,0.08933,3.299,3.298,947.3,2.75443,0.51617
1789864314.060,3091,5.33654,0.01674,0.08933,3.298,3.298,947.3,2.75532,0.51634
1789864314.070,3092,5.33654,0.01674,0.08933,3.298,3.298,947.3,2.75622,0.51651
1789864314.080,3093,5.33650,0.01675,0.08939,3.297,3.297,947.3,2.75712,0.51668
1789864314.090,3094,5.33650,0.01675,0.08939,3.296,3.296,947.3,2.75801,0.51684
1789864314.100,3095,5.33650,0.01675,0.08939,3.296,3.296,947.3,2.75891,0.51701
1789864314.110,3096,5.33650,0.01675,0.08939,3.297,3.297,947.3,2.75980,0.51718
1789864314.120,3097,5.33650,0.01675,0.08939,3.298,3.298,947.3,2.76069,0.51735
1789864314.130,3098,5.33650,0.01675,0.08939,3.296,3.297,947.3,2.76159,0.51751
1789864314.140,3099,5.33650,0.01675,0.08939,3.291,3.292,947.3,2.76248,0.51768
1789864314.150,3100,5.33650,0.01675,0.08939,3.290,3.291,947.3,2.76338,0.51785
1789864314.160,3101,5.33650,0.01675,0.08939,3.288,3.289,947.3,2.76427,0.51802
1789864314.170,3102,5.33650,0.01675,0.08939,3.287,3.287,947.3,2.76516,0.51818
1789864314.180,3103,5.33650,0.01675,0.08939,3.285,3.286,947.3,2.76605,0.51835
1789864314.190,3104,5.33650,0.01675,0.08939,3.284,3.284,947.3,2.76695,0.51852
1789864314.200,3105,5.33650,0.01675,0.08939,3.289,3.289,947.3,2.76784,0.51869
1789864314.210,3106,5.33650,0.01675,0.08939,3.291,3.291,947.3,2.76874,0.51885
1789864314.220,3107,5.33650,0.01675,0.08939,3.291,3.291,947.3,2.76963,0.51902
1789864314.230,3108,5.33650,0.01675,0.08939,3.293,3.293,947.3,2.77053,0.51919
1789864314.240,3109,5.33650,0.01675,0.08939,3.294,3.295,947.3,2.77142,0.51936
1789864314.250,3110,5.33650,0.01675,0.08939,3.295,3.294,947.3,2.77232,0.51953
1789864314.260,3111,5.33650,0.01675,0.08939,3.294,3.294,947.3,2.77322,0.51969
1789864314.270,3112,5.33650,0.01675,0.08939,3.294,3.294,947.3,2.77411,0.51986
1789864314.280,3113,5.33650,0.01676,0.08944,3.294,3.294,947.3,2.77500,0.52003
1789864314.290,3114,5.33650,0.01676,0.08944,3.293,3.293,947.3,2.77589,0.52019
1789864314.300,3115,5.33650,0.01676,0.08944,3.293,3.293,947.3,2.77678,0.52036
1789864314.310,3116,5.33650,0.01676,0.08944,3.294,3.294,947.3,2.77768,0.52053
1789864314.320,3117,5.33650,0.01676,0.08944,3.294,3.295,947.3,2.77858,0.52070
1789864314.330,3118,5.33650,0.01676,0.08944,3.295,3.295,947.3,2.77947,0.52087
1789864314.340,3119,5.33650,0.01676,0.08944,3.295,3.296,947.3,2.78037,0.52103
1789864314.350,3120,5.33650,0.01676,0.08944,3.295,3.296,947.3,2.78126,0.52120
1789864314.360,3121,5.33650,0.01676,0.08944,3.296,3.296,947.3,2.78215,0.52137
1789864314.370,3122,5.33650,0.01676,0.08944,3.296,3.297,947.3,2.78304,0.52153
1789864314.380,3123,5.33642,0.01677,0.08949,3.297,3.298,947.3,2.78393,0.52170
1789864314.390,3124,5.33642,0.01677,0.08949,3.298,3.298,947.3,2.78483,0.52187
1789864314.400,3125,5.33642,0.01677,0.08949,3.299,3.299,947.3,2.78572,0.52204
1789864314.410,3126,5.33642,0.01677,0.08949,3.299,3.299,947.3,2.78662,0.52220
1789864314.420,3127,5.33642,0.01677,0.08949,3.299,3.299,947.3,2.78751,0.52237
1789864314.430,3128,5.33642,0.01677,0.08949,3.299,3.299,947.3,2.78841,0.52254
1789864314.440,3129,5.33642,0.01677,0.08949,3.299,3.299,947.3,2.78930,0.52271
1789864314.450,3130,5.33642,0.01677,0.08949,3.299,3.299,947.3,2.79020,0.52287
1789864314.460,3131,5.33642,0.01677,0.08949,3.299,3.299,947.3,2.79109,0.52304
1789864314.470,3132,5.33642,0.01677,0.08949,3.297,3.298,947.3,2.79199,0.52321
1789864314.480,3133,5.33646,0.01677,0.08949,3.295,3.295,947.3,2.79288,0.52338
1789864314.490,3134,5.33646,0.01677,0.08949,3.292,3.291,947.3,2.79378,0.52355
1789864314.500,3135,5.33646,0.01677,0.08949,3.292,3.291,947.3,2.79468,0.52371
1789864314.510,3136,5.33646,0.01677,0.08949,3.292,3.292,947.3,2.79557,0.52388
1789864314.520,3137,5.33646,0.01677,0.08949,3.291,3.291,947.3,2.79647,0.52405
1789864314.530,3138,5.33646,0.01677,0.08949,3.292,3.292,947.3,2.79736,0.52422
1789864314.540,3139,5.33646,0.01677,0.08949,3.289,3.290,947.3,2.79826,0.52439
1789864314.550,3140,5.33646,0.01677,0.08949,3.289,3.290,947.3,2.79915,0.52455
1789864314.560,3141,5.33646,0.01677,0.08949,3.287,3.288,947.3,2.80005,0.52472
1789864314.570,3142,5.33646,0.01677,0.08949,3.287,3.287,947.3,2.80094,0.52489
1789864314.580,3143,5.33646,0.01677,0.08949,3.286,3.286,947.3,2.80184,0.52506
1789864314.590,3144,5.33646,0.01677,0.08949,3.286,3.286,947.3,2.80273,0.52522
1789864314.600,3145,5.33646,0.01677,0.08949,3.291,3.290,947.3,2.80363,0.52539
1789864314.610,3146,5.33646,0.01677,0.08949,3.293,3.293,947.3,2.80452,0.52556
1789864314.620,3147,5.33646,0.01677,0.08949,3.294,3.294,947.3,2.80542,0.52573
1789864314.630,3148,5.33646,0.01677,0.08949,3.294,3.295,947.3,2.80631,0.52589
1789864314.640,3149,5.33646,0.01677,0.08949,3.295,3.295,947.3,2.80721,0.52606
1789864314.650,3150,5.33646,0.01677,0.08949,3.295,3.295,947.3,2.80810,0.52623
1789864314.660,3151,5.33646,0.01677,0.08949,3.295,3.295,947.3,2.80900,0.52640
1789864314.670,3152,5.33646,0.01677,0.08949,3.294,3.295,947.3,2.80989,0.52657
1789864314.680,3153,5.33650,0.01677,0.08949,3.293,3.294,947.3,2.81079,0.52673
1789864314.690,3154,5.33650,0.01677,0.08949,3.294,3.294,947.3,2.81168,0.52690
1789864314.700,3155,5.33650,0.01677,0.08949,3.294,3.294,947.3,2.81258,0.52707
1789864314.710,3156,5.33650,0.01677,0.08949,3.294,3.293,947.3,2.81347,0.52724
1789864314.720,3157,5.33650,0.01677,0.08949,3.293,3.294,947.3,2.81437,0.52740
1789864314.730,3158,5.33650,0.01677,0.08949,3.294,3.295,947.3,2.81526,0.52757
1789864314.740,3159,5.33650,0.01677,0.08949,3.295,3.295,947.3,2.81616,0.52774
1789864314.750,3160,5.33650,0.01677,0.08949,3.295,3.295,947.3,2.81705,0.52791
1789864314.760,3161,5.33650,0.01677,0.08949,3.295,3.296,947.3,2.81795,0.52808
1789864314.770,3162,5.33650,0.01677,0.08949,3.297,3.297,947.3,2.81884,0.52824
1789864314.780,3163,5.33654,0.01677,0.08949,3.297,3.297,947.3,2.81974,0.52841
1789864314.790,3164,5.33654,0.01677,0.08949,3.298,3.298,947.3,2.82063,0.52858
1789864314.800,3165,5.33654,0.01677,0.08949,3.299,3.299,947.3,2.82152,0.52875
1789864314.810,3166,5.33654,0.01677,0.08949,3.299,3.299,947.3,2.82242,0.52891
1789864314.820,3167,5.33654,0.01677,0.08949,3.299,3.299,947.3,2.82331,0.52908
1789864314.830,3168,5.33654,0.01677,0.08949,3.298,3.299,947.3,2.82421,0.52925
1789864314.840,3169,5.33654,0.01677,0.08949,3.299,3.299,947.3,2.82510,0.52942
1789864314.850,3170,5.33654,0.01677,0.08949,3.299,3.299,947.3,2.82600,0.52958
1789864314.860,3171,5.33654,0.01677,0.08949,3.298,3.298,947.3,2.82689,0.52975
1789864314.870,3172,5.33654,0.01677,0.08949,3.298,3.298,947.3,2.82779,0.52992
1789864314.880,3173,5.33665,0.01678,0.08955,3.295,3.296,947.3,2.82868,0.53009
1789864314.890,3174,5.33665,0.01678,0.08955,3.292,3.292,947.3,2.82958,0.53025
1789864314.900,3175,5.33665,0.01678,0.08955,3.292,3.291,947.3,2.83048,0.53042
1789864314.910,3176,5.33665,0.01678,0.08955,3.292,3.291,947.3,2.83137,0.53059
1789864314.920,3177,5.33665,0.01678,0.08955,3.292,3.291,947.3,2.83227,0.53076
1789864314.930,3178,5.33665,0.01678,0.08955,3.291,3.291,947.3,2.83317,0.53093
1789864314.940,3179,5.33665,0.01678,0.08955,3.290,3.289,947.3,2.83406,0.53109
1789864314.950,3180,5.33665,0.01678,0.08955,3.291,3.290,947.3,2.83496,0.53126
1789864314.960,3181,5.33665,0.01678,0.08955,3.289,3.289,947.3,2.83585,0.53143
1789864314.970,3182,5.33665,0.01678,0.08955,3.288,3.288,947.3,2.83674,0.53160
1789864314.980,3183,5.33681,0.01678,0.08955,3.287,3.287,947.3,2.83763,0.53176
1789864314.990,3184,5.33681,0.01678,0.08955,3.287,3.286,947.3,2.83853,0.53193
1789864315.000,3185,5.33681,0.01678,0.08955,3.291,3.290,947.3,2.83943,0.53210
1789864315.010,3186,5.33681,0.01678,0.08955,3.291,3.291,947.3,2.84032,0.53227
1789864315.020,3187,5.33681,0.01678,0.08955,3.292,3.292,947.3,2.84122,0.53244
1789864315.030,3188,5.33681,0.01678,0.08955,3.293,3.292,947.3,2.84212,0.53260
1789864315.040,3189,5.33681,0.01678,0.08955,3.295,3.295,947.3,2.84301,0.53277
1789864315.050,3190,5.33681,0.01678,0.08955,3.295,3.295,947.3,2.84391,0.53294
1789864315.060,3191,5.33681,0.01678,0.08955,3.294,3.295,947.3,2.84480,0.53311
1789864315.070,3192,5.33681,0.01678,0.08955,3.295,3.295,947.3,2.84570,0.53328
1789864315.080,3193,5.33685,0.01677,0.08950,3.295,3.295,947.3,2.84660,0.53344
1789864315.090,3194,5.33685,0.01677,0.08950,3.295,3.295,947.3,2.84749,0.53361
1789864315.100,3195,5.33685,0.01677,0.08950,3.294,3.295,947.3,2.84839,0.53378
1789864315.110,3196,5.33685,0.01677,0.08950,3.294,3.295,947.3,2.84929,0.53395
1789864315.120,3197,5.33685,0.01677,0.08950,3.295,3.294,947.3,2.85018,0.53412
1789864315.130,3198,5.33685,0.01677,0.08950,3.295,3.295,947.3,2.85108,0.53428
1789864315.140,3199,5.33685,0.01677,0.08950,3.295,3.295,947.3,2.85197,0.53445
1789864315.150,3200,5.33685,0.01677,0.08950,3.295,3.295,947.3,2.85286,0.53462
1789864315.160,3201,5.33685,0.01677,0.08950,3.295,3.295,947.3,2.85376,0.53479
1789864315.170,3202,5.33685,0.01677,0.08950,3.296,3.296,947.3,2.85465,0.53495
1789864315.180,3203,5.33689,0.01678,0.08955,3.296,3.297,947.3,2.85555,0.53512
1789864315.190,3204,5.33689,0.01678,0.08955,3.298,3.298,947.3,2.85644,0.53529
1789864315.200,3205,5.33689,0.01678,0.08955,3.298,3.298,947.3,2.85734,0.53546
1789864315.210,3206,5.33689,0.01678,0.08955,3.299,3.299,947.3,2.85823,0.53562
1789864315.220,3207,5.33689,0.01678,0.08955,3.299,3.299,947.3,2.85913,0.53579
1789864315.230,3208,5.33689,0.01678,0.08955,3.299,3.299,947.3,2.86002,0.53596
1789864315.240,3209,5.33689,0.01678,0.08955,3.299,3.299,947.3,2.86092,0.53613
1789864315.250,3210,5.33689,0.01678,0.08955,3.299,3.299,947.3,2.86182,0.53630
1789864315.260,3211,5.33689,0.01678,0.08955,3.299,3.299,947.3,2.86272,0.53647
1789864315.270,3212,5.33689,0.01678,0.08955,3.298,3.298,947.3,2.86361,0.53663
1789864315.280,3213,5.33685,0.01678,0.08955,3.296,3.296,947.3,2.86451,0.53680
1789864315.290,3214,5.33685,0.01678,0.08955,3.292,3.292,947.3,2.86540,0.53697
1789864315.300,3215,5.33685,0.01678,0.08955,3.292,3.292,947.3,2.86629,0.53713
1789864315.310,3216,5.33685,0.01678,0.08955,3.293,3.292,947.3,2.86718,0.53730
1789864315.320,3217,5.33685,0.01678,0.08955,3.293,3.292,947.3,2.86808,0.53747
1789864315.330,3218,5.33685,0.01678,0.08955,3.293,3.293,947.3,2.86897,0.53764
1789864315.340,3219,5.33685,0.01678,0.08955,3.291,3.291,947.3,2.86987,0.53780
1789864315.350,3220,5.33685,0.01678,0.08955,3.293,3.293,947.3,2.87077,0.53797
1789864315.360,3221,5.33685,0.01678,0.08955,3.292,3.292,947.3,2.87167,0.53814
1789864315.370,3222,5.33685,0.01678,0.08955,3.291,3.291,947.3,2.87256,0.53831
1789864315.380,3223,5.33689,0.01677,0.08950,3.290,3.291,947.3,2.87346,0.53848
1789864315.390,3224,5.33689,0.01677,0.08950,3.289,3.289,947.3,2.87435,0.53864
1789864315.400,3225,5.33689,0.01677,0.08950,3.292,3.291,947.3,2.87525,0.53881
1789864315.410,3226,5.33689,0.01677,0.08950,3.293,3.293,947.3,2.87614,0.53898
1789864315.420,3227,5.33689,0.01677,0.08950,3.294,3.294,947.3,2.87703,0.53915
1789864315.430,3228,5.33689,0.01677,0.08950,3.294,3.295,947.3,2.87793,0.53931
1789864315.440,3229,5.33689,0.01677,0.08950,3.295,3.295,947.3,2.87882,0.53948
1789864315.450,3230,5.33689,0.01677,0.08950,3.295,3.295,947.3,2.87971,0.53965
1789864315.460,3231,5.33689,0.01677,0.08950,3.295,3.295,947.3,2.88061,0.53982
1789864315.470,3232,5.33689,0.01677,0.08950,3.295,3.295,947.3,2.88150,0.53998
1789864315.480,3233,5.33693,0.01678,0.08955,3.295,3.295,947.3,2.88240,0.54015
1789864315.490,3234,5.33693,0.01678,0.08955,3.295,3.295,947.3,2.88330,0.54032
1789864315.500,3235,5.33693,0.01678,0.08955,3.294,3.294,947.3,2.88420,0.54049
1789864315.510,3236,5.33693,0.01678,0.08955,3.294,3.295,947.3,2.88509,0.54066
1789864315.520,3237,5.33693,0.01678,0.08955,3.295,3.295,947.3,2.88599,0.54082
1789864315.530,3238,5.33693,0.01678,0.08955,3.295,3.295,947.3,2.88688,0.54099
1789864315.540,3239,5.33693,0.01678,0.08955,3.295,3.295,947.3,2.88778,0.54116
1789864315.550,3240,5.33693,0.01678,0.08955,3.296,3.296,947.3,2.88867,0.54133
1789864315.560,3241,5.33693,0.01678,0.08955,3.297,3.297,947.3,2.88956,0.54149
1789864315.570,3242,5.33693,0.01678,0.08955,3.297,3.297,947.3,2.89046,0.54166
1789864315.580,3243,5.33693,0.01678,0.08955,3.297,3.296,947.3,2.89135,0.54183
1789864315.590,3244,5.33693,0.01678,0.08955,3.297,3.296,947.3,2.89225,0.54200
1789864315.600,3245,5.33693,0.01678,0.08955,3.297,3.296,947.3,2.89315,0.54217
1789864315.610,3246,5.33693,0.01678,0.08955,3.297,3.296,947.3,2.89405,0.54233
1789864315.620,3247,5.33693,0.01678,0.08955,3.297,3.297,947.3,2.89494,0.54250
1789864315.630,3248,5.33693,0.01678,0.08955,3.297,3.297,947.3,2.89584,0.54267
1789864315.640,3249,5.33693,0.01678,0.08955,3.298,3.298,947.3,2.89673,0.54284
1789864315.650,3250,5.33693,0.01678,0.08955,3.298,3.298,947.3,2.89763,0.54301
1789864315.660,3251,5.33693,0.01678,0.08955,3.298,3.298,947.3,2.89853,0.54317
1789864315.670,3252,5.33693,0.01678,0.08955,3.298,3.298,947.3,2.89942,0.54334
1789864315.680,3253,5.33693,0.01679,0.08961,3.295,3.296,947.3,2.90031,0.54351
1789864315.690,3254,5.33693,0.01679,0.08961,3.292,3.293,947.3,2.90121,0.54368
1789864315.700,3255,5.33693,0.01679,0.08961,3.292,3.292,947.3,2.90210,0.54384
1789864315.710,3256,5.33693,0.01679,0.08961,3.293,3.293,947.3,2.90300,0.54401
1789864315.720,3257,5.33693,0.01679,0.08961,3.293,3.293,947.3,2.90390,0.54418
1789864315.730,3258,5.33693,0.01679,0.08961,3.293,3.293,947.3,2.90479,0.54435
1789864315.740,3259,5.33693,0.01679,0.08961,3.292,3.293,947.3,2.90569,0.54452
1789864315.750,3260,5.33693,0.01679,0.08961,3.293,3.293,947.3,2.90659,0.54468
1789864315.760,3261,5.33693,0.01679,0.08961,3.291,3.291,947.3,2.90748,0.54485
1789864315.770,3262,5.33693,0.01679,0.08961,3.291,3.291,947.3,2.90838,0.54502
1789864315.780,3263,5.33693,0.01678,0.08955,3.290,3.290,947.3,2.90928,0.54519
1789864315.790,3264,5.33693,0.01678,0.08955,3.290,3.290,947.3,2.91017,0.54536
1789864315.800,3265,5.33693,0.01678,0.08955,3.291,3.291,947.3,2.91107,0.54552
1789864315.810,3266,5.33693,0.01678,0.08955,3.294,3.294,947.3,2.91197,0.54569
1789864315.820,3267,5.33693,0.01678,0.08955,3.295,3.295,947.3,2.91286,0.54586
1789864315.830,3268,5.33693,0.01678,0.08955,3.294,3.294,947.3,2.91376,0.54603
1789864315.840,3269,5.33693,0.01678,0.08955,3.295,3.295,947.3,2.91465,0.54620
1789864315.850,3270,5.33693,0.01678,0.08955,3.295,3.295,947.3,2.91555,0.54636
1789864315.860,3271,5.33693,0.01678,0.08955,3.295,3.295,947.3,2.91644,0.54653
1789864315.870,3272,5.33693,0.01678,0.08955,3.295,3.295,947.3,2.91734,0.54670
1789864315.880,3273,5.33696,0.01677,0.08950,3.295,3.295,947.3,2.91823,0.54687
1789864315.890,3274,5.33696,0.01677,0.08950,3.295,3.295,947.3,2.91913,0.54703
1789864315.900,3275,5.33696,0.01677,0.08950,3.295,3.295,947.3,2.92002,0.54720
1789864315.910,3276,5.33696,0.01677,0.08950,3.295,3.295,947.3,2.92092,0.54737
1789864315.920,3277,5.33696,0.01677,0.08950,3.295,3.295,947.3,2.92181,0.54754
1789864315.930,3278,5.33696,0.01677,0.08950,3.295,3.295,947.3,2.92270,0.54770
1789864315.940,3279,5.33696,0.01677,0.08950,3.295,3.295,947.3,2.92360,0.54787
1789864315.950,3280,5.33696,0.01677,0.08950,3.295,3.295,947.3,2.92449,0.54804
1789864315.960,3281,5.33696,0.01677,0.08950,3.296,3.296,947.3,2.92539,0.54821
1789864315.970,3282,5.33696,0.01677,0.08950,3.297,3.297,947.3,2.92629,0.54838
1789864315.980,3283,5.33689,0.01678,0.08955,3.297,3.296,947.3,2.92718,0.54854
1789864315.990,3284,5.33689,0.01678,0.08955,3.297,3.297,947.3,2.92808,0.54871
1789864316.000,3285,5.33689,0.01678,0.08955,3.298,3.298,947.3,2.92897,0.54888
1789864316.010,3286,5.33689,0.01678,0.08955,3.299,3.298,947.3,2.92987,0.54905
1789864316.020,3287,5.33689,0.01678,0.08955,3.299,3.299,947.3,2.93076,0.54921
1789864316.030,3288,5.33689,0.01678,0.08955,3.299,3.299,947.3,2.93166,0.54938
1789864316.040,3289,5.33689,0.01678,0.08955,3.299,3.299,947.3,2.93256,0.54955
1789864316.050,3290,5.33689,0.01678,0.08955,3.298,3.298,947.3,2.93345,0.54972
1789864316.060,3291,5.33689,0.01678,0.08955,3.298,3.298,947.3,2.93435,0.54989
1789864316.070,3292,5.33689,0.01678,0.08955,3.298,3.298,947.3,2.93524,0.55005
1789864316.080,3293,5.33681,0.01679,0.08961,3.298,3.298,947.3,2.93614,0.55022
1789864316.090,3294,5.33681,0.01679,0.08961,3.296,3.297,947.3,2.93704,0.55039
1789864316.100,3295,5.33681,0.01679,0.08961,3.296,3.297,947.3,2.93794,0.55056
1789864316.110,3296,5.33681,0.01679,0.08961,3.297,3.298,947.3,2.93883,0.55073
1789864316.120,3297,5.33681,0.01679,0.08961,3.297,3.298,947.3,2.93973,0.55089
1789864316.130,3298,5.33681,0.01679,0.08961,3.297,3.297,947.3,2.94062,0.55106
1789864316.140,3299,5.33681,0.01679,0.08961,3.294,3.295,947.3,2.94152,0.55123
1789864316.150,3300,5.33681,0.01679,0.08961,3.291,3.291,947.3,2.94241,0.55140
1789864316.160,3301,5.33681,0.01679,0.08961,3.288,3.288,947.3,2.94331,0.55157
1789864316.170,3302,5.33681,0.01679,0.08961,3.287,3.287,947.3,2.94420,0.55173
1789864316.180,3303,5.33681,0.01679,0.08961,3.286,3.287,947.3,2.94510,0.55190
1789864316.190,3304,5.33681,0.01679,0.08961,3.285,3.286,947.3,2.94599,0.55207
1789864316.200,3305,5.33681,0.01679,0.08961,3.289,3.288,947.3,2.94689,0.55224
1789864316.210,3306,5.33681,0.01679,0.08961,3.291,3.292,947.3,2.94778,0.55240
1789864316.220,3307,5.33681,0.01679,0.08961,3.293,3.293,947.3,2.94867,0.55257
1789864316.230,3308,5.33681,0.01679,0.08961,3.293,3.293,947.3,2.94957,0.55274
1789864316.240,3309,5.33681,0.01679,0.08961,3.294,3.294,947.3,2.95047,0.55291
1789864316.250,3310,5.33681,0.01679,0.08961,3.294,3.294,947.3,2.95137,0.55308
1789864316.260,3311,5.33681,0.01679,0.08961,3.293,3.293,947.3,2.95228,0.55325
1789864316.270,3312,5.33681,0.01679,0.08961,3.295,3.295,947.3,2.95317,0.55341
1789864316.280,3313,5.33685,0.01679,0.08961,3.295,3.295,947.3,2.95407,0.55358
1789864316.290,3314,5.33685,0.01679,0.08961,3.291,3.293,947.3,2.95496,0.55375
1789864316.300,3315,5.33685,0.01679,0.08961,3.291,3.294,947.3,2.95586,0.55392
1789864316.310,3316,5.33685,0.01679,0.08961,3.291,3.293,947.3,2.95675,0.55408
1789864316.320,3317,5.33685,0.01679,0.08961,3.291,3.293,947.3,2.95765,0.55425
1789864316.330,3318,5.33685,0.01679,0.08961,3.291,3.292,947.3,2.95855,0.55442
1789864316.340,3319,5.33685,0.01679,0.08961,3.291,3.292,947.3,2.95944,0.55459
1789864316.350,3320,5.33685,0.01679,0.08961,3.293,3.294,947.3,2.96034,0.55476
1789864316.360,3321,5.33685,0.01679,0.08961,3.294,3.294,947.3,2.96123,0.55492
1789864316.370,3322,5.33685,0.01679,0.08961,3.295,3.295,947.3,2.96213,0.55509
1789864316.380,3323,5.33685,0.01679,0.08961,3.297,3.297,947.3,2.96302,0.55526
1789864316.390,3324,5.33685,0.01679,0.08961,3.298,3.297,947.3,2.96392,0.55543
1789864316.400,3325,5.33685,0.01679,0.08961,3.299,3.298,947.3,2.96481,0.55559
1789864316.410,3326,5.33685,0.01679,0.08961,3.299,3.299,947.3,2.96570,0.55576
1789864316.420,3327,5.33685,0.01679,0.08961,3.299,3.299,947.3,2.96659,0.55593
1789864316.430,3328,5.33685,0.01679,0.08961,3.299,3.299,947.3,2.96749,0.55610
1789864316.440,3329,5.33685,0.01679,0.08961,3.299,3.299,947.3,2.96839,0.55626
1789864316.450,3330,5.33685,0.01679,0.08961,3.298,3.299,947.3,2.96929,0.55643
1789864316.460,3331,5.33685,0.01679,0.08961,3.298,3.298,947.3,2.97018,0.55660
1789864316.470,3332,5.33685,0.01679,0.08961,3.298,3.298,947.3,2.97108,0.55677
1789864316.480,3333,5.33677,0.01678,0.08955,3.296,3.297,947.3,2.97198,0.55694
1789864316.490,3334,5.33677,0.01678,0.08955,3.292,3.293,947.3,2.97287,0.55710
1789864316.500,3335,5.33677,0.01678,0.08955,3.291,3.291,947.3,2.97377,0.55727
1789864316.510,3336,5.33677,0.01678,0.08955,3.291,3.292,947.3,2.97466,0.55744
1789864316.520,3337,5.33677,0.01678,0.08955,3.291,3.291,947.3,2.97556,0.55761
1789864316.530,3338,5.33677,0.01678,0.08955,3.291,3.291,947.3,2.97646,0.55778
1789864316.540,3339,5.33677,0.01678,0.08955,3.290,3.291,947.3,2.97735,0.55794
1789864316.550,3340,5.33677,0.01678,0.08955,3.289,3.289,947.3,2.97825,0.55811
1789864316.560,3341,5.33677,0.01678,0.08955,3.289,3.289,947.3,2.97915,0.55828
1789864316.570,3342,5.33677,0.01678,0.08955,3.288,3.288,947.3,2.98004,0.55845
1789864316.580,3343,5.33685,0.01677,0.08950,3.287,3.287,947.3,2.98094,0.55862
1789864316.590,3344,5.33685,0.01677,0.08950,3.287,3.287,947.3,2.98183,0.55878
1789864316.600,3345,5.33685,0.01677,0.08950,3.289,3.288,947.3,2.98272,0.55895
1789864316.610,3346,5.33685,0.01677,0.08950,3.293,3.293,947.3,2.98362,0.55912
1789864316.620,3347,5.33685,0.01677,0.08950,3.294,3.295,947.3,2.98451,0.55929
1789864316.630,3348,5.33685,0.01677,0.08950,3.293,3.293,947.3,2.98541,0.55945
1789864316.640,3349,5.33685,0.01677,0.08950,3.293,3.294,947.3,2.98631,0.55962
1789864316.650,3350,5.33685,0.01677,0.08950,3.294,3.294,947.3,2.98721,0.55979
1789864316.660,3351,5.33685,0.01677,0.08950,3.294,3.294,947.3,2.98810,0.55996
1789864316.670,3352,5.33685,0.01677,0.08950,3.294,3.294,947.3,2.98899,0.56013
1789864316.680,3353,5.33685,0.01678,0.08955,3.294,3.294,947.3,2.98989,0.56029
1789864316.690,3354,5.33685,0.01678,0.08955,3.295,3.295,947.3,2.99078,0.56046
1789864316.700,3355,5.33685,0.01678,0.08955,3.294,3.295,947.3,2.99167,0.56063
1789864316.710,3356,5.33685,0.01678,0.08955,3.295,3.295,947.3,2.99257,0.56080
1789864316.720,3357,5.33685,0.01678,0.08955,3.293,3.295,947.3,2.99347,0.56096
1789864316.730,3358,5.33685,0.01678,0.08955,3.292,3.294,947.3,2.99437,0.56113
1789864316.740,3359,5.33685,0.01678,0.08955,3.293,3.294,947.3,2.99526,0.56130
1789864316.750,3360,5.33685,0.01678,0.08955,3.292,3.294,947.3,2.99616,0.56147
1789864316.760,3361,5.33685,0.01678,0.08955,3.294,3.294,947.3,2.99705,0.56164
1789864316.770,3362,5.33685,0.01678,0.08955,3.294,3.294,947.3,2.99795,0.56180
1789864316.780,3363,5.33685,0.01677,0.08950,3.295,3.295,947.3,2.99884,0.56197
1789864316.790,3364,5.33685,0.01677,0.08950,3.297,3.297,947.3,2.99973,0.56214
1789864316.800,3365,5.33685,0.01677,0.08950,3.297,3.297,947.3,3.00063,0.56231
1789864316.810,3366,5.33685,0.01677,0.08950,3.298,3.298,947.3,3.00152,0.56247
1789864316.820,3367,5.33685,0.01677,0.08950,3.299,3.299,947.3,3.00242,0.56264
1789864316.830,3368,5.33685,0.01677,0.08950,3.299,3.299,947.3,3.00331,0.56281
1789864316.840,3369,5.33685,0.01677,0.08950,3.299,3.299,947.3,3.00421,0.56298
1789864316.850,3370,5.33685,0.01677,0.08950,3.298,3.299,947.3,3.00510,0.56314
1789864316.860,3371,5.33685,0.01677,0.08950,3.297,3.298,947.3,3.00600,0.56331
1789864316.870,3372,5.33685,0.01677,0.08950,3.297,3.298,947.3,3.00689,0.56348
1789864316.880,3373,5.33689,0.01677,0.08950,3.296,3.297,947.3,3.00779,0.56365
1789864316.890,3374,5.33689,0.01677,0.08950,3.292,3.294,947.3,3.00869,0.56382
1789864316.900,3375,5.33689,0.01677,0.08950,3.291,3.292,947.3,3.00958,0.56398
1789864316.910,3376,5.33689,0.01677,0.08950,3.291,3.292,947.3,3.01048,0.56415
1789864316.920,3377,5.33689,0.01677,0.08950,3.292,3.293,947.3,3.01137,0.56432
1789864316.930,3378,5.33689,0.01677,0.08950,3.292,3.292,947.3,3.01227,0.56449
1789864316.940,3379,5.33689,0.01677,0.08950,3.291,3.293,947.3,3.01316,0.56465
1789864316.950,3380,5.33689,0.01677,0.08950,3.291,3.291,947.3,3.01406,0.56482
1789864316.960,3381,5.33689,0.01677,0.08950,3.291,3.291,947.3,3.01495,0.56499
1789864316.970,3382,5.33689,0.01677,0.08950,3.291,3.291,947.3,3.01585,0.56516
1789864316.980,3383,5.33689,0.01677,0.08950,3.290,3.290,947.3,3.01674,0.56532
1789864316.990,3384,5.33689,0.01677,0.08950,3.289,3.289,947.3,3.01764,0.56549
1789864317.000,3385,5.33689,0.01677,0.08950,3.289,3.289,947.3,3.01853,0.56566
1789864317.010,3386,5.33689,0.01677,0.08950,3.292,3.293,947.3,3.01943,0.56583
1789864317.020,3387,5.33689,0.01677,0.08950,3.292,3.293,947.3,3.02032,0.56600
1789864317.030,3388,5.33689,0.01677,0.08950,3.292,3.292,947.3,3.02121,0.56616
1789864317.040,3389,5.33689,0.01677,0.08950,3.292,3.292,947.3,3.02211,0.56633
1789864317.050,3390,5.33689,0.01677,0.08950,3.293,3.294,947.3,3.02300,0.56650
1789864317.060,3391,5.33689,0.01677,0.08950,3.294,3.295,947.3,3.02389,0.56666
1789864317.070,3392,5.33689,0.01677,0.08950,3.295,3.295,947.3,3.02479,0.56683
1789864317.080,3393,5.33693,0.01677,0.08950,3.297,3.297,947.3,3.02569,0.56700
1789864317.090,3394,5.33693,0.01677,0.08950,3.297,3.298,947.3,3.02659,0.56717
1789864317.100,3395,5.33693,0.01677,0.08950,3.297,3.298,947.3,3.02748,0.56734
1789864317.110,3396,5.33693,0.01677,0.08950,3.296,3.296,947.3,3.02838,0.56750
1789864317.120,3397,5.33693,0.01677,0.08950,3.295,3.296,947.3,3.02927,0.56767
1789864317.130,3398,5.33693,0.01677,0.08950,3.294,3.295,947.3,3.03016,0.56784
1789864317.140,3399,5.33693,0.01677,0.08950,3.293,3.294,947.3,3.03105,0.56801
1789864317.150,3400,5.33693,0.01677,0.08950,3.292,3.293,947.3,3.03195,0.56817
1789864317.160,3401,5.33693,0.01677,0.08950,3.293,3.294,947.3,3.03285,0.56834
1789864317.170,3402,5.33693,0.01677,0.08950,3.295,3.295,947.3,3.03375,0.56851
1789864317.180,3403,5.33696,0.01677,0.08950,3.295,3.295,947.3,3.03465,0.56868
1789864317.190,3404,5.33696,0.01677,0.08950,3.297,3.297,947.3,3.03555,0.56885
1789864317.200,3405,5.33696,0.01677,0.08950,3.298,3.299,947.3,3.03644,0.56902
1789864317.210,3406,5.33696,0.01677,0.08950,3.299,3.299,947.3,3.03733,0.56918
1789864317.220,3407,5.33696,0.01677,0.08950,3.299,3.299,947.3,3.03822,0.56935
1789864317.230,3408,5.33696,0.01677,0.08950,3.299,3.299,947.3,3.03912,0.56952
1789864317.240,3409,5.33696,0.01677,0.08950,3.299,3.299,947.3,3.04001,0.56969
1789864317.250,3410,5.33696,0.01677,0.08950,3.298,3.298,947.3,3.04091,0.56985
1789864317.260,3411,5.33696,0.01677,0.08950,3.297,3.298,947.3,3.04180,0.57002
1789864317.270,3412,5.33696,0.01677,0.08950,3.297,3.298,947.3,3.04270,0.57019
1789864317.280,3413,5.33708,0.01677,0.08950,3.296,3.298,947.3,3.04359,0.57036
1789864317.290,3414,5.33708,0.01677,0.08950,3.293,3.295,947.3,3.04449,0.57052
1789864317.300,3415,5.33708,0.01677,0.08950,3.291,3.292,947.3,3.04538,0.57069
1789864317.310,3416,5.33708,0.01677,0.08950,3.291,3.292,947.3,3.04627,0.57086
1789864317.320,3417,5.33708,0.01677,0.08950,3.292,3.293,947.3,3.04717,0.57103
1789864317.330,3418,5.33708,0.01677,0.08950,3.292,3.292,947.3,3.04806,0.57119
1789864317.340,3419,5.33708,0.01677,0.08950,3.291,3.291,947.3,3.04896,0.57136
1789864317.350,3420,5.33708,0.01677,0.08950,3.289,3.289,947.3,3.04985,0.57153
1789864317.360,3421,5.33708,0.01677,0.08950,3.288,3.289,947.3,3.05075,0.57170
1789864317.370,3422,5.33708,0.01677,0.08950,3.287,3.287,947.3,3.05165,0.57187
1789864317.380,3423,5.33708,0.01677,0.08950,3.285,3.286,947.3,3.05255,0.57203
1789864317.390,3424,5.33708,0.01677,0.08950,3.284,3.285,947.3,3.05344,0.57220
1789864317.400,3425,5.33708,0.01677,0.08950,3.286,3.285,947.3,3.05433,0.57237
1789864317.410,3426,5.33708,0.01677,0.08950,3.290,3.290,947.3,3.05522,0.57253
1789864317.420,3427,5.33708,0.01677,0.08950,3.291,3.291,947.3,3.05612,0.57270
1789864317.430,3428,5.33708,0.01677,0.08950,3.292,3.292,947.3,3.05701,0.57287
1789864317.440,3429,5.33708,0.01677,0.08950,3.293,3.292,947.3,3.05790,0.57304
1789864317.450,3430,5.33708,0.01677,0.08950,3.293,3.292,947.3,3.05880,0.57320
1789864317.460,3431,5.33708,0.01677,0.08950,3.293,3.292,947.3,3.05969,0.57337
1789864317.470,3432,5.33708,0.01677,0.08950,3.293,3.293,947.3,3.06059,0.57354
1789864317.480,3433,5.33716,0.01677,0.08950,3.294,3.293,947.3,3.06149,0.57371
1789864317.490,3434,5.33716,0.01677,0.08950,3.294,3.294,947.3,3.06238,0.57388
1789864317.500,3435,5.33716,0.01677,0.08950,3.295,3.295,947.3,3.06328,0.57404
1789864317.510,3436,5.33716,0.01677,0.08950,3.295,3.295,947.3,3.06417,0.57421
1789864317.520,3437,5.33716,0.01677,0.08950,3.295,3.295,947.3,3.06506,0.57438
1789864317.530,3438,5.33716,0.01677,0.08950,3.295,3.296,947.3,3.06595,0.57455
1789864317.540,3439,5.33716,0.01677,0.08950,3.295,3.295,947.3,3.06685,0.57471
1789864317.550,3440,5.33716,0.01677,0.08950,3.294,3.295,947.3,3.06774,0.57488
1789864317.560,3441,5.33716,0.01677,0.08950,3.294,3.295,947.3,3.06864,0.57505
1789864317.570,3442,5.33716,0.01677,0.08950,3.294,3.295,947.3,3.06954,0.57522
1789864317.580,3443,5.33728,0.01678,0.08956,3.295,3.295,947.3,3.07044,0.57539
1789864317.590,3444,5.33728,0.01678,0.08956,3.295,3.295,947.3,3.07133,0.57555
1789864317.600,3445,5.33728,0.01678,0.08956,3.295,3.295,947.3,3.07223,0.57572
1789864317.610,3446,5.33728,0.01678,0.08956,3.296,3.296,947.3,3.07313,0.57589
1789864317.620,3447,5.33728,0.01678,0.08956,3.296,3.297,947.3,3.07402,0.57606
1789864317.630,3448,5.33728,0.01678,0.08956,3.296,3.296,947.3,3.07492,0.57622
1789864317.640,3449,5.33728,0.01678,0.08956,3.297,3.297,947.3,3.07581,0.57639
1789864317.650,3450,5.33728,0.01678,0.08956,3.297,3.297,947.3,3.07671,0.57656
1789864317.660,3451,5.33728,0.01678,0.08956,3.297,3.298,947.3,3.07760,0.57673
1789864317.670,3452,5.33728,0.01678,0.08956,3.297,3.297,947.3,3.07849,0.57690
1789864317.680,3453,5.33724,0.01677,0.08951,3.296,3.297,947.3,3.07939,0.57706
1789864317.690,3454,5.33724,0.01677,0.08951,3.294,3.295,947.3,3.08028,0.57723
1789864317.700,3455,5.33724,0.01677,0.08951,3.291,3.291,947.3,3.08118,0.57740
1789864317.710,3456,5.33724,0.01677,0.08951,3.292,3.291,947.3,3.08207,0.57757
1789864317.720,3457,5.33724,0.01677,0.08951,3.292,3.292,947.3,3.08297,0.57773
1789864317.730,3458,5.33724,0.01677,0.08951,3.292,3.292,947.3,3.08387,0.57790
1789864317.740,3459,5.33724,0.01677,0.08951,3.291,3.292,947.3,3.08477,0.57807
1789864317.750,3460,5.33724,0.01677,0.08951,3.291,3.291,947.3,3.08566,0.57824
1789864317.760,3461,5.33724,0.01677,0.08951,3.291,3.291,947.3,3.08656,0.57841
1789864317.770,3462,5.33724,0.01677,0.08951,3.290,3.290,947.3,3.08745,0.57857
1789864317.780,3463,5.33724,0.01677,0.08951,3.289,3.289,947.3,3.08835,0.57874
1789864317.790,3464,5.33724,0.01677,0.08951,3.288,3.289,947.3,3.08924,0.57891
1789864317.800,3465,5.33724,0.01677,0.08951,3.290,3.289,947.3,3.09014,0.57908
1789864317.810,3466,5.33724,0.01677,0.08951,3.293,3.292,947.3,3.09103,0.57924
1789864317.820,3467,5.33724,0.01677,0.08951,3.294,3.294,947.3,3.09193,0.57941
1789864317.830,3468,5.33724,0.01677,0.08951,3.293,3.293,947.3,3.09282,0.57958
1789864317.840,3469,5.33724,0.01677,0.08951,3.293,3.293,947.3,3.09372,0.57975
1789864317.850,3470,5.33724,0.01677,0.08951,3.294,3.294,947.3,3.09461,0.57991
1789864317.860,3471,5.33724,0.01677,0.08951,3.293,3.293,947.3,3.09550,0.58008
1789864317.870,3472,5.33724,0.01677,0.08951,3.293,3.293,947.3,3.09640,0.58025
1789864317.880,3473,5.33712,0.01677,0.08950,3.295,3.294,947.3,3.09730,0.58042
1789864317.890,3474,5.33712,0.01677,0.08950,3.295,3.295,947.3,3.09819,0.58059
1789864317.900,3475,5.33712,0.01677,0.08950,3.296,3.296,947.3,3.09909,0.58075
1789864317.910,3476,5.33712,0.01677,0.08950,3.295,3.295,947.3,3.09998,0.58092
1789864317.920,3477,5.33712,0.01677,0.08950,3.296,3.296,947.3,3.10087,0.58109
1789864317.930,3478,5.33712,0.01677,0.08950,3.295,3.296,947.3,3.10176,0.58125
1789864317.940,3479,5.33712,0.01677,0.08950,3.295,3.296,947.3,3.10265,0.58142
1789864317.950,3480,5.33712,0.01677,0.08950,3.293,3.294,947.3,3.10356,0.58159
1789864317.960,3481,5.33712,0.01677,0.08950,3.293,3.293,947.3,3.10446,0.58176
1789864317.970,3482,5.33712,0.01677,0.08950,3.293,3.294,947.3,3.10536,0.58193
1789864317.980,3483,5.33704,0.01677,0.08950,3.294,3.295,947.3,3.10626,0.58210
1789864317.990,3484,5.33704,0.01677,0.08950,3.295,3.295,947.3,3.10715,0.58226
1789864318.000,3485,5.33704,0.01677,0.08950,3.295,3.295,947.3,3.10804,0.58243
1789864318.010,3486,5.33704,0.01677,0.08950,3.298,3.298,947.3,3.10893,0.58260
1789864318.020,3487,5.33704,0.01677,0.08950,3.299,3.299,947.3,3.10982,0.58276
1789864318.030,3488,5.33704,0.01677,0.08950,3.299,3.299,947.3,3.11072,0.58293
1789864318.040,3489,5.33704,0.01677,0.08950,3.299,3.299,947.3,3.11162,0.58310
1789864318.050,3490,5.33704,0.01677,0.08950,3.299,3.299,947.3,3.11251,0.58327
1789864318.060,3491,5.33704,0.01677,0.08950,3.299,3.299,947.3,3.11341,0.58344
1789864318.070,3492,5.33704,0.01677,0.08950,3.299,3.299,947.3,3.11431,0.58361
1789864318.080,3493,5.33700,0.01677,0.08950,3.298,3.298,947.3,3.11520,0.58377
1789864318.090,3494,5.33700,0.01677,0.08950,3.298,3.298,947.3,3.11610,0.58394
1789864318.100,3495,5.33700,0.01677,0.08950,3.297,3.297,947.3,3.11700,0.58411
1789864318.110,3496,5.33700,0.01677,0.08950,3.297,3.297,947.3,3.11789,0.58428
1789864318.120,3497,5.33700,0.01677,0.08950,3.297,3.297,947.3,3.11878,0.58444
1789864318.130,3498,5.33700,0.01677,0.08950,3.296,3.297,947.3,3.11967,0.58461
1789864318.140,3499,5.33700,0.01677,0.08950,3.295,3.297,947.3,3.12056,0.58478
1789864318.150,3500,5.33700,0.01677,0.08950,3.291,3.291,947.3,3.12146,0.58494
1789864318.160,3501,5.33700,0.01677,0.08950,3.288,3.289,947.3,3.12236,0.58511
1789864318.170,3502,5.33700,0.01677,0.08950,3.287,3.287,947.3,3.12326,0.58528
1789864318.180,3503,5.33696,0.01677,0.08950,3.285,3.286,947.3,3.12416,0.58545
1789864318.190,3504,5.33696,0.01677,0.08950,3.284,3.285,947.3,3.12505,0.58562
1789864318.200,3505,5.33696,0.01677,0.08950,3.284,3.284,947.3,3.12595,0.58579
1789864318.210,3506,5.33696,0.01677,0.08950,3.289,3.288,947.3,3.12684,0.58595
1789864318.220,3507,5.33696,0.01677,0.08950,3.291,3.291,947.3,3.12774,0.58612
1789864318.230,3508,5.33696,0.01677,0.08950,3.291,3.291,947.3,3.12863,0.58629
1789864318.240,3509,5.33696,0.01677,0.08950,3.292,3.292,947.3,3.12952,0.58645
1789864318.250,3510,5.33696,0.01677,0.08950,3.293,3.292,947.3,3.13041,0.58662
1789864318.260,3511,5.33696,0.01677,0.08950,3.293,3.293,947.3,3.13130,0.58679
1789864318.270,3512,5.33696,0.01677,0.08950,3.293,3.293,947.3,3.13219,0.58696
1789864318.280,3513,5.33685,0.01676,0.08945,3.294,3.294,947.3,3.13309,0.58712
1789864318.290,3514,5.33685,0.01676,0.08945,3.294,3.294,947.3,3.13399,0.58729
1789864318.300,3515,5.33685,0.01676,0.08945,3.294,3.294,947.3,3.13489,0.58746
1789864318.310,3516,5.33685,0.01676,0.08945,3.294,3.294,947.3,3.13578,0.58763
1789864318.320,3517,5.33685,0.01676,0.08945,3.295,3.295,947.3,3.13667,0.58780
1789864318.330,3518,5.33685,0.01676,0.08945,3.294,3.295,947.3,3.13757,0.58796
1789864318.340,3519,5.33685,0.01676,0.08945,3.294,3.294,947.3,3.13846,0.58813
1789864318.350,3520,5.33685,0.01676,0.08945,3.294,3.294,947.3,3.13936,0.58830
1789864318.360,3521,5.33685,0.01676,0.08945,3.294,3.294,947.3,3.14025,0.58847
1789864318.370,3522,5.33685,0.01676,0.08945,3.295,3.295,947.3,3.14115,0.58864
1789864318.380,3523,5.33685,0.01677,0.08950,3.295,3.295,947.3,3.14205,0.58880
1789864318.390,3524,5.33685,0.01677,0.08950,3.295,3.296,947.3,3.14294,0.58897
1789864318.400,3525,5.33685,0.01677,0.08950,3.297,3.297,947.3,3.14384,0.58914
1789864318.410,3526,5.33685,0.01677,0.08950,3.298,3.298,947.3,3.14473,0.58931
1789864318.420,3527,5.33685,0.01677,0.08950,3.299,3.299,947.3,3.14563,0.58947
1789864318.430,3528,5.33685,0.01677,0.08950,3.299,3.299,947.3,3.14652,0.58964
1789864318.440,3529,5.33685,0.01677,0.08950,3.299,3.299,947.3,3.14742,0.58981
1789864318.450,3530,5.33685,0.01677,0.08950,3.299,3.299,947.3,3.14831,0.58998
1789864318.460,3531,5.33685,0.01677,0.08950,3.299,3.299,947.3,3.14921,0.59015
1789864318.470,3532,5.33685,0.01677,0.08950,3.299,3.299,947.3,3.15010,0.59031
1789864318.480,3533,5.33681,0.01677,0.08950,3.299,3.299,947.3,3.15100,0.59048
1789864318.490,3534,5.33681,0.01677,0.08950,3.295,3.296,947.3,3.15189,0.59065
1789864318.500,3535,5.33681,0.01677,0.08950,3.293,3.292,947.3,3.15278,0.59081
1789864318.510,3536,5.33681,0.01677,0.08950,3.293,3.292,947.3,3.15368,0.59098
1789864318.520,3537,5.33681,0.01677,0.08950,3.293,3.292,947.3,3.15457,0.59115
1789864318.530,3538,5.33681,0.01677,0.08950,3.292,3.292,947.3,3.15546,0.59132
1789864318.540,3539,5.33681,0.01677,0.08950,3.291,3.291,947.3,3.15636,0.59148
1789864318.550,3540,5.33681,0.01677,0.08950,3.288,3.289,947.3,3.15725,0.59165
1789864318.560,3541,5.33681,0.01677,0.08950,3.289,3.290,947.3,3.15815,0.59182
1789864318.570,3542,5.33681,0.01677,0.08950,3.288,3.289,947.3,3.15904,0.59199
1789864318.580,3543,5.33673,0.01677,0.08950,3.288,3.289,947.3,3.15994,0.59215
1789864318.590,3544,5.33673,0.01677,0.08950,3.287,3.288,947.3,3.16083,0.59232
1789864318.600,3545,5.33673,0.01677,0.08950,3.287,3.287,947.3,3.16173,0.59249
1789864318.610,3546,5.33673,0.01677,0.08950,3.293,3.292,947.3,3.16262,0.59266
1789864318.620,3547,5.33673,0.01677,0.08950,3.294,3.295,947.3,3.16352,0.59283
1789864318.630,3548,5.33673,0.01677,0.08950,3.293,3.294,947.3,3.16441,0.59299
1789864318.640,3549,5.33673,0.01677,0.08950,3.293,3.294,947.3,3.16531,0.59316
1789864318.650,3550,5.33673,0.01677,0.08950,3.294,3.295,947.3,3.16620,0.59333
1789864318.660,3551,5.33673,0.01677,0.08950,3.294,3.295,947.3,3.16709,0.59350
1789864318.670,3552,5.33673,0.01677,0.08950,3.295,3.295,947.3,3.16799,0.59366
1789864318.680,3553,5.33669,0.01677,0.08950,3.295,3.295,947.3,3.16889,0.59383
1789864318.690,3554,5.33669,0.01677,0.08950,3.296,3.296,947.3,3.16979,0.59400
1789864318.700,3555,5.33669,0.01677,0.08950,3.298,3.298,947.3,3.17068,0.59417
1789864318.710,3556,5.33669,0.01677,0.08950,3.297,3.297,947.3,3.17158,0.59434
1789864318.720,3557,5.33669,0.01677,0.08950,3.297,3.297,947.3,3.17247,0.59450
1789864318.730,3558,5.33669,0.01677,0.08950,3.297,3.297,947.3,3.17337,0.59467
1789864318.740,3559,5.33669,0.01677,0.08950,3.296,3.296,947.3,3.17426,0.59484
1789864318.750,3560,5.33669,0.01677,0.08950,3.294,3.295,947.3,3.17515,0.59501
1789864318.760,3561,5.33669,0.01677,0.08950,3.294,3.295,947.3,3.17605,0.59517
1789864318.770,3562,5.33669,0.01677,0.08950,3.294,3.295,947.3,3.17695,0.59534
1789864318.780,3563,5.33661,0.01679,0.08960,3.295,3.296,947.3,3.17784,0.59551
1789864318.790,3564,5.33661,0.01679,0.08960,3.295,3.296,947.3,3.17874,0.59568
1789864318.800,3565,5.33661,0.01679,0.08960,3.295,3.297,947.3,3.17964,0.59585
1789864318.810,3566,5.33661,0.01679,0.08960,3.299,3.299,947.3,3.18053,0.59601
1789864318.820,3567,5.33661,0.01679,0.08960,3.299,3.299,947.3,3.18143,0.59618
1789864318.830,3568,5.33661,0.01679,0.08960,3.299,3.299,947.3,3.18232,0.59635
1789864318.840,3569,5.33661,0.01679,0.08960,3.299,3.299,947.3,3.18321,0.59652
1789864318.850,3570,5.33661,0.01679,0.08960,3.299,3.299,947.3,3.18411,0.59668
1789864318.860,3571,5.33661,0.01679,0.08960,3.299,3.299,947.3,3.18500,0.59685
1789864318.870,3572,5.33661,0.01679,0.08960,3.299,3.299,947.3,3.18589,0.59702
1789864318.880,3573,5.33661,0.01679,0.08960,3.299,3.299,947.3,3.18679,0.59719
1789864318.890,3574,5.33661,0.01679,0.08960,3.295,3.295,947.3,3.18769,0.59736
1789864318.900,3575,5.33661,0.01679,0.08960,3.293,3.293,947.3,3.18858,0.59752
1789864318.910,3576,5.33661,0.01679,0.08960,3.293,3.293,947.3,3.18948,0.59769
1789864318.920,3577,5.33661,0.01679,0.08960,3.293,3.293,947.3,3.19037,0.59786
1789864318.930,3578,5.33661,0.01679,0.08960,3.293,3.293,947.3,3.19127,0.59803
1789864318.940,3579,5.33661,0.01679,0.08960,3.293,3.293,947.3,3.19216,0.59819
1789864318.950,3580,5.33661,0.01679,0.08960,3.291,3.292,947.3,3.19306,0.59836
1789864318.960,3581,5.33661,0.01679,0.08960,3.290,3.291,947.3,3.19396,0.59853
1789864318.970,3582,5.33661,0.01679,0.08960,3.288,3.289,947.3,3.19486,0.59870
1789864318.980,3583,5.33661,0.01680,0.08966,3.287,3.287,947.3,3.19576,0.59887
1789864318.990,3584,5.33661,0.01680,0.08966,3.286,3.286,947.3,3.19666,0.59904
1789864319.000,3585,5.33661,0.01680,0.08966,3.286,3.286,947.3,3.19755,0.59920
1789864319.010,3586,5.33661,0.01680,0.08966,3.289,3.288,947.3,3.19845,0.59937
1789864319.020,3587,5.33661,0.01680,0.08966,3.292,3.292,947.3,3.19935,0.59954
1789864319.030,3588,5.33661,0.01680,0.08966,3.293,3.293,947.3,3.20024,0.59971
1789864319.040,3589,5.33661,0.01680,0.08966,3.294,3.294,947.3,3.20114,0.59988
1789864319.050,3590,5.33661,0.01680,0.08966,3.294,3.294,947.3,3.20204,0.60004
1789864319.060,3591,5.33661,0.01680,0.08966,3.294,3.294,947.3,3.20293,0.60021
1789864319.070,3592,5.33661,0.01680,0.08966,3.295,3.295,947.3,3.20383,0.60038
1789864319.080,3593,5.33665,0.01680,0.08966,3.295,3.295,947.3,3.20473,0.60055
1789864319.090,3594,5.33665,0.01680,0.08966,3.295,3.295,947.3,3.20563,0.60072
1789864319.100,3595,5.33665,0.01680,0.08966,3.295,3.295,947.3,3.20653,0.60089
1789864319.110,3596,5.33665,0.01680,0.08966,3.295,3.296,947.3,3.20742,0.60105
1789864319.120,3597,5.33665,0.01680,0.08966,3.295,3.296,947.3,3.20832,0.60122
1789864319.130,3598,5.33665,0.01680,0.08966,3.295,3.296,947.3,3.20921,0.60139
1789864319.140,3599,5.33665,0.01680,0.08966,3.295,3.296,947.3,3.21010,0.60156
1789864319.150,3600,5.33665,0.01680,0.08966,3.296,3.296,947.3,3.21100,0.60172
1789864319.160,3601,5.33665,0.01680,0.08966,3.296,3.296,947.3,3.21190,0.60189
1789864319.170,3602,5.33665,0.01680,0.08966,3.296,3.296,947.3,3.21280,0.60206
1789864319.180,3603,5.33665,0.01680,0.08966,3.297,3.297,947.3,3.21369,0.60223
1789864319.190,3604,5.33665,0.01680,0.08966,3.297,3.298,947.3,3.21459,0.60240
1789864319.200,3605,5.33665,0.01680,0.08966,3.297,3.298,947.3,3.21549,0.60256
1789864319.210,3606,5.33665,0.01680,0.08966,3.298,3.298,947.3,3.21639,0.60273
1789864319.220,3607,5.33665,0.01680,0.08966,3.299,3.299,947.3,3.21728,0.60290
1789864319.230,3608,5.33665,0.01680,0.08966,3.299,3.299,947.3,3.21818,0.60307
1789864319.240,3609,5.33665,0.01680,0.08966,3.299,3.299,947.3,3.21908,0.60324
1789864319.250,3610,5.33665,0.01680,0.08966,3.299,3.299,947.3,3.21998,0.60341
1789864319.260,3611,5.33665,0.01680,0.08966,3.299,3.299,947.3,3.22087,0.60357
1789864319.270,3612,5.33665,0.01680,0.08966,3.298,3.298,947.3,3.22177,0.60374
1789864319.280,3613,5.33665,0.01680,0.08966,3.298,3.298,947.3,3.22266,0.60391
1789864319.290,3614,5.33665,0.01680,0.08966,3.295,3.295,947.3,3.22355,0.60408
1789864319.300,3615,5.33665,0.01680,0.08966,3.291,3.291,947.3,3.22445,0.60424
1789864319.310,3616,5.33665,0.01680,0.08966,3.291,3.291,947.3,3.22535,0.60441
1789864319.320,3617,5.33665,0.01680,0.08966,3.291,3.291,947.3,3.22625,0.60458
1789864319.330,3618,5.33665,0.01680,0.08966,3.292,3.292,947.3,3.22715,0.60475
1789864319.340,3619,5.33665,0.01680,0.08966,3.292,3.292,947.3,3.22804,0.60492
1789864319.350,3620,5.33665,0.01680,0.08966,3.291,3.292,947.3,3.22894,0.60508
1789864319.360,3621,5.33665,0.01680,0.08966,3.293,3.293,947.3,3.22983,0.60525
1789864319.370,3622,5.33665,0.01680,0.08966,3.292,3.293,947.3,3.23073,0.60542
1789864319.380,3623,5.33657,0.01680,0.08965,3.291,3.291,947.3,3.23162,0.60559
1789864319.390,3624,5.33657,0.01680,0.08965,3.289,3.290,947.3,3.23252,0.60576
1789864319.400,3625,5.33657,0.01680,0.08965,3.289,3.289,947.3,3.23342,0.60592
1789864319.410,3626,5.33657,0.01680,0.08965,3.291,3.291,947.3,3.23432,0.60609
1789864319.420,3627,5.33657,0.01680,0.08965,3.291,3.292,947.3,3.23522,0.60626
1789864319.430,3628,5.33657,0.01680,0.08965,3.291,3.291,947.3,3.23611,0.60643
1789864319.440,3629,5.33657,0.01680,0.08965,3.292,3.293,947.3,3.23701,0.60660
1789864319.450,3630,5.33657,0.01680,0.08965,3.294,3.295,947.3,3.23791,0.60677
1789864319.460,3631,5.33657,0.01680,0.08965,3.294,3.294,947.3,3.23881,0.60693
1789864319.470,3632,5.33657,0.01680,0.08965,3.294,3.294,947.3,3.23970,0.60710
1789864319.480,3633,5.33654,0.01680,0.08965,3.295,3.295,947.3,3.24060,0.60727
1789864319.490,3634,5.33654,0.01680,0.08965,3.295,3.295,947.3,3.24149,0.60744
1789864319.500,3635,5.33654,0.01680,0.08965,3.295,3.295,947.3,3.24239,0.60761
1789864319.510,3636,5.33654,0.01680,0.08965,3.295,3.295,947.3,3.24329,0.60777
1789864319.520,3637,5.33654,0.01680,0.08965,3.295,3.295,947.3,3.24418,0.60794
1789864319.530,3638,5.33654,0.01680,0.08965,3.295,3.296,947.3,3.24508,0.60811
1789864319.540,3639,5.33654,0.01680,0.08965,3.296,3.296,947.3,3.24597,0.60828
1789864319.550,3640,5.33654,0.01680,0.08965,3.297,3.297,947.3,3.24687,0.60845
1789864319.560,3641,5.33654,0.01680,0.08965,3.297,3.297,947.3,3.24777,0.60861
1789864319.570,3642,5.33654,0.01680,0.08965,3.295,3.296,947.3,3.24867,0.60878
1789864319.580,3643,5.33650,0.01680,0.08965,3.296,3.296,947.3,3.24957,0.60895
1789864319.590,3644,5.33650,0.01680,0.08965,3.296,3.296,947.3,3.25047,0.60912
1789864319.600,3645,5.33650,0.01680,0.08965,3.296,3.295,947.3,3.25137,0.60929
1789864319.610,3646,5.33650,0.01680,0.08965,3.295,3.295,947.3,3.25228,0.60946
1789864319.621,3647,5.33650,0.01680,0.08965,3.295,3.295,947.3,3.25318,0.60963
1789864319.630,3648,5.33650,0.01680,0.08965,3.297,3.297,947.3,3.25407,0.60979
1789864319.640,3649,5.33650,0.01680,0.08965,3.297,3.297,947.3,3.25496,0.60996
1789864319.650,3650,5.33650,0.01680,0.08965,3.297,3.297,947.3,3.25585,0.61013
1789864319.660,3651,5.33650,0.01680,0.08965,3.298,3.298,947.3,3.25674,0.61029
1789864319.670,3652,5.33650,0.01680,0.08965,3.298,3.298,947.3,3.25763,0.61046
1789864319.680,3653,5.33650,0.01679,0.08960,3.299,3.298,947.3,3.25852,0.61063
1789864319.690,3654,5.33650,0.01679,0.08960,3.297,3.297,947.3,3.25941,0.61080
1789864319.700,3655,5.33650,0.01679,0.08960,3.294,3.295,947.3,3.26030,0.61096
1789864319.710,3656,5.33650,0.01679,0.08960,3.293,3.293,947.3,3.26121,0.61113
1789864319.720,3657,5.33650,0.01679,0.08960,3.293,3.293,947.3,3.26211,0.61130
1789864319.730,3658,5.33650,0.01679,0.08960,3.293,3.294,947.3,3.26301,0.61147
1789864319.740,3659,5.33650,0.01679,0.08960,3.293,3.294,947.3,3.26391,0.61164
1789864319.750,3660,5.33650,0.01679,0.08960,3.291,3.292,947.3,3.26480,0.61181
1789864319.760,3661,5.33650,0.01679,0.08960,3.290,3.291,947.3,3.26570,0.61197
1789864319.770,3662,5.33650,0.01679,0.08960,3.288,3.289,947.3,3.26659,0.61214
1789864319.780,3663,5.33646,0.01678,0.08955,3.287,3.288,947.3,3.26749,0.61231
1789864319.790,3664,5.33646,0.01678,0.08955,3.287,3.288,947.3,3.26838,0.61248
1789864319.800,3665,5.33646,0.01678,0.08955,3.287,3.288,947.3,3.26927,0.61264
1789864319.810,3666,5.33646,0.01678,0.08955,3.291,3.290,947.3,3.27017,0.61281
1789864319.820,3667,5.33646,0.01678,0.08955,3.294,3.294,947.3,3.27106,0.61298
1789864319.830,3668,5.33646,0.01678,0.08955,3.295,3.295,947.3,3.27196,0.61315
1789864319.840,3669,5.33646,0.01678,0.08955,3.295,3.295,947.3,3.27285,0.61331
1789864319.850,3670,5.33646,0.01678,0.08955,3.294,3.294,947.3,3.27375,0.61348
1789864319.860,3671,5.33646,0.01678,0.08955,3.293,3.293,947.3,3.27465,0.61365
1789864319.870,3672,5.33646,0.01678,0.08955,3.294,3.294,947.3,3.27554,0.61382
1789864319.880,3673,5.33650,0.01677,0.08949,3.293,3.293,947.3,3.27643,0.61398
1789864319.890,3674,5.33650,0.01677,0.08949,3.294,3.294,947.3,3.27733,0.61415
1789864319.900,3675,5.33650,0.01677,0.08949,3.295,3.295,947.3,3.27822,0.61432
1789864319.910,3676,5.33650,0.01677,0.08949,3.295,3.295,947.3,3.27912,0.61449
1789864319.920,3677,5.33650,0.01677,0.08949,3.295,3.295,947.3,3.28001,0.61466
1789864319.930,3678,5.33650,0.01677,0.08949,3.295,3.295,947.3,3.28091,0.61482
1789864319.940,3679,5.33650,0.01677,0.08949,3.295,3.295,947.3,3.28181,0.61499
1789864319.950,3680,5.33650,0.01677,0.08949,3.296,3.296,947.3,3.28271,0.61516
1789864319.960,3681,5.33650,0.01677,0.08949,3.296,3.296,947.3,3.28360,0.61533
1789864319.970,3682,5.33650,0.01677,0.08949,3.297,3.297,947.3,3.28450,0.61550
1789864319.980,3683,5.33654,0.01677,0.08949,3.297,3.297,947.3,3.28539,0.61566
1789864319.990,3684,5.33654,0.01677,0.08949,3.297,3.298,947.3,3.28628,0.61583
1789864320.000,3685,5.33654,0.01677,0.08949,3.297,3.298,947.3,3.28718,0.61600
1789864320.010,3686,5.33654,0.01677,0.08949,3.297,3.298,947.3,3.28807,0.61616
1789864320.020,3687,5.33654,0.01677,0.08949,3.298,3.299,947.3,3.28896,0.61633
1789864320.030,3688,5.33654,0.01677,0.08949,3.298,3.299,947.3,3.28985,0.61650
1789864320.040,3689,5.33654,0.01677,0.08949,3.298,3.299,947.3,3.29075,0.61667
1789864320.050,3690,5.33654,0.01677,0.08949,3.299,3.299,947.3,3.29165,0.61684
1789864320.060,3691,5.33654,0.01677,0.08949,3.298,3.299,947.3,3.29254,0.61700
1789864320.070,3692,5.33654,0.01677,0.08949,3.297,3.297,947.3,3.29344,0.61717
1789864320.080,3693,5.33661,0.01676,0.08944,3.297,3.297,947.3,3.29433,0.61734
1789864320.090,3694,5.33661,0.01676,0.08944,3.297,3.297,947.3,3.29522,0.61751
1789864320.100,3695,5.33661,0.01676,0.08944,3.296,3.297,947.3,3.29611,0.61767
1789864320.110,3696,5.33661,0.01676,0.08944,3.296,3.297,947.3,3.29701,0.61784
1789864320.120,3697,5.33661,0.01676,0.08944,3.297,3.297,947.3,3.29791,0.61801
1789864320.130,3698,5.33661,0.01676,0.08944,3.298,3.298,947.3,3.29880,0.61818
1789864320.140,3699,5.33661,0.01676,0.08944,3.298,3.298,947.3,3.29970,0.61834
1789864320.150,3700,5.33661,0.01676,0.08944,3.294,3.295,947.3,3.30060,0.61851
1789864320.160,3701,5.33661,0.01676,0.08944,3.289,3.291,947.3,3.30149,0.61868
1789864320.170,3702,5.33661,0.01676,0.08944,3.287,3.288,947.3,3.30239,0.61885
1789864320.180,3703,5.33657,0.01676,0.08944,3.286,3.287,947.3,3.30329,0.61902
1789864320.190,3704,5.33657,0.01676,0.08944,3.285,3.286,947.3,3.30418,0.61918
1789864320.200,3705,5.33657,0.01676,0.08944,3.283,3.284,947.3,3.30507,0.61935
1789864320.210,3706,5.33657,0.01676,0.08944,3.287,3.287,947.3,3.30597,0.61952
1789864320.220,3707,5.33657,0.01676,0.08944,3.291,3.291,947.3,3.30686,0.61969
1789864320.230,3708,5.33657,0.01676,0.08944,3.292,3.292,947.3,3.30775,0.61985
1789864320.240,3709,5.33657,0.01676,0.08944,3.293,3.293,947.3,3.30864,0.62002
1789864320.250,3710,5.33657,0.01676,0.08944,3.294,3.294,947.3,3.30954,0.62019
1789864320.260,3711,5.33657,0.01676,0.08944,3.295,3.295,947.3,3.31043,0.62036
1789864320.270,3712,5.33657,0.01676,0.08944,3.295,3.294,947.3,3.31133,0.62052
1789864320.280,3713,5.33654,0.01677,0.08949,3.295,3.294,947.3,3.31222,0.62069
1789864320.290,3714,5.33654,0.01677,0.08949,3.295,3.295,947.3,3.31312,0.62086
1789864320.300,3715,5.33654,0.01677,0.08949,3.295,3.295,947.3,3.31402,0.62103
1789864320.310,3716,5.33654,0.01677,0.08949,3.295,3.295,947.3,3.31492,0.62120
1789864320.320,3717,5.33654,0.01677,0.08949,3.295,3.295,947.3,3.31581,0.62136
1789864320.330,3718,5.33654,0.01677,0.08949,3.295,3.296,947.3,3.31671,0.62153
1789864320.340,3719,5.33654,0.01677,0.08949,3.296,3.296,947.3,3.31760,0.62170
1789864320.350,3720,5.33654,0.01677,0.08949,3.296,3.296,947.3,3.31850,0.62187
1789864320.360,3721,5.33654,0.01677,0.08949,3.296,3.296,947.3,3.31939,0.62203
1789864320.370,3722,5.33654,0.01677,0.08949,3.297,3.297,947.3,3.32028,0.62220
1789864320.380,3723,5.33650,0.01677,0.08949,3.298,3.298,947.3,3.32118,0.62237
1789864320.390,3724,5.33650,0.01677,0.08949,3.297,3.297,947.3,3.32207,0.62254
1789864320.400,3725,5.33650,0.01677,0.08949,3.297,3.297,947.3,3.32297,0.62270
1789864320.410,3726,5.33650,0.01677,0.08949,3.297,3.297,947.3,3.32386,0.62287
1789864320.420,3727,5.33650,0.01677,0.08949,3.298,3.298,947.3,3.32475,0.62304
1789864320.430,3728,5.33650,0.01677,0.08949,3.298,3.298,947.3,3.32565,0.62321
1789864320.440,3729,5.33650,0.01677,0.08949,3.298,3.298,947.3,3.32655,0.62338
1789864320.450,3730,5.33650,0.01677,0.08949,3.299,3.299,947.3,3.32744,0.62354
1789864320.460,3731,5.33650,0.01677,0.08949,3.299,3.299,947.3,3.32834,0.62371
1789864320.470,3732,5.33650,0.01677,0.08949,3.298,3.298,947.3,3.32923,0.62388
1789864320.480,3733,5.33650,0.01677,0.08949,3.297,3.298,947.3,3.33013,0.62405
1789864320.490,3734,5.33650,0.01677,0.08949,3.297,3.297,947.3,3.33102,0.62421
1789864320.500,3735,5.33650,0.01677,0.08949,3.294,3.295,947.3,3.33192,0.62438
1789864320.510,3736,5.33650,0.01677,0.08949,3.294,3.294,947.3,3.33281,0.62455
1789864320.520,3737,5.33650,0.01677,0.08949,3.294,3.294,947.3,3.33371,0.62472
1789864320.530,3738,5.33650,0.01677,0.08949,3.294,3.295,947.3,3.33461,0.62489
1789864320.540,3739,5.33650,0.01677,0.08949,3.295,3.295,947.3,3.33551,0.62505
1789864320.550,3740,5.33650,0.01677,0.08949,3.292,3.294,947.3,3.33640,0.62522
1789864320.560,3741,5.33650,0.01677,0.08949,3.288,3.289,947.3,3.33729,0.62539
1789864320.570,3742,5.33650,0.01677,0.08949,3.288,3.289,947.3,3.33818,0.62556
1789864320.580,3743,5.33638,0.01677,0.08949,3.287,3.288,947.3,3.33907,0.62572
1789864320.590,3744,5.33638,0.01677,0.08949,3.287,3.287,947.3,3.33996,0.62589
1789864320.600,3745,5.33638,0.01677,0.08949,3.287,3.287,947.3,3.34086,0.62606
1789864320.610,3746,5.33638,0.01677,0.08949,3.289,3.288,947.3,3.34175,0.62623
1789864320.620,3747,5.33638,0.01677,0.08949,3.295,3.295,947.3,3.34265,0.62639
1789864320.630,3748,5.33638,0.01677,0.08949,3.295,3.296,947.3,3.34355,0.62656
1789864320.640,3749,5.33638,0.01677,0.08949,3.295,3.296,947.3,3.34444,0.62673
1789864320.650,3750,5.33638,0.01677,0.08949,3.296,3.297,947.3,3.34534,0.62690
1789864320.660,3751,5.33638,0.01677,0.08949,3.296,3.296,947.3,3.34624,0.62707
1789864320.670,3752,5.33638,0.01677,0.08949,3.295,3.295,947.3,3.34713,0.62723
1789864320.680,3753,5.33638,0.01677,0.08949,3.295,3.295,947.3,3.34802,0.62740
1789864320.690,3754,5.33638,0.01677,0.08949,3.295,3.295,947.3,3.34891,0.62757
1789864320.700,3755,5.33638,0.01677,0.08949,3.295,3.295,947.3,3.34980,0.62773
1789864320.710,3756,5.33638,0.01677,0.08949,3.295,3.295,947.3,3.35070,0.62790
1789864320.720,3757,5.33638,0.01677,0.08949,3.296,3.295,947.3,3.35160,0.62807
1789864320.730,3758,5.33638,0.01677,0.08949,3.296,3.296,947.3,3.35250,0.62824
1789864320.740,3759,5.33638,0.01677,0.08949,3.297,3.296,947.3,3.35340,0.62841
1789864320.750,3760,5.33638,0.01677,0.08949,3.296,3.296,947.3,3.35429,0.62857
1789864320.760,3761,5.33638,0.01677,0.08949,3.296,3.295,947.3,3.35518,0.62874
1789864320.770,3762,5.33638,0.01677,0.08949,3.296,3.296,947.3,3.35608,0.62891
1789864320.780,3763,5.33638,0.01677,0.08949,3.296,3.296,947.3,3.35697,0.62908
1789864320.790,3764,5.33638,0.01677,0.08949,3.297,3.297,947.3,3.35786,0.62924
1789864320.800,3765,5.33638,0.01677,0.08949,3.296,3.296,947.3,3.35876,0.62941
1789864320.810,3766,5.33638,0.01677,0.08949,3.297,3.296,947.3,3.35965,0.62958
1789864320.820,3767,5.33638,0.01677,0.08949,3.298,3.298,947.3,3.36055,0.62975
1789864320.830,3768,5.33638,0.01677,0.08949,3.298,3.298,947.3,3.36144,0.62991
1789864320.840,3769,5.33638,0.01677,0.08949,3.298,3.298,947.3,3.36234,0.63008
1789864320.850,3770,5.33638,0.01677,0.08949,3.298,3.298,947.3,3.36323,0.63025
1789864320.860,3771,5.33638,0.01677,0.08949,3.299,3.299,947.3,3.36413,0.63042
1789864320.870,3772,5.33638,0.01677,0.08949,3.298,3.298,947.3,3.36502,0.63059
1789864320.880,3773,5.33638,0.01677,0.08949,3.297,3.298,947.3,3.36592,0.63075
1789864320.890,3774,5.33638,0.01677,0.08949,3.296,3.297,947.3,3.36681,0.63092
1789864320.900,3775,5.33638,0.01677,0.08949,3.294,3.295,947.3,3.36771,0.63109
1789864320.910,3776,5.33638,0.01677,0.08949,3.293,3.294,947.3,3.36860,0.63126
1789864320.920,3777,5.33638,0.01677,0.08949,3.294,3.295,947.3,3.36949,0.63142
1789864320.930,3778,5.33638,0.01677,0.08949,3.295,3.295,947.3,3.37039,0.63159
1789864320.940,3779,5.33638,0.01677,0.08949,3.295,3.295,947.3,3.37128,0.63176
1789864320.950,3780,5.33638,0.01677,0.08949,3.294,3.295,947.3,3.37218,0.63193
1789864320.960,3781,5.33638,0.01677,0.08949,3.292,3.292,947.3,3.37307,0.63209
1789864320.970,3782,5.33638,0.01677,0.08949,3.290,3.290,947.3,3.37397,0.63226
1789864320.980,3783,5.33638,0.01677,0.08949,3.288,3.288,947.3,3.37487,0.63243
1789864320.990,3784,5.33638,0.01677,0.08949,3.287,3.287,947.3,3.37576,0.63260
1789864321.000,3785,5.33638,0.01677,0.08949,3.285,3.285,947.3,3.37666,0.63277
1789864321.010,3786,5.33638,0.01677,0.08949,3.285,3.284,947.3,3.37755,0.63293
1789864321.020,3787,5.33638,0.01677,0.08949,3.288,3.288,947.3,3.37844,0.63310
1789864321.030,3788,5.33638,0.01677,0.08949,3.290,3.291,947.3,3.37934,0.63327
1789864321.040,3789,5.33638,0.01677,0.08949,3.292,3.292,947.3,3.38024,0.63344
1789864321.050,3790,5.33638,0.01677,0.08949,3.293,3.294,947.3,3.38113,0.63360
1789864321.060,3791,5.33638,0.01677,0.08949,3.294,3.295,947.3,3.38203,0.63377
1789864321.070,3792,5.33638,0.01677,0.08949,3.295,3.295,947.3,3.38292,0.63394
1789864321.080,3793,5.33634,0.01678,0.08954,3.295,3.295,947.3,3.38381,0.63411
1789864321.090,3794,5.33634,0.01678,0.08954,3.296,3.296,947.3,3.38471,0.63427
1789864321.100,3795,5.33634,0.01678,0.08954,3.295,3.296,947.3,3.38560,0.63444
1789864321.110,3796,5.33634,0.01678,0.08954,3.295,3.296,947.3,3.38650,0.63461
1789864321.120,3797,5.33634,0.01678,0.08954,3.296,3.296,947.3,3.38739,0.63478
1789864321.130,3798,5.33634,0.01678,0.08954,3.295,3.295,947.3,3.38829,0.63495
1789864321.140,3799,5.33634,0.01678,0.08954,3.295,3.296,947.3,3.38919,0.63511
1789864321.150,3800,5.33634,0.01678,0.08954,3.296,3.297,947.3,3.39009,0.63528
1789864321.160,3801,5.33634,0.01678,0.08954,3.296,3.296,947.3,3.39098,0.63545
1789864321.170,3802,5.33634,0.01678,0.08954,3.297,3.297,947.3,3.39188,0.63562
1789864321.180,3803,5.33642,0.01678,0.08955,3.297,3.297,947.3,3.39277,0.63579
1789864321.190,3804,5.33642,0.01678,0.08955,3.298,3.298,947.3,3.39367,0.63595
1789864321.200,3805,5.33642,0.01678,0.08955,3.298,3.299,947.3,3.39456,0.63612
1789864321.210,3806,5.33642,0.01678,0.08955,3.296,3.298,947.3,3.39546,0.63629
1789864321.220,3807,5.33642,0.01678,0.08955,3.296,3.298,947.3,3.39635,0.63646
1789864321.230,3808,5.33642,0.01678,0.08955,3.296,3.298,947.3,3.39725,0.63663
1789864321.240,3809,5.33642,0.01678,0.08955,3.295,3.298,947.3,3.39815,0.63679
1789864321.250,3810,5.33642,0.01678,0.08955,3.295,3.298,947.3,3.39905,0.63696
1789864321.260,3811,5.33642,0.01678,0.08955,3.296,3.298,947.3,3.39995,0.63713
1789864321.270,3812,5.33642,0.01678,0.08955,3.297,3.298,947.3,3.40084,0.63730
1789864321.280,3813,5.33665,0.01677,0.08950,3.297,3.297,947.3,3.40173,0.63746
1789864321.290,3814,5.33665,0.01677,0.08950,3.297,3.297,947.3,3.40263,0.63763
1789864321.300,3815,5.33665,0.01677,0.08950,3.295,3.296,947.3,3.40352,0.63780
1789864321.310,3816,5.33665,0.01677,0.08950,3.293,3.294,947.3,3.40441,0.63797
1789864321.320,3817,5.33665,0.01677,0.08950,3.294,3.294,947.3,3.40531,0.63813
1789864321.330,3818,5.33665,0.01677,0.08950,3.295,3.295,947.3,3.40620,0.63830
1789864321.340,3819,5.33665,0.01677,0.08950,3.295,3.295,947.3,3.40709,0.63847
1789864321.350,3820,5.33665,0.01677,0.08950,3.291,3.293,947.3,3.40799,0.63864
1789864321.360,3821,5.33665,0.01677,0.08950,3.287,3.288,947.3,3.40889,0.63881
1789864321.370,3822,5.33665,0.01677,0.08950,3.287,3.287,947.3,3.40978,0.63897
1789864321.380,3823,5.33665,0.01677,0.08950,3.287,3.287,947.3,3.41068,0.63914
1789864321.390,3824,5.33665,0.01677,0.08950,3.284,3.285,947.3,3.41157,0.63931
1789864321.400,3825,5.33665,0.01677,0.08950,3.283,3.283,947.3,3.41247,0.63948
1789864321.410,3826,5.33665,0.01677,0.08950,3.285,3.285,947.3,3.41336,0.63964
1789864321.420,3827,5.33665,0.01677,0.08950,3.291,3.291,947.3,3.41426,0.63981
1789864321.430,3828,5.33665,0.01677,0.08950,3.291,3.291,947.3,3.41515,0.63998
1789864321.440,3829,5.33665,0.01677,0.08950,3.291,3.291,947.3,3.41605,0.64015
1789864321.450,3830,5.33665,0.01677,0.08950,3.293,3.292,947.3,3.41695,0.64032
1789864321.460,3831,5.33665,0.01677,0.08950,3.293,3.293,947.3,3.41784,0.64048
1789864321.470,3832,5.33665,0.01677,0.08950,3.294,3.294,947.3,3.41874,0.64065
1789864321.480,3833,5.33677,0.01677,0.08950,3.294,3.294,947.3,3.41963,0.64082
1789864321.490,3834,5.33677,0.01677,0.08950,3.295,3.295,947.3,3.42052,0.64099
1789864321.500,3835,5.33677,0.01677,0.08950,3.296,3.295,947.3,3.42142,0.64115
1789864321.510,3836,5.33677,0.01677,0.08950,3.296,3.296,947.3,3.42231,0.64132
1789864321.520,3837,5.33677,0.01677,0.08950,3.297,3.297,947.3,3.42321,0.64149
1789864321.530,3838,5.33677,0.01677,0.08950,3.296,3.296,947.3,3.42410,0.64166
1789864321.540,3839,5.33677,0.01677,0.08950,3.296,3.296,947.3,3.42499,0.64182
1789864321.550,3840,5.33677,0.01677,0.08950,3.296,3.296,947.3,3.42589,0.64199
1789864321.560,3841,5.33677,0.01677,0.08950,3.295,3.296,947.3,3.42679,0.64216
1789864321.570,3842,5.33677,0.01677,0.08950,3.295,3.296,947.3,3.42768,0.64233
1789864321.580,3843,5.33693,0.01677,0.08950,3.296,3.295,947.3,3.42858,0.64250
1789864321.590,3844,5.33693,0.01677,0.08950,3.296,3.295,947.3,3.42948,0.64266
1789864321.600,3845,5.33693,0.01677,0.08950,3.297,3.296,947.3,3.43037,0.64283
1789864321.610,3846,5.33693,0.01677,0.08950,3.295,3.295,947.3,3.43126,0.64300
1789864321.620,3847,5.33693,0.01677,0.08950,3.295,3.295,947.3,3.43216,0.64317
1789864321.630,3848,5.33693,0.01677,0.08950,3.295,3.295,947.3,3.43306,0.64334
1789864321.640,3849,5.33693,0.01677,0.08950,3.295,3.295,947.3,3.43396,0.64350
1789864321.650,3850,5.33693,0.01677,0.08950,3.295,3.295,947.3,3.43487,0.64367
1789864321.661,3851,5.33693,0.01677,0.08950,3.295,3.296,947.3,3.43577,0.64384
1789864321.670,3852,5.33693,0.01677,0.08950,3.296,3.296,947.3,3.43665,0.64401
1789864321.680,3853,5.33696,0.01677,0.08950,3.297,3.297,947.3,3.43754,0.64417
1789864321.690,3854,5.33696,0.01677,0.08950,3.298,3.298,947.3,3.43842,0.64434
1789864321.700,3855,5.33696,0.01677,0.08950,3.295,3.297,947.3,3.43930,0.64450
1789864321.710,3856,5.33696,0.01677,0.08950,3.294,3.295,947.3,3.44020,0.64467
1789864321.720,3857,5.33696,0.01677,0.08950,3.295,3.295,947.3,3.44110,0.64484
1789864321.730,3858,5.33696,0.01677,0.08950,3.294,3.295,947.3,3.44200,0.64501
1789864321.740,3859,5.33696,0.01677,0.08950,3.295,3.295,947.3,3.44290,0.64518
1789864321.750,3860,5.33696,0.01677,0.08950,3.292,3.293,947.3,3.44379,0.64535
1789864321.760,3861,5.33696,0.01677,0.08950,3.287,3.288,947.3,3.44469,0.64551
1789864321.770,3862,5.33696,0.01677,0.08950,3.287,3.287,947.3,3.44558,0.64568
1789864321.780,3863,5.33700,0.01677,0.08950,3.286,3.286,947.3,3.44647,0.64585
1789864321.790,3864,5.33700,0.01677,0.08950,3.284,3.284,947.3,3.44737,0.64602
1789864321.800,3865,5.33700,0.01677,0.08950,3.282,3.283,947.3,3.44826,0.64618
1789864321.810,3866,5.33700,0.01677,0.08950,3.283,3.283,947.3,3.44916,0.64635
1789864321.820,3867,5.33700,0.01677,0.08950,3.289,3.288,947.3,3.45006,0.64652
1789864321.830,3868,5.33700,0.01677,0.08950,3.290,3.290,947.3,3.45095,0.64669
1789864321.840,3869,5.33700,0.01677,0.08950,3.290,3.290,947.3,3.45185,0.64685
1789864321.850,3870,5.33700,0.01677,0.08950,3.291,3.291,947.3,3.45274,0.64702
1789864321.860,3871,5.33700,0.01677,0.08950,3.292,3.291,947.3,3.45364,0.64719
1789864321.870,3872,5.33700,0.01677,0.08950,3.292,3.292,947.3,3.45453,0.64736
1789864321.880,3873,5.33700,0.01677,0.08950,3.292,3.292,947.3,3.45543,0.64753
1789864321.890,3874,5.33700,0.01677,0.08950,3.294,3.294,947.3,3.45632,0.64769
1789864321.900,3875,5.33700,0.01677,0.08950,3.294,3.295,947.3,3.45722,0.64786
1789864321.910,3876,5.33700,0.01677,0.08950,3.295,3.295,947.3,3.45811,0.64803
1789864321.920,3877,5.33700,0.01677,0.08950,3.295,3.296,947.3,3.45901,0.64820
1789864321.930,3878,5.33700,0.01677,0.08950,3.295,3.296,947.3,3.45990,0.64836
1789864321.940,3879,5.33700,0.01677,0.08950,3.295,3.296,947.3,3.46080,0.64853
1789864321.950,3880,5.33700,0.01677,0.08950,3.295,3.296,947.3,3.46170,0.64870
1789864321.960,3881,5.33700,0.01677,0.08950,3.296,3.296,947.3,3.46259,0.64887
1789864321.970,3882,5.33700,0.01677,0.08950,3.296,3.296,947.3,3.46349,0.64904
1789864321.980,3883,5.33700,0.01677,0.08950,3.296,3.296,947.3,3.46438,0.64920
1789864321.990,3884,5.33700,0.01677,0.08950,3.297,3.297,947.3,3.46528,0.64937
1789864322.000,3885,5.33700,0.01677,0.08950,3.298,3.297,947.3,3.46617,0.64954
1789864322.010,3886,5.33700,0.01677,0.08950,3.298,3.298,947.3,3.46706,0.64971
1789864322.020,3887,5.33700,0.01677,0.08950,3.298,3.299,947.3,3.46796,0.64987
1789864322.030,3888,5.33700,0.01677,0.08950,3.298,3.298,947.3,3.46885,0.65004
1789864322.040,3889,5.33700,0.01677,0.08950,3.297,3.297,947.3,3.46975,0.65021
1789864322.050,3890,5.33700,0.01677,0.08950,3.297,3.297,947.3,3.47065,0.65038
1789864322.060,3891,5.33700,0.01677,0.08950,3.297,3.297,947.3,3.47154,0.65055
1789864322.070,3892,5.33700,0.01677,0.08950,3.296,3.296,947.3,3.47244,0.65071
1789864322.080,3893,5.33693,0.01677,0.08950,3.296,3.296,947.3,3.47333,0.65088
1789864322.090,3894,5.33693,0.01677,0.08950,3.296,3.297,947.3,3.47422,0.65105
1789864322.100,3895,5.33693,0.01677,0.08950,3.296,3.296,947.3,3.47512,0.65121
1789864322.110,3896,5.33693,0.01677,0.08950,3.296,3.296,947.3,3.47601,0.65138
1789864322.120,3897,5.33693,0.01677,0.08950,3.296,3.296,947.3,3.47691,0.65155
1789864322.130,3898,5.33693,0.01677,0.08950,3.297,3.298,947.3,3.47781,0.65172
1789864322.140,3899,5.33693,0.01677,0.08950,3.297,3.297,947.3,3.47870,0.65189
1789864322.150,3900,5.33693,0.01677,0.08950,3.295,3.296,947.3,3.47959,0.65205
1789864322.160,3901,5.33693,0.01677,0.08950,3.290,3.291,947.3,3.48049,0.65222
1789864322.170,3902,5.33693,0.01677,0.08950,3.287,3.287,947.3,3.48138,0.65239
1789864322.180,3903,5.33681,0.01677,0.08950,3.284,3.285,947.3,3.48227,0.65256
1789864322.190,3904,5.33681,0.01677,0.08950,3.283,3.283,947.3,3.48317,0.65272
1789864322.200,3905,5.33681,0.01677,0.08950,3.282,3.282,947.3,3.48407,0.65289
1789864322.210,3906,5.33681,0.01677,0.08950,3.283,3.283,947.3,3.48496,0.65306
1789864322.220,3907,5.33681,0.01677,0.08950,3.289,3.288,947.3,3.48586,0.65323
1789864322.230,3908,5.33681,0.01677,0.08950,3.291,3.291,947.3,3.48675,0.65340
1789864322.240,3909,5.33681,0.01677,0.08950,3.293,3.293,947.3,3.48765,0.65356
1789864322.250,3910,5.33681,0.01677,0.08950,3.294,3.294,947.3,3.48854,0.65373
1789864322.260,3911,5.33681,0.01677,0.08950,3.295,3.295,947.3,3.48944,0.65390
1789864322.270,3912,5.33681,0.01677,0.08950,3.295,3.295,947.3,3.49033,0.65407
1789864322.280,3913,5.33669,0.01677,0.08950,3.295,3.295,947.3,3.49123,0.65423
1789864322.290,3914,5.33669,0.01677,0.08950,3.295,3.295,947.3,3.49212,0.65440
1789864322.300,3915,5.33669,0.01677,0.08950,3.295,3.295,947.3,3.49302,0.65457
1789864322.310,3916,5.33669,0.01677,0.08950,3.294,3.294,947.3,3.49391,0.65474
1789864322.320,3917,5.33669,0.01677,0.08950,3.294,3.295,947.3,3.49481,0.65490
1789864322.330,3918,5.33669,0.01677,0.08950,3.294,3.295,947.3,3.49570,0.65507
1789864322.340,3919,5.33669,0.01677,0.08950,3.294,3.295,947.3,3.49660,0.65524
1789864322.350,3920,5.33669,0.01677,0.08950,3.294,3.295,947.3,3.49749,0.65541
1789864322.360,3921,5.33669,0.01677,0.08950,3.295,3.295,947.3,3.49839,0.65558
1789864322.370,3922,5.33669,0.01677,0.08950,3.295,3.295,947.3,3.49928,0.65574
1789864322.380,3923,5.33657,0.01677,0.08949,3.295,3.295,947.3,3.50018,0.65591
1789864322.390,3924,5.33657,0.01677,0.08949,3.296,3.297,947.3,3.50107,0.65608
1789864322.400,3925,5.33657,0.01677,0.08949,3.297,3.298,947.3,3.50196,0.65625
1789864322.410,3926,5.33657,0.01677,0.08949,3.298,3.298,947.3,3.50286,0.65641
1789864322.420,3927,5.33657,0.01677,0.08949,3.299,3.299,947.3,3.50375,0.65658
1789864322.430,3928,5.33657,0.01677,0.08949,3.298,3.299,947.3,3.50465,0.65675
1789864322.440,3929,5.33657,0.01677,0.08949,3.298,3.299,947.3,3.50555,0.65692
1789864322.450,3930,5.33657,0.01677,0.08949,3.297,3.299,947.3,3.50644,0.65708
1789864322.460,3931,5.33657,0.01677,0.08949,3.297,3.299,947.3,3.50734,0.65725
1789864322.470,3932,5.33657,0.01677,0.08949,3.297,3.298,947.3,3.50823,0.65742
1789864322.480,3933,5.33646,0.01677,0.08949,3.296,3.298,947.3,3.50913,0.65759
1789864322.490,3934,5.33646,0.01677,0.08949,3.297,3.298,947.3,3.51002,0.65776
1789864322.500,3935,5.33646,0.01677,0.08949,3.296,3.297,947.3,3.51092,0.65792
1789864322.510,3936,5.33646,0.01677,0.08949,3.294,3.294,947.3,3.51181,0.65809
1789864322.520,3937,5.33646,0.01677,0.08949,3.294,3.294,947.3,3.51270,0.65826
1789864322.530,3938,5.33646,0.01677,0.08949,3.294,3.295,947.3,3.51359,0.65843
1789864322.540,3939,5.33646,0.01677,0.08949,3.294,3.294,947.3,3.51449,0.65859
1789864322.550,3940,5.33646,0.01677,0.08949,3.293,3.294,947.3,3.51538,0.65876
1789864322.560,3941,5.33646,0.01677,0.08949,3.289,3.290,947.3,3.51628,0.65893
1789864322.570,3942,5.33646,0.01677,0.08949,3.288,3.289,947.3,3.51718,0.65910
1789864322.580,3943,5.33646,0.01677,0.08949,3.288,3.289,947.3,3.51808,0.65927
1789864322.590,3944,5.33646,0.01677,0.08949,3.287,3.288,947.3,3.51897,0.65943
1789864322.600,3945,5.33646,0.01677,0.08949,3.287,3.287,947.3,3.51987,0.65960
1789864322.610,3946,5.33646,0.01677,0.08949,3.288,3.287,947.3,3.52076,0.65977
1789864322.620,3947,5.33646,0.01677,0.08949,3.293,3.292,947.3,3.52165,0.65994
1789864322.630,3948,5.33646,0.01677,0.08949,3.295,3.295,947.3,3.52255,0.66010
1789864322.640,3949,5.33646,0.01677,0.08949,3.294,3.294,947.3,3.52345,0.66027
1789864322.650,3950,5.33646,0.01677,0.08949,3.294,3.294,947.3,3.52434,0.66044
1789864322.660,3951,5.33646,0.01677,0.08949,3.295,3.295,947.3,3.52524,0.66061
1789864322.670,3952,5.33646,0.01677,0.08949,3.295,3.295,947.3,3.52613,0.66077
1789864322.680,3953,5.33646,0.01677,0.08949,3.294,3.295,947.3,3.52702,0.66094
1789864322.690,3954,5.33646,0.01677,0.08949,3.295,3.295,947.3,3.52792,0.66111
1789864322.700,3955,5.33646,0.01677,0.08949,3.295,3.295,947.3,3.52881,0.66128
1789864322.710,3956,5.33646,0.01677,0.08949,3.295,3.295,947.3,3.52970,0.66144
1789864322.720,3957,5.33646,0.01677,0.08949,3.295,3.295,947.3,3.53060,0.66161
1789864322.730,3958,5.33646,0.01677,0.08949,3.295,3.295,947.3,3.53150,0.66178
1789864322.740,3959,5.33646,0.01677,0.08949,3.296,3.296,947.3,3.53239,0.66195
1789864322.750,3960,5.33646,0.01677,0.08949,3.297,3.297,947.3,3.53329,0.66212
1789864322.760,3961,5.33646,0.01677,0.08949,3.296,3.297,947.3,3.53418,0.66228
1789864322.770,3962,5.33646,0.01677,0.08949,3.297,3.298,947.3,3.53508,0.66245
1789864322.780,3963,5.33646,0.01677,0.08949,3.298,3.298,947.3,3.53597,0.66262
1789864322.790,3964,5.33646,0.01677,0.08949,3.298,3.298,947.3,3.53687,0.66279
1789864322.800,3965,5.33646,0.01677,0.08949,3.299,3.299,947.3,3.53776,0.66295
1789864322.810,3966,5.33646,0.01677,0.08949,3.299,3.299,947.3,3.53866,0.66312
1789864322.820,3967,5.33646,0.01677,0.08949,3.299,3.299,947.3,3.53955,0.66329
1789864322.830,3968,5.33646,0.01677,0.08949,3.299,3.299,947.3,3.54044,0.66346
1789864322.840,3969,5.33646,0.01677,0.08949,3.298,3.299,947.3,3.54134,0.66362
1789864322.850,3970,5.33646,0.01677,0.08949,3.298,3.298,947.3,3.54223,0.66379
1789864322.860,3971,5.33646,0.01677,0.08949,3.298,3.299,947.3,3.54313,0.66396
1789864322.870,3972,5.33646,0.01677,0.08949,3.298,3.298,947.3,3.54402,0.66413
1789864322.880,3973,5.33642,0.01677,0.08949,3.297,3.297,947.3,3.54492,0.66429
1789864322.890,3974,5.33642,0.01677,0.08949,3.297,3.297,947.3,3.54581,0.66446
1789864322.900,3975,5.33642,0.01677,0.08949,3.297,3.296,947.3,3.54671,0.66463
1789864322.910,3976,5.33642,0.01677,0.08949,3.294,3.295,947.3,3.54760,0.66480
1789864322.920,3977,5.33642,0.01677,0.08949,3.294,3.295,947.3,3.54850,0.66497
1789864322.930,3978,5.33642,0.01677,0.08949,3.295,3.295,947.3,3.54939,0.66513
1789864322.940,3979,5.33642,0.01677,0.08949,3.295,3.295,947.3,3.55029,0.66530
1789864322.950,3980,5.33642,0.01677,0.08949,3.294,3.295,947.3,3.55119,0.66547
1789864322.960,3981,5.33642,0.01677,0.08949,3.289,3.291,947.3,3.55208,0.66564
1789864322.970,3982,5.33642,0.01677,0.08949,3.287,3.288,947.3,3.55297,0.66580
1789864322.980,3983,5.33646,0.01678,0.08955,3.286,3.287,947.3,3.55387,0.66597
1789864322.990,3984,5.33646,0.01678,0.08955,3.283,3.285,947.3,3.55476,0.66614
1789864323.000,3985,5.33646,0.01678,0.08955,3.282,3.283,947.3,3.55566,0.66631
1789864323.010,3986,5.33646,0.01678,0.08955,3.283,3.283,947.3,3.55655,0.66648
1789864323.020,3987,5.33646,0.01678,0.08955,3.288,3.287,947.3,3.55745,0.66664
1789864323.030,3988,5.33646,0.01678,0.08955,3.291,3.291,947.3,3.55834,0.66681
1789864323.040,3989,5.33646,0.01678,0.08955,3.291,3.291,947.3,3.55924,0.66698
1789864323.050,3990,5.33646,0.01678,0.08955,3.293,3.293,947.3,3.56014,0.66715
1789864323.060,3991,5.33646,0.01678,0.08955,3.294,3.295,947.3,3.56104,0.66732
1789864323.070,3992,5.33646,0.01678,0.08955,3.294,3.294,947.3,3.56193,0.66748
1789864323.080,3993,5.33650,0.01677,0.08949,3.293,3.294,947.3,3.56282,0.66765
1789864323.090,3994,5.33650,0.01677,0.08949,3.295,3.295,947.3,3.56372,0.66782
1789864323.100,3995,5.33650,0.01677,0.08949,3.295,3.295,947.3,3.56461,0.66799
1789864323.110,3996,5.33650,0.01677,0.08949,3.295,3.295,947.3,3.56551,0.66815
1789864323.120,3997,5.33650,0.01677,0.08949,3.295,3.296,947.3,3.56640,0.66832
1789864323.130,3998,5.33650,0.01677,0.08949,3.296,3.296,947.3,3.56730,0.66849
1789864323.140,3999,5.33650,0.01677,0.08949,3.296,3.296,947.3,3.56820,0.66866
1789864323.150,4000,5.33650,0.01677,0.08949,3.297,3.297,947.3,3.56909,0.66882
1789864323.160,4001,5.33650,0.01677,0.08949,3.296,3.297,947.3,3.56998,0.66899
1789864323.170,4002,5.33650,0.01677,0.08949,3.297,3.297,947.3,3.57088,0.66916
1789864323.180,4003,5.33650,0.01678,0.08955,3.297,3.297,947.3,3.57177,0.66933
1789864323.190,4004,5.33650,0.01678,0.08955,3.298,3.297,947.3,3.57267,0.66949
1789864323.200,4005,5.33650,0.01678,0.08955,3.297,3.297,947.3,3.57357,0.66966
1789864323.210,4006,5.33650,0.01678,0.08955,3.297,3.297,947.3,3.57446,0.66983
1789864323.220,4007,5.33650,0.01678,0.08955,3.299,3.298,947.3,3.57536,0.67000
1789864323.230,4008,5.33650,0.01678,0.08955,3.299,3.299,947.3,3.57625,0.67017
1789864323.240,4009,5.33650,0.01678,0.08955,3.299,3.299,947.3,3.57715,0.67033
1789864323.250,4010,5.33650,0.01678,0.08955,3.298,3.299,947.3,3.57804,0.67050
1789864323.260,4011,5.33650,0.01678,0.08955,3.297,3.297,947.3,3.57893,0.67067
1789864323.270,4012,5.33650,0.01678,0.08955,3.295,3.296,947.3,3.57983,0.67084
1789864323.280,4013,5.33654,0.01680,0.08965,3.295,3.295,947.3,3.58072,0.67100
1789864323.290,4014,5.33654,0.01680,0.08965,3.295,3.295,947.3,3.58161,0.67117
1789864323.300,4015,5.33654,0.01680,0.08965,3.293,3.294,947.3,3.58250,0.67134
1789864323.310,4016,5.33654,0.01680,0.08965,3.291,3.292,947.3,3.58341,0.67151
1789864323.320,4017,5.33654,0.01680,0.08965,3.291,3.292,947.3,3.58431,0.67168
1789864323.330,4018,5.33654,0.01680,0.08965,3.293,3.293,947.3,3.58521,0.67184
1789864323.340,4019,5.33654,0.01680,0.08965,3.293,3.294,947.3,3.58611,0.67201
1789864323.350,4020,5.33654,0.01680,0.08965,3.293,3.293,947.3,3.58700,0.67218
1789864323.360,4021,5.33654,0.01680,0.08965,3.291,3.291,947.3,3.58790,0.67235
1789864323.370,4022,5.33654,0.01680,0.08965,3.290,3.290,947.3,3.58879,0.67252
1789864323.380,4023,5.33665,0.01679,0.08960,3.288,3.288,947.3,3.58968,0.67268
1789864323.390,4024,5.33665,0.01679,0.08960,3.287,3.287,947.3,3.59058,0.67285
1789864323.400,4025,5.33665,0.01679,0.08960,3.287,3.287,947.3,3.59148,0.67302
1789864323.410,4026,5.33665,0.01679,0.08960,3.287,3.287,947.3,3.59237,0.67319
1789864323.420,4027,5.33665,0.01679,0.08960,3.291,3.291,947.3,3.59327,0.67336
1789864323.430,4028,5.33665,0.01679,0.08960,3.293,3.294,947.3,3.59417,0.67352
1789864323.440,4029,5.33665,0.01679,0.08960,3.294,3.295,947.3,3.59507,0.67369
1789864323.450,4030,5.33665,0.01679,0.08960,3.295,3.295,947.3,3.59596,0.67386
1789864323.460,4031,5.33665,0.01679,0.08960,3.295,3.295,947.3,3.59686,0.67403
1789864323.470,4032,5.33665,0.01679,0.08960,3.295,3.295,947.3,3.59776,0.67420
1789864323.480,4033,5.33669,0.01680,0.08966,3.295,3.295,947.3,3.59865,0.67436
1789864323.490,4034,5.33669,0.01680,0.08966,3.295,3.295,947.3,3.59955,0.67453
1789864323.500,4035,5.33669,0.01680,0.08966,3.296,3.296,947.3,3.60045,0.67470
1789864323.510,4036,5.33669,0.01680,0.08966,3.296,3.296,947.3,3.60134,0.67487
1789864323.520,4037,5.33669,0.01680,0.08966,3.296,3.297,947.3,3.60224,0.67504
1789864323.530,4038,5.33669,0.01680,0.08966,3.296,3.296,947.3,3.60314,0.67520
1789864323.540,4039,5.33669,0.01680,0.08966,3.296,3.297,947.3,3.60403,0.67537
1789864323.550,4040,5.33669,0.01680,0.08966,3.296,3.296,947.3,3.60493,0.67554
1789864323.560,4041,5.33669,0.01680,0.08966,3.295,3.295,947.3,3.60583,0.67571
1789864323.570,4042,5.33669,0.01680,0.08966,3.295,3.295,947.3,3.60673,0.67588
1789864323.580,4043,5.33661,0.01680,0.08966,3.295,3.296,947.3,3.60762,0.67605
1789864323.590,4044,5.33661,0.01680,0.08966,3.296,3.296,947.3,3.60852,0.67621
1789864323.600,4045,5.33661,0.01680,0.08966,3.296,3.297,947.3,3.60942,0.67638
1789864323.610,4046,5.33661,0.01680,0.08966,3.296,3.297,947.3,3.61031,0.67655
1789864323.620,4047,5.33661,0.01680,0.08966,3.297,3.298,947.3,3.61121,0.67672
1789864323.630,4048,5.33661,0.01680,0.08966,3.298,3.298,947.3,3.61210,0.67688
1789864323.640,4049,5.33661,0.01680,0.08966,3.298,3.298,947.3,3.61300,0.67705
1789864323.650,4050,5.33661,0.01680,0.08966,3.298,3.299,947.3,3.61390,0.67722
1789864323.660,4051,5.33661,0.01680,0.08966,3.295,3.298,947.3,3.61480,0.67739
1789864323.670,4052,5.33661,0.01680,0.08966,3.295,3.298,947.3,3.61569,0.67756
1789864323.680,4053,5.33657,0.01680,0.08965,3.294,3.297,947.3,3.61658,0.67772
1789864323.690,4054,5.33657,0.01680,0.08965,3.294,3.296,947.3,3.61748,0.67789
1789864323.700,4055,5.33657,0.01680,0.08965,3.292,3.295,947.3,3.61837,0.67806
1789864323.710,4056,5.33657,0.01680,0.08965,3.288,3.292,947.3,3.61927,0.67823
1789864323.720,4057,5.33657,0.01680,0.08965,3.291,3.291,947.3,3.62017,0.67840
1789864323.730,4058,5.33657,0.01680,0.08965,3.292,3.292,947.3,3.62107,0.67856
1789864323.740,4059,5.33657,0.01680,0.08965,3.292,3.293,947.3,3.62197,0.67873
1789864323.750,4060,5.33657,0.01680,0.08965,3.293,3.293,947.3,3.62286,0.67890
1789864323.760,4061,5.33657,0.01680,0.08965,3.290,3.291,947.3,3.62376,0.67907
1789864323.770,4062,5.33657,0.01680,0.08965,3.290,3.290,947.3,3.62465,0.67924
1789864323.780,4063,5.33661,0.01680,0.08966,3.288,3.289,947.3,3.62555,0.67940
1789864323.790,4064,5.33661,0.01680,0.08966,3.287,3.288,947.3,3.62645,0.67957
1789864323.800,4065,5.33661,0.01680,0.08966,3.287,3.287,947.3,3.62734,0.67974
1789864323.810,4066,5.33661,0.01680,0.08966,3.285,3.286,947.3,3.62824,0.67991
1789864323.820,4067,5.33661,0.01680,0.08966,3.288,3.287,947.3,3.62914,0.68008
1789864323.830,4068,5.33661,0.01680,0.08966,3.291,3.291,947.3,3.63003,0.68024
1789864323.840,4069,5.33661,0.01680,0.08966,3.291,3.291,947.3,3.63093,0.68041
1789864323.850,4070,5.33661,0.01680,0.08966,3.291,3.292,947.3,3.63182,0.68058
1789864323.860,4071,5.33661,0.01680,0.08966,3.292,3.292,947.3,3.63271,0.68075
1789864323.870,4072,5.33661,0.01680,0.08966,3.293,3.293,947.3,3.63361,0.68091
1789864323.880,4073,5.33661,0.01680,0.08966,3.293,3.293,947.3,3.63451,0.68108
1789864323.890,4074,5.33661,0.01680,0.08966,3.294,3.294,947.3,3.63541,0.68125
1789864323.900,4075,5.33661,0.01680,0.08966,3.294,3.294,947.3,3.63630,0.68142
1789864323.910,4076,5.33661,0.01680,0.08966,3.294,3.293,947.3,3.63720,0.68159
1789864323.920,4077,5.33661,0.01680,0.08966,3.294,3.294,947.3,3.63810,0.68176
1789864323.930,4078,5.33661,0.01680,0.08966,3.294,3.294,947.3,3.63899,0.68192
1789864323.940,4079,5.33661,0.01680,0.08966,3.294,3.294,947.3,3.63989,0.68209
1789864323.950,4080,5.33661,0.01680,0.08966,3.295,3.295,947.3,3.64079,0.68226
1789864323.960,4081,5.33661,0.01680,0.08966,3.295,3.295,947.3,3.64169,0.68243
1789864323.970,4082,5.33661,0.01680,0.08966,3.296,3.296,947.3,3.64259,0.68260
1789864323.980,4083,5.33669,0.01680,0.08966,3.296,3.296,947.3,3.64349,0.68277
1789864323.990,4084,5.33669,0.01680,0.08966,3.297,3.297,947.3,3.64438,0.68293
1789864324.000,4085,5.33669,0.01680,0.08966,3.298,3.298,947.3,3.64528,0.68310
1789864324.010,4086,5.33669,0.01680,0.08966,3.298,3.298,947.3,3.64617,0.68327
1789864324.020,4087,5.33669,0.01680,0.08966,3.299,3.299,947.3,3.64707,0.68344
1789864324.030,4088,5.33669,0.01680,0.08966,3.299,3.299,947.3,3.64796,0.68360
1789864324.040,4089,5.33669,0.01680,0.08966,3.299,3.299,947.3,3.64886,0.68377
1789864324.050,4090,5.33669,0.01680,0.08966,3.299,3.299,947.3,3.64976,0.68394
1789864324.060,4091,5.33669,0.01680,0.08966,3.299,3.299,947.3,3.65066,0.68411
1789864324.070,4092,5.33669,0.01680,0.08966,3.297,3.298,947.3,3.65155,0.68428
1789864324.080,4093,5.33669,0.01679,0.08960,3.296,3.297,947.3,3.65245,0.68444
1789864324.090,4094,5.33669,0.01679,0.08960,3.295,3.296,947.3,3.65334,0.68461
1789864324.100,4095,5.33669,0.01679,0.08960,3.295,3.296,947.3,3.65424,0.68478
1789864324.110,4096,5.33669,0.01679,0.08960,3.294,3.295,947.3,3.65513,0.68495
1789864324.120,4097,5.33669,0.01679,0.08960,3.293,3.294,947.3,3.65603,0.68512
1789864324.130,4098,5.33669,0.01679,0.08960,3.295,3.295,947.3,3.65693,0.68528
1789864324.140,4099,5.33669,0.01679,0.08960,3.296,3.295,947.3,3.65782,0.68545
1789864324.150,4100,5.33669,0.01679,0.08960,3.297,3.296,947.3,3.65872,0.68562
1789864324.160,4101,5.33669,0.01679,0.08960,3.294,3.295,947.3,3.65961,0.68579
1789864324.170,4102,5.33669,0.01679,0.08960,3.291,3.291,947.3,3.66051,0.68595
1789864324.180,4103,5.33673,0.01678,0.08955,3.291,3.292,947.3,3.66140,0.68612
1789864324.190,4104,5.33673,0.01678,0.08955,3.291,3.291,947.3,3.66231,0.68629
1789864324.200,4105,5.33673,0.01678,0.08955,3.289,3.289,947.3,3.66322,0.68646
1789864324.211,4106,5.33673,0.01678,0.08955,3.287,3.287,947.3,3.66413,0.68663
1789864324.221,4107,5.33673,0.01678,0.08955,3.289,3.289,947.3,3.66504,0.68680
1789864324.231,4108,5.33673,0.01678,0.08955,3.291,3.291,947.3,3.66592,0.68697
1789864324.240,4109,5.33673,0.01678,0.08955,3.291,3.291,947.3,3.66681,0.68714
1789864324.250,4110,5.33673,0.01678,0.08955,3.291,3.291,947.3,3.66769,0.68730
1789864324.260,4111,5.33673,0.01678,0.08955,3.293,3.293,947.3,3.66858,0.68747
1789864324.270,4112,5.33673,0.01678,0.08955,3.293,3.294,947.3,3.66947,0.68763
1789864324.280,4113,5.33677,0.01678,0.08955,3.295,3.295,947.3,3.67037,0.68780
1789864324.290,4114,5.33677,0.01678,0.08955,3.295,3.295,947.3,3.67126,0.68797
1789864324.300,4115,5.33677,0.01678,0.08955,3.295,3.295,947.3,3.67216,0.68814
1789864324.310,4116,5.33677,0.01678,0.08955,3.296,3.296,947.3,3.67305,0.68831
1789864324.320,4117,5.33677,0.01678,0.08955,3.295,3.295,947.3,3.67395,0.68847
1789864324.330,4118,5.33677,0.01678,0.08955,3.295,3.295,947.3,3.67484,0.68864
1789864324.340,4119,5.33677,0.01678,0.08955,3.295,3.295,947.3,3.67574,0.68881
1789864324.350,4120,5.33677,0.01678,0.08955,3.295,3.296,947.3,3.67663,0.68898
1789864324.360,4121,5.33677,0.01678,0.08955,3.295,3.296,947.3,3.67752,0.68914
1789864324.370,4122,5.33677,0.01678,0.08955,3.296,3.296,947.3,3.67841,0.68931
1789864324.380,4123,5.33681,0.01678,0.08955,3.296,3.296,947.3,3.67930,0.68948
1789864324.390,4124,5.33681,0.01678,0.08955,3.297,3.297,947.3,3.68020,0.68964
1789864324.400,4125,5.33681,0.01678,0.08955,3.298,3.298,947.3,3.68110,0.68981
1789864324.410,4126,5.33681,0.01678,0.08955,3.299,3.298,947.3,3.68200,0.68998
1789864324.420,4127,5.33681,0.01678,0.08955,3.299,3.299,947.3,3.68290,0.69015
1789864324.430,4128,5.33681,0.01678,0.08955,3.299,3.299,947.3,3.68380,0.69032
1789864324.440,4129,5.33681,0.01678,0.08955,3.299,3.299,947.3,3.68469,0.69049
1789864324.450,4130,5.33681,0.01678,0.08955,3.299,3.299,947.3,3.68559,0.69065
1789864324.460,4131,5.33681,0.01678,0.08955,3.299,3.299,947.3,3.68649,0.69082
1789864324.470,4132,5.33681,0.01678,0.08955,3.299,3.299,947.3,3.68738,0.69099
1789864324.480,4133,5.33685,0.01678,0.08955,3.297,3.298,947.3,3.68827,0.69116
1789864324.490,4134,5.33685,0.01678,0.08955,3.297,3.298,947.3,3.68917,0.69133
1789864324.500,4135,5.33685,0.01678,0.08955,3.296,3.297,947.3,3.69006,0.69149
1789864324.510,4136,5.33685,0.01678,0.08955,3.294,3.295,947.3,3.69096,0.69166
1789864324.520,4137,5.33685,0.01678,0.08955,3.293,3.294,947.3,3.69185,0.69183
1789864324.530,4138,5.33685,0.01678,0.08955,3.293,3.294,947.3,3.69275,0.69200
1789864324.540,4139,5.33685,0.01678,0.08955,3.295,3.295,947.3,3.69365,0.69216
1789864324.550,4140,5.33685,0.01678,0.08955,3.295,3.295,947.3,3.69454,0.69233
1789864324.560,4141,5.33685,0.01678,0.08955,3.294,3.295,947.3,3.69544,0.69250
1789864324.570,4142,5.33685,0.01678,0.08955,3.293,3.294,947.3,3.69633,0.69267
1789864324.580,4143,5.33685,0.01678,0.08955,3.294,3.295,947.3,3.69723,0.69284
1789864324.590,4144,5.33685,0.01678,0.08955,3.294,3.295,947.3,3.69812,0.69300
1789864324.600,4145,5.33685,0.01678,0.08955,3.293,3.293,947.3,3.69902,0.69317
1789864324.610,4146,5.33685,0.01678,0.08955,3.291,3.292,947.3,3.69991,0.69334
1789864324.620,4147,5.33685,0.01678,0.08955,3.293,3.291,947.3,3.70081,0.69351
1789864324.630,4148,5.33685,0.01678,0.08955,3.295,3.294,947.3,3.70171,0.69367
1789864324.640,4149,5.33685,0.01678,0.08955,3.294,3.294,947.3,3.70260,0.69384
1789864324.650,4150,5.33685,0.01678,0.08955,3.292,3.292,947.3,3.70350,0.69401
1789864324.660,4151,5.33685,0.01678,0.08955,3.292,3.292,947.3,3.70440,0.69418
1789864324.670,4152,5.33685,0.01678,0.08955,3.293,3.293,947.3,3.70529,0.69435
1789864324.680,4153,5.33689,0.01677,0.08950,3.293,3.293,947.3,3.70618,0.69451
1789864324.690,4154,5.33689,0.01677,0.08950,3.292,3.292,947.3,3.70708,0.69468
1789864324.700,4155,5.33689,0.01677,0.08950,3.293,3.293,947.3,3.70797,0.69485
1789864324.710,4156,5.33689,0.01677,0.08950,3.294,3.294,947.3,3.70887,0.69502
1789864324.720,4157,5.33689,0.01677,0.08950,3.295,3.295,947.3,3.70976,0.69518
1789864324.730,4158,5.33689,0.01677,0.08950,3.295,3.295,947.3,3.71066,0.69535
1789864324.740,4159,5.33689,0.01677,0.08950,3.296,3.296,947.3,3.71155,0.69552
1789864324.750,4160,5.33689,0.01677,0.08950,3.297,3.297,947.3,3.71245,0.69569
1789864324.760,4161,5.33689,0.01677,0.08950,3.297,3.297,947.3,3.71335,0.69586
1789864324.770,4162,5.33689,0.01677,0.08950,3.297,3.297,947.3,3.71424,0.69602
1789864324.780,4163,5.33685,0.01677,0.08950,3.297,3.297,947.3,3.71514,0.69619
1789864324.790,4164,5.33685,0.01677,0.08950,3.297,3.297,947.3,3.71603,0.69636
1789864324.800,4165,5.33685,0.01677,0.08950,3.297,3.297,947.3,3.71693,0.69653
1789864324.810,4166,5.33685,0.01677,0.08950,3.298,3.298,947.3,3.71782,0.69669
1789864324.820,4167,5.33685,0.01677,0.08950,3.298,3.299,947.3,3.71872,0.69686
1789864324.830,4168,5.33685,0.01677,0.08950,3.299,3.299,947.3,3.71961,0.69703
1789864324.840,4169,5.33685,0.01677,0.08950,3.299,3.299,947.3,3.72051,0.69720
1789864324.850,4170,5.33685,0.01677,0.08950,3.299,3.299,947.3,3.72140,0.69736
1789864324.860,4171,5.33685,0.01677,0.08950,3.299,3.299,947.3,3.72229,0.69753
1789864324.870,4172,5.33685,0.01677,0.08950,3.298,3.298,947.3,3.72319,0.69770
1789864324.880,4173,5.33689,0.01677,0.08950,3.298,3.298,947.3,3.72409,0.69787
1789864324.890,4174,5.33689,0.01677,0.08950,3.295,3.296,947.3,3.72498,0.69804
1789864324.900,4175,5.33689,0.01677,0.08950,3.295,3.295,947.3,3.72588,0.69820
1789864324.910,4176,5.33689,0.01677,0.08950,3.292,3.293,947.3,3.72677,0.69837
1789864324.920,4177,5.33689,0.01677,0.08950,3.291,3.291,947.3,3.72766,0.69854
1789864324.930,4178,5.33689,0.01677,0.08950,3.291,3.291,947.3,3.72855,0.69871
1789864324.940,4179,5.33689,0.01677,0.08950,3.291,3.292,947.3,3.72945,0.69887
1789864324.950,4180,5.33689,0.01677,0.08950,3.293,3.293,947.3,3.73034,0.69904
1789864324.960,4181,5.33689,0.01677,0.08950,3.291,3.292,947.3,3.73124,0.69921
1789864324.970,4182,5.33689,0.01677,0.08950,3.289,3.290,947.3,3.73213,0.69938
1789864324.980,4183,5.33681,0.01678,0.08955,3.290,3.291,947.3,3.73303,0.69954
1789864324.990,4184,5.33681,0.01678,0.08955,3.289,3.290,947.3,3.73392,0.69971
1789864325.000,4185,5.33681,0.01678,0.08955,3.287,3.289,947.3,3.73482,0.69988
1789864325.010,4186,5.33681,0.01678,0.08955,3.287,3.288,947.3,3.73572,0.70005
1789864325.020,4187,5.33681,0.01678,0.08955,3.288,3.288,947.3,3.73662,0.70022
1789864325.030,4188,5.33681,0.01678,0.08955,3.293,3.293,947.3,3.73751,0.70038
1789864325.040,4189,5.33681,0.01678,0.08955,3.293,3.293,947.3,3.73840,0.70055
1789864325.050,4190,5.33681,0.01678,0.08955,3.292,3.292,947.3,3.73930,0.70072
1789864325.060,4191,5.33681,0.01678,0.08955,3.292,3.292,947.3,3.74019,0.70089
1789864325.070,4192,5.33681,0.01678,0.08955,3.294,3.293,947.3,3.74109,0.70105
1789864325.080,4193,5.33677,0.01678,0.08955,3.295,3.295,947.3,3.74199,0.70122
1789864325.090,4194,5.33677,0.01678,0.08955,3.295,3.295,947.3,3.74289,0.70139
1789864325.100,4195,5.33677,0.01678,0.08955,3.295,3.295,947.3,3.74379,0.70156
1789864325.110,4196,5.33677,0.01678,0.08955,3.296,3.297,947.3,3.74468,0.70173
1789864325.120,4197,5.33677,0.01678,0.08955,3.297,3.298,947.3,3.74558,0.70189
1789864325.130,4198,5.33677,0.01678,0.08955,3.296,3.297,947.3,3.74647,0.70206
1789864325.140,4199,5.33677,0.01678,0.08955,3.295,3.296,947.3,3.74737,0.70223
1789864325.150,4200,5.33677,0.01678,0.08955,3.295,3.295,947.3,3.74826,0.70240
1789864325.160,4201,5.33677,0.01678,0.08955,3.295,3.295,947.3,3.74916,0.70257
1789864325.170,4202,5.33677,0.01678,0.08955,3.295,3.295,947.3,3.75005,0.70273
1789864325.180,4203,5.33681,0.01678,0.08955,3.295,3.295,947.3,3.75095,0.70290
1789864325.190,4204,5.33681,0.01678,0.08955,3.295,3.295,947.3,3.75184,0.70307
1789864325.200,4205,5.33681,0.01678,0.08955,3.296,3.296,947.3,3.75274,0.70324
1789864325.210,4206,5.33681,0.01678,0.08955,3.297,3.297,947.3,3.75364,0.70340
1789864325.220,4207,5.33681,0.01678,0.08955,3.298,3.298,947.3,3.75453,0.70357
1789864325.230,4208,5.33681,0.01678,0.08955,3.299,3.299,947.3,3.75543,0.70374
1789864325.240,4209,5.33681,0.01678,0.08955,3.299,3.299,947.3,3.75632,0.70391
1789864325.250,4210,5.33681,0.01678,0.08955,3.299,3.299,947.3,3.75721,0.70407
1789864325.260,4211,5.33681,0.01678,0.08955,3.299,3.299,947.3,3.75810,0.70424
1789864325.270,4212,5.33681,0.01678,0.08955,3.298,3.299,947.3,3.75900,0.70441
1789864325.280,4213,5.33681,0.01679,0.08961,3.298,3.298,947.3,3.75990,0.70458
1789864325.290,4214,5.33681,0.01679,0.08961,3.297,3.298,947.3,3.76080,0.70475
1789864325.300,4215,5.33681,0.01679,0.08961,3.296,3.296,947.3,3.76170,0.70492
1789864325.310,4216,5.33681,0.01679,0.08961,3.293,3.294,947.3,3.76259,0.70508
1789864325.320,4217,5.33681,0.01679,0.08961,3.291,3.291,947.3,3.76349,0.70525
1789864325.330,4218,5.33681,0.01679,0.08961,3.291,3.291,947.3,3.76438,0.70542
1789864325.340,4219,5.33681,0.01679,0.08961,3.291,3.291,947.3,3.76527,0.70559
1789864325.350,4220,5.33681,0.01679,0.08961,3.292,3.291,947.3,3.76617,0.70575
1789864325.360,4221,5.33681,0.01679,0.08961,3.291,3.292,947.3,3.76707,0.70592
1789864325.370,4222,5.33681,0.01679,0.08961,3.290,3.290,947.3,3.76796,0.70609
1789864325.380,4223,5.33689,0.01678,0.08955,3.290,3.290,947.3,3.76886,0.70626
1789864325.390,4224,5.33689,0.01678,0.08955,3.289,3.289,947.3,3.76975,0.70642
1789864325.400,4225,5.33689,0.01678,0.08955,3.287,3.288,947.3,3.77065,0.70659
1789864325.410,4226,5.33689,0.01678,0.08955,3.287,3.287,947.3,3.77154,0.70676
1789864325.420,4227,5.33689,0.01678,0.08955,3.288,3.288,947.3,3.77244,0.70693
1789864325.430,4228,5.33689,0.01678,0.08955,3.292,3.292,947.3,3.77334,0.70710
1789864325.440,4229,5.33689,0.01678,0.08955,3.293,3.294,947.3,3.77423,0.70726
1789864325.450,4230,5.33689,0.01678,0.08955,3.293,3.293,947.3,3.77513,0.70743
1789864325.460,4231,5.33689,0.01678,0.08955,3.292,3.293,947.3,3.77603,0.70760
1789864325.470,4232,5.33689,0.01678,0.08955,3.292,3.293,947.3,3.77692,0.70777
1789864325.480,4233,5.33685,0.01678,0.08955,3.292,3.292,947.3,3.77782,0.70794
1789864325.490,4234,5.33685,0.01678,0.08955,3.291,3.292,947.3,3.77871,0.70810
1789864325.500,4235,5.33685,0.01678,0.08955,3.293,3.293,947.3,3.77960,0.70827
1789864325.510,4236,5.33685,0.01678,0.08955,3.293,3.294,947.3,3.78050,0.70844
1789864325.520,4237,5.33685,0.01678,0.08955,3.294,3.295,947.3,3.78139,0.70861
1789864325.530,4238,5.33685,0.01678,0.08955,3.295,3.295,947.3,3.78229,0.70877
1789864325.540,4239,5.33685,0.01678,0.08955,3.295,3.295,947.3,3.78318,0.70894
1789864325.550,4240,5.33685,0.01678,0.08955,3.295,3.295,947.3,3.78408,0.70911
1789864325.560,4241,5.33685,0.01678,0.08955,3.295,3.295,947.3,3.78497,0.70928
1789864325.570,4242,5.33685,0.01678,0.08955,3.295,3.295,947.3,3.78587,0.70944
1789864325.580,4243,5.33689,0.01678,0.08955,3.295,3.295,947.3,3.78677,0.70961
1789864325.590,4244,5.33689,0.01678,0.08955,3.295,3.295,947.3,3.78766,0.70978
1789864325.600,4245,5.33689,0.01678,0.08955,3.295,3.295,947.3,3.78856,0.70995
1789864325.610,4246,5.33689,0.01678,0.08955,3.295,3.295,947.3,3.78946,0.71012
1789864325.620,4247,5.33689,0.01678,0.08955,3.295,3.295,947.3,3.79035,0.71028
1789864325.630,4248,5.33689,0.01678,0.08955,3.295,3.296,947.3,3.79125,0.71045
1789864325.640,4249,5.33689,0.01678,0.08955,3.296,3.296,947.3,3.79214,0.71062
1789864325.650,4250,5.33689,0.01678,0.08955,3.297,3.297,947.3,3.79304,0.71079
1789864325.660,4251,5.33689,0.01678,0.08955,3.297,3.297,947.3,3.79394,0.71096
1789864325.670,4252,5.33689,0.01678,0.08955,3.298,3.298,947.3,3.79483,0.71112
1789864325.680,4253,5.33700,0.01678,0.08955,3.298,3.298,947.3,3.79572,0.71129
1789864325.690,4254,5.33700,0.01678,0.08955,3.298,3.298,947.3,3.79662,0.71146
1789864325.700,4255,5.33700,0.01678,0.08955,3.296,3.297,947.3,3.79751,0.71163
1789864325.710,4256,5.33700,0.01678,0.08955,3.294,3.294,947.3,3.79841,0.71179
1789864325.720,4257,5.33700,0.01678,0.08955,3.291,3.292,947.3,3.79930,0.71196
1789864325.730,4258,5.33700,0.01678,0.08955,3.291,3.292,947.3,3.80020,0.71213
1789864325.740,4259,5.33700,0.01678,0.08955,3.292,3.292,947.3,3.80110,0.71230
1789864325.750,4260,5.33700,0.01678,0.08955,3.291,3.292,947.3,3.80199,0.71247
1789864325.760,4261,5.33700,0.01678,0.08955,3.291,3.292,947.3,3.80289,0.71263
1789864325.770,4262,5.33700,0.01678,0.08955,3.291,3.292,947.3,3.80378,0.71280
1789864325.780,4263,5.33704,0.01678,0.08956,3.291,3.291,947.3,3.80468,0.71297
1789864325.790,4264,5.33704,0.01678,0.08956,3.289,3.290,947.3,3.80557,0.71314
1789864325.800,4265,5.33704,0.01678,0.08956,3.287,3.288,947.3,3.80647,0.71330
1789864325.810,4266,5.33704,0.01678,0.08956,3.286,3.287,947.3,3.80737,0.71347
1789864325.820,4267,5.33704,0.01678,0.08956,3.287,3.287,947.3,3.80827,0.71364
1789864325.830,4268,5.33704,0.01678,0.08956,3.289,3.289,947.3,3.80916,0.71381
1789864325.840,4269,5.33704,0.01678,0.08956,3.291,3.292,947.3,3.81005,0.71398
1789864325.850,4270,5.33704,0.01678,0.08956,3.291,3.292,947.3,3.81094,0.71414
1789864325.860,4271,5.33704,0.01678,0.08956,3.292,3.293,947.3,3.81184,0.71431
1789864325.870,4272,5.33704,0.01678,0.08956,3.293,3.293,947.3,3.81273,0.71448
1789864325.880,4273,5.33712,0.01680,0.08966,3.293,3.293,947.3,3.81363,0.71465
1789864325.890,4274,5.33712,0.01680,0.08966,3.293,3.293,947.3,3.81453,0.71482
1789864325.900,4275,5.33712,0.01680,0.08966,3.293,3.292,947.3,3.81543,0.71498
1789864325.910,4276,5.33712,0.01680,0.08966,3.293,3.293,947.3,3.81633,0.71515
1789864325.920,4277,5.33712,0.01680,0.08966,3.295,3.295,947.3,3.81722,0.71532
1789864325.930,4278,5.33712,0.01680,0.08966,3.295,3.295,947.3,3.81812,0.71549
1789864325.940,4279,5.33712,0.01680,0.08966,3.295,3.295,947.3,3.81902,0.71566
1789864325.950,4280,5.33712,0.01680,0.08966,3.295,3.295,947.3,3.81991,0.71582
1789864325.960,4281,5.33712,0.01680,0.08966,3.295,3.295,947.3,3.82081,0.71599
1789864325.970,4282,5.33712,0.01680,0.08966,3.295,3.295,947.3,3.82170,0.71616
1789864325.980,4283,5.33724,0.01678,0.08956,3.295,3.295,947.3,3.82259,0.71633
1789864325.990,4284,5.33724,0.01678,0.08956,3.295,3.296,947.3,3.82349,0.71649
1789864326.000,4285,5.33724,0.01678,0.08956,3.296,3.296,947.3,3.82439,0.71666
1789864326.010,4286,5.33724,0.01678,0.08956,3.297,3.297,947.3,3.82529,0.71683
1789864326.020,4287,5.33724,0.01678,0.08956,3.298,3.298,947.3,3.82618,0.71700
1789864326.030,4288,5.33724,0.01678,0.08956,3.299,3.299,947.3,3.82708,0.71717
1789864326.040,4289,5.33724,0.01678,0.08956,3.299,3.299,947.3,3.82798,0.71733
1789864326.050,4290,5.33724,0.01678,0.08956,3.299,3.299,947.3,3.82887,0.71750
1789864326.060,4291,5.33724,0.01678,0.08956,3.299,3.299,947.3,3.82977,0.71767
1789864326.070,4292,5.33724,0.01678,0.08956,3.298,3.299,947.3,3.83067,0.71784
1789864326.080,4293,5.33736,0.01679,0.08961,3.298,3.299,947.3,3.83156,0.71801
1789864326.090,4294,5.33736,0.01679,0.08961,3.298,3.298,947.3,3.83246,0.71817
1789864326.100,4295,5.33736,0.01679,0.08961,3.298,3.298,947.3,3.83335,0.71834
1789864326.110,4296,5.33736,0.01679,0.08961,3.297,3.297,947.3,3.83425,0.71851
1789864326.120,4297,5.33736,0.01679,0.08961,3.293,3.295,947.3,3.83514,0.71868
1789864326.130,4298,5.33736,0.01679,0.08961,3.294,3.295,947.3,3.83604,0.71884
1789864326.140,4299,5.33736,0.01679,0.08961,3.293,3.295,947.3,3.83693,0.71901
1789864326.150,4300,5.33736,0.01679,0.08961,3.293,3.295,947.3,3.83783,0.71918
1789864326.160,4301,5.33736,0.01679,0.08961,3.291,3.294,947.3,3.83872,0.71935
1789864326.170,4302,5.33736,0.01679,0.08961,3.284,3.287,947.3,3.83962,0.71952
1789864326.180,4303,5.33728,0.01678,0.08956,3.285,3.287,947.3,3.84051,0.71968
1789864326.190,4304,5.33728,0.01678,0.08956,3.284,3.285,947.3,3.84141,0.71985
1789864326.200,4305,5.33728,0.01678,0.08956,3.283,3.283,947.3,3.84230,0.72002
1789864326.210,4306,5.33728,0.01678,0.08956,3.281,3.282,947.3,3.84320,0.72019
1789864326.220,4307,5.33728,0.01678,0.08956,3.282,3.282,947.3,3.84409,0.72035
1789864326.230,4308,5.33728,0.01678,0.08956,3.288,3.287,947.3,3.84499,0.72052
1789864326.240,4309,5.33728,0.01678,0.08956,3.291,3.291,947.3,3.84588,0.72069
1789864326.250,4310,5.33728,0.01678,0.08956,3.291,3.291,947.3,3.84678,0.72086
1789864326.260,4311,5.33728,0.01678,0.08956,3.292,3.292,947.3,3.84767,0.72102
1789864326.270,4312,5.33728,0.01678,0.08956,3.293,3.293,947.3,3.84857,0.72119
1789864326.280,4313,5.33728,0.01678,0.08956,3.293,3.293,947.3,3.84946,0.72136
1789864326.290,4314,5.33728,0.01678,0.08956,3.294,3.294,947.3,3.85036,0.72153
1789864326.300,4315,5.33728,0.01678,0.08956,3.294,3.294,947.3,3.85126,0.72170
1789864326.310,4316,5.33728,0.01678,0.08956,3.293,3.294,947.3,3.85215,0.72186
1789864326.320,4317,5.33728,0.01678,0.08956,3.293,3.294,947.3,3.85305,0.72203
1789864326.330,4318,5.33728,0.01678,0.08956,3.294,3.294,947.3,3.85394,0.72220
1789864326.340,4319,5.33728,0.01678,0.08956,3.295,3.295,947.3,3.85484,0.72237
1789864326.350,4320,5.33728,0.01678,0.08956,3.295,3.295,947.3,3.85574,0.72254
1789864326.360,4321,5.33728,0.01678,0.08956,3.296,3.296,947.3,3.85664,0.72270
1789864326.370,4322,5.33728,0.01678,0.08956,3.296,3.296,947.3,3.85754,0.72287
1789864326.380,4323,5.33724,0.01679,0.08961,3.297,3.296,947.3,3.85844,0.72304
1789864326.390,4324,5.33724,0.01679,0.08961,3.297,3.297,947.3,3.85933,0.72321
1789864326.400,4325,5.33724,0.01679,0.08961,3.298,3.298,947.3,3.86023,0.72338
1789864326.410,4326,5.33724,0.01679,0.08961,3.298,3.298,947.3,3.86112,0.72354
1789864326.420,4327,5.33724,0.01679,0.08961,3.298,3.298,947.3,3.86201,0.72371
1789864326.430,4328,5.33724,0.01679,0.08961,3.298,3.298,947.3,3.86291,0.72388
1789864326.440,4329,5.33724,0.01679,0.08961,3.299,3.299,947.3,3.86380,0.72405
1789864326.450,4330,5.33724,0.01679,0.08961,3.298,3.299,947.3,3.86470,0.72421
1789864326.460,4331,5.33724,0.01679,0.08961,3.298,3.299,947.3,3.86559,0.72438
1789864326.470,4332,5.33724,0.01679,0.08961,3.298,3.299,947.3,3.86649,0.72455
1789864326.480,4333,5.33724,0.01678,0.08956,3.297,3.298,947.3,3.86739,0.72472
1789864326.490,4334,5.33724,0.01678,0.08956,3.297,3.297,947.3,3.86829,0.72489
1789864326.500,4335,5.33724,0.01678,0.08956,3.296,3.297,947.3,3.86919,0.72506
1789864326.510,4336,5.33724,0.01678,0.08956,3.295,3.295,947.3,3.87008,0.72522
1789864326.520,4337,5.33724,0.01678,0.08956,3.292,3.292,947.3,3.87097,0.72539
1789864326.530,4338,5.33724,0.01678,0.08956,3.292,3.291,947.3,3.87186,0.72556
1789864326.540,4339,5.33724,0.01678,0.08956,3.293,3.292,947.3,3.87275,0.72572
1789864326.550,4340,5.33724,0.01678,0.08956,3.293,3.292,947.3,3.87365,0.72589
1789864326.560,4341,5.33724,0.01678,0.08956,3.292,3.292,947.3,3.87455,0.72606
1789864326.570,4342,5.33724,0.01678,0.08956,3.288,3.288,947.3,3.87545,0.72623
1789864326.580,4343,5.33720,0.01680,0.08966,3.289,3.289,947.3,3.87634,0.72640
1789864326.590,4344,5.33720,0.01680,0.08966,3.288,3.289,947.3,3.87724,0.72656
1789864326.600,4345,5.33720,0.01680,0.08966,3.289,3.289,947.3,3.87813,0.72673
1789864326.610,4346,5.33720,0.01680,0.08966,3.288,3.288,947.3,3.87903,0.72690
1789864326.620,4347,5.33720,0.01680,0.08966,3.289,3.289,947.3,3.87992,0.72707
1789864326.630,4348,5.33720,0.01680,0.08966,3.295,3.295,947.3,3.88082,0.72724
1789864326.640,4349,5.33720,0.01680,0.08966,3.295,3.295,947.3,3.88172,0.72740
1789864326.650,4350,5.33720,0.01680,0.08966,3.296,3.296,947.3,3.88262,0.72757
1789864326.660,4351,5.33720,0.01680,0.08966,3.295,3.295,947.3,3.88352,0.72774
1789864326.670,4352,5.33720,0.01680,0.08966,3.295,3.295,947.3,3.88442,0.72791
1789864326.680,4353,5.33720,0.01679,0.08961,3.295,3.295,947.3,3.88531,0.72808
1789864326.690,4354,5.33720,0.01679,0.08961,3.294,3.294,947.3,3.88621,0.72824
1789864326.700,4355,5.33720,0.01679,0.08961,3.295,3.295,947.3,3.88710,0.72841
1789864326.710,4356,5.33720,0.01679,0.08961,3.295,3.295,947.3,3.88800,0.72858
1789864326.720,4357,5.33720,0.01679,0.08961,3.296,3.296,947.3,3.88889,0.72875
1789864326.730,4358,5.33720,0.01679,0.08961,3.296,3.296,947.3,3.88978,0.72891
1789864326.740,4359,5.33720,0.01679,0.08961,3.297,3.296,947.3,3.89068,0.72908
1789864326.750,4360,5.33720,0.01679,0.08961,3.297,3.296,947.3,3.89157,0.72925
1789864326.760,4361,5.33720,0.01679,0.08961,3.296,3.296,947.3,3.89247,0.72942
1789864326.770,4362,5.33720,0.01679,0.08961,3.295,3.295,947.3,3.89337,0.72959
1789864326.780,4363,5.33712,0.01678,0.08956,3.295,3.295,947.3,3.89426,0.72975
1789864326.790,4364,5.33712,0.01678,0.08956,3.295,3.295,947.3,3.89516,0.72992
1789864326.800,4365,5.33712,0.01678,0.08956,3.295,3.296,947.3,3.89605,0.73009
1789864326.810,4366,5.33712,0.01678,0.08956,3.296,3.297,947.3,3.89695,0.73026
1789864326.820,4367,5.33712,0.01678,0.08956,3.297,3.297,947.3,3.89785,0.73043
1789864326.830,4368,5.33712,0.01678,0.08956,3.298,3.298,947.3,3.89874,0.73059
1789864326.840,4369,5.33712,0.01678,0.08956,3.299,3.299,947.3,3.89963,0.73076
1789864326.850,4370,5.33712,0.01678,0.08956,3.299,3.299,947.3,3.90053,0.73093
1789864326.860,4371,5.33712,0.01678,0.08956,3.299,3.299,947.3,3.90142,0.73110
1789864326.870,4372,5.33712,0.01678,0.08956,3.299,3.299,947.3,3.90232,0.73126
1789864326.880,4373,5.33708,0.01678,0.08956,3.299,3.299,947.3,3.90322,0.73143
1789864326.890,4374,5.33708,0.01678,0.08956,3.299,3.299,947.3,3.90412,0.73160
1789864326.900,4375,5.33708,0.01678,0.08956,3.298,3.299,947.3,3.90501,0.73177
1789864326.910,4376,5.33708,0.01678,0.08956,3.297,3.297,947.3,3.90592,0.73194
1789864326.920,4377,5.33708,0.01678,0.08956,3.295,3.295,947.3,3.90683,0.73211
1789864326.930,4378,5.33708,0.01678,0.08956,3.295,3.295,947.3,3.90774,0.73228
1789864326.941,4379,5.33708,0.01678,0.08956,3.295,3.295,947.3,3.90865,0.73245
1789864326.950,4380,5.33708,0.01678,0.08956,3.293,3.293,947.3,3.90953,0.73261
1789864326.960,4381,5.33708,0.01678,0.08956,3.292,3.293,947.3,3.91041,0.73278
1789864326.970,4382,5.33708,0.01678,0.08956,3.287,3.288,947.3,3.91129,0.73294
1789864326.980,4383,5.33704,0.01679,0.08961,3.286,3.287,947.3,3.91217,0.73311
1789864326.990,4384,5.33704,0.01679,0.08961,3.284,3.285,947.3,3.91307,0.73328
1789864327.000,4385,5.33704,0.01679,0.08961,3.283,3.284,947.3,3.91396,0.73344
1789864327.010,4386,5.33704,0.01679,0.08961,3.283,3.284,947.3,3.91486,0.73361
1789864327.020,4387,5.33704,0.01679,0.08961,3.283,3.283,947.3,3.91576,0.73378
1789864327.030,4388,5.33704,0.01679,0.08961,3.287,3.287,947.3,3.91665,0.73395
1789864327.040,4389,5.33704,0.01679,0.08961,3.291,3.291,947.3,3.91755,0.73412
1789864327.050,4390,5.33704,0.01679,0.08961,3.291,3.292,947.3,3.91844,0.73428
1789864327.060,4391,5.33704,0.01679,0.08961,3.292,3.292,947.3,3.91934,0.73445
1789864327.070,4392,5.33704,0.01679,0.08961,3.293,3.293,947.3,3.92024,0.73462
1789864327.080,4393,5.33693,0.01678,0.08955,3.294,3.294,947.3,3.92113,0.73479
1789864327.090,4394,5.33693,0.01678,0.08955,3.295,3.295,947.3,3.92203,0.73496
1789864327.100,4395,5.33693,0.01678,0.08955,3.295,3.295,947.3,3.92292,0.73512
1789864327.110,4396,5.33693,0.01678,0.08955,3.295,3.295,947.3,3.92382,0.73529
1789864327.120,4397,5.33693,0.01678,0.08955,3.295,3.296,947.3,3.92471,0.73546
1789864327.130,4398,5.33693,0.01678,0.08955,3.295,3.296,947.3,3.92561,0.73563
1789864327.140,4399,5.33693,0.01678,0.08955,3.295,3.295,947.3,3.92650,0.73579
1789864327.150,4400,5.33693,0.01678,0.08955,3.295,3.296,947.3,3.92740,0.73596
1789864327.160,4401,5.33693,0.01678,0.08955,3.296,3.296,947.3,3.92830,0.73613
1789864327.170,4402,5.33693,0.01678,0.08955,3.295,3.295,947.3,3.92920,0.73630
1789864327.180,4403,5.33689,0.01679,0.08961,3.295,3.296,947.3,3.93009,0.73647
1789864327.190,4404,5.33689,0.01679,0.08961,3.297,3.297,947.3,3.93099,0.73664
1789864327.200,4405,5.33689,0.01679,0.08961,3.297,3.297,947.3,3.93189,0.73680
1789864327.210,4406,5.33689,0.01679,0.08961,3.298,3.298,947.3,3.93278,0.73697
1789864327.220,4407,5.33689,0.01679,0.08961,3.298,3.298,947.3,3.93368,0.73714
1789864327.230,4408,5.33689,0.01679,0.08961,3.299,3.299,947.3,3.93457,0.73731
1789864327.240,4409,5.33689,0.01679,0.08961,3.299,3.299,947.3,3.93547,0.73747
1789864327.250,4410,5.33689,0.01679,0.08961,3.299,3.299,947.3,3.93636,0.73764
1789864327.260,4411,5.33689,0.01679,0.08961,3.299,3.299,947.3,3.93726,0.73781
1789864327.270,4412,5.33689,0.01679,0.08961,3.299,3.299,947.3,3.93816,0.73798
1789864327.280,4413,5.33693,0.01678,0.08955,3.297,3.297,947.3,3.93905,0.73815
1789864327.290,4414,5.33693,0.01678,0.08955,3.296,3.297,947.3,3.93995,0.73831
1789864327.300,4415,5.33693,0.01678,0.08955,3.296,3.297,947.3,3.94085,0.73848
1789864327.310,4416,5.33693,0.01678,0.08955,3.295,3.295,947.3,3.94174,0.73865
1789864327.320,4417,5.33693,0.01678,0.08955,3.293,3.293,947.3,3.94264,0.73882
1789864327.330,4418,5.33693,0.01678,0.08955,3.293,3.293,947.3,3.94353,0.73899
1789864327.340,4419,5.33693,0.01678,0.08955,3.293,3.294,947.3,3.94443,0.73915
1789864327.350,4420,5.33693,0.01678,0.08955,3.293,3.293,947.3,3.94532,0.73932
1789864327.360,4421,5.33693,0.01678,0.08955,3.292,3.293,947.3,3.94622,0.73949
1789864327.370,4422,5.33693,0.01678,0.08955,3.287,3.288,947.3,3.94711,0.73966
1789864327.380,4423,5.33685,0.01678,0.08955,3.286,3.287,947.3,3.94801,0.73982
1789864327.390,4424,5.33685,0.01678,0.08955,3.284,3.285,947.3,3.94891,0.73999
1789864327.400,4425,5.33685,0.01678,0.08955,3.283,3.283,947.3,3.94981,0.74016
1789864327.410,4426,5.33685,0.01678,0.08955,3.283,3.284,947.3,3.95071,0.74033
1789864327.420,4427,5.33685,0.01678,0.08955,3.283,3.283,947.3,3.95161,0.74050
1789864327.430,4428,5.33685,0.01678,0.08955,3.289,3.288,947.3,3.95251,0.74067
1789864327.440,4429,5.33685,0.01678,0.08955,3.293,3.293,947.3,3.95340,0.74083
1789864327.450,4430,5.33685,0.01678,0.08955,3.294,3.294,947.3,3.95430,0.74100
1789864327.460,4431,5.33685,0.01678,0.08955,3.295,3.295,947.3,3.95519,0.74117
1789864327.470,4432,5.33685,0.01678,0.08955,3.295,3.295,947.3,3.95609,0.74134
1789864327.480,4433,5.33689,0.01678,0.08955,3.296,3.296,947.3,3.95698,0.74151
1789864327.490,4434,5.33689,0.01678,0.08955,3.296,3.296,947.3,3.95788,0.74167
1789864327.500,4435,5.33689,0.01678,0.08955,3.296,3.296,947.3,3.95877,0.74184
1789864327.510,4436,5.33689,0.01678,0.08955,3.296,3.296,947.3,3.95967,0.74201
1789864327.520,4437,5.33689,0.01678,0.08955,3.296,3.296,947.3,3.96056,0.74218
1789864327.530,4438,5.33689,0.01678,0.08955,3.296,3.296,947.3,3.96146,0.74234
1789864327.540,4439,5.33689,0.01678,0.08955,3.296,3.297,947.3,3.96235,0.74251
1789864327.550,4440,5.33689,0.01678,0.08955,3.297,3.297,947.3,3.96325,0.74268
1789864327.560,4441,5.33689,0.01678,0.08955,3.296,3.297,947.3,3.96415,0.74285
1789864327.570,4442,5.33689,0.01678,0.08955,3.296,3.296,947.3,3.96504,0.74302
1789864327.580,4443,5.33685,0.01678,0.08955,3.296,3.297,947.3,3.96594,0.74318
1789864327.590,4444,5.33685,0.01678,0.08955,3.297,3.297,947.3,3.96684,0.74335
1789864327.600,4445,5.33685,0.01678,0.08955,3.297,3.296,947.3,3.96773,0.74352
1789864327.610,4446,5.33685,0.01678,0.08955,3.296,3.296,947.3,3.96863,0.74369
1789864327.620,4447,5.33685,0.01678,0.08955,3.296,3.296,947.3,3.96953,0.74386
1789864327.630,4448,5.33685,0.01678,0.08955,3.296,3.295,947.3,3.97042,0.74402
1789864327.640,4449,5.33685,0.01678,0.08955,3.296,3.296,947.3,3.97131,0.74419
1789864327.650,4450,5.33685,0.01678,0.08955,3.296,3.296,947.3,3.97220,0.74436
1789864327.660,4451,5.33685,0.01678,0.08955,3.296,3.297,947.3,3.97310,0.74453
1789864327.670,4452,5.33685,0.01678,0.08955,3.296,3.297,947.3,3.97399,0.74469
1789864327.680,4453,5.33677,0.01677,0.08950,3.297,3.297,947.3,3.97489,0.74486
1789864327.690,4454,5.33677,0.01677,0.08950,3.298,3.298,947.3,3.97578,0.74503
1789864327.700,4455,5.33677,0.01677,0.08950,3.297,3.298,947.3,3.97668,0.74520
1789864327.710,4456,5.33677,0.01677,0.08950,3.295,3.295,947.3,3.97757,0.74536
1789864327.720,4457,5.33677,0.01677,0.08950,3.291,3.291,947.3,3.97847,0.74553
1789864327.730,4458,5.33677,0.01677,0.08950,3.291,3.291,947.3,3.97936,0.74570
1789864327.740,4459,5.33677,0.01677,0.08950,3.291,3.291,947.3,3.98026,0.74587
1789864327.750,4460,5.33677,0.01677,0.08950,3.291,3.291,947.3,3.98115,0.74604
1789864327.760,4461,5.33677,0.01677,0.08950,3.291,3.291,947.3,3.98205,0.74620
1789864327.770,4462,5.33677,0.01677,0.08950,3.289,3.289,947.3,3.98295,0.74637
1789864327.780,4463,5.33689,0.01678,0.08955,3.288,3.287,947.3,3.98384,0.74654
1789864327.790,4464,5.33689,0.01678,0.08955,3.287,3.287,947.3,3.98473,0.74671
1789864327.800,4465,5.33689,0.01678,0.08955,3.286,3.286,947.3,3.98563,0.74687
1789864327.810,4466,5.33689,0.01678,0.08955,3.285,3.283,947.3,3.98652,0.74704
1789864327.820,4467,5.33689,0.01678,0.08955,3.284,3.284,947.3,3.98741,0.74721
1789864327.830,4468,5.33689,0.01678,0.08955,3.287,3.287,947.3,3.98831,0.74738
1789864327.840,4469,5.33689,0.01678,0.08955,3.292,3.291,947.3,3.98921,0.74754
1789864327.850,4470,5.33689,0.01678,0.08955,3.291,3.292,947.3,3.99010,0.74771
1789864327.860,4471,5.33689,0.01678,0.08955,3.292,3.292,947.3,3.99100,0.74788
1789864327.870,4472,5.33689,0.01678,0.08955,3.293,3.293,947.3,3.99189,0.74805
1789864327.880,4473,5.33689,0.01677,0.08950,3.293,3.293,947.3,3.99278,0.74821
1789864327.890,4474,5.33689,0.01677,0.08950,3.293,3.293,947.3,3.99368,0.74838
1789864327.900,4475,5.33689,0.01677,0.08950,3.293,3.294,947.3,3.99457,0.74855
1789864327.910,4476,5.33689,0.01677,0.08950,3.294,3.294,947.3,3.99546,0.74872
1789864327.920,4477,5.33689,0.01677,0.08950,3.294,3.295,947.3,3.99636,0.74888
1789864327.930,4478,5.33689,0.01677,0.08950,3.295,3.295,947.3,3.99725,0.74905
1789864327.940,4479,5.33689,0.01677,0.08950,3.295,3.295,947.3,3.99815,0.74922
1789864327.950,4480,5.33689,0.01677,0.08950,3.295,3.296,947.3,3.99904,0.74939
1789864327.960,4481,5.33689,0.01677,0.08950,3.295,3.296,947.3,3.99994,0.74956
1789864327.970,4482,5.33689,0.01677,0.08950,3.296,3.296,947.3,4.00084,0.74972
1789864327.980,4483,5.33685,0.01677,0.08950,3.296,3.297,947.3,4.00173,0.74989
1789864327.990,4484,5.33685,0.01677,0.08950,3.297,3.297,947.3,4.00263,0.75006
1789864328.000,4485,5.33685,0.01677,0.08950,3.298,3.298,947.3,4.00353,0.75023
1789864328.010,4486,5.33685,0.01677,0.08950,3.298,3.299,947.3,4.00442,0.75039
1789864328.020,4487,5.33685,0.01677,0.08950,3.298,3.299,947.3,4.00532,0.75056
1789864328.030,4488,5.33685,0.01677,0.08950,3.299,3.299,947.3,4.00622,0.75073
1789864328.040,4489,5.33685,0.01677,0.08950,3.299,3.299,947.3,4.00711,0.75090
1789864328.050,4490,5.33685,0.01677,0.08950,3.299,3.299,947.3,4.00801,0.75107
1789864328.060,4491,5.33685,0.01677,0.08950,3.299,3.299,947.3,4.00890,0.75123
1789864328.070,4492,5.33685,0.01677,0.08950,3.298,3.299,947.3,4.00980,0.75140
1789864328.080,4493,5.33681,0.01677,0.08950,3.298,3.298,947.3,4.01069,0.75157
1789864328.090,4494,5.33681,0.01677,0.08950,3.298,3.298,947.3,4.01159,0.75174
1789864328.100,4495,5.33681,0.01677,0.08950,3.298,3.298,947.3,4.01248,0.75190
1789864328.110,4496,5.33681,0.01677,0.08950,3.298,3.298,947.3,4.01337,0.75207
1789864328.120,4497,5.33681,0.01677,0.08950,3.296,3.296,947.3,4.01427,0.75224
1789864328.130,4498,5.33681,0.01677,0.08950,3.296,3.296,947.3,4.01516,0.75241
1789864328.140,4499,5.33681,0.01677,0.08950,3.296,3.296,947.3,4.01605,0.75257
1789864328.150,4500,5.33681,0.01677,0.08950,3.296,3.296,947.3,4.01695,0.75274
1789864328.160,4501,5.33681,0.01677,0.08950,3.295,3.296,947.3,4.01784,0.75291
1789864328.170,4502,5.33681,0.01677,0.08950,3.293,3.294,947.3,4.01873,0.75308
1789864328.180,4503,5.33681,0.01677,0.08950,3.290,3.291,947.3,4.01963,0.75324
1789864328.190,4504,5.33681,0.01677,0.08950,3.288,3.288,947.3,4.02052,0.75341
1789864328.200,4505,5.33681,0.01677,0.08950,3.286,3.287,947.3,4.02142,0.75358
1789864328.210,4506,5.33681,0.01677,0.08950,3.285,3.285,947.3,4.02231,0.75375
1789864328.220,4507,5.33681,0.01677,0.08950,3.285,3.284,947.3,4.02321,0.75391
1789864328.230,4508,5.33681,0.01677,0.08950,3.287,3.287,947.3,4.02410,0.75408
1789864328.240,4509,5.33681,0.01677,0.08950,3.291,3.290,947.3,4.02500,0.75425
1789864328.250,4510,5.33681,0.01677,0.08950,3.291,3.291,947.3,4.02590,0.75442
1789864328.260,4511,5.33681,0.01677,0.08950,3.291,3.291,947.3,4.02679,0.75459
1789864328.270,4512,5.33681,0.01677,0.08950,3.291,3.292,947.3,4.02769,0.75475
1789864328.280,4513,5.33677,0.01677,0.08950,3.291,3.291,947.3,4.02858,0.75492
1789864328.290,4514,5.33677,0.01677,0.08950,3.292,3.292,947.3,4.02947,0.75509
1789864328.300,4515,5.33677,0.01677,0.08950,3.292,3.292,947.3,4.03036,0.75526
1789864328.310,4516,5.33677,0.01677,0.08950,3.292,3.292,947.3,4.03126,0.75542
1789864328.320,4517,5.33677,0.01677,0.08950,3.293,3.294,947.3,4.03215,0.75559
1789864328.330,4518,5.33677,0.01677,0.08950,3.293,3.294,947.3,4.03305,0.75576
1789864328.340,4519,5.33677,0.01677,0.08950,3.294,3.295,947.3,4.03395,0.75593
1789864328.350,4520,5.33677,0.01677,0.08950,3.294,3.294,947.3,4.03484,0.75609
1789864328.360,4521,5.33677,0.01677,0.08950,3.294,3.294,947.3,4.03574,0.75626
1789864328.370,4522,5.33677,0.01677,0.08950,3.295,3.295,947.3,4.03663,0.75643
1789864328.380,4523,5.33673,0.01677,0.08950,3.295,3.295,947.3,4.03753,0.75660
1789864328.390,4524,5.33673,0.01677,0.08950,3.295,3.295,947.3,4.03843,0.75677
1789864328.400,4525,5.33673,0.01677,0.08950,3.296,3.296,947.3,4.03932,0.75693
1789864328.410,4526,5.33673,0.01677,0.08950,3.296,3.297,947.3,4.04021,0.75710
1789864328.420,4527,5.33673,0.01677,0.08950,3.298,3.298,947.3,4.04111,0.75727
1789864328.430,4528,5.33673,0.01677,0.08950,3.298,3.298,947.3,4.04200,0.75744
1789864328.440,4529,5.33673,0.01677,0.08950,3.299,3.299,947.3,4.04290,0.75760
1789864328.450,4530,5.33673,0.01677,0.08950,3.299,3.299,947.3,4.04379,0.75777
1789864328.460,4531,5.33673,0.01677,0.08950,3.298,3.299,947.3,4.04469,0.75794
1789864328.470,4532,5.33673,0.01677,0.08950,3.298,3.299,947.3,4.04558,0.75811
1789864328.480,4533,5.33669,0.01677,0.08950,3.298,3.299,947.3,4.04648,0.75828
1789864328.490,4534,5.33669,0.01677,0.08950,3.298,3.298,947.3,4.04737,0.75844
1789864328.500,4535,5.33669,0.01677,0.08950,3.298,3.298,947.3,4.04827,0.75861
1789864328.510,4536,5.33669,0.01677,0.08950,3.296,3.297,947.3,4.04916,0.75878
1789864328.520,4537,5.33669,0.01677,0.08950,3.293,3.294,947.3,4.05006,0.75895
1789864328.530,4538,5.33669,0.01677,0.08950,3.292,3.292,947.3,4.05095,0.75911
1789864328.540,4539,5.33669,0.01677,0.08950,3.292,3.293,947.3,4.05184,0.75928
1789864328.550,4540,5.33669,0.01677,0.08950,3.293,3.293,947.3,4.05274,0.75945
1789864328.560,4541,5.33669,0.01677,0.08950,3.293,3.293,947.3,4.05364,0.75962
1789864328.570,4542,5.33669,0.01677,0.08950,3.290,3.291,947.3,4.05454,0.75979
1789864328.580,4543,5.33669,0.01677,0.08950,3.290,3.291,947.3,4.05544,0.75995
1789864328.590,4544,5.33669,0.01677,0.08950,3.289,3.291,947.3,4.05633,0.76012
1789864328.600,4545,5.33669,0.01677,0.08950,3.288,3.290,947.3,4.05723,0.76029
1789864328.610,4546,5.33669,0.01677,0.08950,3.287,3.290,947.3,4.05812,0.76046
1789864328.620,4547,5.33669,0.01677,0.08950,3.288,3.290,947.3,4.05902,0.76063
1789864328.630,4548,5.33669,0.01677,0.08950,3.291,3.291,947.3,4.05991,0.76079
1789864328.640,4549,5.33669,0.01677,0.08950,3.295,3.295,947.3,4.06080,0.76096
1789864328.650,4550,5.33669,0.01677,0.08950,3.295,3.296,947.3,4.06169,0.76113
1789864328.660,4551,5.33669,0.01677,0.08950,3.295,3.295,947.3,4.06258,0.76129
1789864328.670,4552,5.33669,0.01677,0.08950,3.295,3.295,947.3,4.06348,0.76146
1789864328.680,4553,5.33669,0.01677,0.08950,3.294,3.294,947.3,4.06437,0.76163
1789864328.690,4554,5.33669,0.01677,0.08950,3.294,3.294,947.3,4.06527,0.76180
1789864328.700,4555,5.33669,0.01677,0.08950,3.295,3.295,947.3,4.06617,0.76196
1789864328.710,4556,5.33669,0.01677,0.08950,3.295,3.295,947.3,4.06706,0.76213
1789864328.720,4557,5.33669,0.01677,0.08950,3.295,3.295,947.3,4.06796,0.76230
1789864328.730,4558,5.33669,0.01677,0.08950,3.295,3.296,947.3,4.06886,0.76247
1789864328.740,4559,5.33669,0.01677,0.08950,3.295,3.295,947.3,4.06975,0.76264
1789864328.750,4560,5.33669,0.01677,0.08950,3.295,3.296,947.3,4.07065,0.76280
1789864328.760,4561,5.33669,0.01677,0.08950,3.295,3.295,947.3,4.07155,0.76297
1789864328.770,4562,5.33669,0.01677,0.08950,3.295,3.295,947.3,4.07244,0.76314
1789864328.780,4563,5.33657,0.01677,0.08949,3.295,3.295,947.3,4.07334,0.76331
1789864328.790,4564,5.33657,0.01677,0.08949,3.295,3.295,947.3,4.07423,0.76348
1789864328.800,4565,5.33657,0.01677,0.08949,3.295,3.295,947.3,4.07513,0.76364
1789864328.810,4566,5.33657,0.01677,0.08949,3.295,3.296,947.3,4.07603,0.76381
1789864328.820,4567,5.33657,0.01677,0.08949,3.296,3.296,947.3,4.07692,0.76398
1789864328.830,4568,5.33657,0.01677,0.08949,3.297,3.297,947.3,4.07782,0.76415
1789864328.840,4569,5.33657,0.01677,0.08949,3.299,3.298,947.3,4.07871,0.76431
1789864328.850,4570,5.33657,0.01677,0.08949,3.299,3.299,947.3,4.07960,0.76448
1789864328.860,4571,5.33657,0.01677,0.08949,3.299,3.299,947.3,4.08050,0.76465
1789864328.870,4572,5.33657,0.01677,0.08949,3.299,3.299,947.3,4.08139,0.76482
1789864328.880,4573,5.33654,0.01677,0.08949,3.298,3.299,947.3,4.08228,0.76498
1789864328.890,4574,5.33654,0.01677,0.08949,3.298,3.298,947.3,4.08318,0.76515
1789864328.900,4575,5.33654,0.01677,0.08949,3.298,3.298,947.3,4.08407,0.76532
1789864328.910,4576,5.33654,0.01677,0.08949,3.296,3.297,947.3,4.08496,0.76549
1789864328.920,4577,5.33654,0.01677,0.08949,3.292,3.294,947.3,4.08586,0.76565
1789864328.930,4578,5.33654,0.01677,0.08949,3.291,3.292,947.3,4.08675,0.76582
1789864328.940,4579,5.33654,0.01677,0.08949,3.292,3.292,947.3,4.08765,0.76599
1789864328.950,4580,5.33654,0.01677,0.08949,3.292,3.293,947.3,4.08854,0.76616
1789864328.960,4581,5.33654,0.01677,0.08949,3.292,3.292,947.3,4.08943,0.76632
1789864328.970,4582,5.33654,0.01677,0.08949,3.291,3.292,947.3,4.09033,0.76649
1789864328.980,4583,5.33654,0.01677,0.08949,3.289,3.289,947.3,4.09122,0.76666
1789864328.990,4584,5.33654,0.01677,0.08949,3.289,3.290,947.3,4.09212,0.76683
1789864329.000,4585,5.33654,0.01677,0.08949,3.287,3.288,947.3,4.09302,0.76700
1789864329.010,4586,5.33654,0.01677,0.08949,3.285,3.286,947.3,4.09391,0.76716
1789864329.020,4587,5.33654,0.01677,0.08949,3.283,3.284,947.3,4.09481,0.76733
1789864329.030,4588,5.33654,0.01677,0.08949,3.284,3.284,947.3,4.09571,0.76750
1789864329.040,4589,5.33654,0.01677,0.08949,3.289,3.289,947.3,4.09660,0.76767
1789864329.050,4590,5.33654,0.01677,0.08949,3.288,3.289,947.3,4.09750,0.76784
1789864329.060,4591,5.33654,0.01677,0.08949,3.290,3.290,947.3,4.09839,0.76800
1789864329.070,4592,5.33654,0.01677,0.08949,3.291,3.291,947.3,4.09929,0.76817
1789864329.080,4593,5.33661,0.01677,0.08949,3.291,3.291,947.3,4.10019,0.76834
1789864329.090,4594,5.33661,0.01677,0.08949,3.292,3.292,947.3,4.10109,0.76851
1789864329.100,4595,5.33661,0.01677,0.08949,3.293,3.293,947.3,4.10198,0.76868
1789864329.111,4596,5.33661,0.01677,0.08949,3.294,3.294,947.3,4.10292,0.76885
1789864329.121,4597,5.33661,0.01677,0.08949,3.294,3.295,947.3,4.10385,0.76903
1789864329.131,4598,5.33661,0.01677,0.08949,3.295,3.295,947.3,4.10478,0.76920
1789864329.142,4599,5.33661,0.01677,0.08949,3.295,3.295,947.3,4.10572,0.76938
1789864329.151,4600,5.33661,0.01677,0.08949,3.295,3.296,947.3,4.10657,0.76954
1789864329.161,4601,5.33661,0.01677,0.08949,3.296,3.296,947.3,4.10743,0.76970
1789864329.171,4602,5.33661,0.01677,0.08949,3.296,3.297,947.3,4.10828,0.76986
1789864329.180,4603,5.33673,0.01676,0.08944,3.296,3.297,947.3,4.10914,0.77002
1789864329.190,4604,5.33673,0.01676,0.08944,3.296,3.296,947.3,4.11004,0.77018
1789864329.200,4605,5.33673,0.01676,0.08944,3.297,3.297,947.3,4.11093,0.77035
1789864329.210,4606,5.33673,0.01676,0.08944,3.297,3.297,947.3,4.11183,0.77052
1789864329.220,4607,5.33673,0.01676,0.08944,3.298,3.297,947.3,4.11273,0.77069
1789864329.230,4608,5.33673,0.01676,0.08944,3.298,3.297,947.3,4.11362,0.77086
1789864329.240,4609,5.33673,0.01676,0.08944,3.299,3.299,947.3,4.11451,0.77102
1789864329.250,4610,5.33673,0.01676,0.08944,3.299,3.299,947.3,4.11540,0.77119
1789864329.260,4611,5.33673,0.01676,0.08944,3.299,3.299,947.3,4.11629,0.77136
1789864329.270,4612,5.33673,0.01676,0.08944,3.299,3.299,947.3,4.11718,0.77152
1789864329.280,4613,5.33673,0.01676,0.08944,3.299,3.299,947.3,4.11808,0.77169
1789864329.290,4614,5.33673,0.01676,0.08944,3.298,3.298,947.3,4.11898,0.77186
1789864329.300,4615,5.33673,0.01676,0.08944,3.298,3.298,947.3,4.11988,0.77203
1789864329.310,4616,5.33673,0.01676,0.08944,3.296,3.296,947.3,4.12077,0.77220
1789864329.320,4617,5.33673,0.01676,0.08944,3.293,3.293,947.3,4.12166,0.77236
1789864329.330,4618,5.33673,0.01676,0.08944,3.291,3.291,947.3,4.12256,0.77253
1789864329.340,4619,5.33673,0.01676,0.08944,3.291,3.291,947.3,4.12345,0.77270
1789864329.350,4620,5.33673,0.01676,0.08944,3.292,3.292,947.3,4.12435,0.77287
1789864329.360,4621,5.33673,0.01676,0.08944,3.291,3.291,947.3,4.12524,0.77303
1789864329.370,4622,5.33673,0.01676,0.08944,3.291,3.291,947.3,4.12614,0.77320
1789864329.380,4623,5.33677,0.01676,0.08944,3.290,3.290,947.3,4.12703,0.77337
1789864329.390,4624,5.33677,0.01676,0.08944,3.288,3.288,947.3,4.12793,0.77354
1789864329.400,4625,5.33677,0.01676,0.08944,3.287,3.288,947.3,4.12882,0.77370
1789864329.410,4626,5.33677,0.01676,0.08944,3.284,3.285,947.3,4.12971,0.77387
1789864329.420,4627,5.33677,0.01676,0.08944,3.283,3.284,947.3,4.13061,0.77404
1789864329.430,4628,5.33677,0.01676,0.08944,3.285,3.285,947.3,4.13150,0.77421
1789864329.440,4629,5.33677,0.01676,0.08944,3.290,3.290,947.3,4.13240,0.77437
1789864329.450,4630,5.33677,0.01676,0.08944,3.291,3.292,947.3,4.13329,0.77454
1789864329.460,4631,5.33677,0.01676,0.08944,3.291,3.292,947.3,4.13419,0.77471
1789864329.470,4632,5.33677,0.01676,0.08944,3.293,3.294,947.3,4.13508,0.77488
1789864329.480,4633,5.33673,0.01675,0.08939,3.294,3.295,947.3,4.13597,0.77504
1789864329.490,4634,5.33673,0.01675,0.08939,3.294,3.294,947.3,4.13686,0.77521
1789864329.500,4635,5.33673,0.01675,0.08939,3.294,3.294,947.3,4.13775,0.77538
1789864329.510,4636,5.33673,0.01675,0.08939,3.294,3.295,947.3,4.13864,0.77554
1789864329.520,4637,5.33673,0.01675,0.08939,3.295,3.295,947.3,4.13953,0.77571
1789864329.530,4638,5.33673,0.01675,0.08939,3.295,3.295,947.3,4.14043,0.77588
1789864329.540,4639,5.33673,0.01675,0.08939,3.296,3.296,947.3,4.14132,0.77605
1789864329.550,4640,5.33673,0.01675,0.08939,3.296,3.296,947.3,4.14222,0.77621
1789864329.560,4641,5.33673,0.01675,0.08939,3.296,3.297,947.3,4.14311,0.77638
1789864329.570,4642,5.33673,0.01675,0.08939,3.296,3.296,947.3,4.14401,0.77655
1789864329.580,4643,5.33681,0.01676,0.08944,3.296,3.296,947.3,4.14490,0.77672
1789864329.590,4644,5.33681,0.01676,0.08944,3.296,3.296,947.3,4.14580,0.77689
1789864329.600,4645,5.33681,0.01676,0.08944,3.296,3.296,947.3,4.14669,0.77705
1789864329.610,4646,5.33681,0.01676,0.08944,3.297,3.297,947.3,4.14758,0.77722
1789864329.620,4647,5.33681,0.01676,0.08944,3.297,3.297,947.3,4.14848,0.77739
1789864329.630,4648,5.33681,0.01676,0.08944,3.298,3.298,947.3,4.14937,0.77756
1789864329.640,4649,5.33681,0.01676,0.08944,3.298,3.298,947.3,4.15027,0.77772
1789864329.650,4650,5.33681,0.01676,0.08944,3.298,3.298,947.3,4.15117,0.77789
1789864329.660,4651,5.33681,0.01676,0.08944,3.299,3.298,947.3,4.15206,0.77806
1789864329.670,4652,5.33681,0.01676,0.08944,3.299,3.299,947.3,4.15295,0.77823
1789864329.680,4653,5.33681,0.01675,0.08939,3.299,3.299,947.3,4.15385,0.77839
1789864329.690,4654,5.33681,0.01675,0.08939,3.299,3.299,947.3,4.15474,0.77856
1789864329.700,4655,5.33681,0.01675,0.08939,3.298,3.298,947.3,4.15563,0.77873
1789864329.710,4656,5.33681,0.01675,0.08939,3.296,3.297,947.3,4.15653,0.77890
1789864329.720,4657,5.33681,0.01675,0.08939,3.293,3.294,947.3,4.15742,0.77906
1789864329.730,4658,5.33681,0.01675,0.08939,3.291,3.291,947.3,4.15832,0.77923
1789864329.740,4659,5.33681,0.01675,0.08939,3.291,3.291,947.3,4.15922,0.77940
1789864329.750,4660,5.33681,0.01675,0.08939,3.291,3.291,947.3,4.16011,0.77957
1789864329.760,4661,5.33681,0.01675,0.08939,3.291,3.291,947.3,4.16100,0.77973
1789864329.770,4662,5.33681,0.01675,0.08939,3.291,3.292,947.3,4.16189,0.77990
1789864329.780,4663,5.33693,0.01676,0.08945,3.289,3.290,947.3,4.16278,0.78007
1789864329.790,4664,5.33693,0.01676,0.08945,3.289,3.290,947.3,4.16367,0.78024
1789864329.800,4665,5.33693,0.01676,0.08945,3.287,3.287,947.3,4.16457,0.78040
1789864329.810,4666,5.33693,0.01676,0.08945,3.286,3.287,947.3,4.16546,0.78057
1789864329.820,4667,5.33693,0.01676,0.08945,3.284,3.285,947.3,4.16636,0.78074
1789864329.830,4668,5.33693,0.01676,0.08945,3.284,3.284,947.3,4.16726,0.78091
1789864329.840,4669,5.33693,0.01676,0.08945,3.289,3.288,947.3,4.16815,0.78107
1789864329.850,4670,5.33693,0.01676,0.08945,3.291,3.291,947.3,4.16905,0.78124
1789864329.860,4671,5.33693,0.01676,0.08945,3.291,3.291,947.3,4.16995,0.78141
1789864329.870,4672,5.33693,0.01676,0.08945,3.292,3.292,947.3,4.17084,0.78158
1789864329.880,4673,5.33693,0.01677,0.08950,3.294,3.294,947.3,4.17173,0.78175
1789864329.890,4674,5.33693,0.01677,0.08950,3.294,3.294,947.3,4.17262,0.78191
1789864329.900,4675,5.33693,0.01677,0.08950,3.294,3.294,947.3,4.17351,0.78208
1789864329.910,4676,5.33693,0.01677,0.08950,3.294,3.294,947.3,4.17441,0.78225
1789864329.920,4677,5.33693,0.01677,0.08950,3.294,3.294,947.3,4.17530,0.78241
1789864329.930,4678,5.33693,0.01677,0.08950,3.294,3.294,947.3,4.17620,0.78258
1789864329.940,4679,5.33693,0.01677,0.08950,3.295,3.295,947.3,4.17710,0.78275
1789864329.950,4680,5.33693,0.01677,0.08950,3.295,3.295,947.3,4.17799,0.78292
1789864329.960,4681,5.33693,0.01677,0.08950,3.297,3.297,947.3,4.17888,0.78309
1789864329.970,4682,5.33693,0.01677,0.08950,3.297,3.297,947.3,4.17978,0.78325
1789864329.980,4683,5.33696,0.01677,0.08950,3.297,3.297,947.3,4.18067,0.78342
1789864329.990,4684,5.33696,0.01677,0.08950,3.296,3.296,947.3,4.18157,0.78359
1789864330.000,4685,5.33696,0.01677,0.08950,3.297,3.297,947.3,4.18246,0.78376
1789864330.010,4686,5.33696,0.01677,0.08950,3.297,3.297,947.3,4.18336,0.78392
1789864330.020,4687,5.33696,0.01677,0.08950,3.297,3.297,947.3,4.18426,0.78409
1789864330.030,4688,5.33696,0.01677,0.08950,3.298,3.298,947.3,4.18515,0.78426
1789864330.040,4689,5.33696,0.01677,0.08950,3.299,3.299,947.3,4.18604,0.78443
1789864330.050,4690,5.33696,0.01677,0.08950,3.299,3.299,947.3,4.18693,0.78459
1789864330.060,4691,5.33696,0.01677,0.08950,3.299,3.299,947.3,4.18783,0.78476
1789864330.070,4692,5.33696,0.01677,0.08950,3.299,3.299,947.3,4.18872,0.78493
1789864330.080,4693,5.33696,0.01677,0.08950,3.299,3.299,947.3,4.18962,0.78510
1789864330.090,4694,5.33696,0.01677,0.08950,3.299,3.299,947.3,4.19051,0.78526
1789864330.100,4695,5.33696,0.01677,0.08950,3.299,3.299,947.3,4.19141,0.78543
1789864330.110,4696,5.33696,0.01677,0.08950,3.298,3.298,947.3,4.19231,0.78560
1789864330.120,4697,5.33696,0.01677,0.08950,3.297,3.297,947.3,4.19320,0.78577
1789864330.130,4698,5.33696,0.01677,0.08950,3.295,3.295,947.3,4.19410,0.78594
1789864330.140,4699,5.33696,0.01677,0.08950,3.295,3.295,947.3,4.19500,0.78610
1789864330.150,4700,5.33696,0.01677,0.08950,3.295,3.295,947.3,4.19589,0.78627
1789864330.160,4701,5.33696,0.01677,0.08950,3.295,3.295,947.3,4.19679,0.78644
1789864330.170,4702,5.33696,0.01677,0.08950,3.295,3.295,947.3,4.19769,0.78661
1789864330.180,4703,5.33681,0.01677,0.08950,3.291,3.291,947.3,4.19859,0.78678
1789864330.190,4704,5.33681,0.01677,0.08950,3.291,3.291,947.3,4.19948,0.78694
1789864330.200,4705,5.33681,0.01677,0.08950,3.291,3.291,947.3,4.20037,0.78711
1789864330.210,4706,5.33681,0.01677,0.08950,3.288,3.288,947.3,4.20127,0.78728
1789864330.220,4707,5.33681,0.01677,0.08950,3.289,3.287,947.3,4.20216,0.78745
1789864330.230,4708,5.33681,0.01677,0.08950,3.287,3.285,947.3,4.20306,0.78761
1789864330.240,4709,5.33681,0.01677,0.08950,3.291,3.288,947.3,4.20395,0.78778
1789864330.250,4710,5.33681,0.01677,0.08950,3.291,3.290,947.3,4.20484,0.78795
1789864330.260,4711,5.33681,0.01677,0.08950,3.291,3.289,947.3,4.20573,0.78812
1789864330.270,4712,5.33681,0.01677,0.08950,3.291,3.291,947.3,4.20663,0.78828
1789864330.280,4713,5.33681,0.01678,0.08955,3.291,3.291,947.3,4.20753,0.78845
1789864330.290,4714,5.33681,0.01678,0.08955,3.292,3.292,947.3,4.20843,0.78862
1789864330.300,4715,5.33681,0.01678,0.08955,3.292,3.293,947.3,4.20932,0.78879
1789864330.310,4716,5.33681,0.01678,0.08955,3.292,3.293,947.3,4.21022,0.78896
1789864330.320,4717,5.33681,0.01678,0.08955,3.293,3.294,947.3,4.21112,0.78913
1789864330.330,4718,5.33681,0.01678,0.08955,3.294,3.294,947.3,4.21202,0.78929
1789864330.340,4719,5.33681,0.01678,0.08955,3.295,3.295,947.3,4.21292,0.78946
1789864330.350,4720,5.33681,0.01678,0.08955,3.295,3.295,947.3,4.21381,0.78963
1789864330.360,4721,5.33681,0.01678,0.08955,3.295,3.296,947.3,4.21471,0.78980
1789864330.370,4722,5.33681,0.01678,0.08955,3.295,3.296,947.3,4.21560,0.78997
1789864330.380,4723,5.33681,0.01677,0.08950,3.296,3.296,947.3,4.21649,0.79013
1789864330.390,4724,5.33681,0.01677,0.08950,3.297,3.297,947.3,4.21739,0.79030
1789864330.400,4725,5.33681,0.01677,0.08950,3.297,3.298,947.3,4.21828,0.79047
1789864330.410,4726,5.33681,0.01677,0.08950,3.298,3.298,947.3,4.21918,0.79064
1789864330.420,4727,5.33681,0.01677,0.08950,3.298,3.298,947.3,4.22008,0.79080
1789864330.430,4728,5.33681,0.01677,0.08950,3.299,3.299,947.3,4.22097,0.79097
1789864330.440,4729,5.33681,0.01677,0.08950,3.299,3.299,947.3,4.22187,0.79114
1789864330.450,4730,5.33681,0.01677,0.08950,3.299,3.299,947.3,4.22276,0.79131
1789864330.460,4731,5.33681,0.01677,0.08950,3.299,3.299,947.3,4.22366,0.79147
1789864330.470,4732,5.33681,0.01677,0.08950,3.299,3.299,947.3,4.22455,0.79164
1789864330.480,4733,5.33673,0.01677,0.08950,3.299,3.299,947.3,4.22545,0.79181
1789864330.490,4734,5.33673,0.01677,0.08950,3.298,3.298,947.3,4.22634,0.79198
1789864330.500,4735,5.33673,0.01677,0.08950,3.298,3.298,947.3,4.22723,0.79215
1789864330.510,4736,5.33673,0.01677,0.08950,3.297,3.298,947.3,4.22813,0.79231
1789864330.520,4737,5.33673,0.01677,0.08950,3.294,3.295,947.3,4.22902,0.79248
1789864330.530,4738,5.33673,0.01677,0.08950,3.291,3.291,947.3,4.22992,0.79265
1789864330.540,4739,5.33673,0.01677,0.08950,3.291,3.291,947.3,4.23081,0.79282
1789864330.550,4740,5.33673,0.01677,0.08950,3.291,3.292,947.3,4.23170,0.79298
1789864330.560,4741,5.33673,0.01677,0.08950,3.291,3.292,947.3,4.23260,0.79315
1789864330.570,4742,5.33673,0.01677,0.08950,3.292,3.292,947.3,4.23349,0.79332
1789864330.580,4743,5.33673,0.01677,0.08950,3.291,3.291,947.3,4.23439,0.79349
1789864330.590,4744,5.33673,0.01677,0.08950,3.292,3.292,947.3,4.23528,0.79365
1789864330.600,4745,5.33673,0.01677,0.08950,3.291,3.292,947.3,4.23617,0.79382
1789864330.610,4746,5.33673,0.01677,0.08950,3.291,3.291,947.3,4.23707,0.79399
1789864330.620,4747,5.33673,0.01677,0.08950,3.289,3.289,947.3,4.23796,0.79415
1789864330.630,4748,5.33673,0.01677,0.08950,3.287,3.287,947.3,4.23885,0.79432
1789864330.640,4749,5.33673,0.01677,0.08950,3.290,3.290,947.3,4.23975,0.79449
1789864330.650,4750,5.33673,0.01677,0.08950,3.291,3.291,947.3,4.24065,0.79466
1789864330.660,4751,5.33673,0.01677,0.08950,3.289,3.290,947.3,4.24155,0.79483
1789864330.670,4752,5.33673,0.01677,0.08950,3.290,3.290,947.3,4.24244,0.79499
1789864330.680,4753,5.33673,0.01677,0.08950,3.291,3.292,947.3,4.24333,0.79516
1789864330.690,4754,5.33673,0.01677,0.08950,3.292,3.292,947.3,4.24423,0.79533
1789864330.700,4755,5.33673,0.01677,0.08950,3.294,3.294,947.3,4.24512,0.79550
1789864330.710,4756,5.33673,0.01677,0.08950,3.295,3.295,947.3,4.24601,0.79566
1789864330.720,4757,5.33673,0.01677,0.08950,3.297,3.296,947.3,4.24691,0.79583
1789864330.730,4758,5.33673,0.01677,0.08950,3.297,3.297,947.3,4.24780,0.79600
1789864330.740,4759,5.33673,0.01677,0.08950,3.297,3.297,947.3,4.24870,0.79617
1789864330.750,4760,5.33673,0.01677,0.08950,3.297,3.297,947.3,4.24959,0.79633
1789864330.760,4761,5.33673,0.01677,0.08950,3.297,3.296,947.3,4.25049,0.79650
1789864330.770,4762,5.33673,0.01677,0.08950,3.296,3.296,947.3,4.25139,0.79667
1789864330.780,4763,5.33665,0.01678,0.08955,3.295,3.295,947.3,4.25228,0.79684
1789864330.790,4764,5.33665,0.01678,0.08955,3.295,3.295,947.3,4.25318,0.79701
1789864330.800,4765,5.33665,0.01678,0.08955,3.296,3.295,947.3,4.25408,0.79718
1789864330.810,4766,5.33665,0.01678,0.08955,3.296,3.296,947.3,4.25498,0.79734
1789864330.820,4767,5.33665,0.01678,0.08955,3.297,3.297,947.3,4.25587,0.79751
1789864330.830,4768,5.33665,0.01678,0.08955,3.298,3.298,947.3,4.25676,0.79768
1789864330.840,4769,5.33665,0.01678,0.08955,3.299,3.299,947.3,4.25766,0.79785
1789864330.850,4770,5.33665,0.01678,0.08955,3.299,3.299,947.3,4.25855,0.79801
1789864330.860,4771,5.33665,0.01678,0.08955,3.299,3.299,947.3,4.25944,0.79818
1789864330.870,4772,5.33665,0.01678,0.08955,3.299,3.299,947.3,4.26034,0.79835
1789864330.880,4773,5.33665,0.01677,0.08950,3.299,3.299,947.3,4.26124,0.79852
1789864330.890,4774,5.33665,0.01677,0.08950,3.298,3.298,947.3,4.26213,0.79868
1789864330.900,4775,5.33665,0.01677,0.08950,3.298,3.298,947.3,4.26303,0.79885
1789864330.910,4776,5.33665,0.01677,0.08950,3.297,3.297,947.3,4.26392,0.79902
1789864330.920,4777,5.33665,0.01677,0.08950,3.294,3.295,947.3,4.26481,0.79919
1789864330.930,4778,5.33665,0.01677,0.08950,3.291,3.291,947.3,4.26571,0.79935
1789864330.940,4779,5.33665,0.01677,0.08950,3.291,3.291,947.3,4.26660,0.79952
1789864330.950,4780,5.33665,0.01677,0.08950,3.291,3.292,947.3,4.26750,0.79969
1789864330.960,4781,5.33665,0.01677,0.08950,3.291,3.292,947.3,4.26839,0.79986
1789864330.970,4782,5.33665,0.01677,0.08950,3.291,3.292,947.3,4.26929,0.80003
1789864330.980,4783,5.33654,0.01678,0.08955,3.290,3.291,947.3,4.27019,0.80019
1789864330.990,4784,5.33654,0.01678,0.08955,3.290,3.290,947.3,4.27108,0.80036
1789864331.000,4785,5.33654,0.01678,0.08955,3.288,3.288,947.3,4.27197,0.80053
1789864331.010,4786,5.33654,0.01678,0.08955,3.287,3.287,947.3,4.27287,0.80070
1789864331.020,4787,5.33654,0.01678,0.08955,3.286,3.286,947.3,4.27376,0.80086
1789864331.030,4788,5.33654,0.01678,0.08955,3.283,3.284,947.3,4.27466,0.80103
1789864331.040,4789,5.33654,0.01678,0.08955,3.287,3.288,947.3,4.27555,0.80120
1789864331.050,4790,5.33654,0.01678,0.08955,3.288,3.291,947.3,4.27645,0.80137
1789864331.060,4791,5.33654,0.01678,0.08955,3.288,3.290,947.3,4.27734,0.80153
1789864331.070,4792,5.33654,0.01678,0.08955,3.288,3.290,947.3,4.27824,0.80170
1789864331.080,4793,5.33654,0.01678,0.08955,3.289,3.291,947.3,4.27914,0.80187
1789864331.090,4794,5.33654,0.01678,0.08955,3.292,3.292,947.3,4.28003,0.80204
1789864331.100,4795,5.33654,0.01678,0.08955,3.293,3.293,947.3,4.28093,0.80221
1789864331.110,4796,5.33654,0.01678,0.08955,3.295,3.295,947.3,4.28182,0.80237
1789864331.120,4797,5.33654,0.01678,0.08955,3.295,3.295,947.3,4.28272,0.80254
1789864331.130,4798,5.33654,0.01678,0.08955,3.297,3.297,947.3,4.28361,0.80271
1789864331.140,4799,5.33654,0.01678,0.08955,3.297,3.297,947.3,4.28451,0.80288
1789864331.150,4800,5.33654,0.01678,0.08955,3.297,3.296,947.3,4.28541,0.80305
1789864331.160,4801,5.33654,0.01678,0.08955,3.297,3.297,947.3,4.28631,0.80321
1789864331.170,4802,5.33654,0.01678,0.08955,3.297,3.297,947.3,4.28721,0.80338
1789864331.180,4803,5.33665,0.01679,0.08960,3.297,3.297,947.3,4.28810,0.80355
1789864331.190,4804,5.33665,0.01679,0.08960,3.298,3.298,947.3,4.28900,0.80372
1789864331.200,4805,5.33665,0.01679,0.08960,3.298,3.298,947.3,4.28989,0.80389
1789864331.210,4806,5.33665,0.01679,0.08960,3.298,3.298,947.3,4.29079,0.80405
1789864331.220,4807,5.33665,0.01679,0.08960,3.298,3.298,947.3,4.29168,0.80422
1789864331.230,4808,5.33665,0.01679,0.08960,3.299,3.299,947.3,4.29258,0.80439
1789864331.240,4809,5.33665,0.01679,0.08960,3.299,3.299,947.3,4.29347,0.80456
1789864331.250,4810,5.33665,0.01679,0.08960,3.299,3.299,947.3,4.29437,0.80472
1789864331.260,4811,5.33665,0.01679,0.08960,3.299,3.299,947.3,4.29526,0.80489
1789864331.270,4812,5.33665,0.01679,0.08960,3.299,3.299,947.3,4.29616,0.80506
1789864331.280,4813,5.33665,0.01678,0.08955,3.299,3.299,947.3,4.29705,0.80523
1789864331.290,4814,5.33665,0.01678,0.08955,3.298,3.298,947.3,4.29795,0.80540
1789864331.300,4815,5.33665,0.01678,0.08955,3.298,3.298,947.3,4.29885,0.80556
1789864331.310,4816,5.33665,0.01678,0.08955,3.298,3.298,947.3,4.29974,0.80573
1789864331.320,4817,5.33665,0.01678,0.08955,3.295,3.296,947.3,4.30064,0.80590
1789864331.330,4818,5.33665,0.01678,0.08955,3.291,3.292,947.3,4.30153,0.80607
1789864331.340,4819,5.33665,0.01678,0.08955,3.291,3.292,947.3,4.30243,0.80624
1789864331.350,4820,5.33665,0.01678,0.08955,3.292,3.292,947.3,4.30333,0.80640
1789864331.360,4821,5.33665,0.01678,0.08955,3.292,3.292,947.3,4.30422,0.80657
1789864331.370,4822,5.33665,0.01678,0.08955,3.292,3.292,947.3,4.30512,0.80674
1789864331.380,4823,5.33677,0.01679,0.08960,3.291,3.291,947.3,4.30601,0.80691
1789864331.390,4824,5.33677,0.01679,0.08960,3.292,3.292,947.3,4.30691,0.80707
1789864331.400,4825,5.33677,0.01679,0.08960,3.292,3.292,947.3,4.30780,0.80724
1789864331.410,4826,5.33677,0.01679,0.08960,3.291,3.291,947.3,4.30870,0.80741
1789864331.420,4827,5.33677,0.01679,0.08960,3.289,3.290,947.3,4.30959,0.80758
1789864331.430,4828,5.33677,0.01679,0.08960,3.288,3.289,947.3,4.31049,0.80775
1789864331.440,4829,5.33677,0.01679,0.08960,3.291,3.290,947.3,4.31138,0.80791
1789864331.450,4830,5.33677,0.01679,0.08960,3.292,3.292,947.3,4.31228,0.80808
1789864331.460,4831,5.33677,0.01679,0.08960,3.291,3.291,947.3,4.31318,0.80825
1789864331.470,4832,5.33677,0.01679,0.08960,3.291,3.291,947.3,4.31407,0.80842
1789864331.480,4833,5.33685,0.01679,0.08961,3.292,3.292,947.3,4.31497,0.80859
1789864331.490,4834,5.33685,0.01679,0.08961,3.293,3.293,947.3,4.31587,0.80875
1789864331.500,4835,5.33685,0.01679,0.08961,3.294,3.294,947.3,4.31676,0.80892
1789864331.510,4836,5.33685,0.01679,0.08961,3.295,3.295,947.3,4.31766,0.80909
1789864331.520,4837,5.33685,0.01679,0.08961,3.295,3.295,947.3,4.31856,0.80926
1789864331.530,4838,5.33685,0.01679,0.08961,3.296,3.296,947.3,4.31945,0.80943
1789864331.540,4839,5.33685,0.01679,0.08961,3.295,3.296,947.3,4.32035,0.80959
1789864331.550,4840,5.33685,0.01679,0.08961,3.295,3.296,947.3,4.32125,0.80976
1789864331.560,4841,5.33685,0.01679,0.08961,3.295,3.296,947.3,4.32214,0.80993
1789864331.570,4842,5.33685,0.01679,0.08961,3.295,3.295,947.3,4.32304,0.81010
1789864331.580,4843,5.33693,0.01679,0.08961,3.295,3.295,947.3,4.32393,0.81026
1789864331.590,4844,5.33693,0.01679,0.08961,3.295,3.295,947.3,4.32483,0.81043
1789864331.600,4845,5.33693,0.01679,0.08961,3.295,3.295,947.3,4.32572,0.81060
1789864331.610,4846,5.33693,0.01679,0.08961,3.295,3.295,947.3,4.32662,0.81077
1789864331.620,4847,5.33693,0.01679,0.08961,3.295,3.295,947.3,4.32752,0.81094
1789864331.630,4848,5.33693,0.01679,0.08961,3.295,3.296,947.3,4.32842,0.81111
1789864331.640,4849,5.33693,0.01679,0.08961,3.296,3.297,947.3,4.32932,0.81127
1789864331.650,4850,5.33693,0.01679,0.08961,3.297,3.297,947.3,4.33022,0.81144
1789864331.660,4851,5.33693,0.01679,0.08961,3.298,3.298,947.3,4.33112,0.81161
1789864331.670,4852,5.33693,0.01679,0.08961,3.298,3.298,947.3,4.33201,0.81178
1789864331.680,4853,5.33693,0.01678,0.08955,3.298,3.298,947.3,4.33290,0.81194
1789864331.690,4854,5.33693,0.01678,0.08955,3.297,3.298,947.3,4.33379,0.81211
1789864331.700,4855,5.33693,0.01678,0.08955,3.297,3.297,947.3,4.33468,0.81228
1789864331.710,4856,5.33693,0.01678,0.08955,3.296,3.297,947.3,4.33558,0.81245
1789864331.720,4857,5.33693,0.01678,0.08955,3.295,3.295,947.3,4.33647,0.81261
1789864331.730,4858,5.33693,0.01678,0.08955,3.291,3.291,947.3,4.33737,0.81278
1789864331.740,4859,5.33693,0.01678,0.08955,3.291,3.291,947.3,4.33827,0.81295
1789864331.750,4860,5.33693,0.01678,0.08955,3.292,3.291,947.3,4.33916,0.81312
1789864331.760,4861,5.33693,0.01678,0.08955,3.292,3.292,947.3,4.34005,0.81329
1789864331.770,4862,5.33693,0.01678,0.08955,3.293,3.292,947.3,4.34095,0.81345
1789864331.780,4863,5.33685,0.01678,0.08955,3.291,3.291,947.3,4.34184,0.81362
1789864331.790,4864,5.33685,0.01678,0.08955,3.293,3.293,947.3,4.34274,0.81379
1789864331.800,4865,5.33685,0.01678,0.08955,3.291,3.291,947.3,4.34364,0.81396
1789864331.810,4866,5.33685,0.01678,0.08955,3.291,3.291,947.3,4.34454,0.81413
1789864331.820,4867,5.33685,0.01678,0.08955,3.290,3.290,947.3,4.34543,0.81429
1789864331.830,4868,5.33685,0.01678,0.08955,3.290,3.290,947.3,4.34633,0.81446
1789864331.840,4869,5.33685,0.01678,0.08955,3.293,3.293,947.3,4.34723,0.81463
1789864331.850,4870,5.33685,0.01678,0.08955,3.294,3.294,947.3,4.34813,0.81480
1789864331.860,4871,5.33685,0.01678,0.08955,3.295,3.295,947.3,4.34903,0.81497
1789864331.870,4872,5.33685,0.01678,0.08955,3.295,3.294,947.3,4.34992,0.81513
1789864331.880,4873,5.33685,0.01679,0.08961,3.295,3.294,947.3,4.35081,0.81530
1789864331.890,4874,5.33685,0.01679,0.08961,3.294,3.292,947.3,4.35171,0.81547
1789864331.900,4875,5.33685,0.01679,0.08961,3.293,3.292,947.3,4.35260,0.81564
1789864331.910,4876,5.33685,0.01679,0.08961,3.293,3.293,947.3,4.35349,0.81580
1789864331.920,4877,5.33685,0.01679,0.08961,3.294,3.293,947.3,4.35439,0.81597
1789864331.930,4878,5.33685,0.01679,0.08961,3.295,3.295,947.3,4.35528,0.81614
1789864331.940,4879,5.33685,0.01679,0.08961,3.295,3.295,947.3,4.35618,0.81631
1789864331.950,4880,5.33685,0.01679,0.08961,3.295,3.296,947.3,4.35708,0.81648
1789864331.960,4881,5.33685,0.01679,0.08961,3.295,3.295,947.3,4.35797,0.81664
1789864331.970,4882,5.33685,0.01679,0.08961,3.295,3.295,947.3,4.35887,0.81681
1789864331.980,4883,5.33689,0.01679,0.08961,3.295,3.295,947.3,4.35977,0.81698
1789864331.990,4884,5.33689,0.01679,0.08961,3.295,3.295,947.3,4.36066,0.81715
1789864332.000,4885,5.33689,0.01679,0.08961,3.296,3.297,947.3,4.36156,0.81731
1789864332.010,4886,5.33689,0.01679,0.08961,3.297,3.297,947.3,4.36245,0.81748
1789864332.020,4887,5.33689,0.01679,0.08961,3.297,3.298,947.3,4.36335,0.81765
1789864332.030,4888,5.33689,0.01679,0.08961,3.298,3.299,947.3,4.36424,0.81782
1789864332.040,4889,5.33689,0.01679,0.08961,3.299,3.299,947.3,4.36514,0.81799
1789864332.050,4890,5.33689,0.01679,0.08961,3.299,3.299,947.3,4.36603,0.81815
1789864332.060,4891,5.33689,0.01679,0.08961,3.299,3.299,947.3,4.36693,0.81832
1789864332.070,4892,5.33689,0.01679,0.08961,3.299,3.299,947.3,4.36783,0.81849
1789864332.080,4893,5.33693,0.01679,0.08961,3.298,3.298,947.3,4.36873,0.81866
1789864332.090,4894,5.33693,0.01679,0.08961,3.298,3.298,947.3,4.36962,0.81883
1789864332.100,4895,5.33693,0.01679,0.08961,3.296,3.297,947.3,4.37052,0.81899
1789864332.110,4896,5.33693,0.01679,0.08961,3.296,3.297,947.3,4.37142,0.81916
1789864332.120,4897,5.33693,0.01679,0.08961,3.296,3.296,947.3,4.37231,0.81933
1789864332.130,4898,5.33693,0.01679,0.08961,3.295,3.295,947.3,4.37321,0.81950
1789864332.140,4899,5.33693,0.01679,0.08961,3.295,3.295,947.3,4.37411,0.81967
1789864332.150,4900,5.33693,0.01679,0.08961,3.295,3.295,947.3,4.37500,0.81983
1789864332.160,4901,5.33693,0.01679,0.08961,3.296,3.296,947.3,4.37589,0.82000
1789864332.170,4902,5.33693,0.01679,0.08961,3.296,3.296,947.3,4.37678,0.82017
1789864332.180,4903,5.33685,0.01677,0.08950,3.293,3.293,947.3,4.37768,0.82034
1789864332.190,4904,5.33685,0.01677,0.08950,3.291,3.291,947.3,4.37857,0.82050
1789864332.200,4905,5.33685,0.01677,0.08950,3.290,3.290,947.3,4.37947,0.82067
1789864332.210,4906,5.33685,0.01677,0.08950,3.288,3.288,947.3,4.38036,0.82084
1789864332.220,4907,5.33685,0.01677,0.08950,3.287,3.287,947.3,4.38125,0.82101
1789864332.230,4908,5.33685,0.01677,0.08950,3.286,3.287,947.3,4.38215,0.82117
1789864332.240,4909,5.33685,0.01677,0.08950,3.289,3.288,947.3,4.38305,0.82134
1789864332.250,4910,5.33685,0.01677,0.08950,3.292,3.291,947.3,4.38395,0.82151
1789864332.260,4911,5.33685,0.01677,0.08950,3.291,3.291,947.3,4.38485,0.82168
1789864332.270,4912,5.33685,0.01677,0.08950,3.291,3.291,947.3,4.38575,0.82185
1789864332.280,4913,5.33685,0.01677,0.08950,3.291,3.291,947.3,4.38664,0.82201
1789864332.290,4914,5.33685,0.01677,0.08950,3.290,3.291,947.3,4.38753,0.82218
1789864332.300,4915,5.33685,0.01677,0.08950,3.290,3.291,947.3,4.38843,0.82235
1789864332.310,4916,5.33685,0.01677,0.08950,3.291,3.291,947.3,4.38932,0.82252
1789864332.320,4917,5.33685,0.01677,0.08950,3.293,3.294,947.3,4.39021,0.82268
1789864332.330,4918,5.33685,0.01677,0.08950,3.295,3.295,947.3,4.39111,0.82285
1789864332.340,4919,5.33685,0.01677,0.08950,3.296,3.296,947.3,4.39200,0.82302
1789864332.350,4920,5.33685,0.01677,0.08950,3.297,3.297,947.3,4.39289,0.82319
1789864332.360,4921,5.33685,0.01677,0.08950,3.298,3.298,947.3,4.39379,0.82335
1789864332.370,4922,5.33685,0.01677,0.08950,3.297,3.297,947.3,4.39469,0.82352
1789864332.380,4923,5.33677,0.01677,0.08950,3.297,3.297,947.3,4.39558,0.82369
1789864332.390,4924,5.33677,0.01677,0.08950,3.297,3.297,947.3,4.39648,0.82386
1789864332.400,4925,5.33677,0.01677,0.08950,3.297,3.297,947.3,4.39739,0.82403
1789864332.410,4926,5.33677,0.01677,0.08950,3.297,3.297,947.3,4.39829,0.82420
1789864332.420,4927,5.33677,0.01677,0.08950,3.297,3.297,947.3,4.39919,0.82437
1789864332.430,4928,5.33677,0.01677,0.08950,3.298,3.298,947.3,4.40008,0.82453
1789864332.440,4929,5.33677,0.01677,0.08950,3.298,3.298,947.3,4.40097,0.82470
1789864332.450,4930,5.33677,0.01677,0.08950,3.299,3.298,947.3,4.40186,0.82487
1789864332.460,4931,5.33677,0.01677,0.08950,3.299,3.299,947.3,4.40275,0.82503
1789864332.470,4932,5.33677,0.01677,0.08950,3.298,3.298,947.3,4.40364,0.82520
1789864332.480,4933,5.33669,0.01677,0.08950,3.298,3.298,947.3,4.40454,0.82537
1789864332.490,4934,5.33669,0.01677,0.08950,3.298,3.298,947.3,4.40543,0.82554
1789864332.500,4935,5.33669,0.01677,0.08950,3.298,3.298,947.3,4.40632,0.82570
1789864332.510,4936,5.33669,0.01677,0.08950,3.297,3.298,947.3,4.40722,0.82587
1789864332.520,4937,5.33669,0.01677,0.08950,3.295,3.297,947.3,4.40811,0.82604
1789864332.530,4938,5.33669,0.01677,0.08950,3.291,3.293,947.3,4.40901,0.82621
1789864332.540,4939,5.33669,0.01677,0.08950,3.291,3.291,947.3,4.40990,0.82637
1789864332.550,4940,5.33669,0.01677,0.08950,3.291,3.291,947.3,4.41080,0.82654
1789864332.560,4941,5.33669,0.01677,0.08950,3.291,3.291,947.3,4.41169,0.82671
1789864332.570,4942,5.33669,0.01677,0.08950,3.291,3.291,947.3,4.41259,0.82688
1789864332.580,4943,5.33673,0.01677,0.08950,3.291,3.291,947.3,4.41348,0.82704
1789864332.590,4944,5.33673,0.01677,0.08950,3.291,3.292,947.3,4.41438,0.82721
1789864332.600,4945,5.33673,0.01677,0.08950,3.292,3.293,947.3,4.41527,0.82738
1789864332.610,4946,5.33673,0.01677,0.08950,3.291,3.292,947.3,4.41617,0.82755
1789864332.620,4947,5.33673,0.01677,0.08950,3.291,3.292,947.3,4.41706,0.82771
1789864332.630,4948,5.33673,0.01677,0.08950,3.291,3.291,947.3,4.41796,0.82788
1789864332.640,4949,5.33673,0.01677,0.08950,3.293,3.292,947.3,4.41886,0.82805
1789864332.650,4950,5.33673,0.01677,0.08950,3.295,3.295,947.3,4.41976,0.82822
1789864332.660,4951,5.33673,0.01677,0.08950,3.295,3.295,947.3,4.42066,0.82839
1789864332.670,4952,5.33673,0.01677,0.08950,3.295,3.293,947.3,4.42155,0.82856
1789864332.680,4953,5.33677,0.01677,0.08950,3.294,3.292,947.3,4.42244,0.82872
1789864332.690,4954,5.33677,0.01677,0.08950,3.292,3.292,947.3,4.42333,0.82889
1789864332.700,4955,5.33677,0.01677,0.08950,3.293,3.292,947.3,4.42422,0.82906
1789864332.710,4956,5.33677,0.01677,0.08950,3.292,3.291,947.3,4.42512,0.82922
1789864332.720,4957,5.33677,0.01677,0.08950,3.292,3.291,947.3,4.42601,0.82939
1789864332.730,4958,5.33677,0.01677,0.08950,3.292,3.293,947.3,4.42691,0.82956
1789864332.740,4959,5.33677,0.01677,0.08950,3.293,3.294,947.3,4.42780,0.82973
1789864332.750,4960,5.33677,0.01677,0.08950,3.295,3.295,947.3,4.42870,0.82990
1789864332.760,4961,5.33677,0.01677,0.08950,3.295,3.295,947.3,4.42960,0.83006
1789864332.770,4962,5.33677,0.01677,0.08950,3.295,3.296,947.3,4.43050,0.83023
1789864332.780,4963,5.33689,0.01677,0.08950,3.296,3.296,947.3,4.43140,0.83040
1789864332.790,4964,5.33689,0.01677,0.08950,3.297,3.297,947.3,4.43229,0.83057
1789864332.800,4965,5.33689,0.01677,0.08950,3.298,3.298,947.3,4.43318,0.83074
1789864332.810,4966,5.33689,0.01677,0.08950,3.298,3.298,947.3,4.43407,0.83090
1789864332.820,4967,5.33689,0.01677,0.08950,3.298,3.299,947.3,4.43496,0.83107
1789864332.830,4968,5.33689,0.01677,0.08950,3.299,3.299,947.3,4.43586,0.83124
1789864332.840,4969,5.33689,0.01677,0.08950,3.299,3.299,947.3,4.43675,0.83140
1789864332.850,4970,5.33689,0.01677,0.08950,3.299,3.299,947.3,4.43765,0.83157
1789864332.860,4971,5.33689,0.01677,0.08950,3.299,3.299,947.3,4.43854,0.83174
1789864332.870,4972,5.33689,0.01677,0.08950,3.299,3.299,947.3,4.43944,0.83191
1789864332.880,4973,5.33704,0.01676,0.08945,3.299,3.299,947.3,4.44033,0.83207
1789864332.890,4974,5.33704,0.01676,0.08945,3.299,3.299,947.3,4.44122,0.83224
1789864332.900,4975,5.33704,0.01676,0.08945,3.299,3.299,947.3,4.44212,0.83241
1789864332.910,4976,5.33704,0.01676,0.08945,3.299,3.299,947.3,4.44301,0.83258
1789864332.920,4977,5.33704,0.01676,0.08945,3.297,3.298,947.3,4.44391,0.83275
1789864332.930,4978,5.33704,0.01676,0.08945,3.294,3.295,947.3,4.44480,0.83291
1789864332.940,4979,5.33704,0.01676,0.08945,3.293,3.293,947.3,4.44570,0.83308
1789864332.950,4980,5.33704,0.01676,0.08945,3.293,3.293,947.3,4.44659,0.83325
1789864332.960,4981,5.33704,0.01676,0.08945,3.293,3.293,947.3,4.44749,0.83342
1789864332.970,4982,5.33704,0.01676,0.08945,3.293,3.293,947.3,4.44839,0.83358
1789864332.980,4983,5.33712,0.01676,0.08945,3.292,3.293,947.3,4.44928,0.83375
1789864332.990,4984,5.33712,0.01676,0.08945,3.291,3.291,947.3,4.45017,0.83392
1789864333.000,4985,5.33712,0.01676,0.08945,3.291,3.291,947.3,4.45107,0.83409
1789864333.010,4986,5.33712,0.01676,0.08945,3.289,3.289,947.3,4.45196,0.83425
1789864333.020,4987,5.33712,0.01676,0.08945,3.288,3.288,947.3,4.45285,0.83442
1789864333.030,4988,5.33712,0.01676,0.08945,3.287,3.287,947.3,4.45375,0.83459
1789864333.040,4989,5.33712,0.01676,0.08945,3.288,3.287,947.3,4.45464,0.83476
1789864333.050,4990,5.33712,0.01676,0.08945,3.291,3.291,947.3,4.45554,0.83492
1789864333.060,4991,5.33712,0.01676,0.08945,3.292,3.292,947.3,4.45643,0.83509
1789864333.070,4992,5.33712,0.01676,0.08945,3.293,3.293,947.3,4.45733,0.83526
1789864333.080,4993,5.33720,0.01676,0.08945,3.291,3.291,947.3,4.45822,0.83543
1789864333.090,4994,5.33720,0.01676,0.08945,3.292,3.291,947.3,4.45912,0.83559
1789864333.100,4995,5.33720,0.01676,0.08945,3.293,3.291,947.3,4.46001,0.83576
1789864333.110,4996,5.33720,0.01676,0.08945,3.293,3.292,947.3,4.46091,0.83593
1789864333.120,4997,5.33720,0.01676,0.08945,3.294,3.293,947.3,4.46180,0.83610
1789864333.130,4998,5.33720,0.01676,0.08945,3.294,3.294,947.3,4.46270,0.83627
1789864333.140,4999,5.33720,0.01676,0.08945,3.296,3.296,947.3,4.46359,0.83643
1789864333.150,5000,5.33720,0.01676,0.08945,3.296,3.296,947.3,4.46449,0.83660
1789864333.160,5001,5.33720,0.01676,0.08945,3.296,3.297,947.3,4.46539,0.83677
1789864333.170,5002,5.33720,0.01676,0.08945,3.296,3.296,947.3,4.46629,0.83694
1789864333.180,5003,5.33728,0.01677,0.08951,3.296,3.297,947.3,4.46719,0.83711
1789864333.190,5004,5.33728,0.01677,0.08951,3.297,3.297,947.3,4.46808,0.83727
1789864333.200,5005,5.33728,0.01677,0.08951,3.296,3.297,947.3,4.46897,0.83744
1789864333.210,5006,5.33728,0.01677,0.08951,3.297,3.297,947.3,4.46986,0.83761
1789864333.220,5007,5.33728,0.01677,0.08951,3.297,3.298,947.3,4.47076,0.83778
1789864333.230,5008,5.33728,0.01677,0.08951,3.298,3.298,947.3,4.47165,0.83794
1789864333.240,5009,5.33728,0.01677,0.08951,3.298,3.298,947.3,4.47254,0.83811
1789864333.250,5010,5.33728,0.01677,0.08951,3.299,3.299,947.3,4.47343,0.83828
1789864333.260,5011,5.33728,0.01677,0.08951,3.299,3.299,947.3,4.47432,0.83844
1789864333.270,5012,5.33728,0.01677,0.08951,3.299,3.299,947.3,4.47522,0.83861
1789864333.280,5013,5.33732,0.01676,0.08945,3.299,3.299,947.3,4.47611,0.83878
1789864333.290,5014,5.33732,0.01676,0.08945,3.299,3.299,947.3,4.47701,0.83895
1789864333.300,5015,5.33732,0.01676,0.08945,3.299,3.299,947.3,4.47790,0.83911
1789864333.310,5016,5.33732,0.01676,0.08945,3.299,3.299,947.3,4.47880,0.83928
1789864333.320,5017,5.33732,0.01676,0.08945,3.297,3.297,947.3,4.47970,0.83945
1789864333.330,5018,5.33732,0.01676,0.08945,3.293,3.295,947.3,4.48059,0.83962
1789864333.340,5019,5.33732,0.01676,0.08945,3.292,3.293,947.3,4.48149,0.83979
1789864333.350,5020,5.33732,0.01676,0.08945,3.292,3.293,947.3,4.48238,0.83995
1789864333.360,5021,5.33732,0.01676,0.08945,3.292,3.293,947.3,4.48327,0.84012
1789864333.370,5022,5.33732,0.01676,0.08945,3.292,3.293,947.3,4.48417,0.84029
1789864333.380,5023,5.33739,0.01676,0.08945,3.292,3.293,947.3,4.48506,0.84046
1789864333.390,5024,5.33739,0.01676,0.08945,3.291,3.291,947.3,4.48596,0.84062
1789864333.400,5025,5.33739,0.01676,0.08945,3.289,3.289,947.3,4.48686,0.84079
1789864333.410,5026,5.33739,0.01676,0.08945,3.287,3.287,947.3,4.48775,0.84096
1789864333.420,5027,5.33739,0.01676,0.08945,3.287,3.287,947.3,4.48865,0.84113
1789864333.430,5028,5.33739,0.01676,0.08945,3.286,3.286,947.3,4.48954,0.84130
1789864333.440,5029,5.33739,0.01676,0.08945,3.287,3.287,947.3,4.49043,0.84146
1789864333.450,5030,5.33739,0.01676,0.08945,3.292,3.291,947.3,4.49133,0.84163
1789864333.460,5031,5.33739,0.01676,0.08945,3.293,3.293,947.3,4.49222,0.84180
1789864333.470,5032,5.33739,0.01676,0.08945,3.294,3.294,947.3,4.49311,0.84196
1789864333.480,5033,5.33751,0.01677,0.08951,3.294,3.295,947.3,4.49401,0.84213
1789864333.490,5034,5.33751,0.01677,0.08951,3.293,3.295,947.3,4.49491,0.84230
1789864333.500,5035,5.33751,0.01677,0.08951,3.293,3.295,947.3,4.49580,0.84247
1789864333.510,5036,5.33751,0.01677,0.08951,3.292,3.294,947.3,4.49670,0.84264
1789864333.520,5037,5.33751,0.01677,0.08951,3.293,3.295,947.3,4.49759,0.84280
1789864333.530,5038,5.33751,0.01677,0.08951,3.294,3.295,947.3,4.49848,0.84297
1789864333.540,5039,5.33751,0.01677,0.08951,3.294,3.295,947.3,4.49938,0.84314
1789864333.550,5040,5.33751,0.01677,0.08951,3.295,3.295,947.3,4.50028,0.84331
1789864333.560,5041,5.33751,0.01677,0.08951,3.295,3.296,947.3,4.50117,0.84347
1789864333.570,5042,5.33751,0.01677,0.08951,3.296,3.297,947.3,4.50207,0.84364
1789864333.580,5043,5.33751,0.01677,0.08951,3.296,3.296,947.3,4.50297,0.84381
1789864333.590,5044,5.33751,0.01677,0.08951,3.296,3.296,947.3,4.50387,0.84398
1789864333.600,5045,5.33751,0.01677,0.08951,3.295,3.296,947.3,4.50476,0.84415
1789864333.610,5046,5.33751,0.01677,0.08951,3.295,3.295,947.3,4.50565,0.84431
1789864333.620,5047,5.33751,0.01677,0.08951,3.295,3.295,947.3,4.50655,0.84448
1789864333.630,5048,5.33751,0.01677,0.08951,3.296,3.296,947.3,4.50744,0.84465
1789864333.640,5049,5.33751,0.01677,0.08951,3.296,3.296,947.3,4.50834,0.84482
1789864333.650,5050,5.33751,0.01677,0.08951,3.297,3.297,947.3,4.50924,0.84499
1789864333.660,5051,5.33751,0.01677,0.08951,3.298,3.298,947.3,4.51013,0.84515
1789864333.670,5052,5.33751,0.01677,0.08951,3.299,3.299,947.3,4.51103,0.84532
1789864333.680,5053,5.33763,0.01677,0.08951,3.299,3.299,947.3,4.51192,0.84549
1789864333.690,5054,5.33763,0.01677,0.08951,3.299,3.299,947.3,4.51282,0.84566
1789864333.700,5055,5.33763,0.01677,0.08951,3.298,3.298,947.3,4.51372,0.84582
1789864333.710,5056,5.33763,0.01677,0.08951,3.297,3.298,947.3,4.51461,0.84599
1789864333.720,5057,5.33763,0.01677,0.08951,3.296,3.296,947.3,4.51550,0.84616
1789864333.730,5058,5.33763,0.01677,0.08951,3.293,3.294,947.3,4.51639,0.84633
1789864333.740,5059,5.33763,0.01677,0.08951,3.291,3.291,947.3,4.51729,0.84649
1789864333.750,5060,5.33763,0.01677,0.08951,3.291,3.291,947.3,4.51818,0.84666
1789864333.760,5061,5.33763,0.01677,0.08951,3.291,3.291,947.3,4.51908,0.84683
1789864333.770,5062,5.33763,0.01677,0.08951,3.291,3.291,947.3,4.51997,0.84700
1789864333.780,5063,5.33767,0.01677,0.08951,3.291,3.292,947.3,4.52087,0.84716
1789864333.790,5064,5.33767,0.01677,0.08951,3.290,3.290,947.3,4.52176,0.84733
1789864333.800,5065,5.33767,0.01677,0.08951,3.289,3.290,947.3,4.52266,0.84750
1789864333.810,5066,5.33767,0.01677,0.08951,3.287,3.288,947.3,4.52356,0.84767
1789864333.820,5067,5.33767,0.01677,0.08951,3.287,3.287,947.3,4.52445,0.84784
1789864333.830,5068,5.33767,0.01677,0.08951,3.286,3.287,947.3,4.52535,0.84800
1789864333.840,5069,5.33767,0.01677,0.08951,3.287,3.287,947.3,4.52624,0.84817
1789864333.850,5070,5.33767,0.01677,0.08951,3.292,3.291,947.3,4.52714,0.84834
1789864333.860,5071,5.33767,0.01677,0.08951,3.294,3.294,947.3,4.52803,0.84851
1789864333.870,5072,5.33767,0.01677,0.08951,3.295,3.295,947.3,4.52893,0.84867
1789864333.880,5073,5.33763,0.01677,0.08951,3.295,3.295,947.3,4.52982,0.84884
1789864333.890,5074,5.33763,0.01677,0.08951,3.295,3.295,947.3,4.53072,0.84901
1789864333.900,5075,5.33763,0.01677,0.08951,3.294,3.294,947.3,4.53161,0.84918
1789864333.910,5076,5.33763,0.01677,0.08951,3.292,3.292,947.3,4.53251,0.84934
1789864333.920,5077,5.33763,0.01677,0.08951,3.291,3.291,947.3,4.53340,0.84951
1789864333.930,5078,5.33763,0.01677,0.08951,3.292,3.292,947.3,4.53429,0.84968
1789864333.940,5079,5.33763,0.01677,0.08951,3.292,3.292,947.3,4.53518,0.84985
1789864333.950,5080,5.33763,0.01677,0.08951,3.293,3.292,947.3,4.53608,0.85001
1789864333.960,5081,5.33763,0.01677,0.08951,3.293,3.294,947.3,4.53698,0.85018
1789864333.970,5082,5.33763,0.01677,0.08951,3.295,3.295,947.3,4.53788,0.85035
1789864333.980,5083,5.33759,0.01677,0.08951,3.295,3.295,947.3,4.53878,0.85052
1789864333.990,5084,5.33759,0.01677,0.08951,3.295,3.295,947.3,4.53967,0.85069
1789864334.000,5085,5.33759,0.01677,0.08951,3.295,3.295,947.3,4.54057,0.85086
1789864334.010,5086,5.33759,0.01677,0.08951,3.296,3.296,947.3,4.54146,0.85102
1789864334.020,5087,5.33759,0.01677,0.08951,3.297,3.297,947.3,4.54236,0.85119
1789864334.030,5088,5.33759,0.01677,0.08951,3.297,3.297,947.3,4.54325,0.85136
1789864334.040,5089,5.33759,0.01677,0.08951,3.298,3.298,947.3,4.54415,0.85153
1789864334.050,5090,5.33759,0.01677,0.08951,3.299,3.299,947.3,4.54504,0.85169
1789864334.060,5091,5.33759,0.01677,0.08951,3.299,3.299,947.3,4.54594,0.85186
1789864334.070,5092,5.33759,0.01677,0.08951,3.299,3.299,947.3,4.54683,0.85203
1789864334.080,5093,5.33759,0.01677,0.08951,3.298,3.298,947.3,4.54772,0.85220
1789864334.090,5094,5.33759,0.01677,0.08951,3.298,3.298,947.3,4.54861,0.85236
1789864334.100,5095,5.33759,0.01677,0.08951,3.297,3.298,947.3,4.54951,0.85253
1789864334.110,5096,5.33759,0.01677,0.08951,3.297,3.297,947.3,4.55041,0.85270
1789864334.120,5097,5.33759,0.01677,0.08951,3.297,3.297,947.3,4.55130,0.85287
1789864334.130,5098,5.33759,0.01677,0.08951,3.295,3.295,947.3,4.55220,0.85303
1789864334.140,5099,5.33759,0.01677,0.08951,3.292,3.292,947.3,4.55310,0.85320
1789864334.150,5100,5.33759,0.01677,0.08951,3.293,3.292,947.3,4.55400,0.85337
1789864334.160,5101,5.33759,0.01677,0.08951,3.293,3.293,947.3,4.55489,0.85354
1789864334.170,5102,5.33759,0.01677,0.08951,3.293,3.292,947.3,4.55579,0.85371
1789864334.180,5103,5.33755,0.01677,0.08951,3.291,3.292,947.3,4.55668,0.85387
1789864334.190,5104,5.33755,0.01677,0.08951,3.289,3.290,947.3,4.55758,0.85404
1789864334.200,5105,5.33755,0.01677,0.08951,3.289,3.290,947.3,4.55847,0.85421
1789864334.210,5106,5.33755,0.01677,0.08951,3.287,3.288,947.3,4.55936,0.85438
1789864334.220,5107,5.33755,0.01677,0.08951,3.287,3.287,947.3,4.56026,0.85454
1789864334.230,5108,5.33755,0.01677,0.08951,3.287,3.287,947.3,4.56115,0.85471
1789864334.240,5109,5.33755,0.01677,0.08951,3.287,3.287,947.3,4.56205,0.85488
1789864334.250,5110,5.33755,0.01677,0.08951,3.291,3.291,947.3,4.56294,0.85505
1789864334.260,5111,5.33755,0.01677,0.08951,3.292,3.292,947.3,4.56383,0.85521
1789864334.270,5112,5.33755,0.01677,0.08951,3.292,3.292,947.3,4.56473,0.85538
1789864334.280,5113,5.33747,0.01678,0.08956,3.291,3.291,947.3,4.56563,0.85555
1789864334.290,5114,5.33747,0.01678,0.08956,3.291,3.291,947.3,4.56652,0.85572
1789864334.300,5115,5.33747,0.01678,0.08956,3.291,3.291,947.3,4.56742,0.85589
1789864334.310,5116,5.33747,0.01678,0.08956,3.291,3.291,947.3,4.56832,0.85605
1789864334.320,5117,5.33747,0.01678,0.08956,3.291,3.292,947.3,4.56921,0.85622
1789864334.330,5118,5.33747,0.01678,0.08956,3.292,3.292,947.3,4.57011,0.85639
1789864334.340,5119,5.33747,0.01678,0.08956,3.292,3.292,947.3,4.57101,0.85656
1789864334.350,5120,5.33747,0.01678,0.08956,3.293,3.293,947.3,4.57190,0.85673
1789864334.360,5121,5.33747,0.01678,0.08956,3.295,3.294,947.3,4.57280,0.85689
1789864334.370,5122,5.33747,0.01678,0.08956,3.295,3.295,947.3,4.57369,0.85706
1789864334.380,5123,5.33743,0.01679,0.08962,3.296,3.296,947.3,4.57459,0.85723
1789864334.390,5124,5.33743,0.01679,0.08962,3.296,3.296,947.3,4.57548,0.85740
1789864334.400,5125,5.33743,0.01679,0.08962,3.297,3.297,947.3,4.57638,0.85756
1789864334.410,5126,5.33743,0.01679,0.08962,3.297,3.297,947.3,4.57727,0.85773
1789864334.420,5127,5.33743,0.01679,0.08962,3.298,3.298,947.3,4.57816,0.85790
1789864334.430,5128,5.33743,0.01679,0.08962,3.298,3.298,947.3,4.57906,0.85807
1789864334.440,5129,5.33743,0.01679,0.08962,3.298,3.298,947.3,4.57996,0.85823
1789864334.450,5130,5.33743,0.01679,0.08962,3.299,3.299,947.3,4.58085,0.85840
1789864334.460,5131,5.33743,0.01679,0.08962,3.299,3.299,947.3,4.58175,0.85857
1789864334.470,5132,5.33743,0.01679,0.08962,3.299,3.299,947.3,4.58265,0.85874
1789864334.480,5133,5.33743,0.01679,0.08962,3.299,3.299,947.3,4.58354,0.85891
1789864334.490,5134,5.33743,0.01679,0.08962,3.299,3.299,947.3,4.58444,0.85908
1789864334.500,5135,5.33743,0.01679,0.08962,3.298,3.298,947.3,4.58534,0.85924
1789864334.510,5136,5.33743,0.01679,0.08962,3.298,3.298,947.3,4.58624,0.85941
1789864334.520,5137,5.33743,0.01679,0.08962,3.297,3.297,947.3,4.58713,0.85958
1789864334.530,5138,5.33743,0.01679,0.08962,3.295,3.295,947.3,4.58803,0.85975
1789864334.540,5139,5.33743,0.01679,0.08962,3.291,3.292,947.3,4.58892,0.85991
1789864334.550,5140,5.33743,0.01679,0.08962,3.292,3.292,947.3,4.58982,0.86008
1789864334.560,5141,5.33743,0.01679,0.08962,3.292,3.293,947.3,4.59071,0.86025
1789864334.570,5142,5.33743,0.01679,0.08962,3.292,3.293,947.3,4.59161,0.86042
1789864334.580,5143,5.33736,0.01680,0.08967,3.292,3.293,947.3,4.59250,0.86058
1789864334.590,5144,5.33736,0.01680,0.08967,3.291,3.292,947.3,4.59340,0.86075
1789864334.600,5145,5.33736,0.01680,0.08967,3.291,3.292,947.3,4.59429,0.86092
1789864334.610,5146,5.33736,0.01680,0.08967,3.291,3.291,947.3,4.59519,0.86109
1789864334.620,5147,5.33736,0.01680,0.08967,3.290,3.291,947.3,4.59609,0.86126
1789864334.630,5148,5.33736,0.01680,0.08967,3.290,3.290,947.3,4.59699,0.86143
1789864334.640,5149,5.33736,0.01680,0.08967,3.289,3.290,947.3,4.59789,0.86159
1789864334.650,5150,5.33736,0.01680,0.08967,3.292,3.292,947.3,4.59879,0.86176
1789864334.660,5151,5.33736,0.01680,0.08967,3.294,3.295,947.3,4.59968,0.86193
1789864334.670,5152,5.33736,0.01680,0.08967,3.294,3.294,947.3,4.60058,0.86210
1789864334.680,5153,5.33724,0.01680,0.08967,3.295,3.295,947.3,4.60147,0.86227
1789864334.690,5154,5.33724,0.01680,0.08967,3.295,3.294,947.3,4.60237,0.86243
1789864334.700,5155,5.33724,0.01680,0.08967,3.295,3.295,947.3,4.60326,0.86260
1789864334.710,5156,5.33724,0.01680,0.08967,3.295,3.294,947.3,4.60416,0.86277
1789864334.720,5157,5.33724,0.01680,0.08967,3.295,3.295,947.3,4.60506,0.86294
1789864334.730,5158,5.33724,0.01680,0.08967,3.294,3.295,947.3,4.60595,0.86311
1789864334.740,5159,5.33724,0.01680,0.08967,3.294,3.294,947.3,4.60685,0.86327
1789864334.750,5160,5.33724,0.01680,0.08967,3.294,3.295,947.3,4.60775,0.86344
1789864334.760,5161,5.33724,0.01680,0.08967,3.294,3.294,947.3,4.60864,0.86361
1789864334.770,5162,5.33724,0.01680,0.08967,3.295,3.295,947.3,4.60954,0.86378
1789864334.780,5163,5.33720,0.01680,0.08966,3.294,3.295,947.3,4.61044,0.86395
1789864334.790,5164,5.33720,0.01680,0.08966,3.295,3.295,947.3,4.61134,0.86411
1789864334.800,5165,5.33720,0.01680,0.08966,3.295,3.295,947.3,4.61223,0.86428
1789864334.810,5166,5.33720,0.01680,0.08966,3.295,3.296,947.3,4.61313,0.86445
1789864334.820,5167,5.33720,0.01680,0.08966,3.296,3.297,947.3,4.61403,0.86462
1789864334.830,5168,5.33720,0.01680,0.08966,3.297,3.297,947.3,4.61492,0.86479
1789864334.840,5169,5.33720,0.01680,0.08966,3.298,3.298,947.3,4.61582,0.86495
1789864334.850,5170,5.33720,0.01680,0.08966,3.298,3.299,947.3,4.61671,0.86512
1789864334.860,5171,5.33720,0.01680,0.08966,3.299,3.299,947.3,4.61761,0.86529
1789864334.870,5172,5.33720,0.01680,0.08966,3.299,3.299,947.3,4.61851,0.86546
1789864334.880,5173,5.33720,0.01680,0.08966,3.299,3.299,947.3,4.61940,0.86563
1789864334.890,5174,5.33720,0.01680,0.08966,3.299,3.299,947.3,4.62030,0.86579
1789864334.900,5175,5.33720,0.01680,0.08966,3.299,3.299,947.3,4.62120,0.86596
1789864334.910,5176,5.33720,0.01680,0.08966,3.298,3.299,947.3,4.62210,0.86613
1789864334.920,5177,5.33720,0.01680,0.08966,3.298,3.298,947.3,4.62299,0.86630
1789864334.930,5178,5.33720,0.01680,0.08966,3.295,3.295,947.3,4.62388,0.86647
1789864334.940,5179,5.33720,0.01680,0.08966,3.293,3.294,947.3,4.62478,0.86663
1789864334.950,5180,5.33720,0.01680,0.08966,3.293,3.294,947.3,4.62568,0.86680
1789864334.960,5181,5.33720,0.01680,0.08966,3.293,3.294,947.3,4.62657,0.86697
1789864334.970,5182,5.33720,0.01680,0.08966,3.293,3.294,947.3,4.62747,0.86714
1789864334.980,5183,5.33716,0.01680,0.08966,3.293,3.294,947.3,4.62837,0.86731
1789864334.990,5184,5.33716,0.01680,0.08966,3.292,3.294,947.3,4.62927,0.86747
1789864335.000,5185,5.33716,0.01680,0.08966,3.291,3.291,947.3,4.63016,0.86764
1789864335.010,5186,5.33716,0.01680,0.08966,3.289,3.290,947.3,4.63106,0.86781
1789864335.020,5187,5.33716,0.01680,0.08966,3.288,3.288,947.3,4.63196,0.86798
1789864335.030,5188,5.33716,0.01680,0.08966,3.288,3.288,947.3,4.63285,0.86815
1789864335.040,5189,5.33716,0.01680,0.08966,3.288,3.288,947.3,4.63375,0.86831
1789864335.050,5190,5.33716,0.01680,0.08966,3.291,3.290,947.3,4.63464,0.86848
1789864335.060,5191,5.33716,0.01680,0.08966,3.292,3.292,947.3,4.63554,0.86865
1789864335.070,5192,5.33716,0.01680,0.08966,3.293,3.293,947.3,4.63644,0.86882
1789864335.080,5193,5.33712,0.01680,0.08966,3.294,3.294,947.3,4.63734,0.86899
1789864335.090,5194,5.33712,0.01680,0.08966,3.292,3.292,947.3,4.63824,0.86915
1789864335.100,5195,5.33712,0.01680,0.08966,3.293,3.293,947.3,4.63914,0.86932
1789864335.110,5196,5.33712,0.01680,0.08966,3.293,3.293,947.3,4.64003,0.86949
1789864335.120,5197,5.33712,0.01680,0.08966,3.295,3.293,947.3,4.64093,0.86966
1789864335.130,5198,5.33712,0.01680,0.08966,3.295,3.294,947.3,4.64182,0.86983
1789864335.140,5199,5.33712,0.01680,0.08966,3.295,3.294,947.3,4.64272,0.86999
1789864335.150,5200,5.33712,0.01680,0.08966,3.295,3.295,947.3,4.64361,0.87016
1789864335.160,5201,5.33712,0.01680,0.08966,3.295,3.294,947.3,4.64451,0.87033
1789864335.170,5202,5.33712,0.01680,0.08966,3.295,3.295,947.3,4.64540,0.87050
1789864335.180,5203,5.33712,0.01679,0.08961,3.296,3.296,947.3,4.64630,0.87066
1789864335.190,5204,5.33712,0.01679,0.08961,3.297,3.297,947.3,4.64720,0.87083
1789864335.200,5205,5.33712,0.01679,0.08961,3.296,3.297,947.3,4.64809,0.87100
1789864335.210,5206,5.33712,0.01679,0.08961,3.297,3.297,947.3,4.64899,0.87117
1789864335.220,5207,5.33712,0.01679,0.08961,3.298,3.298,947.3,4.64989,0.87134
1789864335.230,5208,5.33712,0.01679,0.08961,3.299,3.299,947.3,4.65078,0.87150
1789864335.240,5209,5.33712,0.01679,0.08961,3.299,3.299,947.3,4.65167,0.87167
1789864335.250,5210,5.33712,0.01679,0.08961,3.299,3.299,947.3,4.65257,0.87184
1789864335.260,5211,5.33712,0.01679,0.08961,3.299,3.299,947.3,4.65346,0.87201
1789864335.270,5212,5.33712,0.01679,0.08961,3.299,3.299,947.3,4.65436,0.87218
1789864335.280,5213,5.33708,0.01679,0.08961,3.299,3.299,947.3,4.65526,0.87234
1789864335.290,5214,5.33708,0.01679,0.08961,3.299,3.299,947.3,4.65616,0.87251
1789864335.300,5215,5.33708,0.01679,0.08961,3.298,3.299,947.3,4.65706,0.87268
1789864335.310,5216,5.33708,0.01679,0.08961,3.298,3.298,947.3,4.65796,0.87285
1789864335.320,5217,5.33708,0.01679,0.08961,3.297,3.298,947.3,4.65886,0.87302
1789864335.330,5218,5.33708,0.01679,0.08961,3.295,3.295,947.3,4.65975,0.87319
1789864335.340,5219,5.33708,0.01679,0.08961,3.291,3.291,947.3,4.66065,0.87335
1789864335.350,5220,5.33708,0.01679,0.08961,3.291,3.291,947.3,4.66154,0.87352
1789864335.360,5221,5.33708,0.01679,0.08961,3.291,3.291,947.3,4.66244,0.87369
1789864335.370,5222,5.33708,0.01679,0.08961,3.291,3.291,947.3,4.66334,0.87386
1789864335.380,5223,5.33704,0.01679,0.08961,3.291,3.291,947.3,4.66423,0.87403
1789864335.390,5224,5.33704,0.01679,0.08961,3.291,3.292,947.3,4.66513,0.87419
1789864335.400,5225,5.33704,0.01679,0.08961,3.291,3.291,947.3,4.66602,0.87436
1789864335.410,5226,5.33704,0.01679,0.08961,3.291,3.291,947.3,4.66691,0.87453
1789864335.420,5227,5.33704,0.01679,0.08961,3.289,3.289,947.3,4.66781,0.87470
1789864335.430,5228,5.33704,0.01679,0.08961,3.287,3.287,947.3,4.66871,0.87486
1789864335.440,5229,5.33704,0.01679,0.08961,3.287,3.287,947.3,4.66960,0.87503
1789864335.450,5230,5.33704,0.01679,0.08961,3.291,3.290,947.3,4.67050,0.87520
1789864335.460,5231,5.33704,0.01679,0.08961,3.293,3.294,947.3,4.67140,0.87537
1789864335.470,5232,5.33704,0.01679,0.08961,3.293,3.294,947.3,4.67229,0.87554
1789864335.480,5233,5.33704,0.01678,0.08956,3.294,3.294,947.3,4.67319,0.87570
1789864335.490,5234,5.33704,0.01678,0.08956,3.294,3.295,947.3,4.67408,0.87587
1789864335.500,5235,5.33704,0.01678,0.08956,3.294,3.295,947.3,4.67498,0.87604
1789864335.510,5236,5.33704,0.01678,0.08956,3.293,3.294,947.3,4.67587,0.87621
1789864335.520,5237,5.33704,0.01678,0.08956,3.294,3.294,947.3,4.67677,0.87637
1789864335.530,5238,5.33704,0.01678,0.08956,3.294,3.294,947.3,4.67766,0.87654
1789864335.540,5239,5.33704,0.01678,0.08956,3.294,3.294,947.3,4.67855,0.87671
1789864335.550,5240,5.33704,0.01678,0.08956,3.293,3.293,947.3,4.67945,0.87688
1789864335.560,5241,5.33704,0.01678,0.08956,3.293,3.293,947.3,4.68034,0.87704
1789864335.570,5242,5.33704,0.01678,0.08956,3.294,3.294,947.3,4.68124,0.87721
1789864335.580,5243,5.33700,0.01677,0.08950,3.294,3.294,947.3,4.68213,0.87738
1789864335.590,5244,5.33700,0.01677,0.08950,3.295,3.295,947.3,4.68303,0.87755
1789864335.600,5245,5.33700,0.01677,0.08950,3.295,3.295,947.3,4.68393,0.87772
1789864335.610,5246,5.33700,0.01677,0.08950,3.296,3.296,947.3,4.68483,0.87788
1789864335.620,5247,5.33700,0.01677,0.08950,3.296,3.296,947.3,4.68572,0.87805
1789864335.630,5248,5.33700,0.01677,0.08950,3.297,3.296,947.3,4.68662,0.87822
1789864335.640,5249,5.33700,0.01677,0.08950,3.297,3.297,947.3,4.68751,0.87839
1789864335.650,5250,5.33700,0.01677,0.08950,3.298,3.298,947.3,4.68841,0.87855
1789864335.660,5251,5.33700,0.01677,0.08950,3.298,3.298,947.3,4.68930,0.87872
1789864335.670,5252,5.33700,0.01677,0.08950,3.299,3.299,947.3,4.69020,0.87889
1789864335.680,5253,5.33696,0.01677,0.08950,3.299,3.299,947.3,4.69109,0.87906
1789864335.690,5254,5.33696,0.01677,0.08950,3.299,3.299,947.3,4.69199,0.87923
1789864335.700,5255,5.33696,0.01677,0.08950,3.298,3.299,947.3,4.69288,0.87939
1789864335.710,5256,5.33696,0.01677,0.08950,3.298,3.299,947.3,4.69378,0.87956
1789864335.720,5257,5.33696,0.01677,0.08950,3.298,3.299,947.3,4.69467,0.87973
1789864335.730,5258,5.33696,0.01677,0.08950,3.296,3.297,947.3,4.69557,0.87990
1789864335.740,5259,5.33696,0.01677,0.08950,3.294,3.294,947.3,4.69646,0.88006
1789864335.750,5260,5.33696,0.01677,0.08950,3.293,3.293,947.3,4.69735,0.88023
1789864335.760,5261,5.33696,0.01677,0.08950,3.294,3.293,947.3,4.69825,0.88040
1789864335.770,5262,5.33696,0.01677,0.08950,3.293,3.293,947.3,4.69914,0.88057
1789864335.780,5263,5.33685,0.01677,0.08950,3.293,3.293,947.3,4.70004,0.88073
1789864335.790,5264,5.33685,0.01677,0.08950,3.291,3.292,947.3,4.70094,0.88090
1789864335.800,5265,5.33685,0.01677,0.08950,3.291,3.291,947.3,4.70183,0.88107
1789864335.810,5266,5.33685,0.01677,0.08950,3.290,3.290,947.3,4.70273,0.88124
1789864335.820,5267,5.33685,0.01677,0.08950,3.288,3.289,947.3,4.70363,0.88141
1789864335.830,5268,5.33685,0.01677,0.08950,3.288,3.288,947.3,4.70452,0.88157
1789864335.840,5269,5.33685,0.01677,0.08950,3.287,3.287,947.3,4.70541,0.88174
1789864335.850,5270,5.33685,0.01677,0.08950,3.289,3.288,947.3,4.70631,0.88191
1789864335.860,5271,5.33685,0.01677,0.08950,3.292,3.291,947.3,4.70720,0.88208
1789864335.870,5272,5.33685,0.01677,0.08950,3.292,3.291,947.3,4.70810,0.88224
1789864335.880,5273,5.33685,0.01677,0.08950,3.292,3.292,947.3,4.70899,0.88241
1789864335.890,5274,5.33685,0.01677,0.08950,3.293,3.293,947.3,4.70988,0.88258
1789864335.900,5275,5.33685,0.01677,0.08950,3.294,3.294,947.3,4.71078,0.88275
1789864335.910,5276,5.33685,0.01677,0.08950,3.294,3.294,947.3,4.71167,0.88291
1789864335.920,5277,5.33685,0.01677,0.08950,3.294,3.295,947.3,4.71257,0.88308
1789864335.930,5278,5.33685,0.01677,0.08950,3.295,3.295,947.3,4.71346,0.88325
1789864335.940,5279,5.33685,0.01677,0.08950,3.294,3.295,947.3,4.71436,0.88342
1789864335.950,5280,5.33685,0.01677,0.08950,3.293,3.295,947.3,4.71526,0.88359
1789864335.960,5281,5.33685,0.01677,0.08950,3.293,3.295,947.3,4.71616,0.88375
1789864335.970,5282,5.33685,0.01677,0.08950,3.293,3.294,947.3,4.71705,0.88392
1789864335.980,5283,5.33681,0.01677,0.08950,3.293,3.295,947.3,4.71795,0.88409
1789864335.990,5284,5.33681,0.01677,0.08950,3.293,3.295,947.3,4.71884,0.88426
1789864336.000,5285,5.33681,0.01677,0.08950,3.295,3.295,947.3,4.71974,0.88443
1789864336.010,5286,5.33681,0.01677,0.08950,3.295,3.295,947.3,4.72063,0.88459
1789864336.020,5287,5.33681,0.01677,0.08950,3.297,3.297,947.3,4.72153,0.88476
1789864336.030,5288,5.33681,0.01677,0.08950,3.297,3.298,947.3,4.72242,0.88493
1789864336.040,5289,5.33681,0.01677,0.08950,3.297,3.298,947.3,4.72331,0.88509
1789864336.050,5290,5.33681,0.01677,0.08950,3.299,3.299,947.3,4.72420,0.88526
1789864336.060,5291,5.33681,0.01677,0.08950,3.299,3.299,947.3,4.72509,0.88543
1789864336.070,5292,5.33681,0.01677,0.08950,3.299,3.299,947.3,4.72599,0.88560
1789864336.080,5293,5.33677,0.01678,0.08955,3.298,3.298,947.3,4.72689,0.88576
1789864336.090,5294,5.33677,0.01678,0.08955,3.298,3.298,947.3,4.72778,0.88593
1789864336.100,5295,5.33677,0.01678,0.08955,3.297,3.298,947.3,4.72868,0.88610
1789864336.110,5296,5.33677,0.01678,0.08955,3.297,3.297,947.3,4.72958,0.88627
1789864336.120,5297,5.33677,0.01678,0.08955,3.296,3.297,947.3,4.73047,0.88644
1789864336.130,5298,5.33677,0.01678,0.08955,3.295,3.295,947.3,4.73136,0.88660
1789864336.140,5299,5.33677,0.01678,0.08955,3.292,3.293,947.3,4.73226,0.88677
1789864336.150,5300,5.33677,0.01678,0.08955,3.293,3.293,947.3,4.73316,0.88694
1789864336.160,5301,5.33677,0.01678,0.08955,3.293,3.294,947.3,4.73406,0.88711
1789864336.170,5302,5.33677,0.01678,0.08955,3.294,3.294,947.3,4.73496,0.88728
1789864336.180,5303,5.33673,0.01677,0.08950,3.294,3.294,947.3,4.73585,0.88745
1789864336.190,5304,5.33673,0.01677,0.08950,3.292,3.293,947.3,4.73675,0.88761
1789864336.200,5305,5.33673,0.01677,0.08950,3.291,3.291,947.3,4.73764,0.88778
1789864336.210,5306,5.33673,0.01677,0.08950,3.290,3.291,947.3,4.73854,0.88795
1789864336.220,5307,5.33673,0.01677,0.08950,3.288,3.289,947.3,4.73943,0.88812
1789864336.230,5308,5.33673,0.01677,0.08950,3.287,3.289,947.3,4.74033,0.88828
1789864336.240,5309,5.33673,0.01677,0.08950,3.287,3.287,947.3,4.74122,0.88845
1789864336.250,5310,5.33673,0.01677,0.08950,3.290,3.290,947.3,4.74212,0.88862
1789864336.260,5311,5.33673,0.01677,0.08950,3.293,3.294,947.3,4.74302,0.88879
1789864336.270,5312,5.33673,0.01677,0.08950,3.293,3.293,947.3,4.74391,0.88895
1789864336.280,5313,5.33669,0.01677,0.08950,3.293,3.293,947.3,4.74480,0.88912
1789864336.290,5314,5.33669,0.01677,0.08950,3.293,3.293,947.3,4.74569,0.88929
1789864336.300,5315,5.33669,0.01677,0.08950,3.293,3.294,947.3,4.74659,0.88946
1789864336.310,5316,5.33669,0.01677,0.08950,3.293,3.293,947.3,4.74748,0.88962
1789864336.320,5317,5.33669,0.01677,0.08950,3.293,3.294,947.3,4.74838,0.88979
1789864336.330,5318,5.33669,0.01677,0.08950,3.295,3.295,947.3,4.74927,0.88996
1789864336.340,5319,5.33669,0.01677,0.08950,3.295,3.295,947.3,4.75017,0.89013
1789864336.350,5320,5.33669,0.01677,0.08950,3.294,3.294,947.3,4.75106,0.89029
1789864336.360,5321,5.33669,0.01677,0.08950,3.294,3.295,947.3,4.75195,0.89046
1789864336.370,5322,5.33669,0.01677,0.08950,3.294,3.294,947.3,4.75284,0.89063
1789864336.380,5323,5.33669,0.01677,0.08950,3.294,3.294,947.3,4.75374,0.89080
1789864336.390,5324,5.33669,0.01677,0.08950,3.293,3.294,947.3,4.75463,0.89096
1789864336.400,5325,5.33669,0.01677,0.08950,3.293,3.294,947.3,4.75553,0.89113
1789864336.410,5326,5.33669,0.01677,0.08950,3.295,3.295,947.3,4.75643,0.89130
1789864336.420,5327,5.33669,0.01677,0.08950,3.295,3.295,947.3,4.75732,0.89147
1789864336.430,5328,5.33669,0.01677,0.08950,3.296,3.296,947.3,4.75822,0.89164
1789864336.440,5329,5.33669,0.01677,0.08950,3.297,3.297,947.3,4.75911,0.89180
1789864336.450,5330,5.33669,0.01677,0.08950,3.298,3.298,947.3,4.76000,0.89197
1789864336.460,5331,5.33669,0.01677,0.08950,3.299,3.299,947.3,4.76090,0.89214
1789864336.470,5332,5.33669,0.01677,0.08950,3.299,3.299,947.3,4.76179,0.89231
1789864336.480,5333,5.33657,0.01677,0.08949,3.299,3.299,947.3,4.76269,0.89247
1789864336.490,5334,5.33657,0.01677,0.08949,3.299,3.299,947.3,4.76359,0.89264
1789864336.500,5335,5.33657,0.01677,0.08949,3.298,3.299,947.3,4.76448,0.89281
1789864336.510,5336,5.33657,0.01677,0.08949,3.298,3.298,947.3,4.76538,0.89298
1789864336.520,5337,5.33657,0.01677,0.08949,3.298,3.298,947.3,4.76627,0.89314
1789864336.530,5338,5.33657,0.01677,0.08949,3.295,3.296,947.3,4.76717,0.89331
1789864336.540,5339,5.33657,0.01677,0.08949,3.291,3.292,947.3,4.76806,0.89348
1789864336.550,5340,5.33657,0.01677,0.08949,3.291,3.291,947.3,4.76896,0.89365
1789864336.560,5341,5.33657,0.01677,0.08949,3.291,3.291,947.3,4.76985,0.89382
1789864336.570,5342,5.33657,0.01677,0.08949,3.291,3.291,947.3,4.77074,0.89398
1789864336.580,5343,5.33654,0.01677,0.08949,3.291,3.292,947.3,4.77164,0.89415
1789864336.590,5344,5.33654,0.01677,0.08949,3.291,3.292,947.3,4.77253,0.89432
1789864336.600,5345,5.33654,0.01677,0.08949,3.291,3.291,947.3,4.77343,0.89449
1789864336.610,5346,5.33654,0.01677,0.08949,3.291,3.291,947.3,4.77432,0.89465
1789864336.620,5347,5.33654,0.01677,0.08949,3.291,3.291,947.3,4.77522,0.89482
1789864336.630,5348,5.33654,0.01677,0.08949,3.290,3.291,947.3,4.77612,0.89499
1789864336.640,5349,5.33654,0.01677,0.08949,3.290,3.290,947.3,4.77702,0.89516
1789864336.650,5350,5.33654,0.01677,0.08949,3.291,3.291,947.3,4.77791,0.89533
1789864336.660,5351,5.33654,0.01677,0.08949,3.294,3.294,947.3,4.77881,0.89549
1789864336.670,5352,5.33654,0.01677,0.08949,3.293,3.294,947.3,4.77970,0.89566
1789864336.680,5353,5.33650,0.01677,0.08949,3.293,3.294,947.3,4.78059,0.89583
1789864336.690,5354,5.33650,0.01677,0.08949,3.293,3.294,947.3,4.78148,0.89600
1789864336.700,5355,5.33650,0.01677,0.08949,3.294,3.294,947.3,4.78237,0.89616
1789864336.710,5356,5.33650,0.01677,0.08949,3.294,3.295,947.3,4.78327,0.89633
1789864336.720,5357,5.33650,0.01677,0.08949,3.295,3.295,947.3,4.78417,0.89650
1789864336.730,5358,5.33650,0.01677,0.08949,3.296,3.296,947.3,4.78507,0.89667
1789864336.740,5359,5.33650,0.01677,0.08949,3.296,3.296,947.3,4.78597,0.89684
1789864336.750,5360,5.33650,0.01677,0.08949,3.295,3.295,947.3,4.78686,0.89700
1789864336.760,5361,5.33650,0.01677,0.08949,3.295,3.295,947.3,4.78775,0.89717
1789864336.770,5362,5.33650,0.01677,0.08949,3.295,3.295,947.3,4.78865,0.89734
1789864336.780,5363,5.33646,0.01677,0.08949,3.293,3.294,947.3,4.78954,0.89750
1789864336.790,5364,5.33646,0.01677,0.08949,3.293,3.294,947.3,4.79044,0.89767
1789864336.800,5365,5.33646,0.01677,0.08949,3.294,3.295,947.3,4.79133,0.89784
1789864336.810,5366,5.33646,0.01677,0.08949,3.295,3.295,947.3,4.79223,0.89801
1789864336.820,5367,5.33646,0.01677,0.08949,3.295,3.296,947.3,4.79313,0.89818
1789864336.830,5368,5.33646,0.01677,0.08949,3.296,3.296,947.3,4.79402,0.89834
1789864336.840,5369,5.33646,0.01677,0.08949,3.298,3.298,947.3,4.79492,0.89851
1789864336.850,5370,5.33646,0.01677,0.08949,3.299,3.299,947.3,4.79581,0.89868
1789864336.860,5371,5.33646,0.01677,0.08949,3.299,3.299,947.3,4.79671,0.89885
1789864336.870,5372,5.33646,0.01677,0.08949,3.299,3.299,947.3,4.79760,0.89902
1789864336.880,5373,5.33642,0.01677,0.08949,3.299,3.299,947.3,4.79849,0.89918
1789864336.890,5374,5.33642,0.01677,0.08949,3.299,3.299,947.3,4.79939,0.89935
1789864336.900,5375,5.33642,0.01677,0.08949,3.299,3.299,947.3,4.80028,0.89952
1789864336.910,5376,5.33642,0.01677,0.08949,3.298,3.298,947.3,4.80118,0.89969
1789864336.920,5377,5.33642,0.01677,0.08949,3.299,3.298,947.3,4.80208,0.89985
1789864336.930,5378,5.33642,0.01677,0.08949,3.296,3.297,947.3,4.80298,0.90002
1789864336.940,5379,5.33642,0.01677,0.08949,3.292,3.293,947.3,4.80388,0.90019
1789864336.950,5380,5.33642,0.01677,0.08949,3.291,3.291,947.3,4.80477,0.90036
1789864336.960,5381,5.33642,0.01677,0.08949,3.291,3.291,947.3,4.80566,0.90053
1789864336.970,5382,5.33642,0.01677,0.08949,3.291,3.291,947.3,4.80655,0.90069
1789864336.980,5383,5.33630,0.01677,0.08949,3.291,3.291,947.3,4.80744,0.90086
1789864336.990,5384,5.33630,0.01677,0.08949,3.291,3.291,947.3,4.80833,0.90103
1789864337.000,5385,5.33630,0.01677,0.08949,3.291,3.291,947.3,4.80923,0.90119
1789864337.010,5386,5.33630,0.01677,0.08949,3.291,3.292,947.3,4.81013,0.90136
1789864337.020,5387,5.33630,0.01677,0.08949,3.290,3.291,947.3,4.81103,0.90153
1789864337.030,5388,5.33630,0.01677,0.08949,3.289,3.289,947.3,4.81192,0.90170
1789864337.040,5389,5.33630,0.01677,0.08949,3.288,3.289,947.3,4.81281,0.90187
1789864337.050,5390,5.33630,0.01677,0.08949,3.290,3.289,947.3,4.81370,0.90203
1789864337.060,5391,5.33630,0.01677,0.08949,3.293,3.292,947.3,4.81460,0.90220
1789864337.070,5392,5.33630,0.01677,0.08949,3.293,3.293,947.3,4.81549,0.90237
1789864337.080,5393,5.33618,0.01677,0.08949,3.294,3.294,947.3,4.81639,0.90254
1789864337.090,5394,5.33618,0.01677,0.08949,3.295,3.295,947.3,4.81728,0.90270
1789864337.100,5395,5.33618,0.01677,0.08949,3.296,3.295,947.3,4.81818,0.90287
1789864337.110,5396,5.33618,0.01677,0.08949,3.297,3.297,947.3,4.81907,0.90304
1789864337.120,5397,5.33618,0.01677,0.08949,3.297,3.297,947.3,4.81997,0.90321
1789864337.130,5398,5.33618,0.01677,0.08949,3.297,3.297,947.3,4.82086,0.90337
1789864337.140,5399,5.33618,0.01677,0.08949,3.297,3.297,947.3,4.82176,0.90354
1789864337.150,5400,5.33618,0.01677,0.08949,3.297,3.297,947.3,4.82266,0.90371
1789864337.160,5401,5.33618,0.01677,0.08949,3.296,3.296,947.3,4.82356,0.90388
1789864337.170,5402,5.33618,0.01677,0.08949,3.295,3.295,947.3,4.82446,0.90405
1789864337.180,5403,5.33614,0.01677,0.08949,3.295,3.295,947.3,4.82535,0.90422
1789864337.190,5404,5.33614,0.01677,0.08949,3.294,3.294,947.3,4.82625,0.90438
1789864337.200,5405,5.33614,0.01677,0.08949,3.294,3.294,947.3,4.82714,0.90455
1789864337.210,5406,5.33614,0.01677,0.08949,3.294,3.295,947.3,4.82803,0.90472
1789864337.220,5407,5.33614,0.01677,0.08949,3.295,3.295,947.3,4.82892,0.90488
1789864337.230,5408,5.33614,0.01677,0.08949,3.295,3.296,947.3,4.82981,0.90505
1789864337.240,5409,5.33614,0.01677,0.08949,3.296,3.296,947.3,4.83070,0.90522
1789864337.250,5410,5.33614,0.01677,0.08949,3.298,3.298,947.3,4.83160,0.90539
1789864337.260,5411,5.33614,0.01677,0.08949,3.299,3.299,947.3,4.83249,0.90555
1789864337.270,5412,5.33614,0.01677,0.08949,3.299,3.299,947.3,4.83339,0.90572
1789864337.280,5413,5.33622,0.01677,0.08949,3.299,3.299,947.3,4.83429,0.90589
1789864337.290,5414,5.33622,0.01677,0.08949,3.299,3.299,947.3,4.83519,0.90606
1789864337.300,5415,5.33622,0.01677,0.08949,3.298,3.299,947.3,4.83609,0.90623
1789864337.310,5416,5.33622,0.01677,0.08949,3.298,3.298,947.3,4.83698,0.90639
1789864337.320,5417,5.33622,0.01677,0.08949,3.298,3.298,947.3,4.83787,0.90656
1789864337.330,5418,5.33622,0.01677,0.08949,3.296,3.297,947.3,4.83876,0.90673
1789864337.340,5419,5.33622,0.01677,0.08949,3.293,3.294,947.3,4.83965,0.90690
1789864337.350,5420,5.33622,0.01677,0.08949,3.291,3.291,947.3,4.84055,0.90706
1789864337.360,5421,5.33622,0.01677,0.08949,3.291,3.291,947.3,4.84144,0.90723
1789864337.370,5422,5.33622,0.01677,0.08949,3.292,3.292,947.3,4.84234,0.90740
1789864337.380,5423,5.33614,0.01677,0.08949,3.291,3.291,947.3,4.84323,0.90757
1789864337.390,5424,5.33614,0.01677,0.08949,3.291,3.291,947.3,4.84413,0.90773
1789864337.400,5425,5.33614,0.01677,0.08949,3.289,3.289,947.3,4.84502,0.90790
1789864337.410,5426,5.33614,0.01677,0.08949,3.289,3.289,947.3,4.84592,0.90807
1789864337.420,5427,5.33614,0.01677,0.08949,3.287,3.287,947.3,4.84682,0.90824
1789864337.430,5428,5.33614,0.01677,0.08949,3.287,3.287,947.3,4.84771,0.90841
1789864337.440,5429,5.33614,0.01677,0.08949,3.286,3.286,947.3,4.84861,0.90857
1789864337.450,5430,5.33614,0.01677,0.08949,3.287,3.286,947.3,4.84950,0.90874
1789864337.460,5431,5.33614,0.01677,0.08949,3.291,3.291,947.3,4.85040,0.90891
1789864337.470,5432,5.33614,0.01677,0.08949,3.292,3.292,947.3,4.85129,0.90908
1789864337.480,5433,5.33614,0.01677,0.08949,3.291,3.292,947.3,4.85219,0.90925
1789864337.490,5434,5.33614,0.01677,0.08949,3.292,3.292,947.3,4.85308,0.90941
1789864337.500,5435,5.33614,0.01677,0.08949,3.292,3.292,947.3,4.85398,0.90958
1789864337.510,5436,5.33614,0.01677,0.08949,3.291,3.292,947.3,4.85487,0.90975
1789864337.520,5437,5.33614,0.01677,0.08949,3.292,3.292,947.3,4.85576,0.90991
1789864337.530,5438,5.33614,0.01677,0.08949,3.293,3.293,947.3,4.85665,0.91008
1789864337.540,5439,5.33614,0.01677,0.08949,3.295,3.295,947.3,4.85755,0.91025
1789864337.550,5440,5.33614,0.01677,0.08949,3.295,3.295,947.3,4.85844,0.91042
1789864337.560,5441,5.33614,0.01677,0.08949,3.295,3.295,947.3,4.85934,0.91058
1789864337.570,5442,5.33614,0.01677,0.08949,3.295,3.296,947.3,4.86023,0.91075
1789864337.580,5443,5.33611,0.01677,0.08949,3.295,3.294,947.3,4.86113,0.91092
1789864337.590,5444,5.33611,0.01677,0.08949,3.295,3.295,947.3,4.86202,0.91109
1789864337.600,5445,5.33611,0.01677,0.08949,3.295,3.295,947.3,4.86292,0.91126
1789864337.610,5446,5.33611,0.01677,0.08949,3.295,3.295,947.3,4.86381,0.91142
1789864337.620,5447,5.33611,0.01677,0.08949,3.295,3.295,947.3,4.86471,0.91159
1789864337.630,5448,5.33611,0.01677,0.08949,3.295,3.295,947.3,4.86560,0.91176
1789864337.640,5449,5.33611,0.01677,0.08949,3.297,3.298,947.3,4.86650,0.91193
1789864337.650,5450,5.33611,0.01677,0.08949,3.298,3.298,947.3,4.86739,0.91209
1789864337.660,5451,5.33611,0.01677,0.08949,3.298,3.298,947.3,4.86829,0.91226
1789864337.670,5452,5.33611,0.01677,0.08949,3.298,3.298,947.3,4.86918,0.91243
1789864337.680,5453,5.33603,0.01676,0.08943,3.299,3.299,947.3,4.87008,0.91260
1789864337.690,5454,5.33603,0.01676,0.08943,3.299,3.299,947.3,4.87097,0.91276
1789864337.700,5455,5.33603,0.01676,0.08943,3.299,3.299,947.3,4.87186,0.91293
1789864337.710,5456,5.33603,0.01676,0.08943,3.298,3.298,947.3,4.87276,0.91310
1789864337.720,5457,5.33603,0.01676,0.08943,3.297,3.298,947.3,4.87365,0.91327
1789864337.730,5458,5.33603,0.01676,0.08943,3.296,3.297,947.3,4.87455,0.91344
1789864337.740,5459,5.33603,0.01676,0.08943,3.293,3.294,947.3,4.87544,0.91360
1789864337.750,5460,5.33603,0.01676,0.08943,3.291,3.291,947.3,4.87634,0.91377
1789864337.760,5461,5.33603,0.01676,0.08943,3.291,3.291,947.3,4.87723,0.91394
1789864337.770,5462,5.33603,0.01676,0.08943,3.291,3.292,947.3,4.87813,0.91411
1789864337.780,5463,5.33607,0.01676,0.08943,3.291,3.292,947.3,4.87902,0.91427
1789864337.790,5464,5.33607,0.01676,0.08943,3.291,3.292,947.3,4.87992,0.91444
1789864337.800,5465,5.33607,0.01676,0.08943,3.291,3.291,947.3,4.88081,0.91461
1789864337.810,5466,5.33607,0.01676,0.08943,3.291,3.292,947.3,4.88171,0.91478
1789864337.820,5467,5.33607,0.01676,0.08943,3.291,3.291,947.3,4.88260,0.91494
1789864337.830,5468,5.33607,0.01676,0.08943,3.291,3.291,947.3,4.88350,0.91511
1789864337.840,5469,5.33607,0.01676,0.08943,3.290,3.291,947.3,4.88439,0.91528
1789864337.850,5470,5.33607,0.01676,0.08943,3.291,3.291,947.3,4.88529,0.91545
1789864337.860,5471,5.33607,0.01676,0.08943,3.295,3.295,947.3,4.88619,0.91562
1789864337.870,5472,5.33607,0.01676,0.08943,3.295,3.295,947.3,4.88708,0.91578
1789864337.880,5473,5.33603,0.01675,0.08938,3.295,3.295,947.3,4.88797,0.91595
1789864337.890,5474,5.33603,0.01675,0.08938,3.294,3.294,947.3,4.88886,0.91612
1789864337.900,5475,5.33603,0.01675,0.08938,3.295,3.294,947.3,4.88975,0.91628
1789864337.910,5476,5.33603,0.01675,0.08938,3.295,3.294,947.3,4.89064,0.91645
1789864337.920,5477,5.33603,0.01675,0.08938,3.295,3.295,947.3,4.89154,0.91662
1789864337.930,5478,5.33603,0.01675,0.08938,3.295,3.295,947.3,4.89243,0.91679
1789864337.940,5479,5.33603,0.01675,0.08938,3.296,3.297,947.3,4.89333,0.91695
1789864337.950,5480,5.33603,0.01675,0.08938,3.297,3.297,947.3,4.89422,0.91712
1789864337.960,5481,5.33603,0.01675,0.08938,3.297,3.297,947.3,4.89512,0.91729
1789864337.970,5482,5.33603,0.01675,0.08938,3.298,3.298,947.3,4.89601,0.91746
1789864337.980,5483,5.33595,0.01674,0.08932,3.297,3.298,947.3,4.89691,0.91763
1789864337.990,5484,5.33595,0.01674,0.08932,3.296,3.295,947.3,4.89780,0.91779
1789864338.000,5485,5.33595,0.01674,0.08932,3.296,3.295,947.3,4.89870,0.91796
1789864338.010,5486,5.33595,0.01674,0.08932,3.295,3.295,947.3,4.89959,0.91813
1789864338.020,5487,5.33595,0.01674,0.08932,3.296,3.295,947.3,4.90048,0.91830
1789864338.030,5488,5.33595,0.01674,0.08932,3.296,3.295,947.3,4.90138,0.91846
1789864338.040,5489,5.33595,0.01674,0.08932,3.297,3.296,947.3,4.90227,0.91863
1789864338.050,5490,5.33595,0.01674,0.08932,3.298,3.299,947.3,4.90316,0.91880
1789864338.060,5491,5.33595,0.01674,0.08932,3.299,3.299,947.3,4.90406,0.91897
1789864338.070,5492,5.33595,0.01674,0.08932,3.299,3.299,947.3,4.90495,0.91913
1789864338.080,5493,5.33595,0.01674,0.08932,3.299,3.299,947.3,4.90584,0.91930
1789864338.090,5494,5.33595,0.01674,0.08932,3.298,3.298,947.3,4.90674,0.91947
1789864338.100,5495,5.33595,0.01674,0.08932,3.298,3.298,947.3,4.90763,0.91963
1789864338.110,5496,5.33595,0.01674,0.08932,3.297,3.297,947.3,4.90852,0.91980
1789864338.120,5497,5.33595,0.01674,0.08932,3.297,3.297,947.3,4.90941,0.91997
1789864338.130,5498,5.33595,0.01674,0.08932,3.295,3.296,947.3,4.91031,0.92014
1789864338.140,5499,5.33595,0.01674,0.08932,3.293,3.294,947.3,4.91120,0.92030
1789864338.150,5500,5.33595,0.01674,0.08932,3.291,3.291,947.3,4.91210,0.92047
1789864338.160,5501,5.33595,0.01674,0.08932,3.291,3.292,947.3,4.91299,0.92064
1789864338.170,5502,5.33595,0.01674,0.08932,3.292,3.292,947.3,4.91388,0.92081
1789864338.180,5503,5.33579,0.01674,0.08932,3.292,3.293,947.3,4.91478,0.92097
1789864338.190,5504,5.33579,0.01674,0.08932,3.293,3.293,947.3,4.91567,0.92114
1789864338.200,5505,5.33579,0.01674,0.08932,3.290,3.291,947.3,4.91656,0.92131
1789864338.210,5506,5.33579,0.01674,0.08932,3.291,3.291,947.3,4.91745,0.92148
1789864338.220,5507,5.33579,0.01674,0.08932,3.289,3.289,947.3,4.91834,0.92164
1789864338.230,5508,5.33579,0.01674,0.08932,3.287,3.288,947.3,4.91924,0.92181
1789864338.240,5509,5.33579,0.01674,0.08932,3.287,3.287,947.3,4.92013,0.92198
1789864338.250,5510,5.33579,0.01674,0.08932,3.286,3.286,947.3,4.92103,0.92215
1789864338.260,5511,5.33579,0.01674,0.08932,3.291,3.291,947.3,4.92192,0.92231
1789864338.270,5512,5.33579,0.01674,0.08932,3.291,3.291,947.3,4.92282,0.92248
1789864338.280,5513,5.33568,0.01675,0.08937,3.291,3.291,947.3,4.92371,0.92265
1789864338.290,5514,5.33568,0.01675,0.08937,3.292,3.292,947.3,4.92461,0.92282
1789864338.300,5515,5.33568,0.01675,0.08937,3.292,3.292,947.3,4.92550,0.92298
1789864338.310,5516,5.33568,0.01675,0.08937,3.292,3.292,947.3,4.92639,0.92315
1789864338.320,5517,5.33568,0.01675,0.08937,3.292,3.292,947.3,4.92728,0.92332
1789864338.330,5518,5.33568,0.01675,0.08937,3.294,3.295,947.3,4.92817,0.92349
1789864338.340,5519,5.33568,0.01675,0.08937,3.295,3.295,947.3,4.92906,0.92365
1789864338.350,5520,5.33568,0.01675,0.08937,3.295,3.295,947.3,4.92996,0.92382
1789864338.360,5521,5.33568,0.01675,0.08937,3.296,3.296,947.3,4.93085,0.92399
1789864338.370,5522,5.33568,0.01675,0.08937,3.297,3.297,947.3,4.93175,0.92416
1789864338.380,5523,5.33560,0.01674,0.08932,3.297,3.297,947.3,4.93265,0.92432
1789864338.390,5524,5.33560,0.01674,0.08932,3.297,3.297,947.3,4.93354,0.92449
1789864338.400,5525,5.33560,0.01674,0.08932,3.295,3.295,947.3,4.93443,0.92466
1789864338.410,5526,5.33560,0.01674,0.08932,3.295,3.296,947.3,4.93532,0.92483
1789864338.420,5527,5.33560,0.01674,0.08932,3.295,3.296,947.3,4.93622,0.92499
1789864338.430,5528,5.33560,0.01674,0.08932,3.295,3.297,947.3,4.93711,0.92516
1789864338.440,5529,5.33560,0.01674,0.08932,3.296,3.297,947.3,4.93800,0.92533
1789864338.450,5530,5.33560,0.01674,0.08932,3.296,3.297,947.3,4.93889,0.92549
1789864338.460,5531,5.33560,0.01674,0.08932,3.299,3.299,947.3,4.93978,0.92566
1789864338.470,5532,5.33560,0.01674,0.08932,3.299,3.299,947.3,4.94067,0.92583
1789864338.480,5533,5.33560,0.01675,0.08937,3.299,3.299,947.3,4.94157,0.92600
1789864338.490,5534,5.33560,0.01675,0.08937,3.299,3.299,947.3,4.94246,0.92616
1789864338.500,5535,5.33560,0.01675,0.08937,3.299,3.299,947.3,4.94336,0.92633
1789864338.510,5536,5.33560,0.01675,0.08937,3.299,3.299,947.3,4.94425,0.92650
1789864338.520,5537,5.33560,0.01675,0.08937,3.298,3.299,947.3,4.94514,0.92667
1789864338.530,5538,5.33560,0.01675,0.08937,3.297,3.298,947.3,4.94604,0.92683
1789864338.540,5539,5.33560,0.01675,0.08937,3.295,3.295,947.3,4.94693,0.92700
1789864338.550,5540,5.33560,0.01675,0.08937,3.292,3.292,947.3,4.94782,0.92717
1789864338.560,5541,5.33560,0.01675,0.08937,3.292,3.292,947.3,4.94872,0.92734
1789864338.570,5542,5.33560,0.01675,0.08937,3.292,3.293,947.3,4.94961,0.92750
1789864338.580,5543,5.33556,0.01675,0.08937,3.292,3.293,947.3,4.95050,0.92767
1789864338.590,5544,5.33556,0.01675,0.08937,3.293,3.293,947.3,4.95140,0.92784
1789864338.600,5545,5.33556,0.01675,0.08937,3.291,3.291,947.3,4.95229,0.92801
1789864338.610,5546,5.33556,0.01675,0.08937,3.291,3.291,947.3,4.95318,0.92817
1789864338.620,5547,5.33556,0.01675,0.08937,3.291,3.291,947.3,4.95408,0.92834
1789864338.630,5548,5.33556,0.01675,0.08937,3.289,3.290,947.3,4.95498,0.92851
1789864338.640,5549,5.33556,0.01675,0.08937,3.288,3.289,947.3,4.95587,0.92868
1789864338.650,5550,5.33556,0.01675,0.08937,3.288,3.288,947.3,4.95677,0.92884
1789864338.660,5551,5.33556,0.01675,0.08937,3.292,3.292,947.3,4.95767,0.92901
1789864338.670,5552,5.33556,0.01675,0.08937,3.293,3.293,947.3,4.95856,0.92918
1789864338.680,5553,5.33556,0.01676,0.08942,3.292,3.293,947.3,4.95945,0.92935
1789864338.690,5554,5.33556,0.01676,0.08942,3.293,3.293,947.3,4.96034,0.92951
1789864338.700,5555,5.33556,0.01676,0.08942,3.293,3.294,947.3,4.96123,0.92968
1789864338.710,5556,5.33556,0.01676,0.08942,3.294,3.294,947.3,4.96213,0.92985
1789864338.720,5557,5.33556,0.01676,0.08942,3.294,3.294,947.3,4.96302,0.93002
1789864338.730,5558,5.33556,0.01676,0.08942,3.295,3.295,947.3,4.96392,0.93018
1789864338.740,5559,5.33556,0.01676,0.08942,3.296,3.296,947.3,4.96482,0.93035
1789864338.750,5560,5.33556,0.01676,0.08942,3.296,3.296,947.3,4.96571,0.93052
1789864338.760,5561,5.33556,0.01676,0.08942,3.295,3.296,947.3,4.96660,0.93069
1789864338.770,5562,5.33556,0.01676,0.08942,3.295,3.296,947.3,4.96749,0.93085
1789864338.780,5563,5.33544,0.01676,0.08942,3.296,3.296,947.3,4.96838,0.93102
1789864338.790,5564,5.33544,0.01676,0.08942,3.296,3.296,947.3,4.96928,0.93119
1789864338.800,5565,5.33544,0.01676,0.08942,3.295,3.296,947.3,4.97018,0.93136
1789864338.810,5566,5.33544,0.01676,0.08942,3.295,3.295,947.3,4.97107,0.93153
1789864338.820,5567,5.33544,0.01676,0.08942,3.295,3.296,947.3,4.97197,0.93169
1789864338.830,5568,5.33544,0.01676,0.08942,3.295,3.296,947.3,4.97286,0.93186
1789864338.840,5569,5.33544,0.01676,0.08942,3.296,3.297,947.3,4.97375,0.93203
1789864338.850,5570,5.33544,0.01676,0.08942,3.296,3.297,947.3,4.97465,0.93220
1789864338.860,5571,5.33544,0.01676,0.08942,3.297,3.298,947.3,4.97554,0.93236
1789864338.870,5572,5.33544,0.01676,0.08942,3.299,3.299,947.3,4.97644,0.93253
1789864338.880,5573,5.33540,0.01676,0.08942,3.299,3.299,947.3,4.97733,0.93270
1789864338.890,5574,5.33540,0.01676,0.08942,3.299,3.299,947.3,4.97823,0.93287
1789864338.900,5575,5.33540,0.01676,0.08942,3.299,3.299,947.3,4.97912,0.93303
1789864338.910,5576,5.33540,0.01676,0.08942,3.299,3.299,947.3,4.98001,0.93320
1789864338.920,5577,5.33540,0.01676,0.08942,3.299,3.299,947.3,4.98091,0.93337
1789864338.930,5578,5.33540,0.01676,0.08942,3.298,3.299,947.3,4.98180,0.93354
1789864338.940,5579,5.33540,0.01676,0.08942,3.295,3.296,947.3,4.98269,0.93370
1789864338.950,5580,5.33540,0.01676,0.08942,3.292,3.293,947.3,4.98359,0.93387
1789864338.960,5581,5.33540,0.01676,0.08942,3.292,3.293,947.3,4.98449,0.93404
1789864338.970,5582,5.33540,0.01676,0.08942,3.292,3.293,947.3,4.98538,0.93421
1789864338.980,5583,5.33532,0.01676,0.08942,3.292,3.293,947.3,4.98628,0.93438
1789864338.990,5584,5.33532,0.01676,0.08942,3.293,3.293,947.3,4.98718,0.93454
1789864339.000,5585,5.33532,0.01676,0.08942,3.291,3.291,947.3,4.98807,0.93471
1789864339.010,5586,5.33532,0.01676,0.08942,3.291,3.290,947.3,4.98896,0.93488
1789864339.020,5587,5.33532,0.01676,0.08942,3.289,3.288,947.3,4.98986,0.93505
1789864339.030,5588,5.33532,0.01676,0.08942,3.288,3.288,947.3,4.99075,0.93521
1789864339.040,5589,5.33532,0.01676,0.08942,3.287,3.287,947.3,4.99164,0.93538
1789864339.050,5590,5.33532,0.01676,0.08942,3.287,3.287,947.3,4.99253,0.93555
1789864339.060,5591,5.33532,0.01676,0.08942,3.291,3.291,947.3,4.99342,0.93571
1789864339.070,5592,5.33532,0.01676,0.08942,3.293,3.293,947.3,4.99432,0.93588
1789864339.080,5593,5.33536,0.01677,0.08947,3.294,3.295,947.3,4.99522,0.93605
1789864339.090,5594,5.33536,0.01677,0.08947,3.294,3.295,947.3,4.99611,0.93622
1789864339.100,5595,5.33536,0.01677,0.08947,3.295,3.295,947.3,4.99701,0.93639
1789864339.110,5596,5.33536,0.01677,0.08947,3.295,3.295,947.3,4.99790,0.93655
1789864339.120,5597,5.33536,0.01677,0.08947,3.295,3.295,947.3,4.99880,0.93672
1789864339.130,5598,5.33536,0.01677,0.08947,3.295,3.295,947.3,4.99969,0.93689
1789864339.140,5599,5.33536,0.01677,0.08947,3.295,3.295,947.3,5.00059,0.93706
1789864339.150,5600,5.33536,0.01677,0.08947,3.295,3.295,947.3,5.00148,0.93723
1789864339.160,5601,5.33536,0.01677,0.08947,3.295,3.295,947.3,5.00238,0.93739
1789864339.170,5602,5.33536,0.01677,0.08947,3.295,3.295,947.3,5.00328,0.93756
1789864339.180,5603,5.33536,0.01677,0.08947,3.295,3.295,947.3,5.00418,0.93773
1789864339.190,5604,5.33536,0.01677,0.08947,3.295,3.295,947.3,5.00507,0.93790
1789864339.200,5605,5.33536,0.01677,0.08947,3.295,3.295,947.3,5.00596,0.93806
1789864339.210,5606,5.33536,0.01677,0.08947,3.295,3.295,947.3,5.00685,0.93823
1789864339.220,5607,5.33536,0.01677,0.08947,3.295,3.295,947.3,5.00774,0.93840
1789864339.230,5608,5.33536,0.01677,0.08947,3.295,3.295,947.3,5.00863,0.93857
1789864339.240,5609,5.33536,0.01677,0.08947,3.296,3.296,947.3,5.00953,0.93873
1789864339.250,5610,5.33536,0.01677,0.08947,3.297,3.297,947.3,5.01043,0.93890
1789864339.260,5611,5.33536,0.01677,0.08947,3.297,3.298,947.3,5.01133,0.93907
1789864339.270,5612,5.33536,0.01677,0.08947,3.298,3.298,947.3,5.01222,0.93924
1789864339.280,5613,5.33536,0.01677,0.08947,3.299,3.299,947.3,5.01311,0.93941
1789864339.290,5614,5.33536,0.01677,0.08947,3.299,3.299,947.3,5.01401,0.93957
1789864339.300,5615,5.33536,0.01677,0.08947,3.299,3.299,947.3,5.01490,0.93974
1789864339.310,5616,5.33536,0.01677,0.08947,3.299,3.299,947.3,5.01580,0.93991
1789864339.320,5617,5.33536,0.01677,0.08947,3.298,3.299,947.3,5.01669,0.94008
1789864339.330,5618,5.33536,0.01677,0.08947,3.298,3.299,947.3,5.01758,0.94024
1789864339.340,5619,5.33536,0.01677,0.08947,3.297,3.298,947.3,5.01848,0.94041
1789864339.350,5620,5.33536,0.01677,0.08947,3.295,3.295,947.3,5.01938,0.94058
1789864339.360,5621,5.33536,0.01677,0.08947,3.295,3.295,947.3,5.02027,0.94075
1789864339.370,5622,5.33536,0.01677,0.08947,3.295,3.295,947.3,5.02117,0.94092
1789864339.380,5623,5.33544,0.01677,0.08948,3.295,3.295,947.3,5.02207,0.94108
1789864339.390,5624,5.33544,0.01677,0.08948,3.294,3.295,947.3,5.02296,0.94125
1789864339.400,5625,5.33544,0.01677,0.08948,3.291,3.291,947.3,5.02385,0.94142
1789864339.410,5626,5.33544,0.01677,0.08948,3.289,3.289,947.3,5.02475,0.94159
1789864339.420,5627,5.33544,0.01677,0.08948,3.288,3.289,947.3,5.02564,0.94175
1789864339.430,5628,5.33544,0.01677,0.08948,3.287,3.288,947.3,5.02653,0.94192
1789864339.440,5629,5.33544,0.01677,0.08948,3.287,3.287,947.3,5.02743,0.94209
1789864339.450,5630,5.33544,0.01677,0.08948,3.287,3.287,947.3,5.02833,0.94226
1789864339.460,5631,5.33544,0.01677,0.08948,3.290,3.289,947.3,5.02923,0.94243
1789864339.470,5632,5.33544,0.01677,0.08948,3.292,3.293,947.3,5.03012,0.94259
1789864339.480,5633,5.33544,0.01677,0.08948,3.292,3.293,947.3,5.03102,0.94276
1789864339.490,5634,5.33544,0.01677,0.08948,3.291,3.292,947.3,5.03191,0.94293
1789864339.500,5635,5.33544,0.01677,0.08948,3.292,3.292,947.3,5.03280,0.94310
1789864339.510,5636,5.33544,0.01677,0.08948,3.291,3.292,947.3,5.03369,0.94326
1789864339.520,5637,5.33544,0.01677,0.08948,3.292,3.293,947.3,5.03459,0.94343
1789864339.530,5638,5.33544,0.01677,0.08948,3.293,3.293,947.3,5.03548,0.94360
1789864339.540,5639,5.33544,0.01677,0.08948,3.294,3.294,947.3,5.03637,0.94376
1789864339.550,5640,5.33544,0.01677,0.08948,3.295,3.295,947.3,5.03727,0.94393
1789864339.560,5641,5.33544,0.01677,0.08948,3.295,3.296,947.3,5.03816,0.94410
1789864339.570,5642,5.33544,0.01677,0.08948,3.296,3.297,947.3,5.03906,0.94427
1789864339.580,5643,5.33552,0.01677,0.08948,3.296,3.297,947.3,5.03996,0.94444
1789864339.590,5644,5.33552,0.01677,0.08948,3.296,3.296,947.3,5.04085,0.94460
1789864339.600,5645,5.33552,0.01677,0.08948,3.296,3.297,947.3,5.04175,0.94477
1789864339.610,5646,5.33552,0.01677,0.08948,3.297,3.297,947.3,5.04264,0.94494
1789864339.620,5647,5.33552,0.01677,0.08948,3.295,3.297,947.3,5.04354,0.94511
1789864339.630,5648,5.33552,0.01677,0.08948,3.295,3.295,947.3,5.04444,0.94528
1789864339.640,5649,5.33552,0.01677,0.08948,3.295,3.296,947.3,5.04533,0.94544
1789864339.650,5650,5.33552,0.01677,0.08948,3.296,3.296,947.3,5.04623,0.94561
1789864339.660,5651,5.33552,0.01677,0.08948,3.296,3.297,947.3,5.04712,0.94578
1789864339.670,5652,5.33552,0.01677,0.08948,3.296,3.297,947.3,5.04801,0.94595
1789864339.680,5653,5.33560,0.01677,0.08948,3.296,3.297,947.3,5.04891,0.94611
1789864339.690,5654,5.33560,0.01677,0.08948,3.298,3.299,947.3,5.04980,0.94628
1789864339.700,5655,5.33560,0.01677,0.08948,3.299,3.299,947.3,5.05069,0.94645
1789864339.710,5656,5.33560,0.01677,0.08948,3.298,3.299,947.3,5.05159,0.94662
1789864339.720,5657,5.33560,0.01677,0.08948,3.298,3.298,947.3,5.05248,0.94678
1789864339.730,5658,5.33560,0.01677,0.08948,3.298,3.298,947.3,5.05337,0.94695
1789864339.740,5659,5.33560,0.01677,0.08948,3.298,3.298,947.3,5.05426,0.94712
1789864339.750,5660,5.33560,0.01677,0.08948,3.295,3.295,947.3,5.05516,0.94729
1789864339.760,5661,5.33560,0.01677,0.08948,3.295,3.295,947.3,5.05605,0.94745
1789864339.770,5662,5.33560,0.01677,0.08948,3.295,3.295,947.3,5.05695,0.94762
1789864339.780,5663,5.33568,0.01677,0.08948,3.295,3.295,947.3,5.05784,0.94779
1789864339.790,5664,5.33568,0.01677,0.08948,3.295,3.295,947.3,5.05874,0.94796
1789864339.800,5665,5.33568,0.01677,0.08948,3.291,3.292,947.3,5.05964,0.94812
1789864339.810,5666,5.33568,0.01677,0.08948,3.290,3.290,947.3,5.06053,0.94829
1789864339.820,5667,5.33568,0.01677,0.08948,3.288,3.289,947.3,5.06143,0.94846
1789864339.830,5668,5.33568,0.01677,0.08948,3.287,3.288,947.3,5.06232,0.94863
1789864339.840,5669,5.33568,0.01677,0.08948,3.287,3.288,947.3,5.06321,0.94879
1789864339.850,5670,5.33568,0.01677,0.08948,3.287,3.287,947.3,5.06410,0.94896
1789864339.860,5671,5.33568,0.01677,0.08948,3.290,3.289,947.3,5.06500,0.94913
1789864339.870,5672,5.33568,0.01677,0.08948,3.292,3.293,947.3,5.06589,0.94930
1789864339.880,5673,5.33575,0.01677,0.08948,3.293,3.293,947.3,5.06679,0.94946
1789864339.890,5674,5.33575,0.01677,0.08948,3.293,3.294,947.3,5.06768,0.94963
1789864339.900,5675,5.33575,0.01677,0.08948,3.293,3.294,947.3,5.06858,0.94980
1789864339.910,5676,5.33575,0.01677,0.08948,3.294,3.295,947.3,5.06947,0.94997
1789864339.920,5677,5.33575,0.01677,0.08948,3.295,3.295,947.3,5.07036,0.95013
1789864339.930,5678,5.33575,0.01677,0.08948,3.295,3.296,947.3,5.07125,0.95030
1789864339.940,5679,5.33575,0.01677,0.08948,3.296,3.297,947.3,5.07215,0.95047
1789864339.950,5680,5.33575,0.01677,0.08948,3.295,3.296,947.3,5.07304,0.95064
1789864339.960,5681,5.33575,0.01677,0.08948,3.295,3.296,947.3,5.07394,0.95080
1789864339.970,5682,5.33575,0.01677,0.08948,3.295,3.296,947.3,5.07483,0.95097
1789864339.980,5683,5.33595,0.01676,0.08943,3.295,3.296,947.3,5.07573,0.95114
1789864339.990,5684,5.33595,0.01676,0.08943,3.295,3.296,947.3,5.07662,0.95131
1789864340.000,5685,5.33595,0.01676,0.08943,3.295,3.295,947.3,5.07752,0.95148
1789864340.010,5686,5.33595,0.01676,0.08943,3.295,3.295,947.3,5.07841,0.95164
1789864340.020,5687,5.33595,0.01676,0.08943,3.296,3.296,947.3,5.07931,0.95181
1789864340.030,5688,5.33595,0.01676,0.08943,3.296,3.297,947.3,5.08020,0.95198
1789864340.040,5689,5.33595,0.01676,0.08943,3.295,3.295,947.3,5.08110,0.95215
1789864340.050,5690,5.33595,0.01676,0.08943,3.296,3.296,947.3,5.08200,0.95232
1789864340.060,5691,5.33595,0.01676,0.08943,3.297,3.297,947.3,5.08290,0.95248
1789864340.070,5692,5.33595,0.01676,0.08943,3.298,3.297,947.3,5.08379,0.95265
1789864340.080,5693,5.33603,0.01676,0.08943,3.298,3.297,947.3,5.08468,0.95282
1789864340.090,5694,5.33603,0.01676,0.08943,3.298,3.296,947.3,5.08558,0.95299
1789864340.100,5695,5.33603,0.01676,0.08943,3.299,3.298,947.3,5.08647,0.95315
1789864340.110,5696,5.33603,0.01676,0.08943,3.298,3.298,947.3,5.08737,0.95332
1789864340.120,5697,5.33603,0.01676,0.08943,3.297,3.297,947.3,5.08826,0.95349
1789864340.130,5698,5.33603,0.01676,0.08943,3.297,3.297,947.3,5.08916,0.95366
1789864340.140,5699,5.33603,0.01676,0.08943,3.296,3.296,947.3,5.09005,0.95383
1789864340.150,5700,5.33603,0.01676,0.08943,3.294,3.295,947.3,5.09095,0.95399
1789864340.160,5701,5.33603,0.01676,0.08943,3.293,3.293,947.3,5.09184,0.95416
1789864340.170,5702,5.33603,0.01676,0.08943,3.293,3.293,947.3,5.09274,0.95433
1789864340.180,5703,5.33611,0.01676,0.08943,3.294,3.294,947.3,5.09363,0.95450
1789864340.190,5704,5.33611,0.01676,0.08943,3.294,3.294,947.3,5.09453,0.95466
1789864340.200,5705,5.33611,0.01676,0.08943,3.291,3.292,947.3,5.09542,0.95483
1789864340.210,5706,5.33611,0.01676,0.08943,3.290,3.290,947.3,5.09631,0.95500
1789864340.220,5707,5.33611,0.01676,0.08943,3.290,3.290,947.3,5.09721,0.95517
1789864340.230,5708,5.33611,0.01676,0.08943,3.289,3.289,947.3,5.09810,0.95533
1789864340.240,5709,5.33611,0.01676,0.08943,3.288,3.288,947.3,5.09900,0.95550
1789864340.250,5710,5.33611,0.01676,0.08943,3.287,3.287,947.3,5.09989,0.95567
1789864340.260,5711,5.33611,0.01676,0.08943,3.291,3.290,947.3,5.10078,0.95584
1789864340.270,5712,5.33611,0.01676,0.08943,3.293,3.293,947.3,5.10168,0.95600
1789864340.280,5713,5.33614,0.01676,0.08943,3.293,3.294,947.3,5.10258,0.95617
1789864340.290,5714,5.33614,0.01676,0.08943,3.293,3.293,947.3,5.10347,0.95634
1789864340.300,5715,5.33614,0.01676,0.08943,3.294,3.294,947.3,5.10437,0.95651
1789864340.310,5716,5.33614,0.01676,0.08943,3.294,3.294,947.3,5.10526,0.95667
1789864340.320,5717,5.33614,0.01676,0.08943,3.294,3.294,947.3,5.10615,0.95684
1789864340.330,5718,5.33614,0.01676,0.08943,3.294,3.295,947.3,5.10704,0.95701
1789864340.340,5719,5.33614,0.01676,0.08943,3.295,3.295,947.3,5.10794,0.95718
1789864340.350,5720,5.33614,0.01676,0.08943,3.295,3.295,947.3,5.10883,0.95734
1789864340.360,5721,5.33614,0.01676,0.08943,3.295,3.295,947.3,5.10973,0.95751
1789864340.370,5722,5.33614,0.01676,0.08943,3.296,3.296,947.3,5.11062,0.95768
1789864340.380,5723,5.33622,0.01676,0.08944,3.296,3.296,947.3,5.11152,0.95785
1789864340.390,5724,5.33622,0.01676,0.08944,3.296,3.296,947.3,5.11241,0.95801
1789864340.400,5725,5.33622,0.01676,0.08944,3.296,3.295,947.3,5.11330,0.95818
1789864340.410,5726,5.33622,0.01676,0.08944,3.296,3.296,947.3,5.11420,0.95835
1789864340.420,5727,5.33622,0.01676,0.08944,3.296,3.296,947.3,5.11509,0.95852
1789864340.430,5728,5.33622,0.01676,0.08944,3.297,3.297,947.3,5.11599,0.95869
1789864340.440,5729,5.33622,0.01676,0.08944,3.296,3.297,947.3,5.11688,0.95885
1789864340.450,5730,5.33622,0.01676,0.08944,3.297,3.297,947.3,5.11778,0.95902
1789864340.460,5731,5.33622,0.01676,0.08944,3.298,3.297,947.3,5.11867,0.95919
1789864340.470,5732,5.33622,0.01676,0.08944,3.298,3.298,947.3,5.11957,0.95936
1789864340.480,5733,5.33622,0.01677,0.08949,3.298,3.297,947.3,5.12047,0.95953
1789864340.490,5734,5.33622,0.01677,0.08949,3.297,3.297,947.3,5.12137,0.95969
1789864340.500,5735,5.33622,0.01677,0.08949,3.298,3.297,947.3,5.12227,0.95986
1789864340.510,5736,5.33622,0.01677,0.08949,3.298,3.298,947.3,5.12316,0.96003
1789864340.520,5737,5.33622,0.01677,0.08949,3.298,3.298,947.3,5.12405,0.96020
1789864340.530,5738,5.33622,0.01677,0.08949,3.298,3.298,947.3,5.12494,0.96036
1789864340.540,5739,5.33622,0.01677,0.08949,3.298,3.298,947.3,5.12584,0.96053
1789864340.550,5740,5.33622,0.01677,0.08949,3.296,3.297,947.3,5.12673,0.96070
1789864340.560,5741,5.33622,0.01677,0.08949,3.295,3.295,947.3,5.12763,0.96087
1789864340.570,5742,5.33622,0.01677,0.08949,3.295,3.295,947.3,5.12852,0.96103
1789864340.580,5743,5.33614,0.01677,0.08949,3.295,3.295,947.3,5.12942,0.96120
1789864340.590,5744,5.33614,0.01677,0.08949,3.295,3.295,947.3,5.13031,0.96137
1789864340.600,5745,5.33614,0.01677,0.08949,3.294,3.294,947.3,5.13120,0.96154
1789864340.610,5746,5.33614,0.01677,0.08949,3.294,3.294,947.3,5.13210,0.96170
1789864340.620,5747,5.33614,0.01677,0.08949,3.295,3.295,947.3,5.13299,0.96187
1789864340.630,5748,5.33614,0.01677,0.08949,3.294,3.294,947.3,5.13389,0.96204
1789864340.640,5749,5.33614,0.01677,0.08949,3.292,3.293,947.3,5.13478,0.96221
1789864340.650,5750,5.33614,0.01677,0.08949,3.291,3.291,947.3,5.13567,0.96237
1789864340.660,5751,5.33614,0.01677,0.08949,3.293,3.292,947.3,5.13657,0.96254
1789864340.670,5752,5.33614,0.01677,0.08949,3.295,3.294,947.3,5.13746,0.96271
1789864340.680,5753,5.33611,0.01677,0.08949,3.294,3.294,947.3,5.13836,0.96288
1789864340.690,5754,5.33611,0.01677,0.08949,3.293,3.293,947.3,5.13926,0.96305
1789864340.700,5755,5.33611,0.01677,0.08949,3.294,3.295,947.3,5.14015,0.96321
1789864340.710,5756,5.33611,0.01677,0.08949,3.294,3.295,947.3,5.14105,0.96338
1789864340.720,5757,5.33611,0.01677,0.08949,3.295,3.295,947.3,5.14194,0.96355
1789864340.730,5758,5.33611,0.01677,0.08949,3.295,3.295,947.3,5.14284,0.96372
1789864340.740,5759,5.33611,0.01677,0.08949,3.296,3.296,947.3,5.14373,0.96388
1789864340.750,5760,5.33611,0.01677,0.08949,3.296,3.296,947.3,5.14463,0.96405
1789864340.760,5761,5.33611,0.01677,0.08949,3.297,3.296,947.3,5.14552,0.96422
1789864340.770,5762,5.33611,0.01677,0.08949,3.297,3.297,947.3,5.14642,0.96439
1789864340.780,5763,5.33611,0.01677,0.08949,3.297,3.297,947.3,5.14731,0.96456
1789864340.790,5764,5.33611,0.01677,0.08949,3.297,3.297,947.3,5.14820,0.96472
1789864340.800,5765,5.33611,0.01677,0.08949,3.297,3.297,947.3,5.14910,0.96489
1789864340.810,5766,5.33611,0.01677,0.08949,3.297,3.297,947.3,5.14999,0.96506
1789864340.820,5767,5.33611,0.01677,0.08949,3.297,3.297,947.3,5.15089,0.96523
1789864340.830,5768,5.33611,0.01677,0.08949,3.297,3.297,947.3,5.15178,0.96539
1789864340.840,5769,5.33611,0.01677,0.08949,3.298,3.298,947.3,5.15267,0.96556
1789864340.850,5770,5.33611,0.01677,0.08949,3.296,3.298,947.3,5.15357,0.96573
1789864340.860,5771,5.33611,0.01677,0.08949,3.295,3.297,947.3,5.15446,0.96589
1789864340.870,5772,5.33611,0.01677,0.08949,3.296,3.297,947.3,5.15535,0.96606
1789864340.880,5773,5.33603,0.01677,0.08949,3.296,3.298,947.3,5.15625,0.96623
1789864340.890,5774,5.33603,0.01677,0.08949,3.296,3.298,947.3,5.15715,0.96640
1789864340.900,5775,5.33603,0.01677,0.08949,3.296,3.298,947.3,5.15804,0.96657
1789864340.910,5776,5.33603,0.01677,0.08949,3.297,3.297,947.3,5.15893,0.96673
1789864340.920,5777,5.33603,0.01677,0.08949,3.297,3.298,947.3,5.15983,0.96690
1789864340.930,5778,5.33603,0.01677,0.08949,3.298,3.298,947.3,5.16072,0.96707
1789864340.940,5779,5.33603,0.01677,0.08949,3.297,3.298,947.3,5.16162,0.96724
1789864340.950,5780,5.33603,0.01677,0.08949,3.295,3.295,947.3,5.16251,0.96740
1789864340.960,5781,5.33603,0.01677,0.08949,3.293,3.293,947.3,5.16341,0.96757
1789864340.970,5782,5.33603,0.01677,0.08949,3.293,3.293,947.3,5.16431,0.96774
1789864340.980,5783,5.33591,0.01677,0.08948,3.294,3.294,947.3,5.16520,0.96791
1789864340.990,5784,5.33591,0.01677,0.08948,3.294,3.294,947.3,5.16610,0.96808
1789864341.000,5785,5.33591,0.01677,0.08948,3.291,3.292,947.3,5.16699,0.96824
1789864341.010,5786,5.33591,0.01677,0.08948,3.290,3.290,947.3,5.16789,0.96841
1789864341.020,5787,5.33591,0.01677,0.08948,3.289,3.289,947.3,5.16878,0.96858
1789864341.030,5788,5.33591,0.01677,0.08948,3.287,3.288,947.3,5.16968,0.96875
1789864341.040,5789,5.33591,0.01677,0.08948,3.287,3.287,947.3,5.17057,0.96891
1789864341.050,5790,5.33591,0.01677,0.08948,3.286,3.286,947.3,5.17146,0.96908
1789864341.060,5791,5.33591,0.01677,0.08948,3.287,3.287,947.3,5.17236,0.96925
1789864341.070,5792,5.33591,0.01677,0.08948,3.291,3.291,947.3,5.17325,0.96942
1789864341.080,5793,5.33587,0.01679,0.08959,3.292,3.293,947.3,5.17415,0.96959
1789864341.090,5794,5.33587,0.01679,0.08959,3.294,3.294,947.3,5.17505,0.96975
1789864341.100,5795,5.33587,0.01679,0.08959,3.294,3.295,947.3,5.17595,0.96992
1789864341.110,5796,5.33587,0.01679,0.08959,3.295,3.296,947.3,5.17684,0.97009
1789864341.120,5797,5.33587,0.01679,0.08959,3.296,3.297,947.3,5.17774,0.97026
1789864341.130,5798,5.33587,0.01679,0.08959,3.297,3.297,947.3,5.17863,0.97042
1789864341.140,5799,5.33587,0.01679,0.08959,3.297,3.297,947.3,5.17952,0.97059
1789864341.150,5800,5.33587,0.01679,0.08959,3.296,3.297,947.3,5.18042,0.97076
1789864341.160,5801,5.33587,0.01679,0.08959,3.297,3.297,947.3,5.18132,0.97093
1789864341.170,5802,5.33587,0.01679,0.08959,3.296,3.296,947.3,5.18222,0.97110
1789864341.180,5803,5.33591,0.01678,0.08954,3.295,3.296,947.3,5.18312,0.97127
1789864341.190,5804,5.33591,0.01678,0.08954,3.296,3.296,947.3,5.18401,0.97143
1789864341.200,5805,5.33591,0.01678,0.08954,3.296,3.296,947.3,5.18490,0.97160
1789864341.210,5806,5.33591,0.01678,0.08954,3.295,3.296,947.3,5.18580,0.97177
1789864341.220,5807,5.33591,0.01678,0.08954,3.296,3.296,947.3,5.18669,0.97194
1789864341.230,5808,5.33591,0.01678,0.08954,3.296,3.297,947.3,5.18759,0.97210
1789864341.240,5809,5.33591,0.01678,0.08954,3.297,3.297,947.3,5.18849,0.97227
1789864341.250,5810,5.33591,0.01678,0.08954,3.297,3.297,947.3,5.18940,0.97244
1789864341.260,5811,5.33591,0.01678,0.08954,3.296,3.297,947.3,5.19030,0.97261
1789864341.270,5812,5.33591,0.01678,0.08954,3.296,3.297,947.3,5.19119,0.97278
1789864341.280,5813,5.33583,0.01679,0.08959,3.296,3.297,947.3,5.19208,0.97295
1789864341.290,5814,5.33583,0.01679,0.08959,3.296,3.297,947.3,5.19297,0.97311
1789864341.300,5815,5.33583,0.01679,0.08959,3.296,3.298,947.3,5.19386,0.97328
1789864341.310,5816,5.33583,0.01679,0.08959,3.297,3.298,947.3,5.19476,0.97345
1789864341.320,5817,5.33583,0.01679,0.08959,3.298,3.298,947.3,5.19565,0.97361
1789864341.330,5818,5.33583,0.01679,0.08959,3.299,3.299,947.3,5.19654,0.97378
1789864341.340,5819,5.33583,0.01679,0.08959,3.298,3.298,947.3,5.19744,0.97395
1789864341.350,5820,5.33583,0.01679,0.08959,3.295,3.295,947.3,5.19833,0.97412
1789864341.360,5821,5.33583,0.01679,0.08959,3.293,3.292,947.3,5.19923,0.97429
1789864341.370,5822,5.33583,0.01679,0.08959,3.293,3.292,947.3,5.20013,0.97445
1789864341.380,5823,5.33579,0.01679,0.08959,3.293,3.292,947.3,5.20102,0.97462
1789864341.390,5824,5.33579,0.01679,0.08959,3.292,3.292,947.3,5.20192,0.97479
1789864341.400,5825,5.33579,0.01679,0.08959,3.292,3.292,947.3,5.20281,0.97496
1789864341.410,5826,5.33579,0.01679,0.08959,3.290,3.290,947.3,5.20371,0.97512
1789864341.420,5827,5.33579,0.01679,0.08959,3.290,3.290,947.3,5.20460,0.97529
1789864341.430,5828,5.33579,0.01679,0.08959,3.289,3.289,947.3,5.20550,0.97546
1789864341.440,5829,5.33579,0.01679,0.08959,3.288,3.288,947.3,5.20640,0.97563
1789864341.450,5830,5.33579,0.01679,0.08959,3.288,3.288,947.3,5.20729,0.97580
1789864341.460,5831,5.33579,0.01679,0.08959,3.288,3.287,947.3,5.20819,0.97596
1789864341.470,5832,5.33579,0.01679,0.08959,3.292,3.291,947.3,5.20909,0.97613
1789864341.480,5833,5.33572,0.01680,0.08964,3.294,3.294,947.3,5.20998,0.97630
1789864341.490,5834,5.33572,0.01680,0.08964,3.293,3.293,947.3,5.21088,0.97647
1789864341.500,5835,5.33572,0.01680,0.08964,3.293,3.294,947.3,5.21177,0.97664
1789864341.510,5836,5.33572,0.01680,0.08964,3.293,3.293,947.3,5.21267,0.97680
1789864341.520,5837,5.33572,0.01680,0.08964,3.293,3.294,947.3,5.21357,0.97697
1789864341.530,5838,5.33572,0.01680,0.08964,3.294,3.294,947.3,5.21446,0.97714
1789864341.540,5839,5.33572,0.01680,0.08964,3.295,3.295,947.3,5.21536,0.97731
1789864341.550,5840,5.33572,0.01680,0.08964,3.296,3.296,947.3,5.21625,0.97748
1789864341.560,5841,5.33572,0.01680,0.08964,3.296,3.296,947.3,5.21715,0.97764
1789864341.570,5842,5.33572,0.01680,0.08964,3.296,3.296,947.3,5.21805,0.97781
1789864341.580,5843,5.33575,0.01680,0.08964,3.296,3.297,947.3,5.21894,0.97798
1789864341.590,5844,5.33575,0.01680,0.08964,3.295,3.296,947.3,5.21984,0.97815
1789864341.600,5845,5.33575,0.01680,0.08964,3.295,3.295,947.3,5.22073,0.97832
1789864341.610,5846,5.33575,0.01680,0.08964,3.295,3.295,947.3,5.22163,0.97848
1789864341.620,5847,5.33575,0.01680,0.08964,3.295,3.295,947.3,5.22253,0.97865
1789864341.630,5848,5.33575,0.01680,0.08964,3.295,3.295,947.3,5.22343,0.97882
1789864341.640,5849,5.33575,0.01680,0.08964,3.296,3.296,947.3,5.22433,0.97899
1789864341.650,5850,5.33575,0.01680,0.08964,3.297,3.297,947.3,5.22522,0.97916
1789864341.660,5851,5.33575,0.01680,0.08964,3.298,3.298,947.3,5.22612,0.97933
1789864341.670,5852,5.33575,0.01680,0.08964,3.298,3.298,947.3,5.22702,0.97949
1789864341.680,5853,5.33575,0.01679,0.08959,3.298,3.298,947.3,5.22791,0.97966
1789864341.690,5854,5.33575,0.01679,0.08959,3.298,3.298,947.3,5.22881,0.97983
1789864341.700,5855,5.33575,0.01679,0.08959,3.298,3.298,947.3,5.22970,0.98000
1789864341.710,5856,5.33575,0.01679,0.08959,3.298,3.298,947.3,5.23060,0.98016
1789864341.720,5857,5.33575,0.01679,0.08959,3.298,3.298,947.3,5.23150,0.98033
1789864341.730,5858,5.33575,0.01679,0.08959,3.298,3.298,947.3,5.23240,0.98050
1789864341.740,5859,5.33575,0.01679,0.08959,3.298,3.298,947.3,5.23329,0.98067
1789864341.750,5860,5.33575,0.01679,0.08959,3.295,3.296,947.3,5.23419,0.98084
1789864341.760,5861,5.33575,0.01679,0.08959,3.294,3.294,947.3,5.23508,0.98100
1789864341.770,5862,5.33575,0.01679,0.08959,3.294,3.294,947.3,5.23598,0.98117
1789864341.780,5863,5.33572,0.01680,0.08964,3.295,3.294,947.3,5.23687,0.98134
1789864341.790,5864,5.33572,0.01680,0.08964,3.294,3.294,947.3,5.23777,0.98151
1789864341.800,5865,5.33572,0.01680,0.08964,3.292,3.293,947.3,5.23866,0.98168
1789864341.810,5866,5.33572,0.01680,0.08964,3.289,3.290,947.3,5.23956,0.98184
1789864341.820,5867,5.33572,0.01680,0.08964,3.289,3.289,947.3,5.24046,0.98201
1789864341.830,5868,5.33572,0.01680,0.08964,3.288,3.288,947.3,5.24135,0.98218
1789864341.840,5869,5.33572,0.01680,0.08964,3.287,3.287,947.3,5.24225,0.98235
1789864341.850,5870,5.33572,0.01680,0.08964,3.287,3.287,947.3,5.24314,0.98252
1789864341.860,5871,5.33572,0.01680,0.08964,3.288,3.287,947.3,5.24404,0.98268
1789864341.870,5872,5.33572,0.01680,0.08964,3.293,3.292,947.3,5.24493,0.98285
1789864341.880,5873,5.33575,0.01679,0.08959,3.295,3.295,947.3,5.24583,0.98302
1789864341.890,5874,5.33575,0.01679,0.08959,3.294,3.294,947.3,5.24672,0.98319
1789864341.900,5875,5.33575,0.01679,0.08959,3.295,3.295,947.3,5.24762,0.98335
1789864341.910,5876,5.33575,0.01679,0.08959,3.295,3.295,947.3,5.24851,0.98352
1789864341.920,5877,5.33575,0.01679,0.08959,3.294,3.294,947.3,5.24941,0.98369
1789864341.930,5878,5.33575,0.01679,0.08959,3.293,3.294,947.3,5.25030,0.98386
1789864341.940,5879,5.33575,0.01679,0.08959,3.293,3.294,947.3,5.25120,0.98403
1789864341.950,5880,5.33575,0.01679,0.08959,3.294,3.295,947.3,5.25210,0.98419
1789864341.960,5881,5.33575,0.01679,0.08959,3.294,3.294,947.3,5.25300,0.98436
1789864341.970,5882,5.33575,0.01679,0.08959,3.294,3.295,947.3,5.25390,0.98453
1789864341.980,5883,5.33572,0.01679,0.08959,3.295,3.295,947.3,5.25480,0.98470
1789864341.990,5884,5.33572,0.01679,0.08959,3.295,3.295,947.3,5.25569,0.98487
1789864342.000,5885,5.33572,0.01679,0.08959,3.295,3.295,947.3,5.25659,0.98504
1789864342.010,5886,5.33572,0.01679,0.08959,3.295,3.295,947.3,5.25748,0.98520
1789864342.020,5887,5.33572,0.01679,0.08959,3.296,3.296,947.3,5.25838,0.98537
1789864342.030,5888,5.33572,0.01679,0.08959,3.297,3.297,947.3,5.25927,0.98554
1789864342.040,5889,5.33572,0.01679,0.08959,3.298,3.297,947.3,5.26016,0.98571
1789864342.050,5890,5.33572,0.01679,0.08959,3.298,3.298,947.3,5.26106,0.98587
1789864342.060,5891,5.33572,0.01679,0.08959,3.299,3.299,947.3,5.26195,0.98604
1789864342.070,5892,5.33572,0.01679,0.08959,3.299,3.299,947.3,5.26285,0.98621
1789864342.080,5893,5.33568,0.01678,0.08953,3.299,3.299,947.3,5.26374,0.98638
1789864342.090,5894,5.33568,0.01678,0.08953,3.298,3.298,947.3,5.26464,0.98654
1789864342.100,5895,5.33568,0.01678,0.08953,3.297,3.298,947.3,5.26553,0.98671
1789864342.110,5896,5.33568,0.01678,0.08953,3.296,3.297,947.3,5.26643,0.98688
1789864342.120,5897,5.33568,0.01678,0.08953,3.296,3.296,947.3,5.26733,0.98705
1789864342.130,5898,5.33568,0.01678,0.08953,3.295,3.296,947.3,5.26823,0.98722
1789864342.140,5899,5.33568,0.01678,0.08953,3.296,3.296,947.3,5.26912,0.98738
1789864342.150,5900,5.33568,0.01678,0.08953,3.295,3.295,947.3,5.27002,0.98755
1789864342.160,5901,5.33568,0.01678,0.08953,3.292,3.293,947.3,5.27091,0.98772
1789864342.170,5902,5.33568,0.01678,0.08953,3.293,3.294,947.3,5.27181,0.98789
1789864342.180,5903,5.33556,0.01678,0.08953,3.294,3.294,947.3,5.27270,0.98806
1789864342.190,5904,5.33556,0.01678,0.08953,3.294,3.294,947.3,5.27360,0.98822
1789864342.200,5905,5.33556,0.01678,0.08953,3.293,3.294,947.3,5.27449,0.98839
1789864342.210,5906,5.33556,0.01678,0.08953,3.290,3.291,947.3,5.27539,0.98856
1789864342.220,5907,5.33556,0.01678,0.08953,3.290,3.290,947.3,5.27628,0.98873
1789864342.230,5908,5.33556,0.01678,0.08953,3.288,3.289,947.3,5.27718,0.98890
1789864342.240,5909,5.33556,0.01678,0.08953,3.287,3.287,947.3,5.27808,0.98906
1789864342.250,5910,5.33556,0.01678,0.08953,3.285,3.286,947.3,5.27899,0.98923
1789864342.260,5911,5.33556,0.01678,0.08953,3.285,3.285,947.3,5.27989,0.98940
1789864342.270,5912,5.33556,0.01678,0.08953,3.290,3.290,947.3,5.28078,0.98957
1789864342.280,5913,5.33560,0.01678,0.08953,3.291,3.291,947.3,5.28167,0.98974
1789864342.290,5914,5.33560,0.01678,0.08953,3.291,3.291,947.3,5.28256,0.98990
1789864342.300,5915,5.33560,0.01678,0.08953,3.291,3.292,947.3,5.28345,0.99007
1789864342.310,5916,5.33560,0.01678,0.08953,3.292,3.292,947.3,5.28435,0.99024
1789864342.320,5917,5.33560,0.01678,0.08953,3.293,3.293,947.3,5.28524,0.99041
1789864342.330,5918,5.33560,0.01678,0.08953,3.293,3.293,947.3,5.28614,0.99057
1789864342.340,5919,5.33560,0.01678,0.08953,3.293,3.293,947.3,5.28704,0.99074
1789864342.350,5920,5.33560,0.01678,0.08953,3.294,3.295,947.3,5.28793,0.99091
1789864342.360,5921,5.33560,0.01678,0.08953,3.295,3.295,947.3,5.28882,0.99108
1789864342.370,5922,5.33560,0.01678,0.08953,3.295,3.296,947.3,5.28971,0.99124
1789864342.380,5923,5.33560,0.01677,0.08948,3.295,3.295,947.3,5.29060,0.99141
1789864342.390,5924,5.33560,0.01677,0.08948,3.295,3.296,947.3,5.29150,0.99158
1789864342.400,5925,5.33560,0.01677,0.08948,3.296,3.296,947.3,5.29240,0.99175
1789864342.410,5926,5.33560,0.01677,0.08948,3.296,3.296,947.3,5.29330,0.99192
1789864342.420,5927,5.33560,0.01677,0.08948,3.295,3.296,947.3,5.29420,0.99208
1789864342.430,5928,5.33560,0.01677,0.08948,3.296,3.296,947.3,5.29509,0.99225
1789864342.440,5929,5.33560,0.01677,0.08948,3.297,3.297,947.3,5.29599,0.99242
1789864342.450,5930,5.33560,0.01677,0.08948,3.297,3.297,947.3,5.29688,0.99259
1789864342.460,5931,5.33560,0.01677,0.08948,3.298,3.298,947.3,5.29778,0.99276
1789864342.470,5932,5.33560,0.01677,0.08948,3.298,3.298,947.3,5.29867,0.99292
1789864342.480,5933,5.33556,0.01678,0.08953,3.299,3.299,947.3,5.29956,0.99309
1789864342.490,5934,5.33556,0.01678,0.08953,3.297,3.298,947.3,5.30046,0.99326
1789864342.500,5935,5.33556,0.01678,0.08953,3.297,3.297,947.3,5.30135,0.99342
1789864342.510,5936,5.33556,0.01678,0.08953,3.297,3.297,947.3,5.30224,0.99359
1789864342.520,5937,5.33556,0.01678,0.08953,3.297,3.297,947.3,5.30314,0.99376
1789864342.530,5938,5.33556,0.01678,0.08953,3.296,3.296,947.3,5.30403,0.99393
1789864342.540,5939,5.33556,0.01678,0.08953,3.296,3.296,947.3,5.30493,0.99409
1789864342.550,5940,5.33556,0.01678,0.08953,3.295,3.295,947.3,5.30582,0.99426
1789864342.560,5941,5.33556,0.01678,0.08953,3.292,3.293,947.3,5.30672,0.99443
1789864342.570,5942,5.33556,0.01678,0.08953,3.293,3.293,947.3,5.30762,0.99460
1789864342.580,5943,5.33556,0.01677,0.08948,3.293,3.293,947.3,5.30851,0.99477
1789864342.590,5944,5.33556,0.01677,0.08948,3.293,3.293,947.3,5.30940,0.99493
1789864342.600,5945,5.33556,0.01677,0.08948,3.294,3.294,947.3,5.31030,0.99510
1789864342.610,5946,5.33556,0.01677,0.08948,3.292,3.292,947.3,5.31119,0.99527
1789864342.620,5947,5.33556,0.01677,0.08948,3.292,3.292,947.3,5.31209,0.99544
1789864342.630,5948,5.33556,0.01677,0.08948,3.291,3.291,947.3,5.31298,0.99560
1789864342.640,5949,5.33556,0.01677,0.08948,3.290,3.290,947.3,5.31388,0.99577
1789864342.650,5950,5.33556,0.01677,0.08948,3.288,3.288,947.3,5.31477,0.99594
1789864342.660,5951,5.33556,0.01677,0.08948,3.287,3.287,947.3,5.31567,0.99611
1789864342.670,5952,5.33556,0.01677,0.08948,3.291,3.290,947.3,5.31657,0.99628
1789864342.680,5953,5.33552,0.01678,0.08953,3.292,3.293,947.3,5.31746,0.99644
1789864342.690,5954,5.33552,0.01678,0.08953,3.293,3.293,947.3,5.31836,0.99661
1789864342.700,5955,5.33552,0.01678,0.08953,3.294,3.294,947.3,5.31926,0.99678
1789864342.710,5956,5.33552,0.01678,0.08953,3.295,3.295,947.3,5.32015,0.99695
1789864342.720,5957,5.33552,0.01678,0.08953,3.295,3.295,947.3,5.32104,0.99711
1789864342.730,5958,5.33552,0.01678,0.08953,3.295,3.295,947.3,5.32193,0.99728
1789864342.740,5959,5.33552,0.01678,0.08953,3.295,3.295,947.3,5.32283,0.99745
1789864342.750,5960,5.33552,0.01678,0.08953,3.295,3.295,947.3,5.32372,0.99762
1789864342.760,5961,5.33552,0.01678,0.08953,3.295,3.295,947.3,5.32462,0.99779
1789864342.770,5962,5.33552,0.01678,0.08953,3.296,3.296,947.3,5.32552,0.99795
1789864342.780,5963,5.33552,0.01679,0.08958,3.296,3.296,947.3,5.32641,0.99812
1789864342.790,5964,5.33552,0.01679,0.08958,3.296,3.296,947.3,5.32731,0.99829
1789864342.800,5965,5.33552,0.01679,0.08958,3.296,3.296,947.3,5.32821,0.99846
1789864342.810,5966,5.33552,0.01679,0.08958,3.295,3.296,947.3,5.32911,0.99863
1789864342.820,5967,5.33552,0.01679,0.08958,3.295,3.296,947.3,5.33000,0.99879
1789864342.830,5968,5.33552,0.01679,0.08958,3.296,3.296,947.3,5.33090,0.99896
1789864342.840,5969,5.33552,0.01679,0.08958,3.297,3.297,947.3,5.33180,0.99913
1789864342.850,5970,5.33552,0.01679,0.08958,3.298,3.298,947.3,5.33269,0.99930
1789864342.860,5971,5.33552,0.01679,0.08958,3.298,3.299,947.3,5.33359,0.99947
1789864342.870,5972,5.33552,0.01679,0.08958,3.299,3.299,947.3,5.33448,0.99963
1789864342.880,5973,5.33552,0.01679,0.08958,3.299,3.299,947.3,5.33538,0.99980
1789864342.890,5974,5.33552,0.01679,0.08958,3.298,3.299,947.3,5.33627,0.99997
1789864342.900,5975,5.33552,0.01679,0.08958,3.298,3.297,947.3,5.33716,1.00014
1789864342.910,5976,5.33552,0.01679,0.08958,3.297,3.296,947.3,5.33806,1.00030
1789864342.920,5977,5.33552,0.01679,0.08958,3.296,3.296,947.3,5.33895,1.00047
1789864342.930,5978,5.33552,0.01679,0.08958,3.296,3.296,947.3,5.33985,1.00064
1789864342.940,5979,5.33552,0.01679,0.08958,3.296,3.296,947.3,5.34074,1.00081
1789864342.950,5980,5.33552,0.01679,0.08958,3.295,3.295,947.3,5.34164,1.00098
1789864342.960,5981,5.33552,0.01679,0.08958,3.291,3.292,947.3,5.34253,1.00114
1789864342.970,5982,5.33552,0.01679,0.08958,3.292,3.292,947.3,5.34343,1.00131
1789864342.980,5983,5.33564,0.01680,0.08964,3.293,3.293,947.3,5.34433,1.00148
1789864342.990,5984,5.33564,0.01680,0.08964,3.293,3.293,947.3,5.34522,1.00165
1789864343.000,5985,5.33564,0.01680,0.08964,3.293,3.293,947.3,5.34612,1.00182
1789864343.010,5986,5.33564,0.01680,0.08964,3.290,3.291,947.3,5.34702,1.00198
1789864343.020,5987,5.33564,0.01680,0.08964,3.291,3.291,947.3,5.34791,1.00215
1789864343.030,5988,5.33564,0.01680,0.08964,3.291,3.291,947.3,5.34881,1.00232
1789864343.040,5989,5.33564,0.01680,0.08964,3.289,3.291,947.3,5.34971,1.00249
1789864343.050,5990,5.33564,0.01680,0.08964,3.288,3.289,947.3,5.35060,1.00266
1789864343.060,5991,5.33564,0.01680,0.08964,3.287,3.287,947.3,5.35150,1.00282
1789864343.070,5992,5.33564,0.01680,0.08964,3.291,3.291,947.3,5.35240,1.00299
1789864343.080,5993,5.33572,0.01680,0.08964,3.291,3.292,947.3,5.35329,1.00316
1789864343.090,5994,5.33572,0.01680,0.08964,3.292,3.293,947.3,5.35419,1.00333
1789864343.100,5995,5.33572,0.01680,0.08964,3.293,3.294,947.3,5.35509,1.00350
1789864343.110,5996,5.33572,0.01680,0.08964,3.294,3.294,947.3,5.35598,1.00366
1789864343.120,5997,5.33572,0.01680,0.08964,3.294,3.295,947.3,5.35688,1.00383
1789864343.130,5998,5.33572,0.01680,0.08964,3.294,3.295,947.3,5.35778,1.00400
1789864343.140,5999,5.33572,0.01680,0.08964,3.293,3.294,947.3,5.35867,1.00417
1789864343.150,6000,5.33572,0.01680,0.08964,3.294,3.294,947.3,5.35957,1.00434
1789864343.160,6001,5.33572,0.01680,0.08964,3.294,3.294,947.3,5.36046,1.00450
1789864343.170,6002,5.33572,0.01680,0.08964,3.293,3.294,947.3,5.36136,1.00467
1789864343.180,6003,5.33579,0.01679,0.08959,3.294,3.294,947.3,5.36225,1.00484
1789864343.190,6004,5.33579,0.01679,0.08959,3.295,3.295,947.3,5.36315,1.00501
1789864343.200,6005,5.33579,0.01679,0.08959,3.295,3.295,947.3,5.36405,1.00517
1789864343.210,6006,5.33579,0.01679,0.08959,3.295,3.295,947.3,5.36494,1.00534
1789864343.220,6007,5.33579,0.01679,0.08959,3.295,3.295,947.3,5.36584,1.00551
1789864343.230,6008,5.33579,0.01679,0.08959,3.295,3.295,947.3,5.36674,1.00568
1789864343.240,6009,5.33579,0.01679,0.08959,3.296,3.296,947.3,5.36763,1.00585
1789864343.250,6010,5.33579,0.01679,0.08959,3.297,3.297,947.3,5.36853,1.00601
1789864343.260,6011,5.33579,0.01679,0.08959,3.298,3.297,947.3,5.36942,1.00618
1789864343.270,6012,5.33579,0.01679,0.08959,3.298,3.298,947.3,5.37032,1.00635
1789864343.280,6013,5.33579,0.01680,0.08964,3.299,3.299,947.3,5.37122,1.00652
1789864343.290,6014,5.33579,0.01680,0.08964,3.299,3.299,947.3,5.37212,1.00669
1789864343.300,6015,5.33579,0.01680,0.08964,3.299,3.299,947.3,5.37302,1.00686
1789864343.310,6016,5.33579,0.01680,0.08964,3.297,3.299,947.3,5.37391,1.00702
1789864343.320,6017,5.33579,0.01680,0.08964,3.296,3.298,947.3,5.37481,1.00719
1789864343.330,6018,5.33579,0.01680,0.08964,3.295,3.297,947.3,5.37570,1.00736
1789864343.340,6019,5.33579,0.01680,0.08964,3.295,3.297,947.3,5.37660,1.00753
1789864343.350,6020,5.33579,0.01680,0.08964,3.294,3.295,947.3,5.37750,1.00770
1789864343.360,6021,5.33579,0.01680,0.08964,3.291,3.292,947.3,5.37839,1.00786
1789864343.370,6022,5.33579,0.01680,0.08964,3.292,3.292,947.3,5.37929,1.00803
1789864343.380,6023,5.33583,0.01679,0.08959,3.293,3.293,947.3,5.38018,1.00820
1789864343.390,6024,5.33583,0.01679,0.08959,3.293,3.293,947.3,5.38108,1.00837
1789864343.400,6025,5.33583,0.01679,0.08959,3.293,3.293,947.3,5.38198,1.00854
1789864343.410,6026,5.33583,0.01679,0.08959,3.290,3.290,947.3,5.38288,1.00870
1789864343.420,6027,5.33583,0.01679,0.08959,3.289,3.289,947.3,5.38378,1.00887
1789864343.430,6028,5.33583,0.01679,0.08959,3.289,3.289,947.3,5.38467,1.00904
1789864343.440,6029,5.33583,0.01679,0.08959,3.289,3.289,947.3,5.38556,1.00921
1789864343.450,6030,5.33583,0.01679,0.08959,3.288,3.288,947.3,5.38645,1.00937
1789864343.460,6031,5.33583,0.01679,0.08959,3.288,3.288,947.3,5.38734,1.00954
1789864343.470,6032,5.33583,0.01679,0.08959,3.293,3.292,947.3,5.38824,1.00971
1789864343.480,6033,5.33591,0.01678,0.08954,3.296,3.296,947.3,5.38914,1.00988
1789864343.490,6034,5.33591,0.01678,0.08954,3.295,3.295,947.3,5.39004,1.01005
1789864343.500,6035,5.33591,0.01678,0.08954,3.295,3.296,947.3,5.39093,1.01021
1789864343.510,6036,5.33591,0.01678,0.08954,3.295,3.296,947.3,5.39183,1.01038
1789864343.520,6037,5.33591,0.01678,0.08954,3.295,3.296,947.3,5.39272,1.01055
1789864343.530,6038,5.33591,0.01678,0.08954,3.296,3.296,947.3,5.39361,1.01072
1789864343.540,6039,5.33591,0.01678,0.08954,3.296,3.296,947.3,5.39451,1.01088
1789864343.550,6040,5.33591,0.01678,0.08954,3.296,3.296,947.3,5.39540,1.01105
1789864343.560,6041,5.33591,0.01678,0.08954,3.296,3.296,947.3,5.39630,1.01122
1789864343.570,6042,5.33591,0.01678,0.08954,3.296,3.296,947.3,5.39719,1.01139
1789864343.580,6043,5.33595,0.01678,0.08954,3.296,3.296,947.3,5.39809,1.01155
1789864343.590,6044,5.33595,0.01678,0.08954,3.295,3.295,947.3,5.39899,1.01172
1789864343.600,6045,5.33595,0.01678,0.08954,3.295,3.295,947.3,5.39989,1.01189
1789864343.610,6046,5.33595,0.01678,0.08954,3.296,3.296,947.3,5.40079,1.01206
1789864343.620,6047,5.33595,0.01678,0.08954,3.296,3.297,947.3,5.40170,1.01223
1789864343.630,6048,5.33595,0.01678,0.08954,3.297,3.297,947.3,5.40259,1.01240
1789864343.640,6049,5.33595,0.01678,0.08954,3.297,3.297,947.3,5.40348,1.01256
1789864343.650,6050,5.33595,0.01678,0.08954,3.298,3.298,947.3,5.40437,1.01273
1789864343.660,6051,5.33595,0.01678,0.08954,3.298,3.298,947.3,5.40526,1.01290
1789864343.670,6052,5.33595,0.01678,0.08954,3.299,3.299,947.3,5.40615,1.01307
1789864343.680,6053,5.33599,0.01677,0.08948,3.299,3.299,947.3,5.40704,1.01323
1789864343.690,6054,5.33599,0.01677,0.08948,3.299,3.299,947.3,5.40794,1.01340
1789864343.700,6055,5.33599,0.01677,0.08948,3.299,3.299,947.3,5.40883,1.01357
1789864343.710,6056,5.33599,0.01677,0.08948,3.299,3.299,947.3,5.40973,1.01374
1789864343.720,6057,5.33599,0.01677,0.08948,3.296,3.298,947.3,5.41062,1.01390
1789864343.730,6058,5.33599,0.01677,0.08948,3.296,3.298,947.3,5.41152,1.01407
1789864343.740,6059,5.33599,0.01677,0.08948,3.296,3.297,947.3,5.41242,1.01424
1789864343.750,6060,5.33599,0.01677,0.08948,3.295,3.297,947.3,5.41331,1.01441
1789864343.760,6061,5.33599,0.01677,0.08948,3.294,3.295,947.3,5.41420,1.01457
1789864343.770,6062,5.33599,0.01677,0.08948,3.293,3.295,947.3,5.41509,1.01474
1789864343.780,6063,5.33603,0.01677,0.08949,3.295,3.295,947.3,5.41599,1.01491
1789864343.790,6064,5.33603,0.01677,0.08949,3.295,3.295,947.3,5.41688,1.01508
1789864343.800,6065,5.33603,0.01677,0.08949,3.295,3.295,947.3,5.41778,1.01525
1789864343.810,6066,5.33603,0.01677,0.08949,3.293,3.293,947.3,5.41868,1.01541
1789864343.820,6067,5.33603,0.01677,0.08949,3.291,3.291,947.3,5.41957,1.01558
1789864343.830,6068,5.33603,0.01677,0.08949,3.290,3.291,947.3,5.42047,1.01575
1789864343.840,6069,5.33603,0.01677,0.08949,3.289,3.290,947.3,5.42136,1.01592
1789864343.850,6070,5.33603,0.01677,0.08949,3.288,3.289,947.3,5.42225,1.01608
1789864343.860,6071,5.33603,0.01677,0.08949,3.287,3.288,947.3,5.42315,1.01625
1789864343.870,6072,5.33603,0.01677,0.08949,3.291,3.291,947.3,5.42404,1.01642
1789864343.880,6073,5.33607,0.01677,0.08949,3.295,3.295,947.3,5.42494,1.01659
1789864343.890,6074,5.33607,0.01677,0.08949,3.294,3.294,947.3,5.42584,1.01676
1789864343.900,6075,5.33607,0.01677,0.08949,3.295,3.295,947.3,5.42673,1.01692
1789864343.910,6076,5.33607,0.01677,0.08949,3.295,3.295,947.3,5.42762,1.01709
1789864343.920,6077,5.33607,0.01677,0.08949,3.295,3.295,947.3,5.42852,1.01726
1789864343.930,6078,5.33607,0.01677,0.08949,3.294,3.294,947.3,5.42941,1.01742
1789864343.940,6079,5.33607,0.01677,0.08949,3.294,3.294,947.3,5.43030,1.01759
1789864343.950,6080,5.33607,0.01677,0.08949,3.295,3.295,947.3,5.43120,1.01776
1789864343.960,6081,5.33607,0.01677,0.08949,3.295,3.295,947.3,5.43210,1.01793
1789864343.970,6082,5.33607,0.01677,0.08949,3.295,3.296,947.3,5.43299,1.01810
1789864343.980,6083,5.33599,0.01677,0.08948,3.296,3.296,947.3,5.43389,1.01826
1789864343.990,6084,5.33599,0.01677,0.08948,3.296,3.296,947.3,5.43479,1.01843
1789864344.000,6085,5.33599,0.01677,0.08948,3.296,3.296,947.3,5.43568,1.01860
1789864344.010,6086,5.33599,0.01677,0.08948,3.295,3.295,947.3,5.43658,1.01877
1789864344.020,6087,5.33599,0.01677,0.08948,3.296,3.296,947.3,5.43747,1.01894
1789864344.030,6088,5.33599,0.01677,0.08948,3.296,3.296,947.3,5.43836,1.01910
1789864344.040,6089,5.33599,0.01677,0.08948,3.297,3.297,947.3,5.43925,1.01927
1789864344.050,6090,5.33599,0.01677,0.08948,3.297,3.297,947.3,5.44015,1.01944
1789864344.060,6091,5.33599,0.01677,0.08948,3.298,3.298,947.3,5.44104,1.01960
1789864344.070,6092,5.33599,0.01677,0.08948,3.299,3.299,947.3,5.44194,1.01977
1789864344.080,6093,5.33591,0.01677,0.08948,3.299,3.299,947.3,5.44284,1.01994
1789864344.090,6094,5.33591,0.01677,0.08948,3.298,3.298,947.3,5.44373,1.02011
1789864344.100,6095,5.33591,0.01677,0.08948,3.297,3.297,947.3,5.44463,1.02028
1789864344.110,6096,5.33591,0.01677,0.08948,3.297,3.297,947.3,5.44553,1.02045
1789864344.120,6097,5.33591,0.01677,0.08948,3.297,3.297,947.3,5.44642,1.02061
1789864344.130,6098,5.33591,0.01677,0.08948,3.296,3.295,947.3,5.44732,1.02078
1789864344.140,6099,5.33591,0.01677,0.08948,3.296,3.295,947.3,5.44821,1.02095
1789864344.150,6100,5.33591,0.01677,0.08948,3.295,3.295,947.3,5.44910,1.02112
1789864344.160,6101,5.33591,0.01677,0.08948,3.293,3.293,947.3,5.45000,1.02128
1789864344.170,6102,5.33591,0.01677,0.08948,3.293,3.291,947.3,5.45089,1.02145
1789864344.180,6103,5.33587,0.01677,0.08948,3.293,3.291,947.3,5.45178,1.02162
1789864344.190,6104,5.33587,0.01677,0.08948,3.294,3.293,947.3,5.45268,1.02178
1789864344.200,6105,5.33587,0.01677,0.08948,3.294,3.293,947.3,5.45357,1.02195
1789864344.210,6106,5.33587,0.01677,0.08948,3.292,3.293,947.3,5.45447,1.02212
1789864344.220,6107,5.33587,0.01677,0.08948,3.291,3.291,947.3,5.45536,1.02229
1789864344.230,6108,5.33587,0.01677,0.08948,3.291,3.291,947.3,5.45626,1.02246
1789864344.240,6109,5.33587,0.01677,0.08948,3.290,3.290,947.3,5.45715,1.02262
1789864344.250,6110,5.33587,0.01677,0.08948,3.288,3.288,947.3,5.45805,1.02279
1789864344.260,6111,5.33587,0.01677,0.08948,3.287,3.287,947.3,5.45894,1.02296
1789864344.270,6112,5.33587,0.01677,0.08948,3.288,3.287,947.3,5.45984,1.02313
1789864344.280,6113,5.33587,0.01677,0.08948,3.292,3.292,947.3,5.46073,1.02329
1789864344.290,6114,5.33587,0.01677,0.08948,3.291,3.292,947.3,5.46162,1.02346
1789864344.300,6115,5.33587,0.01677,0.08948,3.293,3.293,947.3,5.46252,1.02363
1789864344.310,6116,5.33587,0.01677,0.08948,3.293,3.294,947.3,5.46341,1.02380
1789864344.320,6117,5.33587,0.01677,0.08948,3.294,3.295,947.3,5.46430,1.02396
1789864344.330,6118,5.33587,0.01677,0.08948,3.295,3.295,947.3,5.46520,1.02413
1789864344.340,6119,5.33587,0.01677,0.08948,3.295,3.295,947.3,5.46609,1.02430
1789864344.350,6120,5.33587,0.01677,0.08948,3.295,3.295,947.3,5.46699,1.02447
1789864344.360,6121,5.33587,0.01677,0.08948,3.295,3.295,947.3,5.46788,1.02463
1789864344.370,6122,5.33587,0.01677,0.08948,3.296,3.295,947.3,5.46878,1.02480
1789864344.380,6123,5.33599,0.01677,0.08948,3.296,3.295,947.3,5.46967,1.02497
1789864344.390,6124,5.33599,0.01677,0.08948,3.296,3.295,947.3,5.47057,1.02514
1789864344.400,6125,5.33599,0.01677,0.08948,3.296,3.296,947.3,5.47147,1.02531
1789864344.410,6126,5.33599,0.01677,0.08948,3.296,3.296,947.3,5.47236,1.02547
1789864344.420,6127,5.33599,0.01677,0.08948,3.296,3.296,947.3,5.47326,1.02564
1789864344.430,6128,5.33599,0.01677,0.08948,3.296,3.296,947.3,5.47415,1.02581
1789864344.440,6129,5.33599,0.01677,0.08948,3.297,3.296,947.3,5.47505,1.02598
1789864344.450,6130,5.33599,0.01677,0.08948,3.297,3.297,947.3,5.47594,1.02615
1789864344.460,6131,5.33599,0.01677,0.08948,3.298,3.298,947.3,5.47684,1.02631
1789864344.470,6132,5.33599,0.01677,0.08948,3.298,3.298,947.3,5.47774,1.02648
1789864344.480,6133,5.33595,0.01677,0.08948,3.299,3.299,947.3,5.47863,1.02665
1789864344.490,6134,5.33595,0.01677,0.08948,3.299,3.299,947.3,5.47953,1.02682
1789864344.500,6135,5.33595,0.01677,0.08948,3.299,3.299,947.3,5.48043,1.02699
1789864344.510,6136,5.33595,0.01677,0.08948,3.299,3.299,947.3,5.48132,1.02715
1789864344.520,6137,5.33595,0.01677,0.08948,3.298,3.298,947.3,5.48221,1.02732
1789864344.530,6138,5.33595,0.01677,0.08948,3.298,3.298,947.3,5.48311,1.02749
1789864344.540,6139,5.33595,0.01677,0.08948,3.297,3.297,947.3,5.48400,1.02766
1789864344.550,6140,5.33595,0.01677,0.08948,3.296,3.297,947.3,5.48490,1.02782
1789864344.560,6141,5.33595,0.01677,0.08948,3.295,3.295,947.3,5.48579,1.02799
1789864344.570,6142,5.33595,0.01677,0.08948,3.293,3.293,947.3,5.48669,1.02816
1789864344.580,6143,5.33599,0.01678,0.08954,3.294,3.294,947.3,5.48758,1.02833
1789864344.590,6144,5.33599,0.01678,0.08954,3.294,3.294,947.3,5.48848,1.02849
1789864344.600,6145,5.33599,0.01678,0.08954,3.295,3.294,947.3,5.48937,1.02866
1789864344.610,6146,5.33599,0.01678,0.08954,3.293,3.294,947.3,5.49027,1.02883
1789864344.620,6147,5.33599,0.01678,0.08954,3.291,3.291,947.3,5.49116,1.02900
1789864344.630,6148,5.33599,0.01678,0.08954,3.292,3.292,947.3,5.49206,1.02917
1789864344.640,6149,5.33599,0.01678,0.08954,3.291,3.291,947.3,5.49296,1.02933
1789864344.650,6150,5.33599,0.01678,0.08954,3.290,3.291,947.3,5.49386,1.02950
1789864344.660,6151,5.33599,0.01678,0.08954,3.289,3.289,947.3,5.49476,1.02967
1789864344.670,6152,5.33599,0.01678,0.08954,3.291,3.290,947.3,5.49565,1.02984
1789864344.680,6153,5.33599,0.01678,0.08954,3.293,3.293,947.3,5.49655,1.03001
1789864344.690,6154,5.33599,0.01678,0.08954,3.293,3.292,947.3,5.49744,1.03017
1789864344.700,6155,5.33599,0.01678,0.08954,3.294,3.294,947.3,5.49834,1.03034
1789864344.710,6156,5.33599,0.01678,0.08954,3.294,3.294,947.3,5.49923,1.03051
1789864344.720,6157,5.33599,0.01678,0.08954,3.295,3.295,947.3,5.50012,1.03068
1789864344.730,6158,5.33599,0.01678,0.08954,3.295,3.295,947.3,5.50101,1.03084
1789864344.740,6159,5.33599,0.01678,0.08954,3.295,3.295,947.3,5.50190,1.03101
1789864344.750,6160,5.33599,0.01678,0.08954,3.296,3.296,947.3,5.50280,1.03118
1789864344.760,6161,5.33599,0.01678,0.08954,3.296,3.296,947.3,5.50369,1.03135
1789864344.770,6162,5.33599,0.01678,0.08954,3.295,3.295,947.3,5.50459,1.03151
1789864344.780,6163,5.33599,0.01677,0.08948,3.295,3.296,947.3,5.50549,1.03168
1789864344.790,6164,5.33599,0.01677,0.08948,3.296,3.297,947.3,5.50638,1.03185
1789864344.800,6165,5.33599,0.01677,0.08948,3.296,3.297,947.3,5.50728,1.03202
1789864344.810,6166,5.33599,0.01677,0.08948,3.296,3.297,947.3,5.50817,1.03218
1789864344.820,6167,5.33599,0.01677,0.08948,3.296,3.297,947.3,5.50906,1.03235
1789864344.830,6168,5.33599,0.01677,0.08948,3.297,3.298,947.3,5.50996,1.03252
1789864344.840,6169,5.33599,0.01677,0.08948,3.298,3.298,947.3,5.51086,1.03269
1789864344.850,6170,5.33599,0.01677,0.08948,3.298,3.298,947.3,5.51175,1.03286
1789864344.860,6171,5.33599,0.01677,0.08948,3.299,3.299,947.3,5.51265,1.03302
1789864344.870,6172,5.33599,0.01677,0.08948,3.299,3.299,947.3,5.51354,1.03319
1789864344.880,6173,5.33603,0.01677,0.08949,3.299,3.299,947.3,5.51444,1.03336
1789864344.890,6174,5.33603,0.01677,0.08949,3.299,3.299,947.3,5.51534,1.03353
1789864344.900,6175,5.33603,0.01677,0.08949,3.299,3.299,947.3,5.51623,1.03370
1789864344.910,6176,5.33603,0.01677,0.08949,3.299,3.299,947.3,5.51715,1.03387
1789864344.921,6177,5.33603,0.01677,0.08949,3.299,3.299,947.3,5.51807,1.03404
1789864344.931,6178,5.33603,0.01677,0.08949,3.299,3.299,947.3,5.51899,1.03421
1789864344.941,6179,5.33603,0.01677,0.08949,3.298,3.299,947.3,5.51991,1.03438
1789864344.951,6180,5.33603,0.01677,0.08949,3.296,3.296,947.3,5.52078,1.03455
1789864344.961,6181,5.33603,0.01677,0.08949,3.293,3.294,947.3,5.52164,1.03471
1789864344.970,6182,5.33603,0.01677,0.08949,3.291,3.291,947.3,5.52251,1.03487
1789864344.980,6183,5.33599,0.01676,0.08943,3.291,3.291,947.3,5.52338,1.03504
1789864344.990,6184,5.33599,0.01676,0.08943,3.291,3.291,947.3,5.52427,1.03520
1789864345.000,6185,5.33599,0.01676,0.08943,3.291,3.291,947.3,5.52517,1.03537
1789864345.010,6186,5.33599,0.01676,0.08943,3.290,3.291,947.3,5.52606,1.03554
1789864345.020,6187,5.33599,0.01676,0.08943,3.288,3.288,947.3,5.52696,1.03571
1789864345.030,6188,5.33599,0.01676,0.08943,3.288,3.289,947.3,5.52785,1.03587
1789864345.040,6189,5.33599,0.01676,0.08943,3.287,3.287,947.3,5.52874,1.03604
1789864345.050,6190,5.33599,0.01676,0.08943,3.286,3.287,947.3,5.52963,1.03621
1789864345.060,6191,5.33599,0.01676,0.08943,3.285,3.286,947.3,5.53053,1.03637
1789864345.070,6192,5.33599,0.01676,0.08943,3.287,3.287,947.3,5.53142,1.03654
1789864345.080,6193,5.33603,0.01676,0.08943,3.291,3.291,947.3,5.53232,1.03671
1789864345.090,6194,5.33603,0.01676,0.08943,3.293,3.294,947.3,5.53322,1.03688
1789864345.100,6195,5.33603,0.01676,0.08943,3.294,3.295,947.3,5.53411,1.03705
1789864345.110,6196,5.33603,0.01676,0.08943,3.295,3.295,947.3,5.53501,1.03721
1789864345.120,6197,5.33603,0.01676,0.08943,3.295,3.296,947.3,5.53590,1.03738
1789864345.130,6198,5.33603,0.01676,0.08943,3.295,3.296,947.3,5.53679,1.03755
1789864345.140,6199,5.33603,0.01676,0.08943,3.295,3.295,947.3,5.53768,1.03772
1789864345.150,6200,5.33603,0.01676,0.08943,3.295,3.295,947.3,5.53858,1.03788
1789864345.160,6201,5.33603,0.01676,0.08943,3.295,3.295,947.3,5.53947,1.03805
1789864345.170,6202,5.33603,0.01676,0.08943,3.295,3.295,947.3,5.54036,1.03822
1789864345.180,6203,5.33595,0.01677,0.08948,3.294,3.295,947.3,5.54126,1.03839
1789864345.190,6204,5.33595,0.01677,0.08948,3.295,3.295,947.3,5.54215,1.03855
1789864345.200,6205,5.33595,0.01677,0.08948,3.295,3.295,947.3,5.54305,1.03872
1789864345.210,6206,5.33595,0.01677,0.08948,3.295,3.296,947.3,5.54394,1.03889
1789864345.220,6207,5.33595,0.01677,0.08948,3.296,3.296,947.3,5.54484,1.03906
1789864345.230,6208,5.33595,0.01677,0.08948,3.296,3.296,947.3,5.54573,1.03922
1789864345.240,6209,5.33595,0.01677,0.08948,3.297,3.297,947.3,5.54663,1.03939
1789864345.250,6210,5.33595,0.01677,0.08948,3.297,3.297,947.3,5.54752,1.03956
1789864345.260,6211,5.33595,0.01677,0.08948,3.298,3.298,947.3,5.54842,1.03973
1789864345.270,6212,5.33595,0.01677,0.08948,3.298,3.298,947.3,5.54931,1.03990
1789864345.280,6213,5.33595,0.01676,0.08943,3.299,3.299,947.3,5.55021,1.04006
1789864345.290,6214,5.33595,0.01676,0.08943,3.299,3.299,947.3,5.55110,1.04023
1789864345.300,6215,5.33595,0.01676,0.08943,3.299,3.299,947.3,5.55200,1.04040
1789864345.310,6216,5.33595,0.01676,0.08943,3.299,3.299,947.3,5.55289,1.04057
1789864345.320,6217,5.33595,0.01676,0.08943,3.298,3.299,947.3,5.55379,1.04073
1789864345.330,6218,5.33595,0.01676,0.08943,3.298,3.299,947.3,5.55468,1.04090
1789864345.340,6219,5.33595,0.01676,0.08943,3.298,3.298,947.3,5.55558,1.04107
1789864345.350,6220,5.33595,0.01676,0.08943,3.296,3.297,947.3,5.55647,1.04124
1789864345.360,6221,5.33595,0.01676,0.08943,3.294,3.293,947.3,5.55737,1.04140
1789864345.370,6222,5.33595,0.01676,0.08943,3.292,3.291,947.3,5.55826,1.04157
1789864345.380,6223,5.33583,0.01677,0.08948,3.293,3.291,947.3,5.55916,1.04174
1789864345.390,6224,5.33583,0.01677,0.08948,3.293,3.291,947.3,5.56006,1.04191
1789864345.400,6225,5.33583,0.01677,0.08948,3.293,3.291,947.3,5.56097,1.04208
1789864345.410,6226,5.33583,0.01677,0.08948,3.292,3.291,947.3,5.56188,1.04225
1789864345.421,6227,5.33583,0.01677,0.08948,3.290,3.291,947.3,5.56278,1.04242
1789864345.431,6228,5.33583,0.01677,0.08948,3.291,3.291,947.3,5.56368,1.04259
1789864345.441,6229,5.33583,0.01677,0.08948,3.290,3.291,947.3,5.56458,1.04276
1789864345.451,6230,5.33583,0.01677,0.08948,3.289,3.289,947.3,5.56548,1.04293
1789864345.461,6231,5.33583,0.01677,0.08948,3.289,3.289,947.3,5.56638,1.04309
1789864345.471,6232,5.33583,0.01677,0.08948,3.291,3.290,947.3,5.56727,1.04326
1789864345.481,6233,5.33568,0.01676,0.08943,3.294,3.294,947.3,5.56816,1.04343
1789864345.491,6234,5.33568,0.01676,0.08943,3.294,3.295,947.3,5.56905,1.04359
1789864345.500,6235,5.33568,0.01676,0.08943,3.294,3.295,947.3,5.56994,1.04376
1789864345.510,6236,5.33568,0.01676,0.08943,3.294,3.295,947.3,5.57082,1.04393
1789864345.520,6237,5.33568,0.01676,0.08943,3.294,3.294,947.3,5.57171,1.04409
1789864345.530,6238,5.33568,0.01676,0.08943,3.293,3.294,947.3,5.57260,1.04426
1789864345.540,6239,5.33568,0.01676,0.08943,3.293,3.294,947.3,5.57348,1.04443
1789864345.550,6240,5.33568,0.01676,0.08943,3.293,3.294,947.3,5.57438,1.04459
1789864345.560,6241,5.33568,0.01676,0.08943,3.294,3.294,947.3,5.57527,1.04476
1789864345.570,6242,5.33568,0.01676,0.08943,3.294,3.294,947.3,5.57617,1.04493
1789864345.580,6243,5.33560,0.01674,0.08932,3.295,3.295,947.3,5.57706,1.04510
1789864345.590,6244,5.33560,0.01674,0.08932,3.295,3.295,947.3,5.57796,1.04526
1789864345.600,6245,5.33560,0.01674,0.08932,3.295,3.295,947.3,5.57886,1.04543
1789864345.610,6246,5.33560,0.01674,0.08932,3.295,3.295,947.3,5.57975,1.04560
1789864345.620,6247,5.33560,0.01674,0.08932,3.295,3.295,947.3,5.58065,1.04577
1789864345.630,6248,5.33560,0.01674,0.08932,3.296,3.296,947.3,5.58154,1.04594
1789864345.640,6249,5.33560,0.01674,0.08932,3.296,3.296,947.3,5.58243,1.04610
1789864345.650,6250,5.33560,0.01674,0.08932,3.297,3.297,947.3,5.58332,1.04627
1789864345.660,6251,5.33560,0.01674,0.08932,3.298,3.298,947.3,5.58421,1.04644
1789864345.670,6252,5.33560,0.01674,0.08932,3.298,3.298,947.3,5.58510,1.04660
1789864345.680,6253,5.33556,0.01674,0.08932,3.299,3.299,947.3,5.58600,1.04677
1789864345.690,6254,5.33556,0.01674,0.08932,3.299,3.299,947.3,5.58689,1.04694
1789864345.700,6255,5.33556,0.01674,0.08932,3.299,3.299,947.3,5.58778,1.04710
1789864345.710,6256,5.33556,0.01674,0.08932,3.299,3.299,947.3,5.58867,1.04727
1789864345.720,6257,5.33556,0.01674,0.08932,3.298,3.299,947.3,5.58957,1.04744
1789864345.730,6258,5.33556,0.01674,0.08932,3.298,3.298,947.3,5.59047,1.04761
1789864345.740,6259,5.33556,0.01674,0.08932,3.298,3.298,947.3,5.59137,1.04778
1789864345.750,6260,5.33556,0.01674,0.08932,3.296,3.297,947.3,5.59225,1.04794
1789864345.760,6261,5.33556,0.01674,0.08932,3.293,3.294,947.3,5.59314,1.04811
1789864345.770,6262,5.33556,0.01674,0.08932,3.290,3.291,947.3,5.59403,1.04828
1789864345.780,6263,5.33556,0.01675,0.08937,3.290,3.291,947.3,5.59491,1.04844
1789864345.790,6264,5.33556,0.01675,0.08937,3.291,3.291,947.3,5.59583,1.04861
1789864345.801,6265,5.33556,0.01675,0.08937,3.291,3.291,947.3,5.59674,1.04878
1789864345.811,6266,5.33556,0.01675,0.08937,3.290,3.291,947.3,5.59766,1.04896
1789864345.821,6267,5.33556,0.01675,0.08937,3.291,3.291,947.3,5.59857,1.04913
1789864345.831,6268,5.33556,0.01675,0.08937,3.291,3.292,947.3,5.59945,1.04929
1789864345.841,6269,5.33556,0.01675,0.08937,3.291,3.291,947.3,5.60032,1.04945
1789864345.850,6270,5.33556,0.01675,0.08937,3.289,3.289,947.3,5.60119,1.04962
1789864345.860,6271,5.33556,0.01675,0.08937,3.288,3.288,947.3,5.60207,1.04978
1789864345.870,6272,5.33556,0.01675,0.08937,3.288,3.288,947.3,5.60296,1.04995
1789864345.880,6273,5.33548,0.01675,0.08937,3.291,3.291,947.3,5.60386,1.05012
1789864345.890,6274,5.33548,0.01675,0.08937,3.292,3.292,947.3,5.60475,1.05029
1789864345.900,6275,5.33548,0.01675,0.08937,3.292,3.293,947.3,5.60565,1.05045
1789864345.910,6276,5.33548,0.01675,0.08937,3.294,3.294,947.3,5.60654,1.05062
1789864345.920,6277,5.33548,0.01675,0.08937,3.295,3.295,947.3,5.60744,1.05079
1789864345.930,6278,5.33548,0.01675,0.08937,3.294,3.295,947.3,5.60833,1.05096
1789864345.940,6279,5.33548,0.01675,0.08937,3.294,3.295,947.3,5.60923,1.05112
1789864345.950,6280,5.33548,0.01675,0.08937,3.295,3.295,947.3,5.61012,1.05129
1789864345.960,6281,5.33548,0.01675,0.08937,3.295,3.295,947.3,5.61101,1.05146
1789864345.970,6282,5.33548,0.01675,0.08937,3.295,3.295,947.3,5.61191,1.05163
1789864345.980,6283,5.33552,0.01676,0.08942,3.295,3.295,947.3,5.61280,1.05179
1789864345.990,6284,5.33552,0.01676,0.08942,3.296,3.296,947.3,5.61371,1.05196
1789864346.000,6285,5.33552,0.01676,0.08942,3.297,3.297,947.3,5.61462,1.05213
1789864346.011,6286,5.33552,0.01676,0.08942,3.297,3.297,947.3,5.61553,1.05231
1789864346.021,6287,5.33552,0.01676,0.08942,3.297,3.297,947.3,5.61644,1.05248
1789864346.031,6288,5.33552,0.01676,0.08942,3.297,3.297,947.3,5.61731,1.05264
1789864346.040,6289,5.33552,0.01676,0.08942,3.297,3.297,947.3,5.61819,1.05280
1789864346.050,6290,5.33552,0.01676,0.08942,3.298,3.297,947.3,5.61907,1.05297
1789864346.060,6291,5.33552,0.01676,0.08942,3.297,3.297,947.3,5.61995,1.05313
1789864346.070,6292,5.33552,0.01676,0.08942,3.298,3.297,947.3,5.62084,1.05330
1789864346.080,6293,5.33548,0.01676,0.08942,3.298,3.298,947.3,5.62174,1.05347
1789864346.090,6294,5.33548,0.01676,0.08942,3.298,3.298,947.3,5.62263,1.05364
1789864346.100,6295,5.33548,0.01676,0.08942,3.298,3.298,947.3,5.62353,1.05381
1789864346.110,6296,5.33548,0.01676,0.08942,3.298,3.298,947.3,5.62442,1.05397
1789864346.120,6297,5.33548,0.01676,0.08942,3.297,3.297,947.3,5.62531,1.05414
1789864346.130,6298,5.33548,0.01676,0.08942,3.297,3.297,947.3,5.62620,1.05431
1789864346.140,6299,5.33548,0.01676,0.08942,3.297,3.298,947.3,5.62709,1.05447
1789864346.150,6300,5.33548,0.01676,0.08942,3.297,3.297,947.3,5.62798,1.05464
1789864346.160,6301,5.33548,0.01676,0.08942,3.294,3.295,947.3,5.62888,1.05481
1789864346.170,6302,5.33548,0.01676,0.08942,3.291,3.292,947.3,5.62977,1.05498
1789864346.180,6303,5.33552,0.01676,0.08942,3.291,3.291,947.3,5.63067,1.05514
1789864346.190,6304,5.33552,0.01676,0.08942,3.291,3.291,947.3,5.63157,1.05531
1789864346.200,6305,5.33552,0.01676,0.08942,3.291,3.291,947.3,5.63246,1.05548
1789864346.210,6306,5.33552,0.01676,0.08942,3.291,3.291,947.3,5.63336,1.05565
1789864346.220,6307,5.33552,0.01676,0.08942,3.288,3.289,947.3,5.63425,1.05581
1789864346.230,6308,5.33552,0.01676,0.08942,3.288,3.289,947.3,5.63515,1.05598
1789864346.240,6309,5.33552,0.01676,0.08942,3.287,3.288,947.3,5.63604,1.05615
1789864346.250,6310,5.33552,0.01676,0.08942,3.287,3.287,947.3,5.63693,1.05632
1789864346.260,6311,5.33552,0.01676,0.08942,3.287,3.287,947.3,5.63783,1.05649
1789864346.270,6312,5.33552,0.01676,0.08942,3.287,3.287,947.3,5.63873,1.05665
1789864346.280,6313,5.33548,0.01676,0.08942,3.291,3.291,947.3,5.63962,1.05682
1789864346.290,6314,5.33548,0.01676,0.08942,3.294,3.294,947.3,5.64052,1.05699
1789864346.300,6315,5.33548,0.01676,0.08942,3.295,3.295,947.3,5.64142,1.05716
1789864346.310,6316,5.33548,0.01676,0.08942,3.295,3.295,947.3,5.64231,1.05732
1789864346.320,6317,5.33548,0.01676,0.08942,3.295,3.295,947.3,5.64320,1.05749
1789864346.330,6318,5.33548,0.01676,0.08942,3.294,3.294,947.3,5.64408,1.05766
1789864346.340,6319,5.33548,0.01676,0.08942,3.294,3.295,947.3,5.64497,1.05782
1789864346.350,6320,5.33548,0.01676,0.08942,3.294,3.295,947.3,5.64587,1.05799
1789864346.360,6321,5.33548,0.01676,0.08942,3.295,3.295,947.3,5.64676,1.05816
1789864346.370,6322,5.33548,0.01676,0.08942,3.295,3.296,947.3,5.64765,1.05833
1789864346.380,6323,5.33556,0.01676,0.08942,3.295,3.296,947.3,5.64854,1.05849
1789864346.390,6324,5.33556,0.01676,0.08942,3.295,3.295,947.3,5.64944,1.05866
1789864346.400,6325,5.33556,0.01676,0.08942,3.295,3.295,947.3,5.65035,1.05883
1789864346.410,6326,5.33556,0.01676,0.08942,3.295,3.295,947.3,5.65125,1.05900
1789864346.420,6327,5.33556,0.01676,0.08942,3.295,3.295,947.3,5.65215,1.05917
1789864346.430,6328,5.33556,0.01676,0.08942,3.295,3.295,947.3,5.65304,1.05934
1789864346.440,6329,5.33556,0.01676,0.08942,3.296,3.296,947.3,5.65393,1.05950
1789864346.450,6330,5.33556,0.01676,0.08942,3.297,3.297,947.3,5.65482,1.05967
1789864346.460,6331,5.33556,0.01676,0.08942,3.298,3.298,947.3,5.65571,1.05984
1789864346.470,6332,5.33556,0.01676,0.08942,3.299,3.298,947.3,5.65661,1.06000
1789864346.480,6333,5.33560,0.01677,0.08948,3.299,3.299,947.3,5.65750,1.06017
1789864346.490,6334,5.33560,0.01677,0.08948,3.299,3.299,947.3,5.65839,1.06034
1789864346.500,6335,5.33560,0.01677,0.08948,3.299,3.299,947.3,5.65929,1.06051
1789864346.510,6336,5.33560,0.01677,0.08948,3.299,3.299,947.3,5.66019,1.06068
1789864346.520,6337,5.33560,0.01677,0.08948,3.299,3.299,947.3,5.66108,1.06084
1789864346.530,6338,5.33560,0.01677,0.08948,3.298,3.298,947.3,5.66198,1.06101
1789864346.540,6339,5.33560,0.01677,0.08948,3.297,3.298,947.3,5.66287,1.06118
1789864346.550,6340,5.33560,0.01677,0.08948,3.297,3.298,947.3,5.66377,1.06135
1789864346.560,6341,5.33560,0.01677,0.08948,3.294,3.295,947.3,5.66466,1.06151
1789864346.570,6342,5.33560,0.01677,0.08948,3.291,3.291,947.3,5.66555,1.06168
1789864346.580,6343,5.33568,0.01678,0.08953,3.291,3.292,947.3,5.66645,1.06185
1789864346.590,6344,5.33568,0.01678,0.08953,3.291,3.291,947.3,5.66735,1.06202
1789864346.600,6345,5.33568,0.01678,0.08953,3.291,3.291,947.3,5.66825,1.06219
1789864346.610,6346,5.33568,0.01678,0.08953,3.291,3.291,947.3,5.66915,1.06235
1789864346.620,6347,5.33568,0.01678,0.08953,3.289,3.289,947.3,5.67004,1.06252
1789864346.630,6348,5.33568,0.01678,0.08953,3.290,3.290,947.3,5.67094,1.06269
1789864346.640,6349,5.33568,0.01678,0.08953,3.288,3.288,947.3,5.67183,1.06286
1789864346.650,6350,5.33568,0.01678,0.08953,3.287,3.288,947.3,5.67272,1.06302
1789864346.660,6351,5.33568,0.01678,0.08953,3.287,3.287,947.3,5.67361,1.06319
1789864346.670,6352,5.33568,0.01678,0.08953,3.287,3.288,947.3,5.67451,1.06336
1789864346.680,6353,5.33575,0.01679,0.08959,3.291,3.291,947.3,5.67540,1.06353
1789864346.690,6354,5.33575,0.01679,0.08959,3.294,3.294,947.3,5.67630,1.06370
1789864346.700,6355,5.33575,0.01679,0.08959,3.294,3.295,947.3,5.67720,1.06386
1789864346.710,6356,5.33575,0.01679,0.08959,3.295,3.295,947.3,5.67809,1.06403
1789864346.720,6357,5.33575,0.01679,0.08959,3.295,3.295,947.3,5.67899,1.06420
1789864346.730,6358,5.33575,0.01679,0.08959,3.294,3.294,947.3,5.67989,1.06437
1789864346.740,6359,5.33575,0.01679,0.08959,3.294,3.294,947.3,5.68079,1.06454
1789864346.750,6360,5.33575,0.01679,0.08959,3.295,3.294,947.3,5.68170,1.06471
1789864346.761,6361,5.33575,0.01679,0.08959,3.295,3.295,947.3,5.68262,1.06488
1789864346.771,6362,5.33575,0.01679,0.08959,3.296,3.296,947.3,5.68353,1.06505
1789864346.781,6363,5.33575,0.01679,0.08959,3.297,3.297,947.3,5.68444,1.06522
1789864346.791,6364,5.33575,0.01679,0.08959,3.297,3.297,947.3,5.68532,1.06539
1789864346.800,6365,5.33575,0.01679,0.08959,3.297,3.297,947.3,5.68619,1.06555
1789864346.810,6366,5.33575,0.01679,0.08959,3.297,3.297,947.3,5.68707,1.06571
1789864346.820,6367,5.33575,0.01679,0.08959,3.297,3.297,947.3,5.68794,1.06588
1789864346.830,6368,5.33575,0.01679,0.08959,3.296,3.296,947.3,5.68884,1.06605
1789864346.840,6369,5.33575,0.01679,0.08959,3.296,3.297,947.3,5.68974,1.06621
1789864346.850,6370,5.33575,0.01679,0.08959,3.297,3.297,947.3,5.69063,1.06638
1789864346.860,6371,5.33575,0.01679,0.08959,3.298,3.298,947.3,5.69153,1.06655
1789864346.870,6372,5.33575,0.01679,0.08959,3.298,3.298,947.3,5.69242,1.06672
1789864346.880,6373,5.33579,0.01678,0.08953,3.299,3.299,947.3,5.69332,1.06689
1789864346.890,6374,5.33579,0.01678,0.08953,3.299,3.299,947.3,5.69421,1.06705
1789864346.900,6375,5.33579,0.01678,0.08953,3.299,3.299,947.3,5.69511,1.06722
1789864346.910,6376,5.33579,0.01678,0.08953,3.299,3.299,947.3,5.69601,1.06739
1789864346.920,6377,5.33579,0.01678,0.08953,3.299,3.299,947.3,5.69690,1.06756
1789864346.930,6378,5.33579,0.01678,0.08953,3.299,3.299,947.3,5.69780,1.06772
1789864346.940,6379,5.33579,0.01678,0.08953,3.298,3.298,947.3,5.69869,1.06789
1789864346.950,6380,5.33579,0.01678,0.08953,3.298,3.298,947.3,5.69959,1.06806
1789864346.960,6381,5.33579,0.01678,0.08953,3.295,3.296,947.3,5.70048,1.06823
1789864346.970,6382,5.33579,0.01678,0.08953,3.292,3.292,947.3,5.70138,1.06840
1789864346.980,6383,5.33575,0.01678,0.08953,3.292,3.292,947.3,5.70227,1.06856
1789864346.990,6384,5.33575,0.01678,0.08953,3.291,3.292,947.3,5.70317,1.06873
1789864347.000,6385,5.33575,0.01678,0.08953,3.292,3.292,947.3,5.70406,1.06890
1789864347.010,6386,5.33575,0.01678,0.08953,3.292,3.292,947.3,5.70496,1.06907
1789864347.020,6387,5.33575,0.01678,0.08953,3.290,3.291,947.3,5.70585,1.06923
1789864347.030,6388,5.33575,0.01678,0.08953,3.291,3.290,947.3,5.70675,1.06940
1789864347.040,6389,5.33575,0.01678,0.08953,3.289,3.289,947.3,5.70765,1.06957
1789864347.050,6390,5.33575,0.01678,0.08953,3.289,3.288,947.3,5.70855,1.06974
1789864347.060,6391,5.33575,0.01678,0.08953,3.288,3.287,947.3,5.70944,1.06991
1789864347.070,6392,5.33575,0.01678,0.08953,3.288,3.287,947.3,5.71034,1.07007
1789864347.080,6393,5.33579,0.01677,0.08948,3.292,3.291,947.3,5.71123,1.07024
1789864347.090,6394,5.33579,0.01677,0.08948,3.295,3.295,947.3,5.71212,1.07041
1789864347.100,6395,5.33579,0.01677,0.08948,3.296,3.296,947.3,5.71302,1.07058
1789864347.110,6396,5.33579,0.01677,0.08948,3.297,3.297,947.3,5.71391,1.07074
1789864347.120,6397,5.33579,0.01677,0.08948,3.298,3.298,947.3,5.71480,1.07091
1789864347.130,6398,5.33579,0.01677,0.08948,3.297,3.297,947.3,5.71570,1.07108
1789864347.140,6399,5.33579,0.01677,0.08948,3.296,3.296,947.3,5.71659,1.07125
1789864347.150,6400,5.33579,0.01677,0.08948,3.295,3.296,947.3,5.71748,1.07141
1789864347.160,6401,5.33579,0.01677,0.08948,3.295,3.295,947.3,5.71838,1.07158
1789864347.170,6402,5.33579,0.01677,0.08948,3.295,3.295,947.3,5.71927,1.07175
1789864347.180,6403,5.33575,0.01677,0.08948,3.295,3.295,947.3,5.72017,1.07192
1789864347.190,6404,5.33575,0.01677,0.08948,3.295,3.295,947.3,5.72106,1.07208
1789864347.200,6405,5.33575,0.01677,0.08948,3.295,3.295,947.3,5.72196,1.07225
1789864347.210,6406,5.33575,0.01677,0.08948,3.295,3.295,947.3,5.72285,1.07242
1789864347.220,6407,5.33575,0.01677,0.08948,3.295,3.295,947.3,5.72375,1.07259
1789864347.230,6408,5.33575,0.01677,0.08948,3.296,3.296,947.3,5.72465,1.07276
1789864347.240,6409,5.33575,0.01677,0.08948,3.296,3.296,947.3,5.72554,1.07292
1789864347.250,6410,5.33575,0.01677,0.08948,3.297,3.297,947.3,5.72644,1.07309
1789864347.260,6411,5.33575,0.01677,0.08948,3.298,3.297,947.3,5.72734,1.07326
1789864347.270,6412,5.33575,0.01677,0.08948,3.298,3.298,947.3,5.72823,1.07343
1789864347.280,6413,5.33575,0.01676,0.08943,3.299,3.299,947.3,5.72912,1.07360
1789864347.290,6414,5.33575,0.01676,0.08943,3.299,3.299,947.3,5.73002,1.07376
1789864347.300,6415,5.33575,0.01676,0.08943,3.299,3.299,947.3,5.73091,1.07393
1789864347.310,6416,5.33575,0.01676,0.08943,3.299,3.299,947.3,5.73180,1.07410
1789864347.320,6417,5.33575,0.01676,0.08943,3.299,3.299,947.3,5.73270,1.07426
1789864347.330,6418,5.33575,0.01676,0.08943,3.299,3.299,947.3,5.73359,1.07443
1789864347.340,6419,5.33575,0.01676,0.08943,3.299,3.299,947.3,5.73448,1.07460
1789864347.350,6420,5.33575,0.01676,0.08943,3.298,3.299,947.3,5.73538,1.07477
1789864347.360,6421,5.33575,0.01676,0.08943,3.295,3.296,947.3,5.73627,1.07494
1789864347.370,6422,5.33575,0.01676,0.08943,3.292,3.293,947.3,5.73717,1.07510
1789864347.380,6423,5.33575,0.01675,0.08937,3.292,3.292,947.3,5.73807,1.07527
1789864347.390,6424,5.33575,0.01675,0.08937,3.293,3.292,947.3,5.73896,1.07544
1789864347.400,6425,5.33575,0.01675,0.08937,3.291,3.291,947.3,5.73985,1.07561
1789864347.410,6426,5.33575,0.01675,0.08937,3.292,3.291,947.3,5.74074,1.07577
1789864347.420,6427,5.33575,0.01675,0.08937,3.291,3.291,947.3,5.74163,1.07594
1789864347.430,6428,5.33575,0.01675,0.08937,3.291,3.290,947.3,5.74253,1.07611
1789864347.440,6429,5.33575,0.01675,0.08937,3.289,3.289,947.3,5.74342,1.07627
1789864347.450,6430,5.33575,0.01675,0.08937,3.287,3.287,947.3,5.74432,1.07644
1789864347.460,6431,5.33575,0.01675,0.08937,3.288,3.288,947.3,5.74521,1.07661
1789864347.470,6432,5.33575,0.01675,0.08937,3.288,3.288,947.3,5.74610,1.07678
1789864347.480,6433,5.33583,0.01674,0.08932,3.291,3.291,947.3,5.74699,1.07694
1789864347.490,6434,5.33583,0.01674,0.08932,3.293,3.293,947.3,5.74788,1.07711
1789864347.500,6435,5.33583,0.01674,0.08932,3.295,3.294,947.3,5.74878,1.07728
1789864347.510,6436,5.33583,0.01674,0.08932,3.295,3.295,947.3,5.74967,1.07745
1789864347.520,6437,5.33583,0.01674,0.08932,3.295,3.295,947.3,5.75056,1.07761
1789864347.530,6438,5.33583,0.01674,0.08932,3.295,3.294,947.3,5.75146,1.07778
1789864347.540,6439,5.33583,0.01674,0.08932,3.295,3.295,947.3,5.75235,1.07795
1789864347.550,6440,5.33583,0.01674,0.08932,3.295,3.295,947.3,5.75324,1.07812
1789864347.560,6441,5.33583,0.01674,0.08932,3.295,3.295,947.3,5.75414,1.07828
1789864347.570,6442,5.33583,0.01674,0.08932,3.295,3.295,947.3,5.75503,1.07845
1789864347.580,6443,5.33575,0.01674,0.08932,3.295,3.295,947.3,5.75593,1.07862
1789864347.590,6444,5.33575,0.01674,0.08932,3.295,3.295,947.3,5.75682,1.07879
1789864347.600,6445,5.33575,0.01674,0.08932,3.295,3.295,947.3,5.75772,1.07895
1789864347.610,6446,5.33575,0.01674,0.08932,3.295,3.295,947.3,5.75861,1.07912
1789864347.620,6447,5.33575,0.01674,0.08932,3.295,3.295,947.3,5.75951,1.07929
1789864347.630,6448,5.33575,0.01674,0.08932,3.296,3.296,947.3,5.76040,1.07946
1789864347.640,6449,5.33575,0.01674,0.08932,3.296,3.296,947.3,5.76129,1.07962
1789864347.650,6450,5.33575,0.01674,0.08932,3.296,3.296,947.3,5.76219,1.07979
1789864347.660,6451,5.33575,0.01674,0.08932,3.297,3.297,947.3,5.76308,1.07996
1789864347.670,6452,5.33575,0.01674,0.08932,3.298,3.298,947.3,5.76397,1.08013
1789864347.680,6453,5.33575,0.01673,0.08927,3.299,3.299,947.3,5.76486,1.08029
1789864347.690,6454,5.33575,0.01673,0.08927,3.299,3.299,947.3,5.76576,1.08046
1789864347.700,6455,5.33575,0.01673,0.08927,3.299,3.299,947.3,5.76665,1.08063
1789864347.710,6456,5.33575,0.01673,0.08927,3.299,3.299,947.3,5.76754,1.08080
1789864347.720,6457,5.33575,0.01673,0.08927,3.299,3.299,947.3,5.76844,1.08096
1789864347.730,6458,5.33575,0.01673,0.08927,3.299,3.299,947.3,5.76933,1.08113
1789864347.740,6459,5.33575,0.01673,0.08927,3.298,3.298,947.3,5.77023,1.08130
1789864347.750,6460,5.33575,0.01673,0.08927,3.298,3.298,947.3,5.77112,1.08147
1789864347.760,6461,5.33575,0.01673,0.08927,3.296,3.296,947.3,5.77201,1.08163
1789864347.770,6462,5.33575,0.01673,0.08927,3.292,3.292,947.3,5.77290,1.08180
1789864347.780,6463,5.33568,0.01673,0.08927,3.292,3.291,947.3,5.77379,1.08197
1789864347.790,6464,5.33568,0.01673,0.08927,3.293,3.292,947.3,5.77468,1.08213
1789864347.800,6465,5.33568,0.01673,0.08927,3.292,3.292,947.3,5.77557,1.08230
1789864347.810,6466,5.33568,0.01673,0.08927,3.291,3.291,947.3,5.77647,1.08247
1789864347.820,6467,5.33568,0.01673,0.08927,3.291,3.289,947.3,5.77736,1.08264
1789864347.830,6468,5.33568,0.01673,0.08927,3.289,3.288,947.3,5.77825,1.08280
1789864347.840,6469,5.33568,0.01673,0.08927,3.287,3.286,947.3,5.77915,1.08297
1789864347.850,6470,5.33568,0.01673,0.08927,3.285,3.284,947.3,5.78004,1.08314
1789864347.860,6471,5.33568,0.01673,0.08927,3.284,3.283,947.3,5.78093,1.08331
1789864347.870,6472,5.33568,0.01673,0.08927,3.284,3.283,947.3,5.78183,1.08347
1789864347.880,6473,5.33564,0.01674,0.08932,3.287,3.287,947.3,5.78272,1.08364
1789864347.890,6474,5.33564,0.01674,0.08932,3.291,3.291,947.3,5.78362,1.08381
1789864347.900,6475,5.33564,0.01674,0.08932,3.292,3.292,947.3,5.78451,1.08398
1789864347.910,6476,5.33564,0.01674,0.08932,3.292,3.292,947.3,5.78540,1.08414
1789864347.920,6477,5.33564,0.01674,0.08932,3.293,3.293,947.3,5.78630,1.08431
1789864347.930,6478,5.33564,0.01674,0.08932,3.292,3.293,947.3,5.78719,1.08448
1789864347.940,6479,5.33564,0.01674,0.08932,3.292,3.292,947.3,5.78809,1.08465
1789864347.950,6480,5.33564,0.01674,0.08932,3.292,3.293,947.3,5.78898,1.08481
1789864347.960,6481,5.33564,0.01674,0.08932,3.294,3.294,947.3,5.78987,1.08498
1789864347.970,6482,5.33564,0.01674,0.08932,3.295,3.295,947.3,5.79076,1.08515
1789864347.980,6483,5.33556,0.01675,0.08937,3.295,3.295,947.3,5.79165,1.08531
1789864347.990,6484,5.33556,0.01675,0.08937,3.295,3.295,947.3,5.79254,1.08548
1789864348.000,6485,5.33556,0.01675,0.08937,3.296,3.296,947.3,5.79344,1.08565
1789864348.010,6486,5.33556,0.01675,0.08937,3.296,3.295,947.3,5.79433,1.08582
1789864348.020,6487,5.33556,0.01675,0.08937,3.296,3.296,947.3,5.79522,1.08598
1789864348.030,6488,5.33556,0.01675,0.08937,3.296,3.296,947.3,5.79612,1.08615
1789864348.040,6489,5.33556,0.01675,0.08937,3.297,3.296,947.3,5.79702,1.08632
1789864348.050,6490,5.33556,0.01675,0.08937,3.297,3.297,947.3,5.79791,1.08649
1789864348.060,6491,5.33556,0.01675,0.08937,3.297,3.297,947.3,5.79881,1.08666
1789864348.070,6492,5.33556,0.01675,0.08937,3.298,3.298,947.3,5.79970,1.08682
1789864348.080,6493,5.33556,0.01675,0.08937,3.296,3.296,947.3,5.80059,1.08699
1789864348.090,6494,5.33556,0.01675,0.08937,3.297,3.296,947.3,5.80148,1.08716
1789864348.100,6495,5.33556,0.01675,0.08937,3.297,3.297,947.3,5.80237,1.08732
1789864348.110,6496,5.33556,0.01675,0.08937,3.296,3.296,947.3,5.80327,1.08749
1789864348.120,6497,5.33556,0.01675,0.08937,3.296,3.296,947.3,5.80416,1.08766
1789864348.130,6498,5.33556,0.01675,0.08937,3.296,3.296,947.3,5.80505,1.08783
1789864348.140,6499,5.33556,0.01675,0.08937,3.298,3.297,947.3,5.80595,1.08799
1789864348.150,6500,5.33556,0.01675,0.08937,3.298,3.298,947.3,5.80685,1.08816
1789864348.160,6501,5.33556,0.01675,0.08937,3.296,3.296,947.3,5.80774,1.08833
1789864348.170,6502,5.33556,0.01675,0.08937,3.293,3.293,947.3,5.80864,1.08850
1789864348.180,6503,5.33560,0.01676,0.08942,3.292,3.291,947.3,5.80954,1.08867
1789864348.190,6504,5.33560,0.01676,0.08942,3.292,3.291,947.3,5.81043,1.08883
1789864348.200,6505,5.33560,0.01676,0.08942,3.292,3.292,947.3,5.81132,1.08900
1789864348.210,6506,5.33560,0.01676,0.08942,3.292,3.292,947.3,5.81221,1.08917
1789864348.220,6507,5.33560,0.01676,0.08942,3.291,3.291,947.3,5.81310,1.08933
1789864348.230,6508,5.33560,0.01676,0.08942,3.291,3.291,947.3,5.81400,1.08950
1789864348.240,6509,5.33560,0.01676,0.08942,3.289,3.289,947.3,5.81489,1.08967
1789864348.250,6510,5.33560,0.01676,0.08942,3.287,3.288,947.3,5.81578,1.08984
1789864348.260,6511,5.33560,0.01676,0.08942,3.286,3.287,947.3,5.81668,1.09000
1789864348.270,6512,5.33560,0.01676,0.08942,3.284,3.285,947.3,5.81757,1.09017
1789864348.280,6513,5.33572,0.01677,0.08948,3.287,3.287,947.3,5.81846,1.09034
1789864348.290,6514,5.33572,0.01677,0.08948,3.290,3.289,947.3,5.81935,1.09051
1789864348.300,6515,5.33572,0.01677,0.08948,3.291,3.291,947.3,5.82025,1.09067
1789864348.310,6516,5.33572,0.01677,0.08948,3.291,3.290,947.3,5.82115,1.09084
1789864348.320,6517,5.33572,0.01677,0.08948,3.291,3.291,947.3,5.82206,1.09101
1789864348.330,6518,5.33572,0.01677,0.08948,3.291,3.291,947.3,5.82297,1.09118
1789864348.341,6519,5.33572,0.01677,0.08948,3.291,3.291,947.3,5.82388,1.09135
1789864348.350,6520,5.33572,0.01677,0.08948,3.292,3.292,947.3,5.82477,1.09152
1789864348.360,6521,5.33572,0.01677,0.08948,3.292,3.293,947.3,5.82565,1.09169
1789864348.370,6522,5.33572,0.01677,0.08948,3.295,3.295,947.3,5.82654,1.09185
1789864348.380,6523,5.33579,0.01677,0.08948,3.295,3.295,947.3,5.82742,1.09202
1789864348.390,6524,5.33579,0.01677,0.08948,3.295,3.296,947.3,5.82831,1.09219
1789864348.400,6525,5.33579,0.01677,0.08948,3.295,3.296,947.3,5.82921,1.09235
1789864348.410,6526,5.33579,0.01677,0.08948,3.295,3.296,947.3,5.83010,1.09252
1789864348.420,6527,5.33579,0.01677,0.08948,3.296,3.297,947.3,5.83099,1.09269
1789864348.430,6528,5.33579,0.01677,0.08948,3.296,3.296,947.3,5.83190,1.09286
1789864348.440,6529,5.33579,0.01677,0.08948,3.296,3.296,947.3,5.83280,1.09303
1789864348.450,6530,5.33579,0.01677,0.08948,3.297,3.297,947.3,5.83371,1.09320
1789864348.460,6531,5.33579,0.01677,0.08948,3.298,3.298,947.3,5.83461,1.09337
1789864348.470,6532,5.33579,0.01677,0.08948,3.298,3.298,947.3,5.83550,1.09353
1789864348.480,6533,5.33583,0.01677,0.08948,3.299,3.298,947.3,5.83639,1.09370
1789864348.490,6534,5.33583,0.01677,0.08948,3.299,3.299,947.3,5.83727,1.09386
1789864348.500,6535,5.33583,0.01677,0.08948,3.299,3.299,947.3,5.83816,1.09403
1789864348.510,6536,5.33583,0.01677,0.08948,3.299,3.299,947.3,5.83906,1.09420
1789864348.520,6537,5.33583,0.01677,0.08948,3.299,3.299,947.3,5.83996,1.09437
1789864348.530,6538,5.33583,0.01677,0.08948,3.299,3.299,947.3,5.84086,1.09454
1789864348.540,6539,5.33583,0.01677,0.08948,3.298,3.298,947.3,5.84176,1.09470
1789864348.550,6540,5.33583,0.01677,0.08948,3.298,3.298,947.3,5.84264,1.09487
1789864348.560,6541,5.33583,0.01677,0.08948,3.295,3.296,947.3,5.84353,1.09504
1789864348.570,6542,5.33583,0.01677,0.08948,3.291,3.292,947.3,5.84442,1.09520
1789864348.580,6543,5.33587,0.01677,0.08948,3.291,3.292,947.3,5.84530,1.09537
1789864348.590,6544,5.33587,0.01677,0.08948,3.291,3.292,947.3,5.84620,1.09554
1789864348.600,6545,5.33587,0.01677,0.08948,3.292,3.293,947.3,5.84709,1.09570
1789864348.610,6546,5.33587,0.01677,0.08948,3.292,3.293,947.3,5.84799,1.09587
1789864348.620,6547,5.33587,0.01677,0.08948,3.292,3.292,947.3,5.84888,1.09604
1789864348.630,6548,5.33587,0.01677,0.08948,3.291,3.291,947.3,5.84978,1.09621
1789864348.640,6549,5.33587,0.01677,0.08948,3.290,3.291,947.3,5.85067,1.09638
1789864348.650,6550,5.33587,0.01677,0.08948,3.289,3.290,947.3,5.85157,1.09654
1789864348.660,6551,5.33587,0.01677,0.08948,3.289,3.289,947.3,5.85247,1.09671
1789864348.670,6552,5.33587,0.01677,0.08948,3.288,3.289,947.3,5.85337,1.09688
1789864348.680,6553,5.33591,0.01679,0.08959,3.290,3.290,947.3,5.85426,1.09705
1789864348.690,6554,5.33591,0.01679,0.08959,3.295,3.295,947.3,5.85516,1.09722
1789864348.700,6555,5.33591,0.01679,0.08959,3.294,3.294,947.3,5.85606,1.09738
1789864348.710,6556,5.33591,0.01679,0.08959,3.294,3.293,947.3,5.85695,1.09755
1789864348.720,6557,5.33591,0.01679,0.08959,3.294,3.294,947.3,5.85785,1.09772
1789864348.730,6558,5.33591,0.01679,0.08959,3.294,3.294,947.3,5.85874,1.09789
1789864348.740,6559,5.33591,0.01679,0.08959,3.293,3.293,947.3,5.85964,1.09806
1789864348.750,6560,5.33591,0.01679,0.08959,3.293,3.294,947.3,5.86053,1.09822
1789864348.760,6561,5.33591,0.01679,0.08959,3.295,3.295,947.3,5.86143,1.09839
1789864348.770,6562,5.33591,0.01679,0.08959,3.295,3.295,947.3,5.86232,1.09856
1789864348.780,6563,5.33595,0.01678,0.08954,3.295,3.295,947.3,5.86322,1.09873
1789864348.790,6564,5.33595,0.01678,0.08954,3.295,3.296,947.3,5.86412,1.09890
1789864348.800,6565,5.33595,0.01678,0.08954,3.296,3.296,947.3,5.86502,1.09906
1789864348.810,6566,5.33595,0.01678,0.08954,3.296,3.296,947.3,5.86592,1.09923
1789864348.820,6567,5.33595,0.01678,0.08954,3.296,3.296,947.3,5.86682,1.09940
1789864348.830,6568,5.33595,0.01678,0.08954,3.295,3.295,947.3,5.86771,1.09957
1789864348.840,6569,5.33595,0.01678,0.08954,3.296,3.296,947.3,5.86860,1.09973
1789864348.850,6570,5.33595,0.01678,0.08954,3.296,3.296,947.3,5.86949,1.09990
1789864348.860,6571,5.33595,0.01678,0.08954,3.297,3.297,947.3,5.87037,1.10007
1789864348.870,6572,5.33595,0.01678,0.08954,3.298,3.298,947.3,5.87130,1.10024
1789864348.881,6573,5.33603,0.01678,0.08954,3.299,3.298,947.3,5.87223,1.10042
1789864348.891,6574,5.33603,0.01678,0.08954,3.299,3.299,947.3,5.87316,1.10059
1789864348.901,6575,5.33603,0.01678,0.08954,3.299,3.299,947.3,5.87409,1.10076
1789864348.911,6576,5.33603,0.01678,0.08954,3.299,3.299,947.3,5.87495,1.10093
1789864348.921,6577,5.33603,0.01678,0.08954,3.299,3.299,947.3,5.87581,1.10109
1789864348.930,6578,5.33603,0.01678,0.08954,3.298,3.298,947.3,5.87667,1.10125
1789864348.940,6579,5.33603,0.01678,0.08954,3.298,3.298,947.3,5.87754,1.10141
1789864348.950,6580,5.33603,0.01678,0.08954,3.298,3.298,947.3,5.87844,1.10158
1789864348.960,6581,5.33603,0.01678,0.08954,3.295,3.296,947.3,5.87934,1.10175
1789864348.970,6582,5.33603,0.01678,0.08954,3.293,3.294,947.3,5.88024,1.10192
1789864348.980,6583,5.33611,0.01678,0.08954,3.292,3.293,947.3,5.88114,1.10209
1789864348.990,6584,5.33611,0.01678,0.08954,3.293,3.293,947.3,5.88203,1.10225
1789864349.000,6585,5.33611,0.01678,0.08954,3.293,3.294,947.3,5.88293,1.10242
1789864349.010,6586,5.33611,0.01678,0.08954,3.293,3.294,947.3,5.88382,1.10259
1789864349.020,6587,5.33611,0.01678,0.08954,3.294,3.294,947.3,5.88472,1.10276
1789864349.030,6588,5.33611,0.01678,0.08954,3.291,3.291,947.3,5.88561,1.10292
1789864349.040,6589,5.33611,0.01678,0.08954,3.290,3.290,947.3,5.88651,1.10309
1789864349.050,6590,5.33611,0.01678,0.08954,3.289,3.290,947.3,5.88740,1.10326
1789864349.060,6591,5.33611,0.01678,0.08954,3.287,3.287,947.3,5.88829,1.10343
1789864349.070,6592,5.33611,0.01678,0.08954,3.286,3.286,947.3,5.88919,1.10359
1789864349.080,6593,5.33618,0.01677,0.08949,3.287,3.287,947.3,5.89009,1.10376
1789864349.090,6594,5.33618,0.01677,0.08949,3.291,3.291,947.3,5.89099,1.10393
1789864349.100,6595,5.33618,0.01677,0.08949,3.293,3.293,947.3,5.89188,1.10410
1789864349.110,6596,5.33618,0.01677,0.08949,3.292,3.292,947.3,5.89278,1.10427
1789864349.120,6597,5.33618,0.01677,0.08949,3.294,3.294,947.3,5.89367,1.10443
1789864349.130,6598,5.33618,0.01677,0.08949,3.295,3.295,947.3,5.89457,1.10460
1789864349.140,6599,5.33618,0.01677,0.08949,3.294,3.294,947.3,5.89546,1.10477
1789864349.150,6600,5.33618,0.01677,0.08949,3.295,3.294,947.3,5.89636,1.10494
1789864349.160,6601,5.33618,0.01677,0.08949,3.295,3.294,947.3,5.89725,1.10511
1789864349.170,6602,5.33618,0.01677,0.08949,3.295,3.295,947.3,5.89815,1.10527
1789864349.180,6603,5.33626,0.01677,0.08949,3.295,3.295,947.3,5.89904,1.10544
1789864349.190,6604,5.33626,0.01677,0.08949,3.296,3.296,947.3,5.89994,1.10561
1789864349.200,6605,5.33626,0.01677,0.08949,3.296,3.297,947.3,5.90084,1.10578
1789864349.210,6606,5.33626,0.01677,0.08949,3.296,3.296,947.3,5.90174,1.10595
1789864349.220,6607,5.33626,0.01677,0.08949,3.296,3.297,947.3,5.90264,1.10611
1789864349.230,6608,5.33626,0.01677,0.08949,3.296,3.296,947.3,5.90353,1.10628
1789864349.240,6609,5.33626,0.01677,0.08949,3.297,3.297,947.3,5.90442,1.10645
1789864349.250,6610,5.33626,0.01677,0.08949,3.297,3.297,947.3,5.90532,1.10662
1789864349.260,6611,5.33626,0.01677,0.08949,3.297,3.297,947.3,5.90621,1.10678
1789864349.270,6612,5.33626,0.01677,0.08949,3.297,3.298,947.3,5.90710,1.10695
1789864349.280,6613,5.33622,0.01677,0.08949,3.298,3.298,947.3,5.90798,1.10712
1789864349.290,6614,5.33622,0.01677,0.08949,3.299,3.299,947.3,5.90887,1.10728
1789864349.300,6615,5.33622,0.01677,0.08949,3.299,3.299,947.3,5.90976,1.10745
1789864349.310,6616,5.33622,0.01677,0.08949,3.299,3.299,947.3,5.91066,1.10762
1789864349.320,6617,5.33622,0.01677,0.08949,3.299,3.299,947.3,5.91156,1.10779
1789864349.330,6618,5.33622,0.01677,0.08949,3.299,3.299,947.3,5.91245,1.10795
1789864349.340,6619,5.33622,0.01677,0.08949,3.298,3.298,947.3,5.91335,1.10812
1789864349.350,6620,5.33622,0.01677,0.08949,3.298,3.298,947.3,5.91425,1.10829
1789864349.360,6621,5.33622,0.01677,0.08949,3.296,3.297,947.3,5.91514,1.10846
1789864349.370,6622,5.33622,0.01677,0.08949,3.293,3.295,947.3,5.91603,1.10862
1789864349.380,6623,5.33622,0.01677,0.08949,3.291,3.291,947.3,5.91693,1.10879
1789864349.390,6624,5.33622,0.01677,0.08949,3.291,3.292,947.3,5.91783,1.10896
1789864349.400,6625,5.33622,0.01677,0.08949,3.292,3.292,947.3,5.91872,1.10913
1789864349.410,6626,5.33622,0.01677,0.08949,3.292,3.292,947.3,5.91962,1.10930
1789864349.420,6627,5.33622,0.01677,0.08949,3.292,3.293,947.3,5.92051,1.10946
1789864349.430,6628,5.33622,0.01677,0.08949,3.291,3.291,947.3,5.92140,1.10963
1789864349.440,6629,5.33622,0.01677,0.08949,3.292,3.293,947.3,5.92230,1.10980
1789864349.450,6630,5.33622,0.01677,0.08949,3.291,3.291,947.3,5.92319,1.10997
1789864349.460,6631,5.33622,0.01677,0.08949,3.291,3.291,947.3,5.92409,1.11013
1789864349.470,6632,5.33622,0.01677,0.08949,3.290,3.290,947.3,5.92499,1.11030
1789864349.480,6633,5.33622,0.01677,0.08949,3.290,3.289,947.3,5.92589,1.11047
1789864349.490,6634,5.33622,0.01677,0.08949,3.293,3.292,947.3,5.92679,1.11064
1789864349.500,6635,5.33622,0.01677,0.08949,3.292,3.292,947.3,5.92769,1.11081
1789864349.510,6636,5.33622,0.01677,0.08949,3.292,3.292,947.3,5.92858,1.11098
1789864349.520,6637,5.33622,0.01677,0.08949,3.291,3.291,947.3,5.92947,1.11114
1789864349.530,6638,5.33622,0.01677,0.08949,3.291,3.292,947.3,5.93036,1.11131
1789864349.540,6639,5.33622,0.01677,0.08949,3.292,3.293,947.3,5.93125,1.11148
1789864349.550,6640,5.33622,0.01677,0.08949,3.292,3.293,947.3,5.93215,1.11164
1789864349.560,6641,5.33622,0.01677,0.08949,3.293,3.293,947.3,5.93304,1.11181
1789864349.570,6642,5.33622,0.01677,0.08949,3.295,3.295,947.3,5.93393,1.11198
1789864349.580,6643,5.33634,0.01677,0.08949,3.295,3.295,947.3,5.93483,1.11215
1789864349.590,6644,5.33634,0.01677,0.08949,3.295,3.295,947.3,5.93572,1.11231
1789864349.600,6645,5.33634,0.01677,0.08949,3.295,3.295,947.3,5.93662,1.11248
1789864349.610,6646,5.33634,0.01677,0.08949,3.295,3.296,947.3,5.93752,1.11265
1789864349.620,6647,5.33634,0.01677,0.08949,3.296,3.296,947.3,5.93842,1.11282
1789864349.630,6648,5.33634,0.01677,0.08949,3.296,3.296,947.3,5.93932,1.11299
1789864349.640,6649,5.33634,0.01677,0.08949,3.296,3.296,947.3,5.94021,1.11316
1789864349.650,6650,5.33634,0.01677,0.08949,3.297,3.297,947.3,5.94111,1.11332
1789864349.660,6651,5.33634,0.01677,0.08949,3.297,3.298,947.3,5.94200,1.11349
1789864349.670,6652,5.33634,0.01677,0.08949,3.297,3.298,947.3,5.94289,1.11366
1789864349.680,6653,5.33642,0.01677,0.08949,3.297,3.298,947.3,5.94379,1.11383
1789864349.690,6654,5.33642,0.01677,0.08949,3.298,3.299,947.3,5.94468,1.11399
1789864349.700,6655,5.33642,0.01677,0.08949,3.299,3.299,947.3,5.94558,1.11416
1789864349.710,6656,5.33642,0.01677,0.08949,3.299,3.299,947.3,5.94647,1.11433
1789864349.720,6657,5.33642,0.01677,0.08949,3.299,3.299,947.3,5.94737,1.11450
1789864349.730,6658,5.33642,0.01677,0.08949,3.298,3.299,947.3,5.94826,1.11466
1789864349.740,6659,5.33642,0.01677,0.08949,3.298,3.298,947.3,5.94916,1.11483
1789864349.750,6660,5.33642,0.01677,0.08949,3.298,3.298,947.3,5.95005,1.11500
1789864349.760,6661,5.33642,0.01677,0.08949,3.297,3.297,947.3,5.95095,1.11517
1789864349.770,6662,5.33642,0.01677,0.08949,3.294,3.295,947.3,5.95184,1.11533
1789864349.780,6663,5.33650,0.01677,0.08949,3.292,3.292,947.3,5.95273,1.11550
1789864349.790,6664,5.33650,0.01677,0.08949,3.292,3.292,947.3,5.95363,1.11567
1789864349.800,6665,5.33650,0.01677,0.08949,3.292,3.293,947.3,5.95452,1.11584
1789864349.810,6666,5.33650,0.01677,0.08949,3.292,3.293,947.3,5.95541,1.11600
1789864349.820,6667,5.33650,0.01677,0.08949,3.292,3.293,947.3,5.95631,1.11617
1789864349.830,6668,5.33650,0.01677,0.08949,3.291,3.291,947.3,5.95720,1.11634
1789864349.840,6669,5.33650,0.01677,0.08949,3.290,3.291,947.3,5.95810,1.11651
1789864349.850,6670,5.33650,0.01677,0.08949,3.289,3.290,947.3,5.95900,1.11668
1789864349.860,6671,5.33650,0.01677,0.08949,3.288,3.287,947.3,5.95990,1.11684
1789864349.870,6672,5.33650,0.01677,0.08949,3.287,3.287,947.3,5.96079,1.11701
1789864349.880,6673,5.33654,0.01677,0.08949,3.288,3.287,947.3,5.96168,1.11718
1789864349.890,6674,5.33654,0.01677,0.08949,3.292,3.291,947.3,5.96258,1.11735
1789864349.900,6675,5.33654,0.01677,0.08949,3.295,3.295,947.3,5.96347,1.11751
1789864349.910,6676,5.33654,0.01677,0.08949,3.294,3.293,947.3,5.96436,1.11768
1789864349.920,6677,5.33654,0.01677,0.08949,3.295,3.295,947.3,5.96526,1.11785
1789864349.930,6678,5.33654,0.01677,0.08949,3.295,3.295,947.3,5.96615,1.11802
1789864349.940,6679,5.33654,0.01677,0.08949,3.294,3.295,947.3,5.96705,1.11818
1789864349.950,6680,5.33654,0.01677,0.08949,3.294,3.295,947.3,5.96794,1.11835
1789864349.960,6681,5.33654,0.01677,0.08949,3.294,3.294,947.3,5.96884,1.11852
1789864349.970,6682,5.33654,0.01677,0.08949,3.295,3.295,947.3,5.96974,1.11869
1789864349.980,6683,5.33661,0.01677,0.08949,3.295,3.295,947.3,5.97063,1.11886
1789864349.990,6684,5.33661,0.01677,0.08949,3.295,3.295,947.3,5.97153,1.11902
1789864350.000,6685,5.33661,0.01677,0.08949,3.295,3.295,947.3,5.97242,1.11919
1789864350.010,6686,5.33661,0.01677,0.08949,3.295,3.295,947.3,5.97331,1.11936
1789864350.020,6687,5.33661,0.01677,0.08949,3.295,3.295,947.3,5.97421,1.11953
1789864350.030,6688,5.33661,0.01677,0.08949,3.295,3.295,947.3,5.97510,1.11969
1789864350.040,6689,5.33661,0.01677,0.08949,3.295,3.295,947.3,5.97600,1.11986
1789864350.050,6690,5.33661,0.01677,0.08949,3.296,3.296,947.3,5.97690,1.12003
1789864350.060,6691,5.33661,0.01677,0.08949,3.297,3.297,947.3,5.97779,1.12020
1789864350.070,6692,5.33661,0.01677,0.08949,3.297,3.297,947.3,5.97869,1.12037
1789864350.080,6693,5.33673,0.01677,0.08950,3.297,3.298,947.3,5.97959,1.12053
1789864350.090,6694,5.33673,0.01677,0.08950,3.297,3.297,947.3,5.98049,1.12070
1789864350.100,6695,5.33673,0.01677,0.08950,3.297,3.297,947.3,5.98138,1.12087
1789864350.110,6696,5.33673,0.01677,0.08950,3.296,3.297,947.3,5.98227,1.12104
1789864350.120,6697,5.33673,0.01677,0.08950,3.295,3.296,947.3,5.98317,1.12120
1789864350.130,6698,5.33673,0.01677,0.08950,3.295,3.296,947.3,5.98406,1.12137
1789864350.140,6699,5.33673,0.01677,0.08950,3.296,3.296,947.3,5.98495,1.12154
1789864350.150,6700,5.33673,0.01677,0.08950,3.297,3.297,947.3,5.98584,1.12171
1789864350.160,6701,5.33673,0.01677,0.08950,3.296,3.297,947.3,5.98674,1.12187
1789864350.170,6702,5.33673,0.01677,0.08950,3.295,3.295,947.3,5.98763,1.12204
1789864350.180,6703,5.33673,0.01678,0.08955,3.292,3.293,947.3,5.98853,1.12221
1789864350.190,6704,5.33673,0.01678,0.08955,3.293,3.293,947.3,5.98942,1.12238
1789864350.200,6705,5.33673,0.01678,0.08955,3.292,3.293,947.3,5.99032,1.12255
1789864350.210,6706,5.33673,0.01678,0.08955,3.292,3.293,947.3,5.99122,1.12271
1789864350.220,6707,5.33673,0.01678,0.08955,3.293,3.293,947.3,5.99212,1.12288
1789864350.230,6708,5.33673,0.01678,0.08955,3.292,3.292,947.3,5.99301,1.12305
1789864350.240,6709,5.33673,0.01678,0.08955,3.291,3.292,947.3,5.99390,1.12322
1789864350.250,6710,5.33673,0.01678,0.08955,3.291,3.291,947.3,5.99480,1.12338
1789864350.260,6711,5.33673,0.01678,0.08955,3.289,3.290,947.3,5.99569,1.12355
1789864350.270,6712,5.33673,0.01678,0.08955,3.287,3.287,947.3,5.99659,1.12372
1789864350.280,6713,5.33681,0.01678,0.08955,3.287,3.287,947.3,5.99748,1.12389
1789864350.290,6714,5.33681,0.01678,0.08955,3.290,3.290,947.3,5.99838,1.12405
1789864350.300,6715,5.33681,0.01678,0.08955,3.292,3.292,947.3,5.99927,1.12422
1789864350.310,6716,5.33681,0.01678,0.08955,3.291,3.292,947.3,6.00017,1.12439
1789864350.320,6717,5.33681,0.01678,0.08955,3.291,3.291,947.3,6.00107,1.12456
1789864350.330,6718,5.33681,0.01678,0.08955,3.293,3.292,947.3,6.00196,1.12473
1789864350.340,6719,5.33681,0.01678,0.08955,3.293,3.292,947.3,6.00286,1.12489
1789864350.350,6720,5.33681,0.01678,0.08955,3.293,3.292,947.3,6.00376,1.12506
1789864350.360,6721,5.33681,0.01678,0.08955,3.292,3.291,947.3,6.00465,1.12523
1789864350.370,6722,5.33681,0.01678,0.08955,3.294,3.294,947.3,6.00555,1.12540
1789864350.380,6723,5.33681,0.01678,0.08955,3.295,3.295,947.3,6.00645,1.12557
1789864350.390,6724,5.33681,0.01678,0.08955,3.295,3.295,947.3,6.00734,1.12573
1789864350.400,6725,5.33681,0.01678,0.08955,3.295,3.295,947.3,6.00824,1.12590
1789864350.410,6726,5.33681,0.01678,0.08955,3.295,3.295,947.3,6.00913,1.12607
1789864350.420,6727,5.33681,0.01678,0.08955,3.295,3.295,947.3,6.01002,1.12624
1789864350.430,6728,5.33681,0.01678,0.08955,3.295,3.295,947.3,6.01092,1.12641
1789864350.440,6729,5.33681,0.01678,0.08955,3.295,3.295,947.3,6.01182,1.12657
1789864350.450,6730,5.33681,0.01678,0.08955,3.295,3.296,947.3,6.01272,1.12674
1789864350.460,6731,5.33681,0.01678,0.08955,3.296,3.296,947.3,6.01361,1.12691
1789864350.470,6732,5.33681,0.01678,0.08955,3.297,3.297,947.3,6.01451,1.12708
1789864350.480,6733,5.33677,0.01678,0.08955,3.298,3.298,947.3,6.01540,1.12725
1789864350.490,6734,5.33677,0.01678,0.08955,3.299,3.299,947.3,6.01630,1.12741
1789864350.500,6735,5.33677,0.01678,0.08955,3.299,3.299,947.3,6.01720,1.12758
1789864350.510,6736,5.33677,0.01678,0.08955,3.298,3.299,947.3,6.01809,1.12775
1789864350.520,6737,5.33677,0.01678,0.08955,3.298,3.299,947.3,6.01898,1.12792
1789864350.530,6738,5.33677,0.01678,0.08955,3.298,3.299,947.3,6.01987,1.12808
1789864350.540,6739,5.33677,0.01678,0.08955,3.298,3.298,947.3,6.02076,1.12825
1789864350.550,6740,5.33677,0.01678,0.08955,3.298,3.298,947.3,6.02166,1.12842
1789864350.560,6741,5.33677,0.01678,0.08955,3.296,3.297,947.3,6.02256,1.12859
1789864350.570,6742,5.33677,0.01678,0.08955,3.294,3.295,947.3,6.02345,1.12875
1789864350.580,6743,5.33677,0.01678,0.08955,3.294,3.295,947.3,6.02435,1.12892
1789864350.590,6744,5.33677,0.01678,0.08955,3.294,3.295,947.3,6.02525,1.12909
1789864350.600,6745,5.33677,0.01678,0.08955,3.294,3.295,947.3,6.02614,1.12926
1789864350.610,6746,5.33677,0.01678,0.08955,3.294,3.295,947.3,6.02704,1.12943
1789864350.620,6747,5.33677,0.01678,0.08955,3.295,3.295,947.3,6.02794,1.12959
1789864350.630,6748,5.33677,0.01678,0.08955,3.295,3.295,947.3,6.02883,1.12976
1789864350.640,6749,5.33677,0.01678,0.08955,3.293,3.293,947.3,6.02973,1.12993
1789864350.650,6750,5.33677,0.01678,0.08955,3.292,3.292,947.3,6.03062,1.13010
1789864350.660,6751,5.33677,0.01678,0.08955,3.291,3.291,947.3,6.03152,1.13026
1789864350.670,6752,5.33677,0.01678,0.08955,3.291,3.291,947.3,6.03241,1.13043
1789864350.680,6753,5.33677,0.01678,0.08955,3.289,3.288,947.3,6.03331,1.13060
1789864350.690,6754,5.33677,0.01678,0.08955,3.291,3.291,947.3,6.03420,1.13077
1789864350.700,6755,5.33677,0.01678,0.08955,3.291,3.291,947.3,6.03509,1.13093
1789864350.710,6756,5.33677,0.01678,0.08955,3.290,3.290,947.3,6.03599,1.13110
1789864350.720,6757,5.33677,0.01678,0.08955,3.291,3.291,947.3,6.03689,1.13127
1789864350.730,6758,5.33677,0.01678,0.08955,3.291,3.291,947.3,6.03779,1.13144
1789864350.740,6759,5.33677,0.01678,0.08955,3.292,3.292,947.3,6.03869,1.13161
1789864350.750,6760,5.33677,0.01678,0.08955,3.293,3.293,947.3,6.03958,1.13178
1789864350.760,6761,5.33677,0.01678,0.08955,3.295,3.295,947.3,6.04048,1.13194
1789864350.770,6762,5.33677,0.01678,0.08955,3.295,3.295,947.3,6.04137,1.13211
1789864350.780,6763,5.33677,0.01677,0.08950,3.296,3.296,947.3,6.04227,1.13228
1789864350.790,6764,5.33677,0.01677,0.08950,3.297,3.297,947.3,6.04316,1.13245
1789864350.800,6765,5.33677,0.01677,0.08950,3.297,3.297,947.3,6.04406,1.13261
1789864350.810,6766,5.33677,0.01677,0.08950,3.296,3.296,947.3,6.04495,1.13278
1789864350.820,6767,5.33677,0.01677,0.08950,3.296,3.297,947.3,6.04584,1.13295
1789864350.830,6768,5.33677,0.01677,0.08950,3.296,3.297,947.3,6.04674,1.13312
1789864350.840,6769,5.33677,0.01677,0.08950,3.297,3.297,947.3,6.04764,1.13329
1789864350.850,6770,5.33677,0.01677,0.08950,3.297,3.298,947.3,6.04853,1.13345
1789864350.860,6771,5.33677,0.01677,0.08950,3.297,3.298,947.3,6.04943,1.13362
1789864350.870,6772,5.33677,0.01677,0.08950,3.299,3.299,947.3,6.05032,1.13379
1789864350.880,6773,5.33669,0.01678,0.08955,3.299,3.299,947.3,6.05122,1.13396
1789864350.890,6774,5.33669,0.01678,0.08955,3.299,3.299,947.3,6.05211,1.13412
1789864350.900,6775,5.33669,0.01678,0.08955,3.299,3.299,947.3,6.05300,1.13429
1789864350.910,6776,5.33669,0.01678,0.08955,3.299,3.299,947.3,6.05390,1.13446
1789864350.920,6777,5.33669,0.01678,0.08955,3.299,3.299,947.3,6.05480,1.13463
1789864350.930,6778,5.33669,0.01678,0.08955,3.299,3.299,947.3,6.05569,1.13479
1789864350.940,6779,5.33669,0.01678,0.08955,3.298,3.299,947.3,6.05659,1.13496
1789864350.950,6780,5.33669,0.01678,0.08955,3.298,3.298,947.3,6.05749,1.13513
1789864350.960,6781,5.33669,0.01678,0.08955,3.297,3.298,947.3,6.05839,1.13530
1789864350.970,6782,5.33669,0.01678,0.08955,3.295,3.295,947.3,6.05928,1.13547
1789864350.980,6783,5.33661,0.01678,0.08955,3.291,3.291,947.3,6.06018,1.13564
1789864350.990,6784,5.33661,0.01678,0.08955,3.291,3.291,947.3,6.06107,1.13580
1789864351.000,6785,5.33661,0.01678,0.08955,3.292,3.292,947.3,6.06196,1.13597
1789864351.010,6786,5.33661,0.01678,0.08955,3.292,3.292,947.3,6.06286,1.13614
1789864351.020,6787,5.33661,0.01678,0.08955,3.292,3.292,947.3,6.06375,1.13630
1789864351.030,6788,5.33661,0.01678,0.08955,3.290,3.291,947.3,6.06464,1.13647
1789864351.040,6789,5.33661,0.01678,0.08955,3.290,3.291,947.3,6.06554,1.13664
1789864351.050,6790,5.33661,0.01678,0.08955,3.288,3.289,947.3,6.06644,1.13681
1789864351.060,6791,5.33661,0.01678,0.08955,3.287,3.288,947.3,6.06734,1.13698
1789864351.070,6792,5.33661,0.01678,0.08955,3.287,3.287,947.3,6.06823,1.13714
1789864351.080,6793,5.33657,0.01678,0.08955,3.287,3.287,947.3,6.06913,1.13731
1789864351.090,6794,5.33657,0.01678,0.08955,3.289,3.290,947.3,6.07002,1.13748
1789864351.100,6795,5.33657,0.01678,0.08955,3.292,3.293,947.3,6.07092,1.13765
1789864351.110,6796,5.33657,0.01678,0.08955,3.292,3.293,947.3,6.07183,1.13782
1789864351.121,6797,5.33657,0.01678,0.08955,3.293,3.294,947.3,6.07274,1.13799
1789864351.131,6798,5.33657,0.01678,0.08955,3.294,3.295,947.3,6.07366,1.13816
1789864351.141,6799,5.33657,0.01678,0.08955,3.294,3.295,947.3,6.07457,1.13833
1789864351.151,6800,5.33657,0.01678,0.08955,3.295,3.296,947.3,6.07545,1.13850
1789864351.161,6801,5.33657,0.01678,0.08955,3.295,3.296,947.3,6.07632,1.13866
1789864351.170,6802,5.33657,0.01678,0.08955,3.295,3.296,947.3,6.07719,1.13882
1789864351.180,6803,5.33650,0.01678,0.08955,3.295,3.295,947.3,6.07807,1.13899
1789864351.190,6804,5.33650,0.01678,0.08955,3.295,3.295,947.3,6.07896,1.13916
1789864351.200,6805,5.33650,0.01678,0.08955,3.295,3.295,947.3,6.07986,1.13932
1789864351.210,6806,5.33650,0.01678,0.08955,3.295,3.295,947.3,6.08076,1.13949
1789864351.220,6807,5.33650,0.01678,0.08955,3.295,3.296,947.3,6.08165,1.13966
1789864351.230,6808,5.33650,0.01678,0.08955,3.295,3.295,947.3,6.08255,1.13983
1789864351.240,6809,5.33650,0.01678,0.08955,3.295,3.295,947.3,6.08345,1.14000
1789864351.250,6810,5.33650,0.01678,0.08955,3.296,3.296,947.3,6.08435,1.14016
1789864351.260,6811,5.33650,0.01678,0.08955,3.297,3.297,947.3,6.08525,1.14033
1789864351.270,6812,5.33650,0.01678,0.08955,3.297,3.297,947.3,6.08614,1.14050
1789864351.280,6813,5.33646,0.01679,0.08960,3.298,3.298,947.3,6.08704,1.14067
1789864351.290,6814,5.33646,0.01679,0.08960,3.299,3.298,947.3,6.08793,1.14084
1789864351.300,6815,5.33646,0.01679,0.08960,3.299,3.299,947.3,6.08882,1.14100
1789864351.310,6816,5.33646,0.01679,0.08960,3.299,3.299,947.3,6.08971,1.14117
1789864351.320,6817,5.33646,0.01679,0.08960,3.299,3.299,947.3,6.09061,1.14134
1789864351.330,6818,5.33646,0.01679,0.08960,3.299,3.299,947.3,6.09150,1.14150
1789864351.340,6819,5.33646,0.01679,0.08960,3.299,3.299,947.3,6.09239,1.14167
1789864351.350,6820,5.33646,0.01679,0.08960,3.298,3.298,947.3,6.09329,1.14184
1789864351.360,6821,5.33646,0.01679,0.08960,3.297,3.298,947.3,6.09419,1.14201
1789864351.370,6822,5.33646,0.01679,0.08960,3.295,3.295,947.3,6.09509,1.14218
1789864351.380,6823,5.33638,0.01678,0.08954,3.291,3.291,947.3,6.09600,1.14235
1789864351.390,6824,5.33638,0.01678,0.08954,3.291,3.291,947.3,6.09689,1.14251
1789864351.400,6825,5.33638,0.01678,0.08954,3.291,3.291,947.3,6.09778,1.14268
1789864351.410,6826,5.33638,0.01678,0.08954,3.292,3.291,947.3,6.09868,1.14285
1789864351.420,6827,5.33638,0.01678,0.08954,3.292,3.292,947.3,6.09957,1.14302
1789864351.430,6828,5.33638,0.01678,0.08954,3.292,3.292,947.3,6.10047,1.14318
1789864351.440,6829,5.33638,0.01678,0.08954,3.292,3.292,947.3,6.10136,1.14335
1789864351.450,6830,5.33638,0.01678,0.08954,3.291,3.291,947.3,6.10226,1.14352
1789864351.460,6831,5.33638,0.01678,0.08954,3.290,3.291,947.3,6.10316,1.14369
1789864351.470,6832,5.33638,0.01678,0.08954,3.289,3.290,947.3,6.10405,1.14386
1789864351.480,6833,5.33634,0.01677,0.08949,3.289,3.290,947.3,6.10495,1.14402
1789864351.490,6834,5.33634,0.01677,0.08949,3.291,3.291,947.3,6.10584,1.14419
1789864351.500,6835,5.33634,0.01677,0.08949,3.291,3.292,947.3,6.10673,1.14436
1789864351.510,6836,5.33634,0.01677,0.08949,3.291,3.291,947.3,6.10763,1.14453
1789864351.520,6837,5.33634,0.01677,0.08949,3.290,3.291,947.3,6.10852,1.14469
1789864351.530,6838,5.33634,0.01677,0.08949,3.291,3.291,947.3,6.10941,1.14486
1789864351.540,6839,5.33634,0.01677,0.08949,3.290,3.291,947.3,6.11031,1.14503
1789864351.550,6840,5.33634,0.01677,0.08949,3.291,3.291,947.3,6.11120,1.14520
1789864351.560,6841,5.33634,0.01677,0.08949,3.292,3.292,947.3,6.11210,1.14536
1789864351.570,6842,5.33634,0.01677,0.08949,3.294,3.294,947.3,6.11300,1.14553
1789864351.580,6843,5.33622,0.01677,0.08949,3.295,3.295,947.3,6.11389,1.14570
1789864351.590,6844,5.33622,0.01677,0.08949,3.295,3.296,947.3,6.11479,1.14587
1789864351.600,6845,5.33622,0.01677,0.08949,3.295,3.296,947.3,6.11568,1.14604
1789864351.610,6846,5.33622,0.01677,0.08949,3.296,3.297,947.3,6.11657,1.14620
1789864351.620,6847,5.33622,0.01677,0.08949,3.296,3.297,947.3,6.11747,1.14637
1789864351.630,6848,5.33622,0.01677,0.08949,3.297,3.297,947.3,6.11836,1.14654
1789864351.640,6849,5.33622,0.01677,0.08949,3.297,3.298,947.3,6.11926,1.14671
1789864351.650,6850,5.33622,0.01677,0.08949,3.298,3.298,947.3,6.12016,1.14687
1789864351.660,6851,5.33622,0.01677,0.08949,3.298,3.298,947.3,6.12105,1.14704
1789864351.670,6852,5.33622,0.01677,0.08949,3.298,3.298,947.3,6.12195,1.14721
1789864351.680,6853,5.33607,0.01678,0.08954,3.299,3.299,947.3,6.12284,1.14738
1789864351.690,6854,5.33607,0.01678,0.08954,3.299,3.299,947.3,6.12374,1.14755
1789864351.700,6855,5.33607,0.01678,0.08954,3.299,3.299,947.3,6.12463,1.14771
1789864351.710,6856,5.33607,0.01678,0.08954,3.299,3.299,947.3,6.12553,1.14788
1789864351.720,6857,5.33607,0.01678,0.08954,3.299,3.299,947.3,6.12643,1.14805
1789864351.730,6858,5.33607,0.01678,0.08954,3.299,3.299,947.3,6.12733,1.14822
1789864351.740,6859,5.33607,0.01678,0.08954,3.299,3.299,947.3,6.12823,1.14839
1789864351.750,6860,5.33607,0.01678,0.08954,3.299,3.299,947.3,6.12912,1.14855
1789864351.760,6861,5.33607,0.01678,0.08954,3.298,3.298,947.3,6.13001,1.14872
1789864351.770,6862,5.33607,0.01678,0.08954,3.296,3.296,947.3,6.13091,1.14889
1789864351.780,6863,5.33591,0.01679,0.08959,3.294,3.295,947.3,6.13180,1.14906
1789864351.790,6864,5.33591,0.01679,0.08959,3.294,3.294,947.3,6.13269,1.14922
1789864351.800,6865,5.33591,0.01679,0.08959,3.294,3.294,947.3,6.13359,1.14939
1789864351.810,6866,5.33591,0.01679,0.08959,3.295,3.294,947.3,6.13448,1.14956
1789864351.820,6867,5.33591,0.01679,0.08959,3.295,3.295,947.3,6.13538,1.14973
1789864351.830,6868,5.33591,0.01679,0.08959,3.294,3.295,947.3,6.13628,1.14990
1789864351.840,6869,5.33591,0.01679,0.08959,3.292,3.292,947.3,6.13717,1.15006
1789864351.850,6870,5.33591,0.01679,0.08959,3.291,3.291,947.3,6.13807,1.15023
1789864351.860,6871,5.33591,0.01679,0.08959,3.289,3.290,947.3,6.13897,1.15040
1789864351.870,6872,5.33591,0.01679,0.08959,3.287,3.288,947.3,6.13986,1.15057
1789864351.880,6873,5.33587,0.01679,0.08959,3.287,3.287,947.3,6.14076,1.15074
1789864351.890,6874,5.33587,0.01679,0.08959,3.289,3.288,947.3,6.14166,1.15090
1789864351.900,6875,5.33587,0.01679,0.08959,3.291,3.291,947.3,6.14255,1.15107
1789864351.910,6876,5.33587,0.01679,0.08959,3.291,3.290,947.3,6.14345,1.15124
1789864351.920,6877,5.33587,0.01679,0.08959,3.291,3.291,947.3,6.14434,1.15141
1789864351.930,6878,5.33587,0.01679,0.08959,3.291,3.290,947.3,6.14524,1.15157
1789864351.940,6879,5.33587,0.01679,0.08959,3.291,3.290,947.3,6.14613,1.15174
1789864351.950,6880,5.33587,0.01679,0.08959,3.291,3.290,947.3,6.14703,1.15191
1789864351.960,6881,5.33587,0.01679,0.08959,3.291,3.291,947.3,6.14792,1.15208
1789864351.970,6882,5.33587,0.01679,0.08959,3.292,3.292,947.3,6.14882,1.15225
1789864351.980,6883,5.33579,0.01678,0.08953,3.293,3.293,947.3,6.14972,1.15241
1789864351.990,6884,5.33579,0.01678,0.08953,3.295,3.295,947.3,6.15061,1.15258
1789864352.000,6885,5.33579,0.01678,0.08953,3.295,3.295,947.3,6.15151,1.15275
1789864352.010,6886,5.33579,0.01678,0.08953,3.296,3.295,947.3,6.15240,1.15292
1789864352.020,6887,5.33579,0.01678,0.08953,3.295,3.295,947.3,6.15329,1.15308
1789864352.030,6888,5.33579,0.01678,0.08953,3.296,3.296,947.3,6.15419,1.15325
1789864352.040,6889,5.33579,0.01678,0.08953,3.296,3.296,947.3,6.15509,1.15342
1789864352.050,6890,5.33579,0.01678,0.08953,3.297,3.297,947.3,6.15598,1.15359
1789864352.060,6891,5.33579,0.01678,0.08953,3.297,3.297,947.3,6.15688,1.15376
1789864352.070,6892,5.33579,0.01678,0.08953,3.297,3.298,947.3,6.15777,1.15392
1789864352.080,6893,5.33579,0.01679,0.08959,3.298,3.298,947.3,6.15867,1.15409
1789864352.090,6894,5.33579,0.01679,0.08959,3.297,3.297,947.3,6.15957,1.15426
1789864352.100,6895,5.33579,0.01679,0.08959,3.297,3.297,947.3,6.16046,1.15443
1789864352.110,6896,5.33579,0.01679,0.08959,3.297,3.297,947.3,6.16136,1.15460
1789864352.120,6897,5.33579,0.01679,0.08959,3.296,3.296,947.3,6.16225,1.15476
1789864352.130,6898,5.33579,0.01679,0.08959,3.296,3.296,947.3,6.16315,1.15493
1789864352.140,6899,5.33579,0.01679,0.08959,3.296,3.296,947.3,6.16404,1.15510
1789864352.150,6900,5.33579,0.01679,0.08959,3.296,3.297,947.3,6.16494,1.15527
1789864352.160,6901,5.33579,0.01679,0.08959,3.297,3.297,947.3,6.16584,1.15544
1789864352.170,6902,5.33579,0.01679,0.08959,3.295,3.295,947.3,6.16674,1.15560
1789864352.180,6903,5.33579,0.01679,0.08959,3.291,3.292,947.3,6.16763,1.15577
1789864352.190,6904,5.33579,0.01679,0.08959,3.291,3.291,947.3,6.16853,1.15594
1789864352.200,6905,5.33579,0.01679,0.08959,3.291,3.291,947.3,6.16942,1.15611
1789864352.210,6906,5.33579,0.01679,0.08959,3.291,3.292,947.3,6.17032,1.15628
1789864352.220,6907,5.33579,0.01679,0.08959,3.292,3.292,947.3,6.17121,1.15644
1789864352.230,6908,5.33579,0.01679,0.08959,3.291,3.292,947.3,6.17211,1.15661
1789864352.240,6909,5.33579,0.01679,0.08959,3.290,3.291,947.3,6.17301,1.15678
1789864352.250,6910,5.33579,0.01679,0.08959,3.289,3.290,947.3,6.17390,1.15695
1789864352.260,6911,5.33579,0.01679,0.08959,3.287,3.288,947.3,6.17480,1.15712
1789864352.270,6912,5.33579,0.01679,0.08959,3.287,3.287,947.3,6.17569,1.15728
1789864352.280,6913,5.33579,0.01680,0.08964,3.286,3.286,947.3,6.17659,1.15745
1789864352.290,6914,5.33579,0.01680,0.08964,3.289,3.287,947.3,6.17748,1.15762
1789864352.300,6915,5.33579,0.01680,0.08964,3.292,3.292,947.3,6.17838,1.15779
1789864352.310,6916,5.33579,0.01680,0.08964,3.291,3.292,947.3,6.17928,1.15795
1789864352.320,6917,5.33579,0.01680,0.08964,3.292,3.292,947.3,6.18017,1.15812
1789864352.330,6918,5.33579,0.01680,0.08964,3.292,3.292,947.3,6.18107,1.15829
1789864352.340,6919,5.33579,0.01680,0.08964,3.292,3.292,947.3,6.18196,1.15846
1789864352.350,6920,5.33579,0.01680,0.08964,3.292,3.291,947.3,6.18286,1.15863
1789864352.360,6921,5.33579,0.01680,0.08964,3.293,3.292,947.3,6.18376,1.15879
1789864352.370,6922,5.33579,0.01680,0.08964,3.294,3.293,947.3,6.18465,1.15896
1789864352.380,6923,5.33587,0.01679,0.08959,3.294,3.294,947.3,6.18555,1.15913
1789864352.390,6924,5.33587,0.01679,0.08959,3.295,3.295,947.3,6.18645,1.15930
1789864352.400,6925,5.33587,0.01679,0.08959,3.295,3.295,947.3,6.18734,1.15947
1789864352.410,6926,5.33587,0.01679,0.08959,3.295,3.295,947.3,6.18824,1.15963
1789864352.420,6927,5.33587,0.01679,0.08959,3.295,3.295,947.3,6.18914,1.15980
1789864352.430,6928,5.33587,0.01679,0.08959,3.295,3.295,947.3,6.19004,1.15997
1789864352.440,6929,5.33587,0.01679,0.08959,3.295,3.295,947.3,6.19093,1.16014
1789864352.450,6930,5.33587,0.01679,0.08959,3.295,3.295,947.3,6.19183,1.16031
1789864352.460,6931,5.33587,0.01679,0.08959,3.295,3.296,947.3,6.19272,1.16047
1789864352.470,6932,5.33587,0.01679,0.08959,3.296,3.297,947.3,6.19362,1.16064
1789864352.480,6933,5.33599,0.01678,0.08954,3.297,3.298,947.3,6.19452,1.16081
1789864352.490,6934,5.33599,0.01678,0.08954,3.298,3.298,947.3,6.19541,1.16098
1789864352.500,6935,5.33599,0.01678,0.08954,3.299,3.299,947.3,6.19631,1.16115
1789864352.510,6936,5.33599,0.01678,0.08954,3.299,3.299,947.3,6.19720,1.16131
1789864352.520,6937,5.33599,0.01678,0.08954,3.299,3.299,947.3,6.19810,1.16148
1789864352.530,6938,5.33599,0.01678,0.08954,3.299,3.299,947.3,6.19899,1.16165
1789864352.540,6939,5.33599,0.01678,0.08954,3.299,3.299,947.3,6.19988,1.16182
1789864352.550,6940,5.33599,0.01678,0.08954,3.298,3.298,947.3,6.20078,1.16198
1789864352.560,6941,5.33599,0.01678,0.08954,3.298,3.298,947.3,6.20167,1.16215
1789864352.570,6942,5.33599,0.01678,0.08954,3.296,3.296,947.3,6.20257,1.16232
1789864352.580,6943,5.33611,0.01678,0.08954,3.295,3.296,947.3,6.20346,1.16249
1789864352.590,6944,5.33611,0.01678,0.08954,3.295,3.296,947.3,6.20436,1.16265
1789864352.600,6945,5.33611,0.01678,0.08954,3.295,3.296,947.3,6.20525,1.16282
1789864352.610,6946,5.33611,0.01678,0.08954,3.296,3.297,947.3,6.20615,1.16299
1789864352.620,6947,5.33611,0.01678,0.08954,3.296,3.297,947.3,6.20705,1.16316
1789864352.630,6948,5.33611,0.01678,0.08954,3.295,3.297,947.3,6.20794,1.16333
1789864352.640,6949,5.33611,0.01678,0.08954,3.292,3.293,947.3,6.20884,1.16349
1789864352.650,6950,5.33611,0.01678,0.08954,3.290,3.290,947.3,6.20973,1.16366
1789864352.660,6951,5.33611,0.01678,0.08954,3.288,3.289,947.3,6.21063,1.16383
1789864352.670,6952,5.33611,0.01678,0.08954,3.287,3.288,947.3,6.21152,1.16400
1789864352.680,6953,5.33618,0.01678,0.08954,3.287,3.288,947.3,6.21242,1.16417
1789864352.690,6954,5.33618,0.01678,0.08954,3.290,3.289,947.3,6.21332,1.16433
1789864352.700,6955,5.33618,0.01678,0.08954,3.294,3.293,947.3,6.21422,1.16450
1789864352.710,6956,5.33618,0.01678,0.08954,3.295,3.295,947.3,6.21511,1.16467
1789864352.720,6957,5.33618,0.01678,0.08954,3.295,3.295,947.3,6.21600,1.16484
1789864352.730,6958,5.33618,0.01678,0.08954,3.295,3.294,947.3,6.21689,1.16500
1789864352.740,6959,5.33618,0.01678,0.08954,3.294,3.293,947.3,6.21779,1.16517
1789864352.750,6960,5.33618,0.01678,0.08954,3.293,3.292,947.3,6.21868,1.16534
1789864352.760,6961,5.33618,0.01678,0.08954,3.292,3.291,947.3,6.21958,1.16551
1789864352.770,6962,5.33618,0.01678,0.08954,3.293,3.292,947.3,6.22048,1.16568
1789864352.780,6963,5.33630,0.01678,0.08954,3.294,3.292,947.3,6.22137,1.16584
1789864352.790,6964,5.33630,0.01678,0.08954,3.294,3.295,947.3,6.22227,1.16601
1789864352.800,6965,5.33630,0.01678,0.08954,3.295,3.295,947.3,6.22316,1.16618
1789864352.810,6966,5.33630,0.01678,0.08954,3.296,3.296,947.3,6.22406,1.16635
1789864352.820,6967,5.33630,0.01678,0.08954,3.296,3.297,947.3,6.22496,1.16651
1789864352.830,6968,5.33630,0.01678,0.08954,3.297,3.297,947.3,6.22585,1.16668
1789864352.840,6969,5.33630,0.01678,0.08954,3.298,3.298,947.3,6.22675,1.16685
1789864352.850,6970,5.33630,0.01678,0.08954,3.297,3.297,947.3,6.22764,1.16702
1789864352.860,6971,5.33630,0.01678,0.08954,3.297,3.297,947.3,6.22854,1.16719
1789864352.870,6972,5.33630,0.01678,0.08954,3.298,3.298,947.3,6.22943,1.16735
1789864352.880,6973,5.33638,0.01677,0.08949,3.298,3.298,947.3,6.23033,1.16752
1789864352.890,6974,5.33638,0.01677,0.08949,3.299,3.298,947.3,6.23122,1.16769
1789864352.900,6975,5.33638,0.01677,0.08949,3.299,3.298,947.3,6.23211,1.16786
1789864352.910,6976,5.33638,0.01677,0.08949,3.299,3.299,947.3,6.23301,1.16802
1789864352.920,6977,5.33638,0.01677,0.08949,3.299,3.299,947.3,6.23390,1.16819
1789864352.930,6978,5.33638,0.01677,0.08949,3.299,3.299,947.3,6.23480,1.16836
1789864352.940,6979,5.33638,0.01677,0.08949,3.299,3.299,947.3,6.23570,1.16853
1789864352.950,6980,5.33638,0.01677,0.08949,3.298,3.298,947.3,6.23659,1.16869
1789864352.960,6981,5.33638,0.01677,0.08949,3.298,3.298,947.3,6.23748,1.16886
1789864352.970,6982,5.33638,0.01677,0.08949,3.297,3.297,947.3,6.23838,1.16903
1789864352.980,6983,5.33646,0.01677,0.08949,3.293,3.293,947.3,6.23927,1.16920
1789864352.990,6984,5.33646,0.01677,0.08949,3.291,3.291,947.3,6.24017,1.16937
1789864353.000,6985,5.33646,0.01677,0.08949,3.291,3.291,947.3,6.24106,1.16953
1789864353.010,6986,5.33646,0.01677,0.08949,3.291,3.291,947.3,6.24196,1.16970
1789864353.020,6987,5.33646,0.01677,0.08949,3.291,3.291,947.3,6.24285,1.16987
1789864353.030,6988,5.33646,0.01677,0.08949,3.291,3.291,947.3,6.24374,1.17004
1789864353.040,6989,5.33646,0.01677,0.08949,3.289,3.289,947.3,6.24464,1.17020
1789864353.050,6990,5.33646,0.01677,0.08949,3.289,3.289,947.3,6.24553,1.17037
1789864353.060,6991,5.33646,0.01677,0.08949,3.288,3.288,947.3,6.24643,1.17054
1789864353.070,6992,5.33646,0.01677,0.08949,3.287,3.287,947.3,6.24733,1.17071
1789864353.080,6993,5.33646,0.01677,0.08949,3.287,3.287,947.3,6.24822,1.17087
1789864353.090,6994,5.33646,0.01677,0.08949,3.288,3.287,947.3,6.24912,1.17104
1789864353.100,6995,5.33646,0.01677,0.08949,3.292,3.292,947.3,6.25002,1.17121
1789864353.110,6996,5.33646,0.01677,0.08949,3.294,3.294,947.3,6.25091,1.17138
1789864353.120,6997,5.33646,0.01677,0.08949,3.294,3.294,947.3,6.25180,1.17154
1789864353.130,6998,5.33646,0.01677,0.08949,3.294,3.294,947.3,6.25269,1.17171
1789864353.140,6999,5.33646,0.01677,0.08949,3.294,3.293,947.3,6.25358,1.17188
1789864353.150,7000,5.33646,0.01677,0.08949,3.292,3.291,947.3,6.25448,1.17205
1789864353.160,7001,5.33646,0.01677,0.08949,3.291,3.290,947.3,6.25537,1.17221
1789864353.170,7002,5.33646,0.01677,0.08949,3.291,3.290,947.3,6.25627,1.17238
1789864353.180,7003,5.33642,0.01677,0.08949,3.291,3.290,947.3,6.25716,1.17255
1789864353.190,7004,5.33642,0.01677,0.08949,3.292,3.291,947.3,6.25806,1.17272
1789864353.200,7005,5.33642,0.01677,0.08949,3.291,3.292,947.3,6.25896,1.17289
1789864353.210,7006,5.33642,0.01677,0.08949,3.293,3.293,947.3,6.25985,1.17305
1789864353.220,7007,5.33642,0.01677,0.08949,3.294,3.295,947.3,6.26075,1.17322
1789864353.230,7008,5.33642,0.01677,0.08949,3.294,3.295,947.3,6.26164,1.17339
1789864353.240,7009,5.33642,0.01677,0.08949,3.295,3.295,947.3,6.26253,1.17356
1789864353.250,7010,5.33642,0.01677,0.08949,3.295,3.296,947.3,6.26343,1.17372
1789864353.260,7011,5.33642,0.01677,0.08949,3.296,3.297,947.3,6.26432,1.17389
1789864353.270,7012,5.33642,0.01677,0.08949,3.297,3.298,947.3,6.26521,1.17406
1789864353.280,7013,5.33642,0.01677,0.08949,3.298,3.298,947.3,6.26611,1.17423
1789864353.290,7014,5.33642,0.01677,0.08949,3.299,3.299,947.3,6.26701,1.17439
1789864353.300,7015,5.33642,0.01677,0.08949,3.299,3.299,947.3,6.26790,1.17456
1789864353.310,7016,5.33642,0.01677,0.08949,3.299,3.299,947.3,6.26881,1.17473
1789864353.320,7017,5.33642,0.01677,0.08949,3.299,3.299,947.3,6.26971,1.17490
1789864353.330,7018,5.33642,0.01677,0.08949,3.299,3.299,947.3,6.27062,1.17507
1789864353.341,7019,5.33642,0.01677,0.08949,3.299,3.299,947.3,6.27152,1.17524
1789864353.350,7020,5.33642,0.01677,0.08949,3.299,3.299,947.3,6.27241,1.17541
1789864353.360,7021,5.33642,0.01677,0.08949,3.298,3.298,947.3,6.27329,1.17557
1789864353.370,7022,5.33642,0.01677,0.08949,3.297,3.297,947.3,6.27417,1.17574
1789864353.380,7023,5.33638,0.01677,0.08949,3.294,3.295,947.3,6.27505,1.17590
1789864353.390,7024,5.33638,0.01677,0.08949,3.292,3.292,947.3,6.27595,1.17607
1789864353.400,7025,5.33638,0.01677,0.08949,3.292,3.292,947.3,6.27685,1.17624
1789864353.410,7026,5.33638,0.01677,0.08949,3.292,3.292,947.3,6.27774,1.17641
1789864353.420,7027,5.33638,0.01677,0.08949,3.292,3.292,947.3,6.27864,1.17657
1789864353.430,7028,5.33638,0.01677,0.08949,3.291,3.292,947.3,6.27954,1.17674
1789864353.440,7029,5.33638,0.01677,0.08949,3.290,3.289,947.3,6.28044,1.17691
1789864353.450,7030,5.33638,0.01677,0.08949,3.289,3.289,947.3,6.28134,1.17708
1789864353.460,7031,5.33638,0.01677,0.08949,3.287,3.287,947.3,6.28223,1.17725
1789864353.470,7032,5.33638,0.01677,0.08949,3.287,3.287,947.3,6.28313,1.17742
1789864353.480,7033,5.33622,0.01679,0.08960,3.287,3.286,947.3,6.28402,1.17758
1789864353.490,7034,5.33622,0.01679,0.08960,3.287,3.286,947.3,6.28492,1.17775
1789864353.500,7035,5.33622,0.01679,0.08960,3.291,3.291,947.3,6.28581,1.17792
1789864353.510,7036,5.33622,0.01679,0.08960,3.293,3.293,947.3,6.28671,1.17809
1789864353.520,7037,5.33622,0.01679,0.08960,3.293,3.293,947.3,6.28761,1.17825
1789864353.530,7038,5.33622,0.01679,0.08960,3.293,3.293,947.3,6.28850,1.17842
1789864353.540,7039,5.33622,0.01679,0.08960,3.293,3.293,947.3,6.28940,1.17859
1789864353.550,7040,5.33622,0.01679,0.08960,3.293,3.294,947.3,6.29029,1.17876
1789864353.560,7041,5.33622,0.01679,0.08960,3.292,3.293,947.3,6.29119,1.17893
1789864353.570,7042,5.33622,0.01679,0.08960,3.293,3.294,947.3,6.29208,1.17909
1789864353.580,7043,5.33614,0.01678,0.08954,3.294,3.295,947.3,6.29297,1.17926
1789864353.590,7044,5.33614,0.01678,0.08954,3.294,3.295,947.3,6.29387,1.17943
1789864353.600,7045,5.33614,0.01678,0.08954,3.295,3.295,947.3,6.29476,1.17960
1789864353.610,7046,5.33614,0.01678,0.08954,3.295,3.295,947.3,6.29566,1.17976
1789864353.620,7047,5.33614,0.01678,0.08954,3.296,3.296,947.3,6.29655,1.17993
1789864353.630,7048,5.33614,0.01678,0.08954,3.297,3.297,947.3,6.29745,1.18010
1789864353.640,7049,5.33614,0.01678,0.08954,3.297,3.297,947.3,6.29835,1.18027
1789864353.650,7050,5.33614,0.01678,0.08954,3.297,3.297,947.3,6.29925,1.18044
1789864353.660,7051,5.33614,0.01678,0.08954,3.298,3.298,947.3,6.30015,1.18061
1789864353.670,7052,5.33614,0.01678,0.08954,3.298,3.298,947.3,6.30104,1.18077
1789864353.680,7053,5.33614,0.01678,0.08954,3.299,3.299,947.3,6.30194,1.18094
1789864353.690,7054,5.33614,0.01678,0.08954,3.299,3.299,947.3,6.30283,1.18111
1789864353.700,7055,5.33614,0.01678,0.08954,3.299,3.299,947.3,6.30372,1.18127
1789864353.710,7056,5.33614,0.01678,0.08954,3.299,3.299,947.3,6.30461,1.18144
1789864353.720,7057,5.33614,0.01678,0.08954,3.299,3.299,947.3,6.30551,1.18161
1789864353.730,7058,5.33614,0.01678,0.08954,3.299,3.299,947.3,6.30640,1.18178
1789864353.740,7059,5.33614,0.01678,0.08954,3.299,3.299,947.3,6.30730,1.18195
1789864353.750,7060,5.33614,0.01678,0.08954,3.298,3.298,947.3,6.30820,1.18211
1789864353.760,7061,5.33614,0.01678,0.08954,3.298,3.298,947.3,6.30909,1.18228
1789864353.770,7062,5.33614,0.01678,0.08954,3.296,3.297,947.3,6.30998,1.18245
1789864353.780,7063,5.33611,0.01678,0.08954,3.293,3.294,947.3,6.31088,1.18262
1789864353.790,7064,5.33611,0.01678,0.08954,3.291,3.291,947.3,6.31178,1.18278
1789864353.800,7065,5.33611,0.01678,0.08954,3.291,3.291,947.3,6.31267,1.18295
1789864353.810,7066,5.33611,0.01678,0.08954,3.292,3.292,947.3,6.31357,1.18312
1789864353.820,7067,5.33611,0.01678,0.08954,3.292,3.292,947.3,6.31447,1.18329
1789864353.830,7068,5.33611,0.01678,0.08954,3.292,3.292,947.3,6.31536,1.18346
1789864353.840,7069,5.33611,0.01678,0.08954,3.290,3.290,947.3,6.31626,1.18362
1789864353.850,7070,5.33611,0.01678,0.08954,3.289,3.289,947.3,6.31715,1.18379
1789864353.860,7071,5.33611,0.01678,0.08954,3.288,3.288,947.3,6.31805,1.18396
1789864353.870,7072,5.33611,0.01678,0.08954,3.287,3.287,947.3,6.31894,1.18413
1789864353.880,7073,5.33618,0.01678,0.08954,3.287,3.288,947.3,6.31984,1.18430
1789864353.890,7074,5.33618,0.01678,0.08954,3.287,3.287,947.3,6.32073,1.18446
1789864353.900,7075,5.33618,0.01678,0.08954,3.292,3.292,947.3,6.32163,1.18463
1789864353.910,7076,5.33618,0.01678,0.08954,3.294,3.294,947.3,6.32252,1.18480
1789864353.920,7077,5.33618,0.01678,0.08954,3.294,3.294,947.3,6.32342,1.18497
1789864353.930,7078,5.33618,0.01678,0.08954,3.294,3.294,947.3,6.32431,1.18513
1789864353.940,7079,5.33618,0.01678,0.08954,3.294,3.293,947.3,6.32521,1.18530
1789864353.950,7080,5.33618,0.01678,0.08954,3.293,3.293,947.3,6.32611,1.18547
1789864353.960,7081,5.33618,0.01678,0.08954,3.294,3.293,947.3,6.32700,1.18564
1789864353.970,7082,5.33618,0.01678,0.08954,3.295,3.294,947.3,6.32790,1.18581
1789864353.980,7083,5.33611,0.01677,0.08949,3.295,3.294,947.3,6.32880,1.18597
1789864353.990,7084,5.33611,0.01677,0.08949,3.295,3.295,947.3,6.32969,1.18614
1789864354.000,7085,5.33611,0.01677,0.08949,3.295,3.295,947.3,6.33059,1.18631
1789864354.010,7086,5.33611,0.01677,0.08949,3.296,3.296,947.3,6.33148,1.18648
1789864354.020,7087,5.33611,0.01677,0.08949,3.295,3.296,947.3,6.33237,1.18664
1789864354.030,7088,5.33611,0.01677,0.08949,3.296,3.296,947.3,6.33326,1.18681
1789864354.040,7089,5.33611,0.01677,0.08949,3.296,3.297,947.3,6.33415,1.18698
1789864354.050,7090,5.33611,0.01677,0.08949,3.296,3.296,947.3,6.33504,1.18714
1789864354.060,7091,5.33611,0.01677,0.08949,3.296,3.296,947.3,6.33593,1.18731
1789864354.070,7092,5.33611,0.01677,0.08949,3.297,3.297,947.3,6.33684,1.18748
1789864354.080,7093,5.33611,0.01678,0.08954,3.298,3.297,947.3,6.33774,1.18765
1789864354.090,7094,5.33611,0.01678,0.08954,3.297,3.297,947.3,6.33865,1.18782
1789864354.100,7095,5.33611,0.01678,0.08954,3.296,3.296,947.3,6.33955,1.18799
1789864354.110,7096,5.33611,0.01678,0.08954,3.296,3.297,947.3,6.34045,1.18816
1789864354.120,7097,5.33611,0.01678,0.08954,3.296,3.296,947.3,6.34134,1.18832
1789864354.130,7098,5.33611,0.01678,0.08954,3.296,3.296,947.3,6.34223,1.18849
1789864354.140,7099,5.33611,0.01678,0.08954,3.296,3.296,947.3,6.34312,1.18866
1789864354.150,7100,5.33611,0.01678,0.08954,3.296,3.296,947.3,6.34401,1.18883
1789864354.160,7101,5.33611,0.01678,0.08954,3.297,3.297,947.3,6.34491,1.18899
1789864354.170,7102,5.33611,0.01678,0.08954,3.296,3.296,947.3,6.34580,1.18916
1789864354.180,7103,5.33614,0.01677,0.08949,3.294,3.295,947.3,6.34670,1.18933
1789864354.190,7104,5.33614,0.01677,0.08949,3.292,3.292,947.3,6.34761,1.18950
1789864354.201,7105,5.33614,0.01677,0.08949,3.292,3.292,947.3,6.34852,1.18967
1789864354.211,7106,5.33614,0.01677,0.08949,3.293,3.293,947.3,6.34943,1.18984
1789864354.221,7107,5.33614,0.01677,0.08949,3.293,3.293,947.3,6.35034,1.19001
1789864354.231,7108,5.33614,0.01677,0.08949,3.294,3.294,947.3,6.35122,1.19018
1789864354.240,7109,5.33614,0.01677,0.08949,3.292,3.292,947.3,6.35209,1.19034
1789864354.250,7110,5.33614,0.01677,0.08949,3.291,3.292,947.3,6.35297,1.19050
1789864354.260,7111,5.33614,0.01677,0.08949,3.290,3.291,947.3,6.35384,1.19067
1789864354.270,7112,5.33614,0.01677,0.08949,3.289,3.289,947.3,6.35474,1.19084
1789864354.280,7113,5.33611,0.01677,0.08949,3.288,3.288,947.3,6.35564,1.19100
1789864354.290,7114,5.33611,0.01677,0.08949,3.287,3.287,947.3,6.35654,1.19117
1789864354.300,7115,5.33611,0.01677,0.08949,3.291,3.290,947.3,6.35744,1.19134
1789864354.310,7116,5.33611,0.01677,0.08949,3.291,3.292,947.3,6.35834,1.19151
1789864354.320,7117,5.33611,0.01677,0.08949,3.293,3.293,947.3,6.35923,1.19168
1789864354.330,7118,5.33611,0.01677,0.08949,3.294,3.294,947.3,6.36013,1.19184
1789864354.340,7119,5.33611,0.01677,0.08949,3.294,3.294,947.3,6.36102,1.19201
1789864354.350,7120,5.33611,0.01677,0.08949,3.294,3.295,947.3,6.36191,1.19218
1789864354.360,7121,5.33611,0.01677,0.08949,3.294,3.292,947.3,6.36280,1.19235
1789864354.370,7122,5.33611,0.01677,0.08949,3.295,3.295,947.3,6.36370,1.19251
1789864354.380,7123,5.33614,0.01677,0.08949,3.294,3.293,947.3,6.36459,1.19268
1789864354.390,7124,5.33614,0.01677,0.08949,3.293,3.292,947.3,6.36549,1.19285
1789864354.400,7125,5.33614,0.01677,0.08949,3.293,3.293,947.3,6.36638,1.19302
1789864354.410,7126,5.33614,0.01677,0.08949,3.293,3.293,947.3,6.36728,1.19319
1789864354.420,7127,5.33614,0.01677,0.08949,3.294,3.294,947.3,6.36817,1.19335
1789864354.430,7128,5.33614,0.01677,0.08949,3.293,3.294,947.3,6.36907,1.19352
1789864354.440,7129,5.33614,0.01677,0.08949,3.295,3.295,947.3,6.36996,1.19369
1789864354.450,7130,5.33614,0.01677,0.08949,3.295,3.295,947.3,6.37086,1.19386
1789864354.460,7131,5.33614,0.01677,0.08949,3.296,3.296,947.3,6.37176,1.19402
1789864354.470,7132,5.33614,0.01677,0.08949,3.297,3.297,947.3,6.37265,1.19419
1789864354.480,7133,5.33626,0.01677,0.08949,3.298,3.298,947.3,6.37354,1.19436
1789864354.490,7134,5.33626,0.01677,0.08949,3.299,3.299,947.3,6.37443,1.19453
1789864354.500,7135,5.33626,0.01677,0.08949,3.299,3.299,947.3,6.37533,1.19469
1789864354.510,7136,5.33626,0.01677,0.08949,3.299,3.299,947.3,6.37623,1.19486
1789864354.520,7137,5.33626,0.01677,0.08949,3.299,3.299,947.3,6.37712,1.19503
1789864354.530,7138,5.33626,0.01677,0.08949,3.299,3.299,947.3,6.37802,1.19520
1789864354.540,7139,5.33626,0.01677,0.08949,3.299,3.299,947.3,6.37892,1.19537
1789864354.550,7140,5.33626,0.01677,0.08949,3.299,3.299,947.3,6.37981,1.19553
1789864354.560,7141,5.33626,0.01677,0.08949,3.298,3.298,947.3,6.38071,1.19570
1789864354.570,7142,5.33626,0.01677,0.08949,3.297,3.297,947.3,6.38160,1.19587
1789864354.580,7143,5.33630,0.01677,0.08949,3.296,3.297,947.3,6.38250,1.19604
1789864354.590,7144,5.33630,0.01677,0.08949,3.296,3.296,947.3,6.38339,1.19620
1789864354.600,7145,5.33630,0.01677,0.08949,3.296,3.296,947.3,6.38428,1.19637
1789864354.610,7146,5.33630,0.01677,0.08949,3.296,3.297,947.3,6.38517,1.19654
1789864354.620,7147,5.33630,0.01677,0.08949,3.296,3.297,947.3,6.38606,1.19670
1789864354.630,7148,5.33630,0.01677,0.08949,3.297,3.298,947.3,6.38696,1.19687
1789864354.640,7149,5.33630,0.01677,0.08949,3.292,3.294,947.3,6.38786,1.19704
1789864354.650,7150,5.33630,0.01677,0.08949,3.291,3.291,947.3,6.38876,1.19721
1789864354.660,7151,5.33630,0.01677,0.08949,3.289,3.291,947.3,6.38965,1.19738
1789864354.670,7152,5.33630,0.01677,0.08949,3.288,3.289,947.3,6.39055,1.19755
1789864354.680,7153,5.33642,0.01678,0.08955,3.287,3.288,947.3,6.39144,1.19771
1789864354.690,7154,5.33642,0.01678,0.08955,3.287,3.288,947.3,6.39234,1.19788
1789864354.700,7155,5.33642,0.01678,0.08955,3.291,3.291,947.3,6.39323,1.19805
1789864354.710,7156,5.33642,0.01678,0.08955,3.291,3.291,947.3,6.39412,1.19822
1789864354.720,7157,5.33642,0.01678,0.08955,3.291,3.291,947.3,6.39502,1.19838
1789864354.730,7158,5.33642,0.01678,0.08955,3.291,3.291,947.3,6.39591,1.19855
1789864354.740,7159,5.33642,0.01678,0.08955,3.291,3.291,947.3,6.39681,1.19872
1789864354.750,7160,5.33642,0.01678,0.08955,3.291,3.291,947.3,6.39770,1.19889
1789864354.760,7161,5.33642,0.01678,0.08955,3.291,3.291,947.3,6.39860,1.19905
1789864354.770,7162,5.33642,0.01678,0.08955,3.292,3.292,947.3,6.39949,1.19922
1789864354.780,7163,5.33642,0.01678,0.08955,3.294,3.294,947.3,6.40039,1.19939
1789864354.790,7164,5.33642,0.01678,0.08955,3.293,3.293,947.3,6.40131,1.19956
1789864354.801,7165,5.33642,0.01678,0.08955,3.293,3.293,947.3,6.40222,1.19973
1789864354.811,7166,5.33642,0.01678,0.08955,3.294,3.294,947.3,6.40314,1.19991
1789864354.821,7167,5.33642,0.01678,0.08955,3.294,3.294,947.3,6.40406,1.20008
1789864354.831,7168,5.33642,0.01678,0.08955,3.295,3.295,947.3,6.40494,1.20024
1789864354.841,7169,5.33642,0.01678,0.08955,3.295,3.295,947.3,6.40581,1.20041
1789864354.850,7170,5.33642,0.01678,0.08955,3.297,3.297,947.3,6.40669,1.20057
1789864354.860,7171,5.33642,0.01678,0.08955,3.298,3.298,947.3,6.40756,1.20073
1789864354.870,7172,5.33642,0.01678,0.08955,3.298,3.299,947.3,6.40846,1.20090
1789864354.880,7173,5.33646,0.01679,0.08960,3.299,3.299,947.3,6.40935,1.20107
1789864354.890,7174,5.33646,0.01679,0.08960,3.299,3.299,947.3,6.41025,1.20124
1789864354.900,7175,5.33646,0.01679,0.08960,3.299,3.299,947.3,6.41114,1.20141
1789864354.910,7176,5.33646,0.01679,0.08960,3.299,3.299,947.3,6.41204,1.20157
1789864354.920,7177,5.33646,0.01679,0.08960,3.299,3.299,947.3,6.41294,1.20174
1789864354.930,7178,5.33646,0.01679,0.08960,3.298,3.299,947.3,6.41383,1.20191
1789864354.940,7179,5.33646,0.01679,0.08960,3.299,3.299,947.3,6.41473,1.20208
1789864354.950,7180,5.33646,0.01679,0.08960,3.298,3.298,947.3,6.41563,1.20225
1789864354.960,7181,5.33646,0.01679,0.08960,3.297,3.298,947.3,6.41652,1.20241
1789864354.970,7182,5.33646,0.01679,0.08960,3.296,3.297,947.3,6.41741,1.20258
1789864354.980,7183,5.33654,0.01679,0.08960,3.295,3.295,947.3,6.41831,1.20275
1789864354.990,7184,5.33654,0.01679,0.08960,3.291,3.292,947.3,6.41921,1.20292
1789864355.000,7185,5.33654,0.01679,0.08960,3.291,3.292,947.3,6.42010,1.20308
1789864355.010,7186,5.33654,0.01679,0.08960,3.292,3.293,947.3,6.42100,1.20325
1789864355.020,7187,5.33654,0.01679,0.08960,3.292,3.293,947.3,6.42189,1.20342
1789864355.030,7188,5.33654,0.01679,0.08960,3.293,3.293,947.3,6.42279,1.20359
1789864355.040,7189,5.33654,0.01679,0.08960,3.290,3.291,947.3,6.42369,1.20376
1789864355.050,7190,5.33654,0.01679,0.08960,3.290,3.291,947.3,6.42459,1.20392
1789864355.060,7191,5.33654,0.01679,0.08960,3.288,3.289,947.3,6.42548,1.20409
1789864355.070,7192,5.33654,0.01679,0.08960,3.287,3.288,947.3,6.42638,1.20426
1789864355.080,7193,5.33657,0.01680,0.08965,3.287,3.287,947.3,6.42727,1.20443
1789864355.090,7194,5.33657,0.01680,0.08965,3.287,3.287,947.3,6.42817,1.20460
1789864355.100,7195,5.33657,0.01680,0.08965,3.292,3.291,947.3,6.42906,1.20476
1789864355.110,7196,5.33657,0.01680,0.08965,3.295,3.295,947.3,6.42996,1.20493
1789864355.120,7197,5.33657,0.01680,0.08965,3.295,3.295,947.3,6.43086,1.20510
1789864355.130,7198,5.33657,0.01680,0.08965,3.295,3.295,947.3,6.43176,1.20527
1789864355.140,7199,5.33657,0.01680,0.08965,3.295,3.295,947.3,6.43265,1.20544
1789864355.150,7200,5.33657,0.01680,0.08965,3.294,3.294,947.3,6.43355,1.20560
1789864355.160,7201,5.33657,0.01680,0.08965,3.294,3.294,947.3,6.43445,1.20577
1789864355.170,7202,5.33657,0.01680,0.08965,3.293,3.294,947.3,6.43534,1.20594
1789864355.180,7203,5.33669,0.01679,0.08960,3.293,3.292,947.3,6.43624,1.20611
1789864355.190,7204,5.33669,0.01679,0.08960,3.293,3.293,947.3,6.43714,1.20628
1789864355.200,7205,5.33669,0.01679,0.08960,3.293,3.292,947.3,6.43803,1.20644
1789864355.210,7206,5.33669,0.01679,0.08960,3.293,3.293,947.3,6.43893,1.20661
1789864355.220,7207,5.33669,0.01679,0.08960,3.293,3.293,947.3,6.43982,1.20678
1789864355.230,7208,5.33669,0.01679,0.08960,3.293,3.293,947.3,6.44071,1.20695
1789864355.240,7209,5.33669,0.01679,0.08960,3.295,3.295,947.3,6.44161,1.20711
1789864355.250,7210,5.33669,0.01679,0.08960,3.295,3.295,947.3,6.44250,1.20728
1789864355.260,7211,5.33669,0.01679,0.08960,3.296,3.296,947.3,6.44340,1.20745
1789864355.270,7212,5.33669,0.01679,0.08960,3.297,3.297,947.3,6.44429,1.20762
1789864355.280,7213,5.33673,0.01679,0.08960,3.297,3.297,947.3,6.44519,1.20778
1789864355.290,7214,5.33673,0.01679,0.08960,3.298,3.298,947.3,6.44608,1.20795
1789864355.300,7215,5.33673,0.01679,0.08960,3.299,3.298,947.3,6.44698,1.20812
1789864355.310,7216,5.33673,0.01679,0.08960,3.299,3.299,947.3,6.44787,1.20829
1789864355.320,7217,5.33673,0.01679,0.08960,3.299,3.299,947.3,6.44877,1.20846
1789864355.330,7218,5.33673,0.01679,0.08960,3.299,3.299,947.3,6.44967,1.20862
1789864355.340,7219,5.33673,0.01679,0.08960,3.299,3.299,947.3,6.45057,1.20879
1789864355.350,7220,5.33673,0.01679,0.08960,3.299,3.299,947.3,6.45146,1.20896
1789864355.360,7221,5.33673,0.01679,0.08960,3.299,3.299,947.3,6.45235,1.20913
1789864355.370,7222,5.33673,0.01679,0.08960,3.298,3.299,947.3,6.45325,1.20930
1789864355.380,7223,5.33689,0.01680,0.08966,3.296,3.297,947.3,6.45414,1.20946
1789864355.390,7224,5.33689,0.01680,0.08966,3.292,3.293,947.3,6.45508,1.20964
1789864355.401,7225,5.33689,0.01680,0.08966,3.292,3.293,947.3,6.45601,1.20981
1789864355.411,7226,5.33689,0.01680,0.08966,3.292,3.293,947.3,6.45695,1.20999
1789864355.422,7227,5.33689,0.01680,0.08966,3.293,3.293,947.3,6.45788,1.21016
1789864355.431,7228,5.33689,0.01680,0.08966,3.293,3.293,947.3,6.45875,1.21033
1789864355.441,7229,5.33689,0.01680,0.08966,3.291,3.291,947.3,6.45961,1.21049
1789864355.451,7230,5.33689,0.01680,0.08966,3.290,3.291,947.3,6.46047,1.21065
1789864355.460,7231,5.33689,0.01680,0.08966,3.288,3.289,947.3,6.46134,1.21081
1789864355.470,7232,5.33689,0.01680,0.08966,3.287,3.287,947.3,6.46223,1.21098
1789864355.480,7233,5.33696,0.01680,0.08966,3.286,3.286,947.3,6.46312,1.21114
1789864355.490,7234,5.33696,0.01680,0.08966,3.285,3.285,947.3,6.46401,1.21131
1789864355.500,7235,5.33696,0.01680,0.08966,3.289,3.287,947.3,6.46490,1.21148
1789864355.510,7236,5.33696,0.01680,0.08966,3.291,3.291,947.3,6.46580,1.21165
1789864355.520,7237,5.33696,0.01680,0.08966,3.292,3.292,947.3,6.46670,1.21182
1789864355.530,7238,5.33696,0.01680,0.08966,3.292,3.292,947.3,6.46761,1.21199
1789864355.540,7239,5.33696,0.01680,0.08966,3.294,3.294,947.3,6.46851,1.21215
1789864355.550,7240,5.33696,0.01680,0.08966,3.294,3.295,947.3,6.46940,1.21232
1789864355.560,7241,5.33696,0.01680,0.08966,3.295,3.295,947.3,6.47029,1.21249
1789864355.570,7242,5.33696,0.01680,0.08966,3.295,3.295,947.3,6.47118,1.21266
1789864355.580,7243,5.33700,0.01679,0.08961,3.295,3.295,947.3,6.47208,1.21282
1789864355.590,7244,5.33700,0.01679,0.08961,3.295,3.294,947.3,6.47298,1.21299
1789864355.600,7245,5.33700,0.01679,0.08961,3.295,3.294,947.3,6.47387,1.21316
1789864355.610,7246,5.33700,0.01679,0.08961,3.295,3.294,947.3,6.47477,1.21333
1789864355.620,7247,5.33700,0.01679,0.08961,3.295,3.294,947.3,6.47567,1.21350
1789864355.630,7248,5.33700,0.01679,0.08961,3.295,3.294,947.3,6.47657,1.21367
1789864355.640,7249,5.33700,0.01679,0.08961,3.295,3.294,947.3,6.47747,1.21383
1789864355.650,7250,5.33700,0.01679,0.08961,3.296,3.295,947.3,6.47836,1.21400
1789864355.660,7251,5.33700,0.01679,0.08961,3.296,3.296,947.3,6.47926,1.21417
1789864355.670,7252,5.33700,0.01679,0.08961,3.296,3.296,947.3,6.48016,1.21434
1789864355.680,7253,5.33700,0.01679,0.08961,3.296,3.296,947.3,6.48105,1.21450
1789864355.690,7254,5.33700,0.01679,0.08961,3.298,3.298,947.3,6.48195,1.21467
1789864355.700,7255,5.33700,0.01679,0.08961,3.299,3.298,947.3,6.48284,1.21484
1789864355.710,7256,5.33700,0.01679,0.08961,3.299,3.299,947.3,6.48374,1.21501
1789864355.720,7257,5.33700,0.01679,0.08961,3.299,3.299,947.3,6.48464,1.21518
1789864355.730,7258,5.33700,0.01679,0.08961,3.299,3.299,947.3,6.48553,1.21534
1789864355.740,7259,5.33700,0.01679,0.08961,3.299,3.299,947.3,6.48643,1.21551
1789864355.750,7260,5.33700,0.01679,0.08961,3.298,3.298,947.3,6.48732,1.21568
1789864355.760,7261,5.33700,0.01679,0.08961,3.298,3.298,947.3,6.48822,1.21585
1789864355.770,7262,5.33700,0.01679,0.08961,3.297,3.297,947.3,6.48911,1.21601
1789864355.780,7263,5.33696,0.01679,0.08961,3.295,3.296,947.3,6.49000,1.21618
1789864355.790,7264,5.33696,0.01679,0.08961,3.292,3.292,947.3,6.49090,1.21635
1789864355.800,7265,5.33696,0.01679,0.08961,3.291,3.291,947.3,6.49179,1.21652
1789864355.810,7266,5.33696,0.01679,0.08961,3.292,3.291,947.3,6.49269,1.21669
1789864355.820,7267,5.33696,0.01679,0.08961,3.292,3.292,947.3,6.49359,1.21685
1789864355.830,7268,5.33696,0.01679,0.08961,3.292,3.292,947.3,6.49448,1.21702
1789864355.840,7269,5.33696,0.01679,0.08961,3.290,3.291,947.3,6.49538,1.21719
1789864355.850,7270,5.33696,0.01679,0.08961,3.289,3.290,947.3,6.49628,1.21736
1789864355.860,7271,5.33696,0.01679,0.08961,3.288,3.288,947.3,6.49718,1.21753
1789864355.870,7272,5.33696,0.01679,0.08961,3.287,3.288,947.3,6.49807,1.21769
1789864355.880,7273,5.33689,0.01677,0.08950,3.287,3.288,947.3,6.49897,1.21786
1789864355.890,7274,5.33689,0.01677,0.08950,3.287,3.287,947.3,6.49986,1.21803
1789864355.900,7275,5.33689,0.01677,0.08950,3.291,3.290,947.3,6.50076,1.21820
1789864355.910,7276,5.33689,0.01677,0.08950,3.293,3.292,947.3,6.50165,1.21836
1789864355.920,7277,5.33689,0.01677,0.08950,3.293,3.293,947.3,6.50254,1.21853
1789864355.930,7278,5.33689,0.01677,0.08950,3.292,3.292,947.3,6.50344,1.21870
1789864355.940,7279,5.33689,0.01677,0.08950,3.292,3.292,947.3,6.50433,1.21887
1789864355.950,7280,5.33689,0.01677,0.08950,3.292,3.293,947.3,6.50523,1.21904
1789864355.960,7281,5.33689,0.01677,0.08950,3.292,3.293,947.3,6.50613,1.21920
1789864355.970,7282,5.33689,0.01677,0.08950,3.294,3.294,947.3,6.50702,1.21937
1789864355.980,7283,5.33681,0.01679,0.08961,3.295,3.295,947.3,6.50792,1.21954
1789864355.990,7284,5.33681,0.01679,0.08961,3.296,3.296,947.3,6.50882,1.21971
1789864356.000,7285,5.33681,0.01679,0.08961,3.295,3.295,947.3,6.50971,1.21988
1789864356.010,7286,5.33681,0.01679,0.08961,3.295,3.295,947.3,6.51061,1.22004
1789864356.020,7287,5.33681,0.01679,0.08961,3.294,3.295,947.3,6.51150,1.22021
1789864356.030,7288,5.33681,0.01679,0.08961,3.295,3.295,947.3,6.51240,1.22038
1789864356.040,7289,5.33681,0.01679,0.08961,3.294,3.295,947.3,6.51330,1.22055
1789864356.050,7290,5.33681,0.01679,0.08961,3.293,3.293,947.3,6.51420,1.22072
1789864356.060,7291,5.33681,0.01679,0.08961,3.295,3.295,947.3,6.51509,1.22088
1789864356.070,7292,5.33681,0.01679,0.08961,3.295,3.295,947.3,6.51599,1.22105
1789864356.080,7293,5.33665,0.01679,0.08960,3.297,3.296,947.3,6.51688,1.22122
1789864356.090,7294,5.33665,0.01679,0.08960,3.297,3.296,947.3,6.51778,1.22139
1789864356.100,7295,5.33665,0.01679,0.08960,3.297,3.296,947.3,6.51868,1.22155
1789864356.110,7296,5.33665,0.01679,0.08960,3.298,3.297,947.3,6.51958,1.22172
1789864356.120,7297,5.33665,0.01679,0.08960,3.298,3.298,947.3,6.52048,1.22189
1789864356.130,7298,5.33665,0.01679,0.08960,3.297,3.297,947.3,6.52139,1.22206
1789864356.141,7299,5.33665,0.01679,0.08960,3.297,3.297,947.3,6.52229,1.22223
1789864356.150,7300,5.33665,0.01679,0.08960,3.297,3.298,947.3,6.52318,1.22240
1789864356.160,7301,5.33665,0.01679,0.08960,3.297,3.297,947.3,6.52407,1.22257
1789864356.170,7302,5.33665,0.01679,0.08960,3.297,3.297,947.3,6.52495,1.22273
1789864356.180,7303,5.33654,0.01679,0.08960,3.295,3.295,947.3,6.52584,1.22290
1789864356.190,7304,5.33654,0.01679,0.08960,3.291,3.292,947.3,6.52674,1.22307
1789864356.200,7305,5.33654,0.01679,0.08960,3.291,3.291,947.3,6.52763,1.22323
1789864356.210,7306,5.33654,0.01679,0.08960,3.292,3.291,947.3,6.52853,1.22340
1789864356.220,7307,5.33654,0.01679,0.08960,3.292,3.292,947.3,6.52942,1.22357
1789864356.230,7308,5.33654,0.01679,0.08960,3.292,3.292,947.3,6.53031,1.22374
1789864356.240,7309,5.33654,0.01679,0.08960,3.291,3.291,947.3,6.53121,1.22390
1789864356.250,7310,5.33654,0.01679,0.08960,3.291,3.291,947.3,6.53210,1.22407
1789864356.260,7311,5.33654,0.01679,0.08960,3.289,3.290,947.3,6.53300,1.22424
1789864356.270,7312,5.33654,0.01679,0.08960,3.289,3.289,947.3,6.53389,1.22441
1789864356.280,7313,5.33654,0.01679,0.08960,3.287,3.288,947.3,6.53479,1.22457
1789864356.290,7314,5.33654,0.01679,0.08960,3.286,3.287,947.3,6.53569,1.22474
1789864356.300,7315,5.33654,0.01679,0.08960,3.288,3.288,947.3,6.53659,1.22491
1789864356.310,7316,5.33654,0.01679,0.08960,3.291,3.291,947.3,6.53748,1.22508
1789864356.320,7317,5.33654,0.01679,0.08960,3.291,3.291,947.3,6.53838,1.22525
1789864356.330,7318,5.33654,0.01679,0.08960,3.291,3.291,947.3,6.53927,1.22541
1789864356.340,7319,5.33654,0.01679,0.08960,3.291,3.291,947.3,6.54017,1.22558
1789864356.350,7320,5.33654,0.01679,0.08960,3.292,3.292,947.3,6.54106,1.22575
1789864356.360,7321,5.33654,0.01679,0.08960,3.292,3.293,947.3,6.54196,1.22592
1789864356.370,7322,5.33654,0.01679,0.08960,3.293,3.293,947.3,6.54286,1.22609
1789864356.380,7323,5.33642,0.01680,0.08965,3.294,3.294,947.3,6.54375,1.22625
1789864356.390,7324,5.33642,0.01680,0.08965,3.295,3.295,947.3,6.54465,1.22642
1789864356.400,7325,5.33642,0.01680,0.08965,3.295,3.295,947.3,6.54554,1.22659
1789864356.410,7326,5.33642,0.01680,0.08965,3.295,3.295,947.3,6.54644,1.22676
1789864356.420,7327,5.33642,0.01680,0.08965,3.296,3.296,947.3,6.54733,1.22692
1789864356.430,7328,5.33642,0.01680,0.08965,3.296,3.296,947.3,6.54823,1.22709
1789864356.440,7329,5.33642,0.01680,0.08965,3.296,3.296,947.3,6.54914,1.22726
1789864356.450,7330,5.33642,0.01680,0.08965,3.296,3.295,947.3,6.55004,1.22743
1789864356.460,7331,5.33642,0.01680,0.08965,3.295,3.295,947.3,6.55094,1.22760
1789864356.470,7332,5.33642,0.01680,0.08965,3.296,3.296,947.3,6.55183,1.22777
1789864356.480,7333,5.33642,0.01680,0.08965,3.296,3.296,947.3,6.55273,1.22794
1789864356.490,7334,5.33642,0.01680,0.08965,3.297,3.297,947.3,6.55362,1.22810
1789864356.500,7335,5.33642,0.01680,0.08965,3.298,3.298,947.3,6.55452,1.22827
1789864356.510,7336,5.33642,0.01680,0.08965,3.299,3.299,947.3,6.55541,1.22844
1789864356.520,7337,5.33642,0.01680,0.08965,3.299,3.299,947.3,6.55631,1.22861
1789864356.530,7338,5.33642,0.01680,0.08965,3.299,3.299,947.3,6.55721,1.22878
1789864356.540,7339,5.33642,0.01680,0.08965,3.299,3.299,947.3,6.55811,1.22894
1789864356.550,7340,5.33642,0.01680,0.08965,3.298,3.298,947.3,6.55901,1.22911
1789864356.560,7341,5.33642,0.01680,0.08965,3.297,3.297,947.3,6.55991,1.22928
1789864356.570,7342,5.33642,0.01680,0.08965,3.297,3.297,947.3,6.56081,1.22945
1789864356.580,7343,5.33634,0.01679,0.08960,3.297,3.297,947.3,6.56171,1.22962
1789864356.590,7344,5.33634,0.01679,0.08960,3.297,3.297,947.3,6.56260,1.22979
1789864356.600,7345,5.33634,0.01679,0.08960,3.297,3.296,947.3,6.56349,1.22995
1789864356.610,7346,5.33634,0.01679,0.08960,3.298,3.297,947.3,6.56438,1.23012
1789864356.620,7347,5.33634,0.01679,0.08960,3.299,3.298,947.3,6.56528,1.23029
1789864356.630,7348,5.33634,0.01679,0.08960,3.299,3.298,947.3,6.56617,1.23045
1789864356.640,7349,5.33634,0.01679,0.08960,3.295,3.296,947.3,6.56707,1.23062
1789864356.650,7350,5.33634,0.01679,0.08960,3.291,3.291,947.3,6.56796,1.23079
1789864356.660,7351,5.33634,0.01679,0.08960,3.290,3.291,947.3,6.56885,1.23096
1789864356.670,7352,5.33634,0.01679,0.08960,3.289,3.291,947.3,6.56975,1.23113
1789864356.680,7353,5.33626,0.01678,0.08954,3.287,3.289,947.3,6.57065,1.23129
1789864356.690,7354,5.33626,0.01678,0.08954,3.287,3.288,947.3,6.57155,1.23146
1789864356.700,7355,5.33626,0.01678,0.08954,3.290,3.289,947.3,6.57245,1.23163
1789864356.710,7356,5.33626,0.01678,0.08954,3.292,3.293,947.3,6.57334,1.23180
1789864356.720,7357,5.33626,0.01678,0.08954,3.292,3.293,947.3,6.57424,1.23197
1789864356.730,7358,5.33626,0.01678,0.08954,3.292,3.293,947.3,6.57513,1.23213
1789864356.740,7359,5.33626,0.01678,0.08954,3.294,3.294,947.3,6.57602,1.23230
1789864356.750,7360,5.33626,0.01678,0.08954,3.293,3.294,947.3,6.57692,1.23247
1789864356.760,7361,5.33626,0.01678,0.08954,3.295,3.295,947.3,6.57781,1.23264
1789864356.770,7362,5.33626,0.01678,0.08954,3.296,3.296,947.3,6.57871,1.23280
1789864356.780,7363,5.33618,0.01679,0.08959,3.297,3.297,947.3,6.57960,1.23297
1789864356.790,7364,5.33618,0.01679,0.08959,3.296,3.297,947.3,6.58050,1.23314
1789864356.800,7365,5.33618,0.01679,0.08959,3.297,3.298,947.3,6.58140,1.23331
1789864356.810,7366,5.33618,0.01679,0.08959,3.297,3.297,947.3,6.58229,1.23348
1789864356.820,7367,5.33618,0.01679,0.08959,3.296,3.295,947.3,6.58319,1.23364
1789864356.830,7368,5.33618,0.01679,0.08959,3.295,3.295,947.3,6.58409,1.23381
1789864356.840,7369,5.33618,0.01679,0.08959,3.295,3.294,947.3,6.58498,1.23398
1789864356.850,7370,5.33618,0.01679,0.08959,3.294,3.294,947.3,6.58588,1.23415
1789864356.860,7371,5.33618,0.01679,0.08959,3.294,3.293,947.3,6.58678,1.23432
1789864356.870,7372,5.33618,0.01679,0.08959,3.295,3.294,947.3,6.58767,1.23448
1789864356.880,7373,5.33611,0.01678,0.08954,3.295,3.295,947.3,6.58857,1.23465
1789864356.890,7374,5.33611,0.01678,0.08954,3.297,3.297,947.3,6.58946,1.23482
1789864356.900,7375,5.33611,0.01678,0.08954,3.298,3.298,947.3,6.59036,1.23499
1789864356.910,7376,5.33611,0.01678,0.08954,3.299,3.298,947.3,6.59125,1.23515
1789864356.920,7377,5.33611,0.01678,0.08954,3.299,3.299,947.3,6.59215,1.23532
1789864356.930,7378,5.33611,0.01678,0.08954,3.299,3.299,947.3,6.59304,1.23549
1789864356.940,7379,5.33611,0.01678,0.08954,3.299,3.299,947.3,6.59394,1.23566
1789864356.950,7380,5.33611,0.01678,0.08954,3.299,3.299,947.3,6.59483,1.23583
1789864356.960,7381,5.33611,0.01678,0.08954,3.298,3.298,947.3,6.59572,1.23599
1789864356.970,7382,5.33611,0.01678,0.08954,3.298,3.298,947.3,6.59662,1.23616
1789864356.980,7383,5.33614,0.01678,0.08954,3.298,3.297,947.3,6.59751,1.23633
1789864356.990,7384,5.33614,0.01678,0.08954,3.294,3.295,947.3,6.59841,1.23650
1789864357.000,7385,5.33614,0.01678,0.08954,3.293,3.292,947.3,6.59931,1.23666
1789864357.010,7386,5.33614,0.01678,0.08954,3.293,3.293,947.3,6.60020,1.23683
1789864357.020,7387,5.33614,0.01678,0.08954,3.293,3.293,947.3,6.60110,1.23700
1789864357.030,7388,5.33614,0.01678,0.08954,3.293,3.292,947.3,6.60200,1.23717
1789864357.040,7389,5.33614,0.01678,0.08954,3.291,3.291,947.3,6.60289,1.23734
1789864357.050,7390,5.33614,0.01678,0.08954,3.291,3.291,947.3,6.60379,1.23750
1789864357.060,7391,5.33614,0.01678,0.08954,3.291,3.292,947.3,6.60468,1.23767
1789864357.070,7392,5.33614,0.01678,0.08954,3.291,3.291,947.3,6.60558,1.23784
1789864357.080,7393,5.33618,0.01677,0.08949,3.290,3.291,947.3,6.60647,1.23801
1789864357.090,7394,5.33618,0.01677,0.08949,3.290,3.291,947.3,6.60737,1.23818
1789864357.100,7395,5.33618,0.01677,0.08949,3.292,3.292,947.3,6.60826,1.23834
1789864357.110,7396,5.33618,0.01677,0.08949,3.295,3.295,947.3,6.60916,1.23851
1789864357.120,7397,5.33618,0.01677,0.08949,3.295,3.296,947.3,6.61005,1.23868
1789864357.130,7398,5.33618,0.01677,0.08949,3.295,3.296,947.3,6.61095,1.23885
1789864357.140,7399,5.33618,0.01677,0.08949,3.295,3.295,947.3,6.61185,1.23901
1789864357.150,7400,5.33618,0.01677,0.08949,3.295,3.295,947.3,6.61274,1.23918
1789864357.160,7401,5.33618,0.01677,0.08949,3.294,3.295,947.3,6.61363,1.23935
1789864357.170,7402,5.33618,0.01677,0.08949,3.295,3.295,947.3,6.61453,1.23952
1789864357.180,7403,5.33614,0.01677,0.08949,3.295,3.295,947.3,6.61542,1.23968
1789864357.190,7404,5.33614,0.01677,0.08949,3.295,3.295,947.3,6.61632,1.23985
1789864357.200,7405,5.33614,0.01677,0.08949,3.295,3.295,947.3,6.61721,1.24002
1789864357.210,7406,5.33614,0.01677,0.08949,3.295,3.295,947.3,6.61811,1.24019
1789864357.220,7407,5.33614,0.01677,0.08949,3.295,3.296,947.3,6.61900,1.24036
1789864357.230,7408,5.33614,0.01677,0.08949,3.295,3.295,947.3,6.61990,1.24052
1789864357.240,7409,5.33614,0.01677,0.08949,3.294,3.295,947.3,6.62079,1.24069
1789864357.250,7410,5.33614,0.01677,0.08949,3.293,3.294,947.3,6.62169,1.24086
1789864357.260,7411,5.33614,0.01677,0.08949,3.294,3.294,947.3,6.62258,1.24103
1789864357.270,7412,5.33614,0.01677,0.08949,3.295,3.295,947.3,6.62347,1.24119
1789864357.280,7413,5.33611,0.01677,0.08949,3.295,3.295,947.3,6.62437,1.24136
1789864357.290,7414,5.33611,0.01677,0.08949,3.296,3.296,947.3,6.62526,1.24153
1789864357.300,7415,5.33611,0.01677,0.08949,3.297,3.297,947.3,6.62615,1.24170
1789864357.310,7416,5.33611,0.01677,0.08949,3.299,3.299,947.3,6.62705,1.24186
1789864357.320,7417,5.33611,0.01677,0.08949,3.299,3.299,947.3,6.62794,1.24203
1789864357.330,7418,5.33611,0.01677,0.08949,3.299,3.299,947.3,6.62883,1.24220
1789864357.340,7419,5.33611,0.01677,0.08949,3.298,3.299,947.3,6.62972,1.24236
1789864357.350,7420,5.33611,0.01677,0.08949,3.298,3.299,947.3,6.63062,1.24253
1789864357.360,7421,5.33611,0.01677,0.08949,3.297,3.298,947.3,6.63152,1.24270
1789864357.370,7422,5.33611,0.01677,0.08949,3.297,3.297,947.3,6.63242,1.24287
1789864357.380,7423,5.33614,0.01676,0.08943,3.296,3.297,947.3,6.63332,1.24304
1789864357.390,7424,5.33614,0.01676,0.08943,3.292,3.294,947.3,6.63422,1.24321
1789864357.400,7425,5.33614,0.01676,0.08943,3.291,3.292,947.3,6.63511,1.24337
1789864357.410,7426,5.33614,0.01676,0.08943,3.291,3.292,947.3,6.63600,1.24354
1789864357.420,7427,5.33614,0.01676,0.08943,3.292,3.293,947.3,6.63690,1.24371
1789864357.430,7428,5.33614,0.01676,0.08943,3.292,3.293,947.3,6.63781,1.24388
1789864357.441,7429,5.33614,0.01676,0.08943,3.292,3.293,947.3,6.63873,1.24405
1789864357.451,7430,5.33614,0.01676,0.08943,3.291,3.291,947.3,6.63965,1.24422
1789864357.461,7431,5.33614,0.01676,0.08943,3.290,3.290,947.3,6.64057,1.24440
1789864357.471,7432,5.33614,0.01676,0.08943,3.289,3.289,947.3,6.64144,1.24456
1789864357.481,7433,5.33611,0.01677,0.08949,3.287,3.287,947.3,6.64231,1.24472
1789864357.490,7434,5.33611,0.01677,0.08949,3.287,3.287,947.3,6.64319,1.24489
1789864357.500,7435,5.33611,0.01677,0.08949,3.287,3.287,947.3,6.64406,1.24505
1789864357.510,7436,5.33611,0.01677,0.08949,3.291,3.291,947.3,6.64495,1.24522
1789864357.520,7437,5.33611,0.01677,0.08949,3.293,3.293,947.3,6.64585,1.24539
1789864357.530,7438,5.33611,0.01677,0.08949,3.294,3.294,947.3,6.64674,1.24555
1789864357.540,7439,5.33611,0.01677,0.08949,3.295,3.295,947.3,6.64763,1.24572
1789864357.550,7440,5.33611,0.01677,0.08949,3.295,3.295,947.3,6.64853,1.24589
1789864357.560,7441,5.33611,0.01677,0.08949,3.295,3.296,947.3,6.64942,1.24606
1789864357.570,7442,5.33611,0.01677,0.08949,3.295,3.295,947.3,6.65031,1.24622
1789864357.580,7443,5.33607,0.01677,0.08949,3.296,3.296,947.3,6.65120,1.24639
1789864357.590,7444,5.33607,0.01677,0.08949,3.296,3.296,947.3,6.65210,1.24656
1789864357.600,7445,5.33607,0.01677,0.08949,3.295,3.296,947.3,6.65300,1.24673
1789864357.610,7446,5.33607,0.01677,0.08949,3.295,3.296,947.3,6.65390,1.24690
1789864357.620,7447,5.33607,0.01677,0.08949,3.295,3.296,947.3,6.65480,1.24706
1789864357.630,7448,5.33607,0.01677,0.08949,3.296,3.296,947.3,6.65569,1.24723
1789864357.640,7449,5.33607,0.01677,0.08949,3.295,3.295,947.3,6.65658,1.24740
1789864357.650,7450,5.33607,0.01677,0.08949,3.295,3.295,947.3,6.65747,1.24757
1789864357.660,7451,5.33607,0.01677,0.08949,3.295,3.294,947.3,6.65837,1.24773
1789864357.670,7452,5.33607,0.01677,0.08949,3.295,3.295,947.3,6.65926,1.24790
1789864357.680,7453,5.33607,0.01677,0.08949,3.296,3.295,947.3,6.66016,1.24807
1789864357.690,7454,5.33607,0.01677,0.08949,3.296,3.295,947.3,6.66105,1.24824
1789864357.700,7455,5.33607,0.01677,0.08949,3.298,3.298,947.3,6.66194,1.24840
1789864357.710,7456,5.33607,0.01677,0.08949,3.299,3.298,947.3,6.66284,1.24857
1789864357.720,7457,5.33607,0.01677,0.08949,3.299,3.299,947.3,6.66374,1.24874
1789864357.730,7458,5.33607,0.01677,0.08949,3.299,3.299,947.3,6.66463,1.24891
1789864357.740,7459,5.33607,0.01677,0.08949,3.299,3.299,947.3,6.66553,1.24907
1789864357.750,7460,5.33607,0.01677,0.08949,3.298,3.299,947.3,6.66643,1.24924
1789864357.760,7461,5.33607,0.01677,0.08949,3.297,3.298,947.3,6.66732,1.24941
1789864357.770,7462,5.33607,0.01677,0.08949,3.297,3.298,947.3,6.66822,1.24958
1789864357.780,7463,5.33614,0.01676,0.08943,3.297,3.297,947.3,6.66911,1.24975
1789864357.790,7464,5.33614,0.01676,0.08943,3.294,3.295,947.3,6.67001,1.24991
1789864357.800,7465,5.33614,0.01676,0.08943,3.292,3.292,947.3,6.67090,1.25008
1789864357.810,7466,5.33614,0.01676,0.08943,3.292,3.292,947.3,6.67179,1.25025
1789864357.820,7467,5.33614,0.01676,0.08943,3.292,3.292,947.3,6.67269,1.25042
1789864357.830,7468,5.33614,0.01676,0.08943,3.292,3.292,947.3,6.67358,1.25058
1789864357.840,7469,5.33614,0.01676,0.08943,3.291,3.292,947.3,6.67448,1.25075
1789864357.850,7470,5.33614,0.01676,0.08943,3.290,3.290,947.3,6.67537,1.25092
1789864357.860,7471,5.33614,0.01676,0.08943,3.289,3.290,947.3,6.67626,1.25109
1789864357.870,7472,5.33614,0.01676,0.08943,3.288,3.289,947.3,6.67716,1.25125
1789864357.880,7473,5.33622,0.01677,0.08949,3.287,3.288,947.3,6.67805,1.25142
1789864357.890,7474,5.33622,0.01677,0.08949,3.287,3.288,947.3,6.67895,1.25159
1789864357.900,7475,5.33622,0.01677,0.08949,3.289,3.288,947.3,6.67984,1.25176
1789864357.910,7476,5.33622,0.01677,0.08949,3.292,3.292,947.3,6.68073,1.25192
1789864357.920,7477,5.33622,0.01677,0.08949,3.294,3.295,947.3,6.68163,1.25209
1789864357.930,7478,5.33622,0.01677,0.08949,3.295,3.295,947.3,6.68252,1.25226
1789864357.940,7479,5.33622,0.01677,0.08949,3.295,3.295,947.3,6.68342,1.25243
1789864357.950,7480,5.33622,0.01677,0.08949,3.295,3.295,947.3,6.68431,1.25260
1789864357.960,7481,5.33622,0.01677,0.08949,3.295,3.296,947.3,6.68521,1.25276
1789864357.970,7482,5.33622,0.01677,0.08949,3.296,3.296,947.3,6.68611,1.25293
1789864357.980,7483,5.33611,0.01677,0.08949,3.298,3.298,947.3,6.68700,1.25310
1789864357.990,7484,5.33611,0.01677,0.08949,3.297,3.298,947.3,6.68790,1.25327
1789864358.000,7485,5.33611,0.01677,0.08949,3.297,3.297,947.3,6.68879,1.25343
1789864358.010,7486,5.33611,0.01677,0.08949,3.297,3.297,947.3,6.68969,1.25360
1789864358.020,7487,5.33611,0.01677,0.08949,3.296,3.296,947.3,6.69058,1.25377
1789864358.030,7488,5.33611,0.01677,0.08949,3.295,3.295,947.3,6.69148,1.25394
1789864358.040,7489,5.33611,0.01677,0.08949,3.294,3.295,947.3,6.69237,1.25411
1789864358.050,7490,5.33611,0.01677,0.08949,3.293,3.293,947.3,6.69327,1.25427
1789864358.060,7491,5.33611,0.01677,0.08949,3.292,3.293,947.3,6.69417,1.25444
1789864358.070,7492,5.33611,0.01677,0.08949,3.293,3.293,947.3,6.69506,1.25461
1789864358.080,7493,5.33618,0.01677,0.08949,3.293,3.293,947.3,6.69595,1.25478
1789864358.090,7494,5.33618,0.01677,0.08949,3.294,3.294,947.3,6.69685,1.25494
1789864358.100,7495,5.33618,0.01677,0.08949,3.295,3.295,947.3,6.69774,1.25511
1789864358.110,7496,5.33618,0.01677,0.08949,3.295,3.295,947.3,6.69863,1.25528
1789864358.120,7497,5.33618,0.01677,0.08949,3.296,3.296,947.3,6.69953,1.25545
1789864358.130,7498,5.33618,0.01677,0.08949,3.296,3.295,947.3,6.70043,1.25561
1789864358.140,7499,5.33618,0.01677,0.08949,3.296,3.296,947.3,6.70132,1.25578
1789864358.150,7500,5.33618,0.01677,0.08949,3.296,3.296,947.3,6.70221,1.25595
1789864358.160,7501,5.33618,0.01677,0.08949,3.296,3.297,947.3,6.70311,1.25612
1789864358.170,7502,5.33618,0.01677,0.08949,3.298,3.298,947.3,6.70400,1.25628
1789864358.180,7503,5.33630,0.01678,0.08954,3.297,3.298,947.3,6.70489,1.25645
1789864358.190,7504,5.33630,0.01678,0.08954,3.296,3.297,947.3,6.70579,1.25662
1789864358.200,7505,5.33630,0.01678,0.08954,3.295,3.295,947.3,6.70669,1.25679
1789864358.210,7506,5.33630,0.01678,0.08954,3.295,3.295,947.3,6.70758,1.25696
1789864358.220,7507,5.33630,0.01678,0.08954,3.295,3.295,947.3,6.70848,1.25712
1789864358.230,7508,5.33630,0.01678,0.08954,3.295,3.295,947.3,6.70938,1.25729
1789864358.240,7509,5.33630,0.01678,0.08954,3.295,3.295,947.3,6.71027,1.25746
1789864358.250,7510,5.33630,0.01678,0.08954,3.291,3.291,947.3,6.71117,1.25763
1789864358.260,7511,5.33630,0.01678,0.08954,3.291,3.292,947.3,6.71207,1.25780
1789864358.270,7512,5.33630,0.01678,0.08954,3.291,3.291,947.3,6.71296,1.25796
1789864358.280,7513,5.33626,0.01677,0.08949,3.291,3.291,947.3,6.71385,1.25813
1789864358.290,7514,5.33626,0.01677,0.08949,3.291,3.291,947.3,6.71475,1.25830
1789864358.300,7515,5.33626,0.01677,0.08949,3.291,3.291,947.3,6.71564,1.25847
1789864358.310,7516,5.33626,0.01677,0.08949,3.295,3.295,947.3,6.71654,1.25863
1789864358.320,7517,5.33626,0.01677,0.08949,3.295,3.295,947.3,6.71743,1.25880
1789864358.330,7518,5.33626,0.01677,0.08949,3.295,3.295,947.3,6.71833,1.25897
1789864358.340,7519,5.33626,0.01677,0.08949,3.294,3.294,947.3,6.71922,1.25914
1789864358.350,7520,5.33626,0.01677,0.08949,3.293,3.293,947.3,6.72012,1.25930
1789864358.360,7521,5.33626,0.01677,0.08949,3.293,3.293,947.3,6.72101,1.25947
1789864358.370,7522,5.33626,0.01677,0.08949,3.292,3.293,947.3,6.72191,1.25964
1789864358.380,7523,5.33626,0.01679,0.08960,3.293,3.294,947.3,6.72280,1.25981
1789864358.390,7524,5.33626,0.01679,0.08960,3.293,3.293,947.3,6.72371,1.25998
1789864358.400,7525,5.33626,0.01679,0.08960,3.293,3.293,947.3,6.72461,1.26015
1789864358.410,7526,5.33626,0.01679,0.08960,3.293,3.294,947.3,6.72551,1.26031
1789864358.420,7527,5.33626,0.01679,0.08960,3.294,3.294,947.3,6.72641,1.26048
1789864358.430,7528,5.33626,0.01679,0.08960,3.295,3.295,947.3,6.72730,1.26065
1789864358.440,7529,5.33626,0.01679,0.08960,3.295,3.295,947.3,6.72819,1.26082
1789864358.450,7530,5.33626,0.01679,0.08960,3.294,3.295,947.3,6.72908,1.26098
1789864358.460,7531,5.33626,0.01679,0.08960,3.294,3.295,947.3,6.72998,1.26115
1789864358.470,7532,5.33626,0.01679,0.08960,3.295,3.295,947.3,6.73087,1.26132
1789864358.480,7533,5.33630,0.01678,0.08954,3.295,3.296,947.3,6.73176,1.26149
1789864358.490,7534,5.33630,0.01678,0.08954,3.295,3.296,947.3,6.73266,1.26165
1789864358.500,7535,5.33630,0.01678,0.08954,3.296,3.297,947.3,6.73355,1.26182
1789864358.510,7536,5.33630,0.01678,0.08954,3.297,3.298,947.3,6.73445,1.26199
1789864358.520,7537,5.33630,0.01678,0.08954,3.299,3.299,947.3,6.73535,1.26216
1789864358.530,7538,5.33630,0.01678,0.08954,3.299,3.299,947.3,6.73624,1.26233
1789864358.540,7539,5.33630,0.01678,0.08954,3.299,3.299,947.3,6.73714,1.26249
1789864358.550,7540,5.33630,0.01678,0.08954,3.299,3.299,947.3,6.73803,1.26266
1789864358.560,7541,5.33630,0.01678,0.08954,3.298,3.298,947.3,6.73893,1.26283
1789864358.570,7542,5.33630,0.01678,0.08954,3.298,3.298,947.3,6.73983,1.26300
1789864358.580,7543,5.33634,0.01679,0.08960,3.298,3.298,947.3,6.74072,1.26317
1789864358.590,7544,5.33634,0.01679,0.08960,3.298,3.298,947.3,6.74162,1.26333
1789864358.600,7545,5.33634,0.01679,0.08960,3.296,3.296,947.3,6.74251,1.26350
1789864358.610,7546,5.33634,0.01679,0.08960,3.296,3.296,947.3,6.74341,1.26367
1789864358.620,7547,5.33634,0.01679,0.08960,3.297,3.297,947.3,6.74430,1.26384
1789864358.630,7548,5.33634,0.01679,0.08960,3.297,3.297,947.3,6.74520,1.26400
1789864358.640,7549,5.33634,0.01679,0.08960,3.296,3.296,947.3,6.74609,1.26417
1789864358.650,7550,5.33634,0.01679,0.08960,3.292,3.293,947.3,6.74699,1.26434
1789864358.660,7551,5.33634,0.01679,0.08960,3.290,3.291,947.3,6.74788,1.26451
1789864358.670,7552,5.33634,0.01679,0.08960,3.289,3.289,947.3,6.74878,1.26468
1789864358.680,7553,5.33638,0.01680,0.08965,3.287,3.287,947.3,6.74968,1.26484
1789864358.690,7554,5.33638,0.01680,0.08965,3.286,3.286,947.3,6.75057,1.26501
1789864358.700,7555,5.33638,0.01680,0.08965,3.285,3.285,947.3,6.75147,1.26518
1789864358.710,7556,5.33638,0.01680,0.08965,3.288,3.288,947.3,6.75237,1.26535
1789864358.720,7557,5.33638,0.01680,0.08965,3.290,3.291,947.3,6.75326,1.26552
1789864358.730,7558,5.33638,0.01680,0.08965,3.290,3.290,947.3,6.75416,1.26568
1789864358.740,7559,5.33638,0.01680,0.08965,3.291,3.291,947.3,6.75506,1.26585
1789864358.750,7560,5.33638,0.01680,0.08965,3.291,3.292,947.3,6.75595,1.26602
1789864358.760,7561,5.33638,0.01680,0.08965,3.292,3.293,947.3,6.75685,1.26619
1789864358.770,7562,5.33638,0.01680,0.08965,3.293,3.294,947.3,6.75775,1.26636
1789864358.780,7563,5.33642,0.01680,0.08965,3.295,3.295,947.3,6.75864,1.26652
1789864358.790,7564,5.33642,0.01680,0.08965,3.295,3.295,947.3,6.75954,1.26669
1789864358.800,7565,5.33642,0.01680,0.08965,3.295,3.295,947.3,6.76044,1.26686
1789864358.810,7566,5.33642,0.01680,0.08965,3.295,3.295,947.3,6.76133,1.26703
1789864358.820,7567,5.33642,0.01680,0.08965,3.295,3.295,947.3,6.76223,1.26720
1789864358.830,7568,5.33642,0.01680,0.08965,3.295,3.295,947.3,6.76313,1.26736
1789864358.840,7569,5.33642,0.01680,0.08965,3.295,3.295,947.3,6.76402,1.26753
1789864358.850,7570,5.33642,0.01680,0.08965,3.295,3.295,947.3,6.76492,1.26770
1789864358.860,7571,5.33642,0.01680,0.08965,3.295,3.295,947.3,6.76581,1.26787
1789864358.870,7572,5.33642,0.01680,0.08965,3.295,3.295,947.3,6.76671,1.26804
1789864358.880,7573,5.33642,0.01679,0.08960,3.296,3.296,947.3,6.76761,1.26820
1789864358.890,7574,5.33642,0.01679,0.08960,3.296,3.296,947.3,6.76850,1.26837
1789864358.900,7575,5.33642,0.01679,0.08960,3.296,3.297,947.3,6.76940,1.26854
1789864358.910,7576,5.33642,0.01679,0.08960,3.297,3.297,947.3,6.77030,1.26871
1789864358.920,7577,5.33642,0.01679,0.08960,3.299,3.298,947.3,6.77119,1.26888
1789864358.930,7578,5.33642,0.01679,0.08960,3.299,3.299,947.3,6.77209,1.26904
1789864358.940,7579,5.33642,0.01679,0.08960,3.299,3.299,947.3,6.77298,1.26921
1789864358.950,7580,5.33642,0.01679,0.08960,3.299,3.299,947.3,6.77388,1.26938
1789864358.960,7581,5.33642,0.01679,0.08960,3.298,3.298,947.3,6.77478,1.26955
1789864358.970,7582,5.33642,0.01679,0.08960,3.297,3.297,947.3,6.77567,1.26971
1789864358.980,7583,5.33650,0.01680,0.08965,3.297,3.297,947.3,6.77657,1.26988
1789864358.990,7584,5.33650,0.01680,0.08965,3.296,3.296,947.3,6.77746,1.27005
1789864359.000,7585,5.33650,0.01680,0.08965,3.293,3.293,947.3,6.77836,1.27022
1789864359.010,7586,5.33650,0.01680,0.08965,3.293,3.292,947.3,6.77926,1.27039
1789864359.020,7587,5.33650,0.01680,0.08965,3.294,3.293,947.3,6.78015,1.27055
1789864359.030,7588,5.33650,0.01680,0.08965,3.294,3.294,947.3,6.78105,1.27072
1789864359.040,7589,5.33650,0.01680,0.08965,3.294,3.294,947.3,6.78195,1.27089
1789864359.050,7590,5.33650,0.01680,0.08965,3.290,3.290,947.3,6.78285,1.27106
1789864359.060,7591,5.33650,0.01680,0.08965,3.290,3.290,947.3,6.78375,1.27123
1789864359.070,7592,5.33650,0.01680,0.08965,3.289,3.289,947.3,6.78464,1.27140
1789864359.080,7593,5.33654,0.01679,0.08960,3.287,3.288,947.3,6.78554,1.27156
1789864359.090,7594,5.33654,0.01679,0.08960,3.287,3.287,947.3,6.78643,1.27173
1789864359.100,7595,5.33654,0.01679,0.08960,3.287,3.287,947.3,6.78733,1.27190
1789864359.110,7596,5.33654,0.01679,0.08960,3.291,3.290,947.3,6.78822,1.27207
1789864359.120,7597,5.33654,0.01679,0.08960,3.294,3.294,947.3,6.78911,1.27223
1789864359.130,7598,5.33654,0.01679,0.08960,3.294,3.295,947.3,6.79001,1.27240
1789864359.140,7599,5.33654,0.01679,0.08960,3.294,3.295,947.3,6.79090,1.27257
1789864359.150,7600,5.33654,0.01679,0.08960,3.294,3.295,947.3,6.79180,1.27274
1789864359.160,7601,5.33654,0.01679,0.08960,3.295,3.295,947.3,6.79270,1.27291
1789864359.170,7602,5.33654,0.01679,0.08960,3.295,3.295,947.3,6.79360,1.27307
1789864359.180,7603,5.33654,0.01678,0.08955,3.295,3.295,947.3,6.79450,1.27324
1789864359.190,7604,5.33654,0.01678,0.08955,3.295,3.295,947.3,6.79539,1.27341
1789864359.200,7605,5.33654,0.01678,0.08955,3.295,3.295,947.3,6.79628,1.27358
1789864359.210,7606,5.33654,0.01678,0.08955,3.296,3.296,947.3,6.79717,1.27374
1789864359.220,7607,5.33654,0.01678,0.08955,3.296,3.296,947.3,6.79806,1.27391
1789864359.230,7608,5.33654,0.01678,0.08955,3.295,3.296,947.3,6.79896,1.27408
1789864359.240,7609,5.33654,0.01678,0.08955,3.295,3.295,947.3,6.79985,1.27425
1789864359.250,7610,5.33654,0.01678,0.08955,3.295,3.296,947.3,6.80075,1.27441
1789864359.260,7611,5.33654,0.01678,0.08955,3.295,3.296,947.3,6.80164,1.27458
1789864359.270,7612,5.33654,0.01678,0.08955,3.295,3.297,947.3,6.80253,1.27475
1789864359.280,7613,5.33657,0.01679,0.08960,3.296,3.297,947.3,6.80343,1.27492
1789864359.290,7614,5.33657,0.01679,0.08960,3.297,3.298,947.3,6.80432,1.27508
1789864359.300,7615,5.33657,0.01679,0.08960,3.298,3.299,947.3,6.80522,1.27525
1789864359.310,7616,5.33657,0.01679,0.08960,3.298,3.299,947.3,6.80612,1.27542
1789864359.320,7617,5.33657,0.01679,0.08960,3.298,3.299,947.3,6.80701,1.27559
1789864359.330,7618,5.33657,0.01679,0.08960,3.299,3.299,947.3,6.80791,1.27576
1789864359.340,7619,5.33657,0.01679,0.08960,3.299,3.299,947.3,6.80880,1.27592
1789864359.350,7620,5.33657,0.01679,0.08960,3.299,3.299,947.3,6.80971,1.27609
1789864359.360,7621,5.33657,0.01679,0.08960,3.298,3.299,947.3,6.81061,1.27626
1789864359.370,7622,5.33657,0.01679,0.08960,3.297,3.298,947.3,6.81151,1.27643
1789864359.380,7623,5.33654,0.01679,0.08960,3.297,3.298,947.3,6.81241,1.27660
1789864359.390,7624,5.33654,0.01679,0.08960,3.296,3.296,947.3,6.81330,1.27677
1789864359.400,7625,5.33654,0.01679,0.08960,3.293,3.294,947.3,6.81419,1.27693
1789864359.410,7626,5.33654,0.01679,0.08960,3.293,3.293,947.3,6.81508,1.27710
1789864359.420,7627,5.33654,0.01679,0.08960,3.294,3.293,947.3,6.81597,1.27727
1789864359.430,7628,5.33654,0.01679,0.08960,3.294,3.294,947.3,6.81686,1.27743
1789864359.440,7629,5.33654,0.01679,0.08960,3.294,3.294,947.3,6.81776,1.27760
1789864359.450,7630,5.33654,0.01679,0.08960,3.291,3.291,947.3,6.81866,1.27777
1789864359.460,7631,5.33654,0.01679,0.08960,3.291,3.291,947.3,6.81955,1.27794
1789864359.470,7632,5.33654,0.01679,0.08960,3.291,3.291,947.3,6.82045,1.27811
1789864359.480,7633,5.33650,0.01679,0.08960,3.289,3.290,947.3,6.82134,1.27827
1789864359.490,7634,5.33650,0.01679,0.08960,3.288,3.289,947.3,6.82224,1.27844
1789864359.500,7635,5.33650,0.01679,0.08960,3.287,3.288,947.3,6.82314,1.27861
1789864359.510,7636,5.33650,0.01679,0.08960,3.291,3.290,947.3,6.82403,1.27878
1789864359.520,7637,5.33650,0.01679,0.08960,3.292,3.293,947.3,6.82493,1.27895
1789864359.530,7638,5.33650,0.01679,0.08960,3.291,3.292,947.3,6.82583,1.27911
1789864359.540,7639,5.33650,0.01679,0.08960,3.292,3.293,947.3,6.82673,1.27928
1789864359.550,7640,5.33650,0.01679,0.08960,3.293,3.294,947.3,6.82762,1.27945
1789864359.560,7641,5.33650,0.01679,0.08960,3.295,3.295,947.3,6.82852,1.27962
1789864359.570,7642,5.33650,0.01679,0.08960,3.295,3.295,947.3,6.82941,1.27979
1789864359.580,7643,5.33642,0.01678,0.08955,3.295,3.295,947.3,6.83030,1.27995
1789864359.590,7644,5.33642,0.01678,0.08955,3.296,3.296,947.3,6.83124,1.28013
1789864359.601,7645,5.33642,0.01678,0.08955,3.296,3.296,947.3,6.83217,1.28030
1789864359.611,7646,5.33642,0.01678,0.08955,3.296,3.297,947.3,6.83311,1.28048
1789864359.622,7647,5.33642,0.01678,0.08955,3.295,3.295,947.3,6.83404,1.28065
1789864359.631,7648,5.33642,0.01678,0.08955,3.296,3.296,947.3,6.83490,1.28081
1789864359.641,7649,5.33642,0.01678,0.08955,3.295,3.296,947.3,6.83575,1.28097
1789864359.650,7650,5.33642,0.01678,0.08955,3.296,3.296,947.3,6.83661,1.28113
1789864359.660,7651,5.33642,0.01678,0.08955,3.296,3.296,947.3,6.83747,1.28129
1789864359.670,7652,5.33642,0.01678,0.08955,3.296,3.296,947.3,6.83836,1.28146
1789864359.680,7653,5.33634,0.01678,0.08954,3.296,3.297,947.3,6.83926,1.28163
1789864359.690,7654,5.33634,0.01678,0.08954,3.296,3.296,947.3,6.84016,1.28180
1789864359.700,7655,5.33634,0.01678,0.08954,3.297,3.297,947.3,6.84106,1.28197
1789864359.710,7656,5.33634,0.01678,0.08954,3.298,3.298,947.3,6.84195,1.28214
1789864359.720,7657,5.33634,0.01678,0.08954,3.299,3.299,947.3,6.84285,1.28230
1789864359.730,7658,5.33634,0.01678,0.08954,3.298,3.298,947.3,6.84374,1.28247
1789864359.740,7659,5.33634,0.01678,0.08954,3.299,3.298,947.3,6.84464,1.28264
1789864359.750,7660,5.33634,0.01678,0.08954,3.299,3.299,947.3,6.84553,1.28281
1789864359.760,7661,5.33634,0.01678,0.08954,3.298,3.298,947.3,6.84643,1.28297
1789864359.770,7662,5.33634,0.01678,0.08954,3.298,3.298,947.3,6.84732,1.28314
1789864359.780,7663,5.33626,0.01678,0.08954,3.297,3.297,947.3,6.84821,1.28331
1789864359.790,7664,5.33626,0.01678,0.08954,3.296,3.296,947.3,6.84911,1.28348
1789864359.800,7665,5.33626,0.01678,0.08954,3.293,3.294,947.3,6.85000,1.28364
1789864359.810,7666,5.33626,0.01678,0.08954,3.292,3.293,947.3,6.85090,1.28381
1789864359.820,7667,5.33626,0.01678,0.08954,3.293,3.293,947.3,6.85180,1.28398
1789864359.830,7668,5.33626,0.01678,0.08954,3.293,3.293,947.3,6.85269,1.28415
1789864359.840,7669,5.33626,0.01678,0.08954,3.293,3.294,947.3,6.85359,1.28432
1789864359.850,7670,5.33626,0.01678,0.08954,3.291,3.291,947.3,6.85448,1.28448
1789864359.860,7671,5.33626,0.01678,0.08954,3.290,3.289,947.3,6.85537,1.28465
1789864359.870,7672,5.33626,0.01678,0.08954,3.289,3.289,947.3,6.85627,1.28482
1789864359.880,7673,5.33614,0.01678,0.08954,3.287,3.287,947.3,6.85717,1.28499
1789864359.890,7674,5.33614,0.01678,0.08954,3.287,3.287,947.3,6.85806,1.28515
1789864359.900,7675,5.33614,0.01678,0.08954,3.287,3.287,947.3,6.85896,1.28532
1789864359.910,7676,5.33614,0.01678,0.08954,3.290,3.290,947.3,6.85985,1.28549
1789864359.920,7677,5.33614,0.01678,0.08954,3.294,3.294,947.3,6.86075,1.28566
1789864359.930,7678,5.33614,0.01678,0.08954,3.294,3.295,947.3,6.86165,1.28583
1789864359.940,7679,5.33614,0.01678,0.08954,3.295,3.295,947.3,6.86255,1.28599
1789864359.950,7680,5.33614,0.01678,0.08954,3.295,3.295,947.3,6.86344,1.28616
1789864359.960,7681,5.33614,0.01678,0.08954,3.294,3.294,947.3,6.86433,1.28633
1789864359.970,7682,5.33614,0.01678,0.08954,3.294,3.294,947.3,6.86523,1.28650
1789864359.980,7683,5.33614,0.01677,0.08949,3.294,3.294,947.3,6.86612,1.28666
1789864359.990,7684,5.33614,0.01677,0.08949,3.294,3.294,947.3,6.86702,1.28683
1789864360.000,7685,5.33614,0.01677,0.08949,3.295,3.295,947.3,6.86791,1.28700
1789864360.010,7686,5.33614,0.01677,0.08949,3.295,3.295,947.3,6.86881,1.28717
1789864360.020,7687,5.33614,0.01677,0.08949,3.295,3.295,947.3,6.86970,1.28734
1789864360.030,7688,5.33614,0.01677,0.08949,3.296,3.296,947.3,6.87060,1.28750
1789864360.040,7689,5.33614,0.01677,0.08949,3.296,3.296,947.3,6.87149,1.28767
1789864360.050,7690,5.33614,0.01677,0.08949,3.296,3.296,947.3,6.87239,1.28784
1789864360.060,7691,5.33614,0.01677,0.08949,3.297,3.297,947.3,6.87328,1.28801
1789864360.070,7692,5.33614,0.01677,0.08949,3.297,3.297,947.3,6.87418,1.28817
1789864360.080,7693,5.33607,0.01677,0.08949,3.297,3.297,947.3,6.87507,1.28834
1789864360.090,7694,5.33607,0.01677,0.08949,3.296,3.295,947.3,6.87597,1.28851
1789864360.100,7695,5.33607,0.01677,0.08949,3.295,3.294,947.3,6.87687,1.28868
1789864360.110,7696,5.33607,0.01677,0.08949,3.295,3.294,947.3,6.87776,1.28885
1789864360.120,7697,5.33607,0.01677,0.08949,3.295,3.295,947.3,6.87866,1.28901
1789864360.130,7698,5.33607,0.01677,0.08949,3.295,3.295,947.3,6.87955,1.28918
1789864360.140,7699,5.33607,0.01677,0.08949,3.295,3.295,947.3,6.88045,1.28935
1789864360.150,7700,5.33607,0.01677,0.08949,3.296,3.295,947.3,6.88134,1.28952
1789864360.160,7701,5.33607,0.01677,0.08949,3.297,3.297,947.3,6.88224,1.28969
1789864360.170,7702,5.33607,0.01677,0.08949,3.297,3.297,947.3,6.88314,1.28985
1789864360.180,7703,5.33603,0.01677,0.08949,3.297,3.297,947.3,6.88404,1.29002
1789864360.190,7704,5.33603,0.01677,0.08949,3.296,3.297,947.3,6.88493,1.29019
1789864360.200,7705,5.33603,0.01677,0.08949,3.294,3.295,947.3,6.88582,1.29036
1789864360.210,7706,5.33603,0.01677,0.08949,3.293,3.293,947.3,6.88671,1.29052
1789864360.220,7707,5.33603,0.01677,0.08949,3.294,3.294,947.3,6.88760,1.29069
1789864360.230,7708,5.33603,0.01677,0.08949,3.295,3.295,947.3,6.88850,1.29086
1789864360.240,7709,5.33603,0.01677,0.08949,3.294,3.294,947.3,6.88940,1.29103
1789864360.250,7710,5.33603,0.01677,0.08949,3.292,3.293,947.3,6.89030,1.29120
1789864360.260,7711,5.33603,0.01677,0.08949,3.291,3.291,947.3,6.89120,1.29136
1789864360.270,7712,5.33603,0.01677,0.08949,3.291,3.291,947.3,6.89209,1.29153
1789864360.280,7713,5.33599,0.01677,0.08948,3.289,3.289,947.3,6.89299,1.29170
1789864360.290,7714,5.33599,0.01677,0.08948,3.287,3.287,947.3,6.89389,1.29187
1789864360.300,7715,5.33599,0.01677,0.08948,3.286,3.287,947.3,6.89478,1.29204
1789864360.310,7716,5.33599,0.01677,0.08948,3.287,3.287,947.3,6.89568,1.29220
1789864360.320,7717,5.33599,0.01677,0.08948,3.291,3.291,947.3,6.89657,1.29237
1789864360.330,7718,5.33599,0.01677,0.08948,3.291,3.291,947.3,6.89746,1.29254
1789864360.340,7719,5.33599,0.01677,0.08948,3.291,3.291,947.3,6.89836,1.29271
1789864360.350,7720,5.33599,0.01677,0.08948,3.292,3.292,947.3,6.89925,1.29287
1789864360.360,7721,5.33599,0.01677,0.08948,3.294,3.294,947.3,6.90015,1.29304
1789864360.370,7722,5.33599,0.01677,0.08948,3.294,3.294,947.3,6.90104,1.29321
1789864360.380,7723,5.33614,0.01677,0.08949,3.295,3.295,947.3,6.90193,1.29338
1789864360.390,7724,5.33614,0.01677,0.08949,3.295,3.295,947.3,6.90282,1.29354
1789864360.400,7725,5.33614,0.01677,0.08949,3.296,3.296,947.3,6.90371,1.29371
1789864360.410,7726,5.33614,0.01677,0.08949,3.297,3.297,947.3,6.90460,1.29388
1789864360.420,7727,5.33614,0.01677,0.08949,3.297,3.297,947.3,6.90549,1.29404
1789864360.430,7728,5.33614,0.01677,0.08949,3.298,3.298,947.3,6.90639,1.29421
1789864360.440,7729,5.33614,0.01677,0.08949,3.297,3.297,947.3,6.90729,1.29438
1789864360.450,7730,5.33614,0.01677,0.08949,3.298,3.298,947.3,6.90819,1.29455
1789864360.460,7731,5.33614,0.01677,0.08949,3.298,3.298,947.3,6.90909,1.29472
1789864360.470,7732,5.33614,0.01677,0.08949,3.298,3.298,947.3,6.90998,1.29488
1789864360.480,7733,5.33618,0.01677,0.08949,3.298,3.298,947.3,6.91087,1.29505
1789864360.490,7734,5.33618,0.01677,0.08949,3.298,3.298,947.3,6.91176,1.29522
1789864360.500,7735,5.33618,0.01677,0.08949,3.298,3.298,947.3,6.91266,1.29539
1789864360.510,7736,5.33618,0.01677,0.08949,3.296,3.297,947.3,6.91356,1.29555
1789864360.520,7737,5.33618,0.01677,0.08949,3.296,3.297,947.3,6.91445,1.29572
1789864360.530,7738,5.33618,0.01677,0.08949,3.297,3.298,947.3,6.91535,1.29589
1789864360.540,7739,5.33618,0.01677,0.08949,3.297,3.298,947.3,6.91625,1.29606
1789864360.550,7740,5.33618,0.01677,0.08949,3.297,3.298,947.3,6.91714,1.29623
1789864360.560,7741,5.33618,0.01677,0.08949,3.297,3.298,947.3,6.91804,1.29639
1789864360.570,7742,5.33618,0.01677,0.08949,3.298,3.298,947.3,6.91893,1.29656
1789864360.580,7743,5.33618,0.01677,0.08949,3.297,3.298,947.3,6.91982,1.29673
1789864360.590,7744,5.33618,0.01677,0.08949,3.296,3.297,947.3,6.92072,1.29690
1789864360.600,7745,5.33618,0.01677,0.08949,3.295,3.296,947.3,6.92161,1.29706
1789864360.610,7746,5.33618,0.01677,0.08949,3.295,3.296,947.3,6.92251,1.29723
1789864360.620,7747,5.33618,0.01677,0.08949,3.296,3.296,947.3,6.92340,1.29740
1789864360.630,7748,5.33618,0.01677,0.08949,3.296,3.297,947.3,6.92430,1.29757
1789864360.640,7749,5.33618,0.01677,0.08949,3.297,3.297,947.3,6.92519,1.29773
1789864360.650,7750,5.33618,0.01677,0.08949,3.295,3.295,947.3,6.92609,1.29790
1789864360.660,7751,5.33618,0.01677,0.08949,3.291,3.292,947.3,6.92699,1.29807
1789864360.670,7752,5.33618,0.01677,0.08949,3.291,3.291,947.3,6.92788,1.29824
1789864360.680,7753,5.33618,0.01677,0.08949,3.289,3.289,947.3,6.92878,1.29841
1789864360.690,7754,5.33618,0.01677,0.08949,3.287,3.287,947.3,6.92968,1.29857
1789864360.700,7755,5.33618,0.01677,0.08949,3.287,3.287,947.3,6.93057,1.29874
1789864360.710,7756,5.33618,0.01677,0.08949,3.289,3.288,947.3,6.93146,1.29891
1789864360.720,7757,5.33618,0.01677,0.08949,3.291,3.291,947.3,6.93235,1.29908
1789864360.730,7758,5.33618,0.01677,0.08949,3.291,3.291,947.3,6.93324,1.29924
1789864360.740,7759,5.33618,0.01677,0.08949,3.291,3.291,947.3,6.93414,1.29941
1789864360.750,7760,5.33618,0.01677,0.08949,3.292,3.293,947.3,6.93503,1.29958
1789864360.760,7761,5.33618,0.01677,0.08949,3.293,3.294,947.3,6.93593,1.29975
1789864360.770,7762,5.33618,0.01677,0.08949,3.293,3.293,947.3,6.93682,1.29991
1789864360.780,7763,5.33622,0.01677,0.08949,3.295,3.294,947.3,6.93772,1.30008
1789864360.790,7764,5.33622,0.01677,0.08949,3.295,3.295,947.3,6.93862,1.30025
1789864360.800,7765,5.33622,0.01677,0.08949,3.295,3.295,947.3,6.93951,1.30042
1789864360.810,7766,5.33622,0.01677,0.08949,3.295,3.295,947.3,6.94041,1.30059
1789864360.820,7767,5.33622,0.01677,0.08949,3.295,3.295,947.3,6.94131,1.30075
1789864360.830,7768,5.33622,0.01677,0.08949,3.295,3.295,947.3,6.94220,1.30092
1789864360.840,7769,5.33622,0.01677,0.08949,3.295,3.295,947.3,6.94310,1.30109
1789864360.850,7770,5.33622,0.01677,0.08949,3.295,3.295,947.3,6.94399,1.30126
1789864360.860,7771,5.33622,0.01677,0.08949,3.296,3.296,947.3,6.94489,1.30143
1789864360.870,7772,5.33622,0.01677,0.08949,3.296,3.297,947.3,6.94578,1.30159
1789864360.880,7773,5.33630,0.01676,0.08944,3.297,3.297,947.3,6.94667,1.30176
1789864360.890,7774,5.33630,0.01676,0.08944,3.298,3.298,947.3,6.94756,1.30193
1789864360.900,7775,5.33630,0.01676,0.08944,3.298,3.299,947.3,6.94846,1.30209
1789864360.910,7776,5.33630,0.01676,0.08944,3.298,3.298,947.3,6.94935,1.30226
1789864360.920,7777,5.33630,0.01676,0.08944,3.298,3.298,947.3,6.95025,1.30243
1789864360.930,7778,5.33630,0.01676,0.08944,3.298,3.298,947.3,6.95115,1.30260
1789864360.940,7779,5.33630,0.01676,0.08944,3.297,3.298,947.3,6.95205,1.30277
1789864360.950,7780,5.33630,0.01676,0.08944,3.297,3.298,947.3,6.95294,1.30293
1789864360.960,7781,5.33630,0.01676,0.08944,3.297,3.298,947.3,6.95383,1.30310
1789864360.970,7782,5.33630,0.01676,0.08944,3.298,3.298,947.3,6.95472,1.30327
1789864360.980,7783,5.33638,0.01677,0.08949,3.298,3.298,947.3,6.95561,1.30343
1789864360.990,7784,5.33638,0.01677,0.08949,3.298,3.298,947.3,6.95650,1.30360
1789864361.000,7785,5.33638,0.01677,0.08949,3.295,3.296,947.3,6.95740,1.30377
1789864361.010,7786,5.33638,0.01677,0.08949,3.295,3.295,947.3,6.95829,1.30394
1789864361.020,7787,5.33638,0.01677,0.08949,3.295,3.295,947.3,6.95919,1.30411
1789864361.030,7788,5.33638,0.01677,0.08949,3.295,3.295,947.3,6.96008,1.30427
1789864361.040,7789,5.33638,0.01677,0.08949,3.295,3.295,947.3,6.96098,1.30444
1789864361.050,7790,5.33638,0.01677,0.08949,3.293,3.294,947.3,6.96187,1.30461
1789864361.060,7791,5.33638,0.01677,0.08949,3.290,3.290,947.3,6.96276,1.30478
1789864361.070,7792,5.33638,0.01677,0.08949,3.290,3.290,947.3,6.96366,1.30494
1789864361.080,7793,5.33638,0.01677,0.08949,3.289,3.290,947.3,6.96456,1.30511
1789864361.090,7794,5.33638,0.01677,0.08949,3.289,3.289,947.3,6.96546,1.30528
1789864361.100,7795,5.33638,0.01677,0.08949,3.288,3.288,947.3,6.96636,1.30545
1789864361.110,7796,5.33638,0.01677,0.08949,3.289,3.288,947.3,6.96725,1.30562
1789864361.120,7797,5.33638,0.01677,0.08949,3.295,3.294,947.3,6.96815,1.30578
1789864361.130,7798,5.33638,0.01677,0.08949,3.295,3.295,947.3,6.96904,1.30595
1789864361.140,7799,5.33638,0.01677,0.08949,3.296,3.296,947.3,6.96994,1.30612
1789864361.150,7800,5.33638,0.01677,0.08949,3.296,3.296,947.3,6.97084,1.30629
1789864361.160,7801,5.33638,0.01677,0.08949,3.297,3.297,947.3,6.97174,1.30646
1789864361.170,7802,5.33638,0.01677,0.08949,3.297,3.298,947.3,6.97264,1.30663
1789864361.180,7803,5.33646,0.01677,0.08949,3.297,3.297,947.3,6.97354,1.30680
1789864361.190,7804,5.33646,0.01677,0.08949,3.297,3.297,947.3,6.97443,1.30696
1789864361.200,7805,5.33646,0.01677,0.08949,3.297,3.297,947.3,6.97532,1.30713
1789864361.210,7806,5.33646,0.01677,0.08949,3.296,3.296,947.3,6.97621,1.30730
1789864361.220,7807,5.33646,0.01677,0.08949,3.296,3.296,947.3,6.97710,1.30746
1789864361.230,7808,5.33646,0.01677,0.08949,3.296,3.296,947.3,6.97799,1.30763
1789864361.240,7809,5.33646,0.01677,0.08949,3.295,3.296,947.3,6.97889,1.30780
1789864361.250,7810,5.33646,0.01677,0.08949,3.295,3.296,947.3,6.97978,1.30796
1789864361.260,7811,5.33646,0.01677,0.08949,3.296,3.296,947.3,6.98067,1.30813
1789864361.270,7812,5.33646,0.01677,0.08949,3.297,3.297,947.3,6.98157,1.30830
1789864361.280,7813,5.33650,0.01677,0.08949,3.297,3.297,947.3,6.98246,1.30847
1789864361.290,7814,5.33650,0.01677,0.08949,3.298,3.298,947.3,6.98336,1.30864
1789864361.300,7815,5.33650,0.01677,0.08949,3.298,3.299,947.3,6.98426,1.30880
1789864361.310,7816,5.33650,0.01677,0.08949,3.299,3.299,947.3,6.98515,1.30897
1789864361.320,7817,5.33650,0.01677,0.08949,3.298,3.298,947.3,6.98605,1.30914
1789864361.330,7818,5.33650,0.01677,0.08949,3.298,3.298,947.3,6.98694,1.30931
1789864361.340,7819,5.33650,0.01677,0.08949,3.298,3.298,947.3,6.98784,1.30947
1789864361.350,7820,5.33650,0.01677,0.08949,3.298,3.297,947.3,6.98873,1.30964
1789864361.360,7821,5.33650,0.01677,0.08949,3.297,3.297,947.3,6.98962,1.30981
1789864361.370,7822,5.33650,0.01677,0.08949,3.297,3.297,947.3,6.99051,1.30998
1789864361.380,7823,5.33642,0.01677,0.08949,3.298,3.298,947.3,6.99140,1.31014
1789864361.390,7824,5.33642,0.01677,0.08949,3.297,3.297,947.3,6.99230,1.31031
1789864361.400,7825,5.33642,0.01677,0.08949,3.295,3.295,947.3,6.99320,1.31048
1789864361.410,7826,5.33642,0.01677,0.08949,3.292,3.293,947.3,6.99410,1.31065
1789864361.420,7827,5.33642,0.01677,0.08949,3.292,3.293,947.3,6.99500,1.31082
1789864361.430,7828,5.33642,0.01677,0.08949,3.293,3.294,947.3,6.99589,1.31098
1789864361.440,7829,5.33642,0.01677,0.08949,3.293,3.294,947.3,6.99678,1.31115
1789864361.450,7830,5.33642,0.01677,0.08949,3.291,3.293,947.3,6.99768,1.31132
1789864361.460,7831,5.33642,0.01677,0.08949,3.291,3.291,947.3,6.99857,1.31148
1789864361.470,7832,5.33642,0.01677,0.08949,3.292,3.292,947.3,6.99946,1.31165
1789864361.480,7833,5.33638,0.01677,0.08949,3.291,3.291,947.3,7.00036,1.31182
1789864361.490,7834,5.33638,0.01677,0.08949,3.289,3.290,947.3,7.00125,1.31199
1789864361.500,7835,5.33638,0.01677,0.08949,3.287,3.288,947.3,7.00215,1.31216
1789864361.510,7836,5.33638,0.01677,0.08949,3.289,3.288,947.3,7.00305,1.31232
1789864361.520,7837,5.33638,0.01677,0.08949,3.291,3.291,947.3,7.00394,1.31249
1789864361.530,7838,5.33638,0.01677,0.08949,3.291,3.291,947.3,7.00484,1.31266
1789864361.540,7839,5.33638,0.01677,0.08949,3.292,3.293,947.3,7.00573,1.31283
1789864361.550,7840,5.33638,0.01677,0.08949,3.292,3.293,947.3,7.00663,1.31299
1789864361.560,7841,5.33638,0.01677,0.08949,3.294,3.295,947.3,7.00752,1.31316
1789864361.570,7842,5.33638,0.01677,0.08949,3.295,3.295,947.3,7.00841,1.31333
1789864361.580,7843,5.33650,0.01677,0.08949,3.295,3.295,947.3,7.00930,1.31350
1789864361.590,7844,5.33650,0.01677,0.08949,3.296,3.296,947.3,7.01020,1.31366
1789864361.600,7845,5.33650,0.01677,0.08949,3.296,3.296,947.3,7.01110,1.31383
1789864361.610,7846,5.33650,0.01677,0.08949,3.297,3.296,947.3,7.01200,1.31400
1789864361.620,7847,5.33650,0.01677,0.08949,3.297,3.296,947.3,7.01289,1.31417
1789864361.630,7848,5.33650,0.01677,0.08949,3.296,3.296,947.3,7.01379,1.31434
1789864361.640,7849,5.33650,0.01677,0.08949,3.297,3.296,947.3,7.01468,1.31450
1789864361.650,7850,5.33650,0.01677,0.08949,3.297,3.296,947.3,7.01558,1.31467
1789864361.660,7851,5.33650,0.01677,0.08949,3.296,3.296,947.3,7.01648,1.31484
1789864361.670,7852,5.33650,0.01677,0.08949,3.296,3.297,947.3,7.01737,1.31501
1789864361.680,7853,5.33657,0.01678,0.08955,3.297,3.297,947.3,7.01827,1.31518
1789864361.690,7854,5.33657,0.01678,0.08955,3.297,3.297,947.3,7.01917,1.31534
1789864361.700,7855,5.33657,0.01678,0.08955,3.297,3.298,947.3,7.02007,1.31551
1789864361.710,7856,5.33657,0.01678,0.08955,3.298,3.298,947.3,7.02096,1.31568
1789864361.720,7857,5.33657,0.01678,0.08955,3.299,3.299,947.3,7.02186,1.31585
1789864361.730,7858,5.33657,0.01678,0.08955,3.298,3.298,947.3,7.02275,1.31602
1789864361.740,7859,5.33657,0.01678,0.08955,3.298,3.298,947.3,7.02365,1.31618
1789864361.750,7860,5.33657,0.01678,0.08955,3.298,3.297,947.3,7.02454,1.31635
1789864361.760,7861,5.33657,0.01678,0.08955,3.298,3.297,947.3,7.02543,1.31652
1789864361.770,7862,5.33657,0.01678,0.08955,3.298,3.297,947.3,7.02632,1.31668
1789864361.780,7863,5.33657,0.01678,0.08955,3.297,3.297,947.3,7.02721,1.31685
1789864361.790,7864,5.33657,0.01678,0.08955,3.298,3.298,947.3,7.02811,1.31702
1789864361.800,7865,5.33657,0.01678,0.08955,3.295,3.295,947.3,7.02901,1.31719
1789864361.810,7866,5.33657,0.01678,0.08955,3.293,3.293,947.3,7.02991,1.31736
1789864361.820,7867,5.33657,0.01678,0.08955,3.293,3.293,947.3,7.03081,1.31753
1789864361.830,7868,5.33657,0.01678,0.08955,3.293,3.293,947.3,7.03170,1.31769
1789864361.840,7869,5.33657,0.01678,0.08955,3.293,3.293,947.3,7.03260,1.31786
1789864361.850,7870,5.33657,0.01678,0.08955,3.291,3.293,947.3,7.03350,1.31803
1789864361.860,7871,5.33657,0.01678,0.08955,3.289,3.290,947.3,7.03439,1.31820
1789864361.870,7872,5.33657,0.01678,0.08955,3.291,3.291,947.3,7.03528,1.31836
1789864361.880,7873,5.33669,0.01680,0.08966,3.289,3.290,947.3,7.03617,1.31853
1789864361.890,7874,5.33669,0.01680,0.08966,3.288,3.289,947.3,7.03707,1.31870
1789864361.900,7875,5.33669,0.01680,0.08966,3.288,3.288,947.3,7.03796,1.31887
1789864361.910,7876,5.33669,0.01680,0.08966,3.288,3.288,947.3,7.03886,1.31904
1789864361.920,7877,5.33669,0.01680,0.08966,3.292,3.292,947.3,7.03976,1.31920
1789864361.930,7878,5.33669,0.01680,0.08966,3.292,3.292,947.3,7.04066,1.31937
1789864361.940,7879,5.33669,0.01680,0.08966,3.292,3.293,947.3,7.04156,1.31954
1789864361.950,7880,5.33669,0.01680,0.08966,3.293,3.293,947.3,7.04246,1.31971
1789864361.960,7881,5.33669,0.01680,0.08966,3.293,3.293,947.3,7.04335,1.31988
1789864361.970,7882,5.33669,0.01680,0.08966,3.293,3.294,947.3,7.04424,1.32004
1789864361.980,7883,5.33669,0.01679,0.08960,3.294,3.294,947.3,7.04514,1.32021
1789864361.990,7884,5.33669,0.01679,0.08960,3.295,3.295,947.3,7.04603,1.32038
1789864362.000,7885,5.33669,0.01679,0.08960,3.295,3.295,947.3,7.04693,1.32055
1789864362.010,7886,5.33669,0.01679,0.08960,3.295,3.295,947.3,7.04783,1.32072
1789864362.020,7887,5.33669,0.01679,0.08960,3.295,3.295,947.3,7.04873,1.32088
1789864362.030,7888,5.33669,0.01679,0.08960,3.295,3.295,947.3,7.04962,1.32105
1789864362.040,7889,5.33669,0.01679,0.08960,3.295,3.295,947.3,7.05052,1.32122
1789864362.050,7890,5.33669,0.01679,0.08960,3.295,3.295,947.3,7.05142,1.32139
1789864362.060,7891,5.33669,0.01679,0.08960,3.296,3.296,947.3,7.05232,1.32156
1789864362.070,7892,5.33669,0.01679,0.08960,3.297,3.297,947.3,7.05321,1.32172
1789864362.080,7893,5.33673,0.01678,0.08955,3.297,3.297,947.3,7.05410,1.32189
1789864362.090,7894,5.33673,0.01678,0.08955,3.297,3.297,947.3,7.05499,1.32206
1789864362.100,7895,5.33673,0.01678,0.08955,3.297,3.297,947.3,7.05589,1.32223
1789864362.110,7896,5.33673,0.01678,0.08955,3.297,3.297,947.3,7.05678,1.32239
1789864362.120,7897,5.33673,0.01678,0.08955,3.297,3.296,947.3,7.05768,1.32256
1789864362.130,7898,5.33673,0.01678,0.08955,3.296,3.296,947.3,7.05858,1.32273
1789864362.140,7899,5.33673,0.01678,0.08955,3.296,3.295,947.3,7.05947,1.32290
1789864362.150,7900,5.33673,0.01678,0.08955,3.296,3.295,947.3,7.06037,1.32306
1789864362.160,7901,5.33673,0.01678,0.08955,3.296,3.295,947.3,7.06126,1.32323
1789864362.170,7902,5.33673,0.01678,0.08955,3.296,3.295,947.3,7.06215,1.32340
1789864362.180,7903,5.33669,0.01678,0.08955,3.296,3.296,947.3,7.06305,1.32357
1789864362.190,7904,5.33669,0.01678,0.08955,3.296,3.295,947.3,7.06395,1.32374
1789864362.200,7905,5.33669,0.01678,0.08955,3.295,3.295,947.3,7.06485,1.32390
1789864362.210,7906,5.33669,0.01678,0.08955,3.292,3.292,947.3,7.06575,1.32407
1789864362.220,7907,5.33669,0.01678,0.08955,3.293,3.293,947.3,7.06665,1.32424
1789864362.230,7908,5.33669,0.01678,0.08955,3.293,3.293,947.3,7.06754,1.32441
1789864362.240,7909,5.33669,0.01678,0.08955,3.293,3.293,947.3,7.06844,1.32458
1789864362.250,7910,5.33669,0.01678,0.08955,3.291,3.292,947.3,7.06933,1.32474
1789864362.260,7911,5.33669,0.01678,0.08955,3.289,3.290,947.3,7.07023,1.32491
1789864362.270,7912,5.33669,0.01678,0.08955,3.290,3.291,947.3,7.07112,1.32508
1789864362.280,7913,5.33661,0.01678,0.08955,3.288,3.289,947.3,7.07202,1.32525
1789864362.290,7914,5.33661,0.01678,0.08955,3.287,3.287,947.3,7.07291,1.32542
1789864362.300,7915,5.33661,0.01678,0.08955,3.286,3.287,947.3,7.07381,1.32558
1789864362.310,7916,5.33661,0.01678,0.08955,3.287,3.287,947.3,7.07470,1.32575
1789864362.320,7917,5.33661,0.01678,0.08955,3.291,3.290,947.3,7.07559,1.32592
1789864362.330,7918,5.33661,0.01678,0.08955,3.292,3.292,947.3,7.07648,1.32608
1789864362.340,7919,5.33661,0.01678,0.08955,3.292,3.292,947.3,7.07737,1.32625
1789864362.350,7920,5.33661,0.01678,0.08955,3.293,3.293,947.3,7.07827,1.32642
1789864362.360,7921,5.33661,0.01678,0.08955,3.293,3.293,947.3,7.07917,1.32659
1789864362.370,7922,5.33661,0.01678,0.08955,3.293,3.294,947.3,7.08007,1.32676
1789864362.380,7923,5.33657,0.01678,0.08955,3.293,3.294,947.3,7.08097,1.32693
1789864362.390,7924,5.33657,0.01678,0.08955,3.294,3.295,947.3,7.08187,1.32709
1789864362.400,7925,5.33657,0.01678,0.08955,3.295,3.296,947.3,7.08276,1.32726
1789864362.410,7926,5.33657,0.01678,0.08955,3.296,3.296,947.3,7.08366,1.32743
1789864362.420,7927,5.33657,0.01678,0.08955,3.296,3.296,947.3,7.08455,1.32760
1789864362.430,7928,5.33657,0.01678,0.08955,3.297,3.297,947.3,7.08545,1.32777
1789864362.440,7929,5.33657,0.01678,0.08955,3.297,3.298,947.3,7.08635,1.32793
1789864362.450,7930,5.33657,0.01678,0.08955,3.297,3.297,947.3,7.08725,1.32810
1789864362.460,7931,5.33657,0.01678,0.08955,3.297,3.297,947.3,7.08814,1.32827
1789864362.470,7932,5.33657,0.01678,0.08955,3.297,3.297,947.3,7.08904,1.32844
1789864362.480,7933,5.33654,0.01678,0.08955,3.297,3.297,947.3,7.08993,1.32860
1789864362.490,7934,5.33654,0.01678,0.08955,3.298,3.298,947.3,7.09082,1.32877
1789864362.500,7935,5.33654,0.01678,0.08955,3.298,3.298,947.3,7.09171,1.32894
1789864362.510,7936,5.33654,0.01678,0.08955,3.299,3.299,947.3,7.09261,1.32911
1789864362.520,7937,5.33654,0.01678,0.08955,3.299,3.299,947.3,7.09351,1.32927
1789864362.530,7938,5.33654,0.01678,0.08955,3.299,3.299,947.3,7.09440,1.32944
1789864362.540,7939,5.33654,0.01678,0.08955,3.299,3.299,947.3,7.09530,1.32961
1789864362.550,7940,5.33654,0.01678,0.08955,3.297,3.297,947.3,7.09620,1.32978
1789864362.560,7941,5.33654,0.01678,0.08955,3.297,3.297,947.3,7.09709,1.32995
1789864362.570,7942,5.33654,0.01678,0.08955,3.296,3.296,947.3,7.09798,1.33011
1789864362.580,7943,5.33642,0.01677,0.08949,3.295,3.295,947.3,7.09888,1.33028
1789864362.590,7944,5.33642,0.01677,0.08949,3.295,3.295,947.3,7.09977,1.33045
1789864362.600,7945,5.33642,0.01677,0.08949,3.295,3.295,947.3,7.10066,1.33062
1789864362.610,7946,5.33642,0.01677,0.08949,3.295,3.295,947.3,7.10156,1.33078
1789864362.620,7947,5.33642,0.01677,0.08949,3.295,3.295,947.3,7.10245,1.33095
1789864362.630,7948,5.33642,0.01677,0.08949,3.296,3.296,947.3,7.10335,1.33112
1789864362.640,7949,5.33642,0.01677,0.08949,3.297,3.297,947.3,7.10425,1.33129
1789864362.650,7950,5.33642,0.01677,0.08949,3.297,3.298,947.3,7.10514,1.33146
1789864362.660,7951,5.33642,0.01677,0.08949,3.293,3.294,947.3,7.10604,1.33162
1789864362.670,7952,5.33642,0.01677,0.08949,3.291,3.291,947.3,7.10694,1.33179
1789864362.680,7953,5.33638,0.01677,0.08949,3.289,3.290,947.3,7.10783,1.33196
1789864362.690,7954,5.33638,0.01677,0.08949,3.287,3.288,947.3,7.10872,1.33213
1789864362.700,7955,5.33638,0.01677,0.08949,3.287,3.287,947.3,7.10961,1.33229
1789864362.710,7956,5.33638,0.01677,0.08949,3.287,3.287,947.3,7.11051,1.33246
1789864362.720,7957,5.33638,0.01677,0.08949,3.292,3.291,947.3,7.11140,1.33263
1789864362.730,7958,5.33638,0.01677,0.08949,3.295,3.295,947.3,7.11229,1.33280
1789864362.740,7959,5.33638,0.01677,0.08949,3.295,3.295,947.3,7.11319,1.33296
1789864362.750,7960,5.33638,0.01677,0.08949,3.296,3.295,947.3,7.11408,1.33313
1789864362.760,7961,5.33638,0.01677,0.08949,3.295,3.295,947.3,7.11497,1.33330
1789864362.770,7962,5.33638,0.01677,0.08949,3.295,3.295,947.3,7.11587,1.33347
1789864362.780,7963,5.33630,0.01678,0.08954,3.295,3.295,947.3,7.11676,1.33363
1789864362.790,7964,5.33630,0.01678,0.08954,3.295,3.295,947.3,7.11766,1.33380
1789864362.800,7965,5.33630,0.01678,0.08954,3.295,3.295,947.3,7.11856,1.33397
1789864362.810,7966,5.33630,0.01678,0.08954,3.295,3.296,947.3,7.11946,1.33414
1789864362.820,7967,5.33630,0.01678,0.08954,3.295,3.296,947.3,7.12036,1.33431
1789864362.830,7968,5.33630,0.01678,0.08954,3.296,3.296,947.3,7.12125,1.33447
1789864362.840,7969,5.33630,0.01678,0.08954,3.296,3.297,947.3,7.12215,1.33464
1789864362.850,7970,5.33630,0.01678,0.08954,3.296,3.297,947.3,7.12305,1.33481
1789864362.860,7971,5.33630,0.01678,0.08954,3.296,3.297,947.3,7.12394,1.33498
1789864362.870,7972,5.33630,0.01678,0.08954,3.297,3.297,947.3,7.12483,1.33515
1789864362.880,7973,5.33622,0.01677,0.08949,3.297,3.298,947.3,7.12572,1.33531
1789864362.890,7974,5.33622,0.01677,0.08949,3.298,3.298,947.3,7.12661,1.33548
1789864362.900,7975,5.33622,0.01677,0.08949,3.297,3.298,947.3,7.12750,1.33564
1789864362.910,7976,5.33622,0.01677,0.08949,3.298,3.299,947.3,7.12840,1.33581
1789864362.920,7977,5.33622,0.01677,0.08949,3.299,3.299,947.3,7.12929,1.33598
1789864362.930,7978,5.33622,0.01677,0.08949,3.299,3.299,947.3,7.13019,1.33615
1789864362.940,7979,5.33622,0.01677,0.08949,3.299,3.299,947.3,7.13109,1.33632
1789864362.950,7980,5.33622,0.01677,0.08949,3.299,3.299,947.3,7.13199,1.33649
1789864362.960,7981,5.33622,0.01677,0.08949,3.298,3.298,947.3,7.13288,1.33665
1789864362.970,7982,5.33622,0.01677,0.08949,3.298,3.298,947.3,7.13378,1.33682
1789864362.980,7983,5.33622,0.01677,0.08949,3.297,3.297,947.3,7.13468,1.33699
1789864362.990,7984,5.33622,0.01677,0.08949,3.297,3.297,947.3,7.13557,1.33716
1789864363.000,7985,5.33622,0.01677,0.08949,3.295,3.295,947.3,7.13646,1.33732
1789864363.010,7986,5.33622,0.01677,0.08949,3.292,3.292,947.3,7.13736,1.33749
1789864363.020,7987,5.33622,0.01677,0.08949,3.294,3.294,947.3,7.13825,1.33766
1789864363.030,7988,5.33622,0.01677,0.08949,3.294,3.294,947.3,7.13915,1.33783
1789864363.040,7989,5.33622,0.01677,0.08949,3.294,3.294,947.3,7.14004,1.33800
1789864363.050,7990,5.33622,0.01677,0.08949,3.294,3.294,947.3,7.14094,1.33816
1789864363.060,7991,5.33622,0.01677,0.08949,3.291,3.291,947.3,7.14184,1.33833
1789864363.070,7992,5.33622,0.01677,0.08949,3.290,3.290,947.3,7.14273,1.33850
1789864363.080,7993,5.33630,0.01677,0.08949,3.290,3.290,947.3,7.14363,1.33867
1789864363.090,7994,5.33630,0.01677,0.08949,3.289,3.289,947.3,7.14452,1.33883
1789864363.100,7995,5.33630,0.01677,0.08949,3.287,3.287,947.3,7.14541,1.33900
1789864363.110,7996,5.33630,0.01677,0.08949,3.287,3.287,947.3,7.14631,1.33917
1789864363.120,7997,5.33630,0.01677,0.08949,3.291,3.291,947.3,7.14720,1.33934
1789864363.130,7998,5.33630,0.01677,0.08949,3.293,3.293,947.3,7.14810,1.33950
1789864363.140,7999,5.33630,0.01677,0.08949,3.293,3.293,947.3,7.14899,1.33967
1789864363.150,8000,5.33630,0.01677,0.08949,3.292,3.292,947.3,7.14989,1.33984
1789864363.160,8001,5.33630,0.01677,0.08949,3.293,3.293,947.3,7.15078,1.34001
1789864363.170,8002,5.33630,0.01677,0.08949,3.293,3.293,947.3,7.15168,1.34018
1789864363.180,8003,5.33630,0.01678,0.08954,3.294,3.293,947.3,7.15258,1.34034
1789864363.190,8004,5.33630,0.01678,0.08954,3.295,3.295,947.3,7.15347,1.34051
1789864363.200,8005,5.33630,0.01678,0.08954,3.295,3.295,947.3,7.15437,1.34068
1789864363.210,8006,5.33630,0.01678,0.08954,3.295,3.295,947.3,7.15526,1.34085
1789864363.220,8007,5.33630,0.01678,0.08954,3.296,3.296,947.3,7.15616,1.34102
1789864363.230,8008,5.33630,0.01678,0.08954,3.297,3.297,947.3,7.15706,1.34118
1789864363.240,8009,5.33630,0.01678,0.08954,3.297,3.297,947.3,7.15795,1.34135
1789864363.250,8010,5.33630,0.01678,0.08954,3.297,3.297,947.3,7.15885,1.34152
1789864363.260,8011,5.33630,0.01678,0.08954,3.296,3.296,947.3,7.15974,1.34169
1789864363.270,8012,5.33630,0.01678,0.08954,3.297,3.297,947.3,7.16064,1.34185
1789864363.280,8013,5.33630,0.01678,0.08954,3.298,3.298,947.3,7.16153,1.34202
1789864363.290,8014,5.33630,0.01678,0.08954,3.298,3.298,947.3,7.16242,1.34219
1789864363.300,8015,5.33630,0.01678,0.08954,3.298,3.298,947.3,7.16332,1.34236
1789864363.310,8016,5.33630,0.01678,0.08954,3.299,3.298,947.3,7.16422,1.34253
1789864363.320,8017,5.33630,0.01678,0.08954,3.299,3.299,947.3,7.16511,1.34269
1789864363.330,8018,5.33630,0.01678,0.08954,3.299,3.299,947.3,7.16601,1.34286
1789864363.340,8019,5.33630,0.01678,0.08954,3.299,3.299,947.3,7.16691,1.34303
1789864363.350,8020,5.33630,0.01678,0.08954,3.299,3.299,947.3,7.16780,1.34320
1789864363.360,8021,5.33630,0.01678,0.08954,3.299,3.299,947.3,7.16870,1.34337
1789864363.370,8022,5.33630,0.01678,0.08954,3.297,3.298,947.3,7.16959,1.34353
1789864363.380,8023,5.33634,0.01679,0.08960,3.297,3.297,947.3,7.17049,1.34370
1789864363.390,8024,5.33634,0.01679,0.08960,3.296,3.297,947.3,7.17138,1.34387
1789864363.400,8025,5.33634,0.01679,0.08960,3.294,3.295,947.3,7.17228,1.34404
1789864363.410,8026,5.33634,0.01679,0.08960,3.290,3.291,947.3,7.17317,1.34420
1789864363.420,8027,5.33634,0.01679,0.08960,3.291,3.291,947.3,7.17406,1.34437
1789864363.430,8028,5.33634,0.01679,0.08960,3.292,3.292,947.3,7.17496,1.34454
1789864363.440,8029,5.33634,0.01679,0.08960,3.292,3.293,947.3,7.17586,1.34471
1789864363.450,8030,5.33634,0.01679,0.08960,3.292,3.293,947.3,7.17676,1.34488
1789864363.460,8031,5.33634,0.01679,0.08960,3.290,3.291,947.3,7.17766,1.34504
1789864363.470,8032,5.33634,0.01679,0.08960,3.290,3.290,947.3,7.17855,1.34521
1789864363.480,8033,5.33634,0.01678,0.08954,3.288,3.289,947.3,7.17944,1.34538
1789864363.490,8034,5.33634,0.01678,0.08954,3.288,3.288,947.3,7.18033,1.34554
1789864363.500,8035,5.33634,0.01678,0.08954,3.287,3.288,947.3,7.18122,1.34571
1789864363.510,8036,5.33634,0.01678,0.08954,3.287,3.287,947.3,7.18211,1.34588
1789864363.520,8037,5.33634,0.01678,0.08954,3.291,3.290,947.3,7.18301,1.34605
1789864363.530,8038,5.33634,0.01678,0.08954,3.294,3.294,947.3,7.18390,1.34621
1789864363.540,8039,5.33634,0.01678,0.08954,3.294,3.294,947.3,7.18480,1.34638
1789864363.550,8040,5.33634,0.01678,0.08954,3.293,3.293,947.3,7.18570,1.34655
1789864363.560,8041,5.33634,0.01678,0.08954,3.293,3.293,947.3,7.18660,1.34672
1789864363.570,8042,5.33634,0.01678,0.08954,3.294,3.294,947.3,7.18749,1.34689
1789864363.580,8043,5.33642,0.01678,0.08955,3.294,3.294,947.3,7.18839,1.34706
1789864363.590,8044,5.33642,0.01678,0.08955,3.295,3.295,947.3,7.18929,1.34722
1789864363.600,8045,5.33642,0.01678,0.08955,3.295,3.295,947.3,7.19019,1.34739
1789864363.610,8046,5.33642,0.01678,0.08955,3.295,3.296,947.3,7.19108,1.34756
1789864363.620,8047,5.33642,0.01678,0.08955,3.296,3.297,947.3,7.19198,1.34773
1789864363.630,8048,5.33642,0.01678,0.08955,3.297,3.297,947.3,7.19288,1.34790
1789864363.640,8049,5.33642,0.01678,0.08955,3.297,3.298,947.3,7.19377,1.34806
1789864363.650,8050,5.33642,0.01678,0.08955,3.298,3.298,947.3,7.19467,1.34823
1789864363.660,8051,5.33642,0.01678,0.08955,3.298,3.298,947.3,7.19556,1.34840
1789864363.670,8052,5.33642,0.01678,0.08955,3.298,3.298,947.3,7.19646,1.34857
1789864363.680,8053,5.33638,0.01678,0.08954,3.298,3.299,947.3,7.19735,1.34874
1789864363.690,8054,5.33638,0.01678,0.08954,3.299,3.299,947.3,7.19825,1.34890
1789864363.700,8055,5.33638,0.01678,0.08954,3.299,3.299,947.3,7.19915,1.34907
1789864363.710,8056,5.33638,0.01678,0.08954,3.299,3.299,947.3,7.20004,1.34924
1789864363.720,8057,5.33638,0.01678,0.08954,3.299,3.299,947.3,7.20093,1.34940
1789864363.730,8058,5.33638,0.01678,0.08954,3.299,3.299,947.3,7.20182,1.34957
1789864363.740,8059,5.33638,0.01678,0.08954,3.299,3.299,947.3,7.20271,1.34974
1789864363.750,8060,5.33638,0.01678,0.08954,3.299,3.299,947.3,7.20361,1.34991
1789864363.760,8061,5.33638,0.01678,0.08954,3.299,3.299,947.3,7.20451,1.35008
1789864363.770,8062,5.33638,0.01678,0.08954,3.299,3.299,947.3,7.20541,1.35024
1789864363.780,8063,5.33642,0.01678,0.08955,3.297,3.298,947.3,7.20631,1.35041
1789864363.790,8064,5.33642,0.01678,0.08955,3.296,3.297,947.3,7.20721,1.35058
1789864363.800,8065,5.33642,0.01678,0.08955,3.295,3.296,947.3,7.20811,1.35075
1789864363.810,8066,5.33642,0.01678,0.08955,3.292,3.293,947.3,7.20901,1.35092
1789864363.820,8067,5.33642,0.01678,0.08955,3.291,3.292,947.3,7.20991,1.35109
1789864363.830,8068,5.33642,0.01678,0.08955,3.292,3.293,947.3,7.21080,1.35125
1789864363.840,8069,5.33642,0.01678,0.08955,3.293,3.293,947.3,7.21168,1.35142
1789864363.850,8070,5.33642,0.01678,0.08955,3.294,3.294,947.3,7.21257,1.35159
1789864363.860,8071,5.33642,0.01678,0.08955,3.291,3.291,947.3,7.21346,1.35175
1789864363.870,8072,5.33642,0.01678,0.08955,3.290,3.290,947.3,7.21435,1.35192
1789864363.880,8073,5.33638,0.01678,0.08954,3.288,3.289,947.3,7.21525,1.35209
1789864363.890,8074,5.33638,0.01678,0.08954,3.287,3.287,947.3,7.21614,1.35226
1789864363.900,8075,5.33638,0.01678,0.08954,3.287,3.287,947.3,7.21704,1.35242
1789864363.910,8076,5.33638,0.01678,0.08954,3.287,3.287,947.3,7.21794,1.35259
1789864363.920,8077,5.33638,0.01678,0.08954,3.291,3.290,947.3,7.21884,1.35276
1789864363.930,8078,5.33638,0.01678,0.08954,3.294,3.294,947.3,7.21974,1.35293
1789864363.940,8079,5.33638,0.01678,0.08954,3.295,3.295,947.3,7.22063,1.35310
1789864363.950,8080,5.33638,0.01678,0.08954,3.295,3.295,947.3,7.22153,1.35327
1789864363.960,8081,5.33638,0.01678,0.08954,3.295,3.295,947.3,7.22242,1.35343
1789864363.970,8082,5.33638,0.01678,0.08954,3.294,3.295,947.3,7.22332,1.35360
1789864363.980,8083,5.33630,0.01678,0.08954,3.293,3.294,947.3,7.22421,1.35377
1789864363.990,8084,5.33630,0.01678,0.08954,3.294,3.294,947.3,7.22511,1.35394
1789864364.000,8085,5.33630,0.01678,0.08954,3.294,3.294,947.3,7.22601,1.35410
1789864364.010,8086,5.33630,0.01678,0.08954,3.295,3.295,947.3,7.22690,1.35427
1789864364.020,8087,5.33630,0.01678,0.08954,3.295,3.295,947.3,7.22780,1.35444
1789864364.030,8088,5.33630,0.01678,0.08954,3.295,3.295,947.3,7.22869,1.35461
1789864364.040,8089,5.33630,0.01678,0.08954,3.295,3.295,947.3,7.22959,1.35478
1789864364.050,8090,5.33630,0.01678,0.08954,3.295,3.295,947.3,7.23048,1.35494
1789864364.060,8091,5.33630,0.01678,0.08954,3.296,3.296,947.3,7.23137,1.35511
1789864364.070,8092,5.33630,0.01678,0.08954,3.296,3.295,947.3,7.23227,1.35528
1789864364.080,8093,5.33626,0.01678,0.08954,3.295,3.296,947.3,7.23316,1.35545
1789864364.090,8094,5.33626,0.01678,0.08954,3.296,3.295,947.3,7.23406,1.35561
1789864364.100,8095,5.33626,0.01678,0.08954,3.296,3.296,947.3,7.23495,1.35578
1789864364.110,8096,5.33626,0.01678,0.08954,3.296,3.296,947.3,7.23585,1.35595
1789864364.120,8097,5.33626,0.01678,0.08954,3.296,3.296,947.3,7.23674,1.35612
1789864364.130,8098,5.33626,0.01678,0.08954,3.297,3.297,947.3,7.23763,1.35628
1789864364.140,8099,5.33626,0.01678,0.08954,3.297,3.297,947.3,7.23852,1.35645
1789864364.150,8100,5.33626,0.01678,0.08954,3.298,3.298,947.3,7.23942,1.35662
1789864364.160,8101,5.33626,0.01678,0.08954,3.298,3.298,947.3,7.24032,1.35679
1789864364.170,8102,5.33626,0.01678,0.08954,3.298,3.298,947.3,7.24122,1.35696
1789864364.180,8103,5.33626,0.01679,0.08960,3.298,3.298,947.3,7.24212,1.35712
1789864364.190,8104,5.33626,0.01679,0.08960,3.297,3.296,947.3,7.24301,1.35729
1789864364.200,8105,5.33626,0.01679,0.08960,3.296,3.295,947.3,7.24391,1.35746
1789864364.210,8106,5.33626,0.01679,0.08960,3.293,3.293,947.3,7.24481,1.35763
1789864364.220,8107,5.33626,0.01679,0.08960,3.291,3.291,947.3,7.24571,1.35780
1789864364.230,8108,5.33626,0.01679,0.08960,3.292,3.291,947.3,7.24661,1.35796
1789864364.240,8109,5.33626,0.01679,0.08960,3.292,3.291,947.3,7.24750,1.35813
1789864364.250,8110,5.33626,0.01679,0.08960,3.293,3.293,947.3,7.24840,1.35830
1789864364.260,8111,5.33626,0.01679,0.08960,3.290,3.291,947.3,7.24930,1.35847
1789864364.270,8112,5.33626,0.01679,0.08960,3.290,3.290,947.3,7.25019,1.35864
1789864364.280,8113,5.33614,0.01678,0.08954,3.290,3.291,947.3,7.25109,1.35880
1789864364.290,8114,5.33614,0.01678,0.08954,3.288,3.289,947.3,7.25198,1.35897
1789864364.300,8115,5.33614,0.01678,0.08954,3.287,3.288,947.3,7.25287,1.35914
1789864364.310,8116,5.33614,0.01678,0.08954,3.287,3.288,947.3,7.25377,1.35931
1789864364.320,8117,5.33614,0.01678,0.08954,3.291,3.291,947.3,7.25466,1.35947
1789864364.330,8118,5.33614,0.01678,0.08954,3.294,3.294,947.3,7.25556,1.35964
1789864364.340,8119,5.33614,0.01678,0.08954,3.293,3.294,947.3,7.25645,1.35981
1789864364.350,8120,5.33614,0.01678,0.08954,3.294,3.294,947.3,7.25734,1.35998
1789864364.360,8121,5.33614,0.01678,0.08954,3.295,3.295,947.3,7.25824,1.36014
1789864364.370,8122,5.33614,0.01678,0.08954,3.295,3.295,947.3,7.25913,1.36031
1789864364.380,8123,5.33607,0.01678,0.08954,3.295,3.295,947.3,7.26002,1.36048
1789864364.390,8124,5.33607,0.01678,0.08954,3.296,3.296,947.3,7.26092,1.36065
1789864364.400,8125,5.33607,0.01678,0.08954,3.296,3.296,947.3,7.26182,1.36081
1789864364.410,8126,5.33607,0.01678,0.08954,3.297,3.297,947.3,7.26271,1.36098
1789864364.420,8127,5.33607,0.01678,0.08954,3.296,3.297,947.3,7.26361,1.36115
1789864364.430,8128,5.33607,0.01678,0.08954,3.295,3.296,947.3,7.26451,1.36132
1789864364.440,8129,5.33607,0.01678,0.08954,3.295,3.295,947.3,7.26540,1.36149
1789864364.450,8130,5.33607,0.01678,0.08954,3.295,3.295,947.3,7.26630,1.36165
1789864364.460,8131,5.33607,0.01678,0.08954,3.295,3.295,947.3,7.26719,1.36182
1789864364.470,8132,5.33607,0.01678,0.08954,3.295,3.295,947.3,7.26809,1.36199
1789864364.480,8133,5.33603,0.01678,0.08954,3.296,3.296,947.3,7.26898,1.36216
1789864364.490,8134,5.33603,0.01678,0.08954,3.297,3.297,947.3,7.26988,1.36233
1789864364.500,8135,5.33603,0.01678,0.08954,3.298,3.298,947.3,7.27077,1.36249
1789864364.510,8136,5.33603,0.01678,0.08954,3.298,3.298,947.3,7.27167,1.36266
1789864364.520,8137,5.33603,0.01678,0.08954,3.299,3.299,947.3,7.27256,1.36283
1789864364.530,8138,5.33603,0.01678,0.08954,3.299,3.299,947.3,7.27346,1.36300
1789864364.540,8139,5.33603,0.01678,0.08954,3.299,3.299,947.3,7.27436,1.36317
1789864364.550,8140,5.33603,0.01678,0.08954,3.299,3.299,947.3,7.27526,1.36333
1789864364.560,8141,5.33603,0.01678,0.08954,3.299,3.299,947.3,7.27615,1.36350
1789864364.570,8142,5.33603,0.01678,0.08954,3.299,3.299,947.3,7.27705,1.36367
1789864364.580,8143,5.33595,0.01679,0.08959,3.298,3.298,947.3,7.27795,1.36384
1789864364.590,8144,5.33595,0.01679,0.08959,3.297,3.297,947.3,7.27884,1.36401
1789864364.600,8145,5.33595,0.01679,0.08959,3.296,3.296,947.3,7.27973,1.36417
1789864364.610,8146,5.33595,0.01679,0.08959,3.295,3.295,947.3,7.28062,1.36434
1789864364.620,8147,5.33595,0.01679,0.08959,3.295,3.295,947.3,7.28151,1.36451
1789864364.630,8148,5.33595,0.01679,0.08959,3.295,3.295,947.3,7.28241,1.36467
1789864364.640,8149,5.33595,0.01679,0.08959,3.295,3.295,947.3,7.28331,1.36484
1789864364.650,8150,5.33595,0.01679,0.08959,3.296,3.296,947.3,7.28421,1.36501
1789864364.660,8151,5.33595,0.01679,0.08959,3.294,3.295,947.3,7.28510,1.36518
1789864364.670,8152,5.33595,0.01679,0.08959,3.293,3.293,947.3,7.28600,1.36535
1789864364.680,8153,5.33603,0.01678,0.08954,3.291,3.291,947.3,7.28689,1.36551
1789864364.690,8154,5.33603,0.01678,0.08954,3.289,3.290,947.3,7.28779,1.36568
1789864364.700,8155,5.33603,0.01678,0.08954,3.287,3.288,947.3,7.28868,1.36585
1789864364.710,8156,5.33603,0.01678,0.08954,3.287,3.287,947.3,7.28958,1.36602
1789864364.720,8157,5.33603,0.01678,0.08954,3.289,3.288,947.3,7.29049,1.36619
1789864364.730,8158,5.33603,0.01678,0.08954,3.291,3.291,947.3,7.29139,1.36636
1789864364.740,8159,5.33603,0.01678,0.08954,3.291,3.291,947.3,7.29229,1.36653
1789864364.750,8160,5.33603,0.01678,0.08954,3.291,3.291,947.3,7.29319,1.36669
1789864364.760,8161,5.33603,0.01678,0.08954,3.291,3.291,947.3,7.29408,1.36686
1789864364.770,8162,5.33603,0.01678,0.08954,3.291,3.292,947.3,7.29497,1.36703
1789864364.780,8163,5.33603,0.01678,0.08954,3.292,3.293,947.3,7.29587,1.36720
1789864364.790,8164,5.33603,0.01678,0.08954,3.293,3.293,947.3,7.29676,1.36736
1789864364.800,8165,5.33603,0.01678,0.08954,3.294,3.294,947.3,7.29765,1.36753
1789864364.810,8166,5.33603,0.01678,0.08954,3.295,3.295,947.3,7.29854,1.36770
1789864364.820,8167,5.33603,0.01678,0.08954,3.295,3.295,947.3,7.29943,1.36786
1789864364.830,8168,5.33603,0.01678,0.08954,3.295,3.295,947.3,7.30033,1.36803
1789864364.840,8169,5.33603,0.01678,0.08954,3.295,3.295,947.3,7.30122,1.36820
1789864364.850,8170,5.33603,0.01678,0.08954,3.295,3.295,947.3,7.30211,1.36837
1789864364.860,8171,5.33603,0.01678,0.08954,3.295,3.296,947.3,7.30300,1.36853
1789864364.870,8172,5.33603,0.01678,0.08954,3.296,3.296,947.3,7.30390,1.36870
1789864364.880,8173,5.33611,0.01679,0.08959,3.296,3.296,947.3,7.30480,1.36887
1789864364.890,8174,5.33611,0.01679,0.08959,3.297,3.297,947.3,7.30570,1.36904
1789864364.900,8175,5.33611,0.01679,0.08959,3.297,3.298,947.3,7.30660,1.36921
1789864364.910,8176,5.33611,0.01679,0.08959,3.298,3.298,947.3,7.30749,1.36937
1789864364.920,8177,5.33611,0.01679,0.08959,3.298,3.299,947.3,7.30838,1.36954
1789864364.930,8178,5.33611,0.01679,0.08959,3.299,3.299,947.3,7.30928,1.36971
1789864364.940,8179,5.33611,0.01679,0.08959,3.299,3.299,947.3,7.31017,1.36988
1789864364.950,8180,5.33611,0.01679,0.08959,3.299,3.299,947.3,7.31107,1.37005
1789864364.960,8181,5.33611,0.01679,0.08959,3.299,3.299,947.3,7.31196,1.37021
1789864364.970,8182,5.33611,0.01679,0.08959,3.299,3.299,947.3,7.31286,1.37038
1789864364.980,8183,5.33614,0.01678,0.08954,3.298,3.298,947.3,7.31376,1.37055
1789864364.990,8184,5.33614,0.01678,0.08954,3.298,3.298,947.3,7.31465,1.37072
1789864365.000,8185,5.33614,0.01678,0.08954,3.296,3.297,947.3,7.31555,1.37089
1789864365.010,8186,5.33614,0.01678,0.08954,3.294,3.294,947.3,7.31645,1.37105
1789864365.020,8187,5.33614,0.01678,0.08954,3.292,3.292,947.3,7.31734,1.37122
1789864365.030,8188,5.33614,0.01678,0.08954,3.293,3.292,947.3,7.31824,1.37139
1789864365.040,8189,5.33614,0.01678,0.08954,3.293,3.293,947.3,7.31913,1.37156
1789864365.050,8190,5.33614,0.01678,0.08954,3.294,3.293,947.3,7.32003,1.37172
1789864365.060,8191,5.33614,0.01678,0.08954,3.293,3.292,947.3,7.32092,1.37189
1789864365.070,8192,5.33614,0.01678,0.08954,3.290,3.290,947.3,7.32182,1.37206
1789864365.080,8193,5.33611,0.01678,0.08954,3.290,3.291,947.3,7.32272,1.37223
1789864365.090,8194,5.33611,0.01678,0.08954,3.290,3.290,947.3,7.32361,1.37240
1789864365.100,8195,5.33611,0.01678,0.08954,3.289,3.289,947.3,7.32451,1.37256
1789864365.110,8196,5.33611,0.01678,0.08954,3.288,3.288,947.3,7.32541,1.37273
1789864365.120,8197,5.33611,0.01678,0.08954,3.290,3.289,947.3,7.32630,1.37290
1789864365.130,8198,5.33611,0.01678,0.08954,3.295,3.294,947.3,7.32720,1.37307
1789864365.140,8199,5.33611,0.01678,0.08954,3.294,3.294,947.3,7.32809,1.37324
1789864365.150,8200,5.33611,0.01678,0.08954,3.293,3.292,947.3,7.32898,1.37340
1789864365.160,8201,5.33611,0.01678,0.08954,3.292,3.292,947.3,7.32988,1.37357
1789864365.170,8202,5.33611,0.01678,0.08954,3.293,3.293,947.3,7.33077,1.37374
1789864365.180,8203,5.33614,0.01679,0.08959,3.293,3.293,947.3,7.33166,1.37390
1789864365.190,8204,5.33614,0.01679,0.08959,3.294,3.294,947.3,7.33256,1.37407
1789864365.200,8205,5.33614,0.01679,0.08959,3.294,3.294,947.3,7.33346,1.37424
1789864365.210,8206,5.33614,0.01679,0.08959,3.295,3.295,947.3,7.33436,1.37441
1789864365.220,8207,5.33614,0.01679,0.08959,3.295,3.295,947.3,7.33526,1.37458
1789864365.230,8208,5.33614,0.01679,0.08959,3.295,3.295,947.3,7.33616,1.37475
1789864365.240,8209,5.33614,0.01679,0.08959,3.295,3.295,947.3,7.33705,1.37491
1789864365.250,8210,5.33614,0.01679,0.08959,3.295,3.295,947.3,7.33795,1.37508
1789864365.260,8211,5.33614,0.01679,0.08959,3.295,3.295,947.3,7.33884,1.37525
1789864365.270,8212,5.33614,0.01679,0.08959,3.295,3.295,947.3,7.33974,1.37542
1789864365.280,8213,5.33626,0.01678,0.08954,3.296,3.296,947.3,7.34064,1.37559
1789864365.290,8214,5.33626,0.01678,0.08954,3.297,3.297,947.3,7.34154,1.37576
1789864365.300,8215,5.33626,0.01678,0.08954,3.298,3.298,947.3,7.34244,1.37592
1789864365.310,8216,5.33626,0.01678,0.08954,3.298,3.298,947.3,7.34333,1.37609
1789864365.320,8217,5.33626,0.01678,0.08954,3.298,3.298,947.3,7.34423,1.37626
1789864365.330,8218,5.33626,0.01678,0.08954,3.299,3.299,947.3,7.34512,1.37643
1789864365.340,8219,5.33626,0.01678,0.08954,3.299,3.299,947.3,7.34601,1.37659
1789864365.350,8220,5.33626,0.01678,0.08954,3.299,3.299,947.3,7.34691,1.37676
1789864365.360,8221,5.33626,0.01678,0.08954,3.299,3.299,947.3,7.34780,1.37693
1789864365.370,8222,5.33626,0.01678,0.08954,3.298,3.298,947.3,7.34869,1.37710
1789864365.380,8223,5.33642,0.01677,0.08949,3.297,3.298,947.3,7.34959,1.37726
1789864365.390,8224,5.33642,0.01677,0.08949,3.297,3.297,947.3,7.35048,1.37743
1789864365.400,8225,5.33642,0.01677,0.08949,3.295,3.296,947.3,7.35138,1.37760
1789864365.410,8226,5.33642,0.01677,0.08949,3.291,3.293,947.3,7.35228,1.37777
1789864365.420,8227,5.33642,0.01677,0.08949,3.291,3.291,947.3,7.35317,1.37794
1789864365.430,8228,5.33642,0.01677,0.08949,3.291,3.291,947.3,7.35406,1.37810
1789864365.440,8229,5.33642,0.01677,0.08949,3.291,3.291,947.3,7.35496,1.37827
1789864365.450,8230,5.33642,0.01677,0.08949,3.291,3.291,947.3,7.35585,1.37844
1789864365.460,8231,5.33642,0.01677,0.08949,3.291,3.291,947.3,7.35674,1.37860
1789864365.470,8232,5.33642,0.01677,0.08949,3.291,3.290,947.3,7.35764,1.37877
1789864365.480,8233,5.33638,0.01677,0.08949,3.289,3.290,947.3,7.35854,1.37894
1789864365.490,8234,5.33638,0.01677,0.08949,3.289,3.290,947.3,7.35944,1.37911
1789864365.500,8235,5.33638,0.01677,0.08949,3.287,3.288,947.3,7.36033,1.37928
1789864365.510,8236,5.33638,0.01677,0.08949,3.287,3.287,947.3,7.36123,1.37945
1789864365.520,8237,5.33638,0.01677,0.08949,3.287,3.287,947.3,7.36212,1.37961
1789864365.530,8238,5.33638,0.01677,0.08949,3.291,3.291,947.3,7.36302,1.37978
1789864365.540,8239,5.33638,0.01677,0.08949,3.292,3.292,947.3,7.36391,1.37995
1789864365.550,8240,5.33638,0.01677,0.08949,3.292,3.292,947.3,7.36481,1.38012
1789864365.560,8241,5.33638,0.01677,0.08949,3.293,3.293,947.3,7.36570,1.38028
1789864365.570,8242,5.33638,0.01677,0.08949,3.294,3.294,947.3,7.36660,1.38045
1789864365.580,8243,5.33642,0.01677,0.08949,3.295,3.295,947.3,7.36750,1.38062
1789864365.590,8244,5.33642,0.01677,0.08949,3.295,3.295,947.3,7.36839,1.38079
1789864365.600,8245,5.33642,0.01677,0.08949,3.296,3.296,947.3,7.36928,1.38095
1789864365.610,8246,5.33642,0.01677,0.08949,3.297,3.297,947.3,7.37018,1.38112
1789864365.620,8247,5.33642,0.01677,0.08949,3.297,3.297,947.3,7.37107,1.38129
1789864365.630,8248,5.33642,0.01677,0.08949,3.297,3.298,947.3,7.37197,1.38146
1789864365.640,8249,5.33642,0.01677,0.08949,3.297,3.298,947.3,7.37286,1.38162
1789864365.650,8250,5.33642,0.01677,0.08949,3.297,3.297,947.3,7.37375,1.38179
1789864365.660,8251,5.33642,0.01677,0.08949,3.297,3.298,947.3,7.37464,1.38196
1789864365.670,8252,5.33642,0.01677,0.08949,3.297,3.297,947.3,7.37554,1.38213
1789864365.680,8253,5.33646,0.01677,0.08949,3.296,3.296,947.3,7.37643,1.38229
1789864365.690,8254,5.33646,0.01677,0.08949,3.297,3.297,947.3,7.37733,1.38246
1789864365.700,8255,5.33646,0.01677,0.08949,3.297,3.297,947.3,7.37822,1.38263
1789864365.710,8256,5.33646,0.01677,0.08949,3.298,3.298,947.3,7.37912,1.38280
1789864365.720,8257,5.33646,0.01677,0.08949,3.298,3.298,947.3,7.38002,1.38297
1789864365.730,8258,5.33646,0.01677,0.08949,3.299,3.299,947.3,7.38091,1.38313
1789864365.740,8259,5.33646,0.01677,0.08949,3.299,3.299,947.3,7.38181,1.38330
1789864365.750,8260,5.33646,0.01677,0.08949,3.299,3.299,947.3,7.38270,1.38347
1789864365.760,8261,5.33646,0.01677,0.08949,3.299,3.299,947.3,7.38360,1.38364
1789864365.770,8262,5.33646,0.01677,0.08949,3.299,3.299,947.3,7.38449,1.38380
1789864365.780,8263,5.33650,0.01676,0.08944,3.298,3.299,947.3,7.38539,1.38397
1789864365.790,8264,5.33650,0.01676,0.08944,3.299,3.299,947.3,7.38628,1.38414
1789864365.800,8265,5.33650,0.01676,0.08944,3.297,3.298,947.3,7.38717,1.38431
1789864365.810,8266,5.33650,0.01676,0.08944,3.295,3.295,947.3,7.38807,1.38447
1789864365.820,8267,5.33650,0.01676,0.08944,3.292,3.293,947.3,7.38896,1.38464
1789864365.830,8268,5.33650,0.01676,0.08944,3.291,3.292,947.3,7.38985,1.38481
1789864365.840,8269,5.33650,0.01676,0.08944,3.291,3.293,947.3,7.39074,1.38498
1789864365.850,8270,5.33650,0.01676,0.08944,3.291,3.291,947.3,7.39164,1.38514
1789864365.860,8271,5.33650,0.01676,0.08944,3.290,3.291,947.3,7.39253,1.38531
1789864365.870,8272,5.33650,0.01676,0.08944,3.287,3.288,947.3,7.39343,1.38548
1789864365.880,8273,5.33634,0.01676,0.08944,3.287,3.287,947.3,7.39433,1.38565
1789864365.890,8274,5.33634,0.01676,0.08944,3.286,3.287,947.3,7.39522,1.38582
1789864365.900,8275,5.33634,0.01676,0.08944,3.285,3.286,947.3,7.39612,1.38598
1789864365.910,8276,5.33634,0.01676,0.08944,3.285,3.286,947.3,7.39702,1.38615
1789864365.920,8277,5.33634,0.01676,0.08944,3.286,3.286,947.3,7.39791,1.38632
1789864365.930,8278,5.33634,0.01676,0.08944,3.291,3.290,947.3,7.39881,1.38649
1789864365.940,8279,5.33634,0.01676,0.08944,3.292,3.292,947.3,7.39970,1.38665
1789864365.950,8280,5.33634,0.01676,0.08944,3.292,3.292,947.3,7.40060,1.38682
1789864365.960,8281,5.33634,0.01676,0.08944,3.291,3.291,947.3,7.40149,1.38699
1789864365.970,8282,5.33634,0.01676,0.08944,3.291,3.291,947.3,7.40238,1.38716
1789864365.980,8283,5.33630,0.01676,0.08944,3.292,3.292,947.3,7.40328,1.38732
1789864365.990,8284,5.33630,0.01676,0.08944,3.292,3.292,947.3,7.40417,1.38749
1789864366.000,8285,5.33630,0.01676,0.08944,3.293,3.293,947.3,7.40506,1.38766
1789864366.010,8286,5.33630,0.01676,0.08944,3.294,3.294,947.3,7.40596,1.38783
1789864366.020,8287,5.33630,0.01676,0.08944,3.295,3.295,947.3,7.40685,1.38800
1789864366.030,8288,5.33630,0.01676,0.08944,3.295,3.295,947.3,7.40775,1.38816
1789864366.040,8289,5.33630,0.01676,0.08944,3.295,3.295,947.3,7.40865,1.38833
1789864366.050,8290,5.33630,0.01676,0.08944,3.295,3.295,947.3,7.40955,1.38850
1789864366.060,8291,5.33630,0.01676,0.08944,3.295,3.295,947.3,7.41045,1.38867
1789864366.070,8292,5.33630,0.01676,0.08944,3.295,3.296,947.3,7.41134,1.38883
1789864366.080,8293,5.33622,0.01675,0.08938,3.296,3.296,947.3,7.41223,1.38900
1789864366.090,8294,5.33622,0.01675,0.08938,3.296,3.296,947.3,7.41312,1.38917
1789864366.100,8295,5.33622,0.01675,0.08938,3.296,3.296,947.3,7.41401,1.38934
1789864366.110,8296,5.33622,0.01675,0.08938,3.295,3.295,947.3,7.41490,1.38950
1789864366.120,8297,5.33622,0.01675,0.08938,3.295,3.295,947.3,7.41580,1.38967
1789864366.130,8298,5.33622,0.01675,0.08938,3.295,3.295,947.3,7.41669,1.38984
1789864366.140,8299,5.33622,0.01675,0.08938,3.295,3.295,947.3,7.41759,1.39001
1789864366.150,8300,5.33622,0.01675,0.08938,3.296,3.296,947.3,7.41848,1.39017
1789864366.160,8301,5.33622,0.01675,0.08938,3.297,3.297,947.3,7.41937,1.39034
1789864366.170,8302,5.33622,0.01675,0.08938,3.298,3.298,947.3,7.42026,1.39051
1789864366.180,8303,5.33614,0.01675,0.08938,3.298,3.298,947.3,7.42115,1.39067
1789864366.190,8304,5.33614,0.01675,0.08938,3.299,3.299,947.3,7.42204,1.39084
1789864366.200,8305,5.33614,0.01675,0.08938,3.297,3.298,947.3,7.42294,1.39101
1789864366.210,8306,5.33614,0.01675,0.08938,3.294,3.295,947.3,7.42384,1.39118
1789864366.220,8307,5.33614,0.01675,0.08938,3.291,3.292,947.3,7.42473,1.39135
1789864366.230,8308,5.33614,0.01675,0.08938,3.291,3.291,947.3,7.42563,1.39151
1789864366.240,8309,5.33614,0.01675,0.08938,3.291,3.291,947.3,7.42652,1.39168
1789864366.250,8310,5.33614,0.01675,0.08938,3.289,3.291,947.3,7.42742,1.39185
1789864366.260,8311,5.33614,0.01675,0.08938,3.290,3.291,947.3,7.42831,1.39202
1789864366.270,8312,5.33614,0.01675,0.08938,3.287,3.289,947.3,7.42920,1.39218
1789864366.280,8313,5.33607,0.01676,0.08943,3.287,3.288,947.3,7.43009,1.39235
1789864366.290,8314,5.33607,0.01676,0.08943,3.287,3.288,947.3,7.43099,1.39252
1789864366.300,8315,5.33607,0.01676,0.08943,3.287,3.288,947.3,7.43188,1.39268
1789864366.310,8316,5.33607,0.01676,0.08943,3.287,3.288,947.3,7.43277,1.39285
1789864366.320,8317,5.33607,0.01676,0.08943,3.287,3.287,947.3,7.43367,1.39302
1789864366.330,8318,5.33607,0.01676,0.08943,3.292,3.291,947.3,7.43456,1.39319
1789864366.340,8319,5.33607,0.01676,0.08943,3.294,3.294,947.3,7.43546,1.39336
1789864366.350,8320,5.33607,0.01676,0.08943,3.292,3.292,947.3,7.43635,1.39352
1789864366.360,8321,5.33607,0.01676,0.08943,3.291,3.291,947.3,7.43725,1.39369
1789864366.370,8322,5.33607,0.01676,0.08943,3.291,3.292,947.3,7.43814,1.39386
1789864366.380,8323,5.33603,0.01676,0.08943,3.292,3.293,947.3,7.43904,1.39403
1789864366.390,8324,5.33603,0.01676,0.08943,3.292,3.293,947.3,7.43993,1.39419
1789864366.400,8325,5.33603,0.01676,0.08943,3.293,3.293,947.3,7.44083,1.39436
1789864366.410,8326,5.33603,0.01676,0.08943,3.294,3.295,947.3,7.44172,1.39453
1789864366.420,8327,5.33603,0.01676,0.08943,3.295,3.295,947.3,7.44262,1.39470
1789864366.430,8328,5.33603,0.01676,0.08943,3.295,3.296,947.3,7.44354,1.39487
1789864366.441,8329,5.33603,0.01676,0.08943,3.296,3.297,947.3,7.44446,1.39504
1789864366.451,8330,5.33603,0.01676,0.08943,3.297,3.297,947.3,7.44538,1.39522
1789864366.461,8331,5.33603,0.01676,0.08943,3.297,3.297,947.3,7.44630,1.39539
1789864366.471,8332,5.33603,0.01676,0.08943,3.297,3.298,947.3,7.44717,1.39555
1789864366.481,8333,5.33607,0.01677,0.08949,3.297,3.297,947.3,7.44804,1.39571
1789864366.490,8334,5.33607,0.01677,0.08949,3.297,3.297,947.3,7.44891,1.39588
1789864366.500,8335,5.33607,0.01677,0.08949,3.297,3.298,947.3,7.44977,1.39604
1789864366.510,8336,5.33607,0.01677,0.08949,3.297,3.298,947.3,7.45067,1.39621
1789864366.520,8337,5.33607,0.01677,0.08949,3.298,3.298,947.3,7.45156,1.39637
1789864366.530,8338,5.33607,0.01677,0.08949,3.299,3.299,947.3,7.45245,1.39654
1789864366.540,8339,5.33607,0.01677,0.08949,3.299,3.299,947.3,7.45334,1.39671
1789864366.550,8340,5.33607,0.01677,0.08949,3.299,3.299,947.3,7.45424,1.39688
1789864366.560,8341,5.33607,0.01677,0.08949,3.299,3.299,947.3,7.45514,1.39704
1789864366.570,8342,5.33607,0.01677,0.08949,3.299,3.299,947.3,7.45604,1.39721
1789864366.580,8343,5.33603,0.01677,0.08949,3.298,3.298,947.3,7.45694,1.39738
1789864366.590,8344,5.33603,0.01677,0.08949,3.298,3.298,947.3,7.45783,1.39755
1789864366.600,8345,5.33603,0.01677,0.08949,3.297,3.297,947.3,7.45872,1.39771
1789864366.610,8346,5.33603,0.01677,0.08949,3.296,3.297,947.3,7.45961,1.39788
1789864366.620,8347,5.33603,0.01677,0.08949,3.295,3.295,947.3,7.46051,1.39805
1789864366.631,8348,5.33603,0.01677,0.08949,3.295,3.295,947.3,7.46144,1.39823
1789864366.641,8349,5.33603,0.01677,0.08949,3.295,3.295,947.3,7.46238,1.39840
1789864366.651,8350,5.33603,0.01677,0.08949,3.295,3.295,947.3,7.46332,1.39858
1789864366.662,8351,5.33603,0.01677,0.08949,3.295,3.295,947.3,7.46426,1.39875
1789864366.672,8352,5.33603,0.01677,0.08949,3.291,3.291,947.3,7.46511,1.39891
1789864366.681,8353,5.33599,0.01677,0.08948,3.289,3.290,947.3,7.46596,1.39907
1789864366.691,8354,5.33599,0.01677,0.08948,3.287,3.287,947.3,7.46682,1.39923
1789864366.700,8355,5.33599,0.01677,0.08948,3.287,3.287,947.3,7.46767,1.39939
1789864366.710,8356,5.33599,0.01677,0.08948,3.286,3.287,947.3,7.46857,1.39956
1789864366.720,8357,5.33599,0.01677,0.08948,3.286,3.287,947.3,7.46947,1.39973
1789864366.730,8358,5.33599,0.01677,0.08948,3.291,3.291,947.3,7.47037,1.39990
1789864366.740,8359,5.33599,0.01677,0.08948,3.293,3.293,947.3,7.47127,1.40007
1789864366.750,8360,5.33599,0.01677,0.08948,3.293,3.293,947.3,7.47216,1.40023
1789864366.760,8361,5.33599,0.01677,0.08948,3.293,3.293,947.3,7.47305,1.40040
1789864366.770,8362,5.33599,0.01677,0.08948,3.293,3.293,947.3,7.47394,1.40057
1789864366.780,8363,5.33591,0.01677,0.08948,3.293,3.292,947.3,7.47483,1.40073
1789864366.790,8364,5.33591,0.01677,0.08948,3.293,3.292,947.3,7.47573,1.40090
1789864366.800,8365,5.33591,0.01677,0.08948,3.292,3.292,947.3,7.47662,1.40107
1789864366.810,8366,5.33591,0.01677,0.08948,3.294,3.294,947.3,7.47751,1.40124
1789864366.820,8367,5.33591,0.01677,0.08948,3.295,3.295,947.3,7.47840,1.40140
1789864366.830,8368,5.33591,0.01677,0.08948,3.295,3.295,947.3,7.47930,1.40157
1789864366.840,8369,5.33591,0.01677,0.08948,3.295,3.295,947.3,7.48020,1.40174
1789864366.850,8370,5.33591,0.01677,0.08948,3.295,3.296,947.3,7.48109,1.40191
1789864366.860,8371,5.33591,0.01677,0.08948,3.295,3.295,947.3,7.48199,1.40208
1789864366.870,8372,5.33591,0.01677,0.08948,3.295,3.295,947.3,7.48288,1.40224
1789864366.880,8373,5.33599,0.01677,0.08948,3.295,3.295,947.3,7.48378,1.40241
1789864366.890,8374,5.33599,0.01677,0.08948,3.296,3.296,947.3,7.48467,1.40258
1789864366.900,8375,5.33599,0.01677,0.08948,3.297,3.297,947.3,7.48556,1.40274
1789864366.910,8376,5.33599,0.01677,0.08948,3.297,3.297,947.3,7.48646,1.40291
1789864366.920,8377,5.33599,0.01677,0.08948,3.298,3.298,947.3,7.48735,1.40308
1789864366.930,8378,5.33599,0.01677,0.08948,3.299,3.299,947.3,7.48825,1.40325
1789864366.940,8379,5.33599,0.01677,0.08948,3.299,3.299,947.3,7.48914,1.40342
1789864366.950,8380,5.33599,0.01677,0.08948,3.298,3.299,947.3,7.49004,1.40358
1789864366.960,8381,5.33599,0.01677,0.08948,3.298,3.299,947.3,7.49093,1.40375
1789864366.970,8382,5.33599,0.01677,0.08948,3.298,3.299,947.3,7.49183,1.40392
1789864366.980,8383,5.33603,0.01677,0.08949,3.297,3.298,947.3,7.49273,1.40409
1789864366.990,8384,5.33603,0.01677,0.08949,3.297,3.298,947.3,7.49362,1.40426
1789864367.000,8385,5.33603,0.01677,0.08949,3.297,3.298,947.3,7.49451,1.40442
1789864367.010,8386,5.33603,0.01677,0.08949,3.295,3.296,947.3,7.49541,1.40459
1789864367.020,8387,5.33603,0.01677,0.08949,3.294,3.295,947.3,7.49630,1.40476
1789864367.030,8388,5.33603,0.01677,0.08949,3.295,3.295,947.3,7.49720,1.40493
1789864367.040,8389,5.33603,0.01677,0.08949,3.295,3.295,947.3,7.49809,1.40509
1789864367.050,8390,5.33603,0.01677,0.08949,3.294,3.295,947.3,7.49898,1.40526
1789864367.060,8391,5.33603,0.01677,0.08949,3.294,3.295,947.3,7.49988,1.40543
1789864367.070,8392,5.33603,0.01677,0.08949,3.290,3.291,947.3,7.50078,1.40560
1789864367.080,8393,5.33611,0.01677,0.08949,3.291,3.291,947.3,7.50167,1.40576
1789864367.090,8394,5.33611,0.01677,0.08949,3.290,3.291,947.3,7.50257,1.40593
1789864367.100,8395,5.33611,0.01677,0.08949,3.290,3.291,947.3,7.50347,1.40610
1789864367.110,8396,5.33611,0.01677,0.08949,3.291,3.291,947.3,7.50436,1.40627
1789864367.120,8397,5.33611,0.01677,0.08949,3.291,3.291,947.3,7.50526,1.40644
1789864367.130,8398,5.33611,0.01677,0.08949,3.297,3.296,947.3,7.50615,1.40660
1789864367.140,8399,5.33611,0.01677,0.08949,3.297,3.297,947.3,7.50705,1.40677
1789864367.150,8400,5.33611,0.01677,0.08949,3.296,3.296,947.3,7.50794,1.40694
1789864367.160,8401,5.33611,0.01677,0.08949,3.295,3.295,947.3,7.50883,1.40711
1789864367.170,8402,5.33611,0.01677,0.08949,3.295,3.295,947.3,7.50973,1.40727
1789864367.180,8403,5.33614,0.01677,0.08949,3.294,3.294,947.3,7.51062,1.40744
1789864367.190,8404,5.33614,0.01677,0.08949,3.293,3.293,947.3,7.51151,1.40761
1789864367.200,8405,5.33614,0.01677,0.08949,3.293,3.293,947.3,7.51240,1.40778
1789864367.210,8406,5.33614,0.01677,0.08949,3.295,3.295,947.3,7.51330,1.40794
1789864367.220,8407,5.33614,0.01677,0.08949,3.295,3.295,947.3,7.51419,1.40811
1789864367.230,8408,5.33614,0.01677,0.08949,3.295,3.295,947.3,7.51508,1.40828
1789864367.240,8409,5.33614,0.01677,0.08949,3.295,3.295,947.3,7.51598,1.40845
1789864367.250,8410,5.33614,0.01677,0.08949,3.295,3.296,947.3,7.51688,1.40861
1789864367.260,8411,5.33614,0.01677,0.08949,3.295,3.296,947.3,7.51777,1.40878
1789864367.270,8412,5.33614,0.01677,0.08949,3.295,3.295,947.3,7.51867,1.40895
1789864367.280,8413,5.33618,0.01677,0.08949,3.295,3.295,947.3,7.51957,1.40912
1789864367.290,8414,5.33618,0.01677,0.08949,3.296,3.296,947.3,7.52047,1.40929
1789864367.300,8415,5.33618,0.01677,0.08949,3.297,3.296,947.3,7.52136,1.40945
1789864367.310,8416,5.33618,0.01677,0.08949,3.297,3.297,947.3,7.52225,1.40962
1789864367.320,8417,5.33618,0.01677,0.08949,3.298,3.298,947.3,7.52315,1.40979
1789864367.330,8418,5.33618,0.01677,0.08949,3.299,3.298,947.3,7.52404,1.40996
1789864367.340,8419,5.33618,0.01677,0.08949,3.299,3.299,947.3,7.52493,1.41012
1789864367.350,8420,5.33618,0.01677,0.08949,3.299,3.299,947.3,7.52583,1.41029
1789864367.360,8421,5.33618,0.01677,0.08949,3.299,3.299,947.3,7.52673,1.41046
1789864367.370,8422,5.33618,0.01677,0.08949,3.299,3.299,947.3,7.52763,1.41063
1789864367.380,8423,5.33622,0.01676,0.08944,3.298,3.299,947.3,7.52853,1.41080
1789864367.390,8424,5.33622,0.01676,0.08944,3.298,3.298,947.3,7.52942,1.41096
1789864367.400,8425,5.33622,0.01676,0.08944,3.297,3.298,947.3,7.53031,1.41113
1789864367.410,8426,5.33622,0.01676,0.08944,3.295,3.295,947.3,7.53120,1.41130
1789864367.420,8427,5.33622,0.01676,0.08944,3.291,3.293,947.3,7.53209,1.41147
1789864367.430,8428,5.33622,0.01676,0.08944,3.291,3.292,947.3,7.53299,1.41163
1789864367.440,8429,5.33622,0.01676,0.08944,3.292,3.293,947.3,7.53388,1.41180
1789864367.450,8430,5.33622,0.01676,0.08944,3.292,3.293,947.3,7.53478,1.41197
1789864367.460,8431,5.33622,0.01676,0.08944,3.292,3.292,947.3,7.53567,1.41214
1789864367.470,8432,5.33622,0.01676,0.08944,3.291,3.291,947.3,7.53657,1.41230
1789864367.480,8433,5.33618,0.01675,0.08938,3.290,3.290,947.3,7.53746,1.41247
1789864367.490,8434,5.33618,0.01675,0.08938,3.289,3.289,947.3,7.53836,1.41264
1789864367.500,8435,5.33618,0.01675,0.08938,3.287,3.287,947.3,7.53925,1.41281
1789864367.510,8436,5.33618,0.01675,0.08938,3.286,3.286,947.3,7.54014,1.41297
1789864367.520,8437,5.33618,0.01675,0.08938,3.285,3.286,947.3,7.54104,1.41314
1789864367.530,8438,5.33618,0.01675,0.08938,3.288,3.288,947.3,7.54193,1.41331
1789864367.540,8439,5.33618,0.01675,0.08938,3.291,3.291,947.3,7.54282,1.41348
1789864367.550,8440,5.33618,0.01675,0.08938,3.291,3.291,947.3,7.54372,1.41364
1789864367.560,8441,5.33618,0.01675,0.08938,3.291,3.291,947.3,7.54461,1.41381
1789864367.570,8442,5.33618,0.01675,0.08938,3.292,3.292,947.3,7.54551,1.41398
1789864367.580,8443,5.33611,0.01676,0.08943,3.294,3.294,947.3,7.54640,1.41415
1789864367.590,8444,5.33611,0.01676,0.08943,3.295,3.295,947.3,7.54730,1.41432
1789864367.600,8445,5.33611,0.01676,0.08943,3.295,3.295,947.3,7.54820,1.41448
1789864367.610,8446,5.33611,0.01676,0.08943,3.297,3.297,947.3,7.54909,1.41465
1789864367.620,8447,5.33611,0.01676,0.08943,3.297,3.297,947.3,7.54999,1.41482
1789864367.630,8448,5.33611,0.01676,0.08943,3.298,3.298,947.3,7.55088,1.41499
1789864367.640,8449,5.33611,0.01676,0.08943,3.298,3.298,947.3,7.55178,1.41515
1789864367.650,8450,5.33611,0.01676,0.08943,3.297,3.297,947.3,7.55267,1.41532
1789864367.660,8451,5.33611,0.01676,0.08943,3.296,3.296,947.3,7.55356,1.41549
1789864367.670,8452,5.33611,0.01676,0.08943,3.295,3.295,947.3,7.55445,1.41566
1789864367.680,8453,5.33611,0.01677,0.08949,3.295,3.295,947.3,7.55534,1.41582
1789864367.690,8454,5.33611,0.01677,0.08949,3.295,3.295,947.3,7.55624,1.41599
1789864367.700,8455,5.33611,0.01677,0.08949,3.296,3.295,947.3,7.55713,1.41616
1789864367.710,8456,5.33611,0.01677,0.08949,3.296,3.296,947.3,7.55802,1.41632
1789864367.720,8457,5.33611,0.01677,0.08949,3.297,3.297,947.3,7.55892,1.41649
1789864367.730,8458,5.33611,0.01677,0.08949,3.298,3.298,947.3,7.55981,1.41666
1789864367.740,8459,5.33611,0.01677,0.08949,3.299,3.299,947.3,7.56071,1.41683
1789864367.750,8460,5.33611,0.01677,0.08949,3.299,3.299,947.3,7.56160,1.41700
1789864367.760,8461,5.33611,0.01677,0.08949,3.299,3.299,947.3,7.56250,1.41716
1789864367.770,8462,5.33611,0.01677,0.08949,3.299,3.299,947.3,7.56339,1.41733
1789864367.780,8463,5.33607,0.01677,0.08949,3.298,3.299,947.3,7.56429,1.41750
1789864367.790,8464,5.33607,0.01677,0.08949,3.298,3.298,947.3,7.56518,1.41767
1789864367.800,8465,5.33607,0.01677,0.08949,3.297,3.297,947.3,7.56608,1.41783
1789864367.810,8466,5.33607,0.01677,0.08949,3.296,3.296,947.3,7.56698,1.41800
1789864367.820,8467,5.33607,0.01677,0.08949,3.292,3.292,947.3,7.56787,1.41817
1789864367.830,8468,5.33607,0.01677,0.08949,3.291,3.291,947.3,7.56877,1.41834
1789864367.840,8469,5.33607,0.01677,0.08949,3.292,3.292,947.3,7.56966,1.41851
1789864367.850,8470,5.33607,0.01677,0.08949,3.292,3.292,947.3,7.57056,1.41867
1789864367.860,8471,5.33607,0.01677,0.08949,3.293,3.292,947.3,7.57145,1.41884
1789864367.870,8472,5.33607,0.01677,0.08949,3.290,3.290,947.3,7.57235,1.41901
1789864367.880,8473,5.33603,0.01677,0.08949,3.291,3.291,947.3,7.57324,1.41918
1789864367.890,8474,5.33603,0.01677,0.08949,3.290,3.291,947.3,7.57413,1.41934
1789864367.900,8475,5.33603,0.01677,0.08949,3.288,3.289,947.3,7.57502,1.41951
1789864367.910,8476,5.33603,0.01677,0.08949,3.287,3.287,947.3,7.57592,1.41968
1789864367.920,8477,5.33603,0.01677,0.08949,3.286,3.286,947.3,7.57681,1.41985
1789864367.930,8478,5.33603,0.01677,0.08949,3.289,3.289,947.3,7.57771,1.42001
1789864367.940,8479,5.33603,0.01677,0.08949,3.292,3.293,947.3,7.57860,1.42018
1789864367.950,8480,5.33603,0.01677,0.08949,3.292,3.292,947.3,7.57949,1.42035
1789864367.960,8481,5.33603,0.01677,0.08949,3.292,3.292,947.3,7.58039,1.42052
1789864367.970,8482,5.33603,0.01677,0.08949,3.293,3.293,947.3,7.58128,1.42068
1789864367.980,8483,5.33611,0.01677,0.08949,3.294,3.294,947.3,7.58217,1.42085
1789864367.990,8484,5.33611,0.01677,0.08949,3.293,3.294,947.3,7.58307,1.42102
1789864368.000,8485,5.33611,0.01677,0.08949,3.293,3.293,947.3,7.58397,1.42119
1789864368.010,8486,5.33611,0.01677,0.08949,3.293,3.294,947.3,7.58487,1.42136
1789864368.020,8487,5.33611,0.01677,0.08949,3.294,3.295,947.3,7.58577,1.42152
1789864368.030,8488,5.33611,0.01677,0.08949,3.294,3.295,947.3,7.58666,1.42169
1789864368.040,8489,5.33611,0.01677,0.08949,3.294,3.295,947.3,7.58756,1.42186
1789864368.050,8490,5.33611,0.01677,0.08949,3.295,3.295,947.3,7.58845,1.42203
1789864368.060,8491,5.33611,0.01677,0.08949,3.295,3.295,947.3,7.58934,1.42219
1789864368.070,8492,5.33611,0.01677,0.08949,3.295,3.295,947.3,7.59024,1.42236
1789864368.080,8493,5.33611,0.01677,0.08949,3.295,3.295,947.3,7.59114,1.42253
1789864368.090,8494,5.33611,0.01677,0.08949,3.296,3.296,947.3,7.59203,1.42270
1789864368.100,8495,5.33611,0.01677,0.08949,3.296,3.296,947.3,7.59293,1.42287
1789864368.110,8496,5.33611,0.01677,0.08949,3.297,3.297,947.3,7.59382,1.42303
1789864368.120,8497,5.33611,0.01677,0.08949,3.296,3.296,947.3,7.59472,1.42320
1789864368.130,8498,5.33611,0.01677,0.08949,3.296,3.296,947.3,7.59561,1.42337
1789864368.140,8499,5.33611,0.01677,0.08949,3.297,3.297,947.3,7.59651,1.42354
1789864368.150,8500,5.33611,0.01677,0.08949,3.297,3.297,947.3,7.59740,1.42370
1789864368.160,8501,5.33611,0.01677,0.08949,3.297,3.298,947.3,7.59829,1.42387
1789864368.170,8502,5.33611,0.01677,0.08949,3.297,3.298,947.3,7.59919,1.42404
1789864368.180,8503,5.33611,0.01677,0.08949,3.298,3.298,947.3,7.60008,1.42421
1789864368.190,8504,5.33611,0.01677,0.08949,3.298,3.298,947.3,7.60098,1.42438
1789864368.200,8505,5.33611,0.01677,0.08949,3.297,3.297,947.3,7.60188,1.42454
1789864368.210,8506,5.33611,0.01677,0.08949,3.295,3.296,947.3,7.60277,1.42471
1789864368.220,8507,5.33611,0.01677,0.08949,3.291,3.292,947.3,7.60367,1.42488
1789864368.230,8508,5.33611,0.01677,0.08949,3.291,3.291,947.3,7.60456,1.42505
1789864368.240,8509,5.33611,0.01677,0.08949,3.292,3.291,947.3,7.60546,1.42521
1789864368.250,8510,5.33611,0.01677,0.08949,3.292,3.292,947.3,7.60635,1.42538
1789864368.260,8511,5.33611,0.01677,0.08949,3.292,3.292,947.3,7.60724,1.42555
1789864368.270,8512,5.33611,0.01677,0.08949,3.290,3.291,947.3,7.60814,1.42572
1789864368.280,8513,5.33618,0.01677,0.08949,3.289,3.290,947.3,7.60903,1.42588
1789864368.290,8514,5.33618,0.01677,0.08949,3.287,3.290,947.3,7.60992,1.42605
1789864368.300,8515,5.33618,0.01677,0.08949,3.285,3.287,947.3,7.61081,1.42622
1789864368.310,8516,5.33618,0.01677,0.08949,3.284,3.286,947.3,7.61171,1.42639
1789864368.320,8517,5.33618,0.01677,0.08949,3.283,3.285,947.3,7.61260,1.42655
1789864368.330,8518,5.33618,0.01677,0.08949,3.286,3.287,947.3,7.61349,1.42672
1789864368.340,8519,5.33618,0.01677,0.08949,3.290,3.291,947.3,7.61439,1.42689
1789864368.350,8520,5.33618,0.01677,0.08949,3.290,3.290,947.3,7.61529,1.42706
1789864368.360,8521,5.33618,0.01677,0.08949,3.291,3.291,947.3,7.61619,1.42723
1789864368.370,8522,5.33618,0.01677,0.08949,3.291,3.291,947.3,7.61709,1.42739
1789864368.380,8523,5.33618,0.01678,0.08954,3.292,3.292,947.3,7.61799,1.42756
1789864368.390,8524,5.33618,0.01678,0.08954,3.293,3.293,947.3,7.61889,1.42773
1789864368.400,8525,5.33618,0.01678,0.08954,3.293,3.293,947.3,7.61978,1.42790
1789864368.410,8526,5.33618,0.01678,0.08954,3.295,3.295,947.3,7.62067,1.42807
1789864368.420,8527,5.33618,0.01678,0.08954,3.295,3.295,947.3,7.62157,1.42823
1789864368.430,8528,5.33618,0.01678,0.08954,3.295,3.295,947.3,7.62246,1.42840
1789864368.440,8529,5.33618,0.01678,0.08954,3.295,3.295,947.3,7.62336,1.42857
1789864368.450,8530,5.33618,0.01678,0.08954,3.295,3.296,947.3,7.62425,1.42874
1789864368.460,8531,5.33618,0.01678,0.08954,3.296,3.296,947.3,7.62514,1.42890
1789864368.470,8532,5.33618,0.01678,0.08954,3.296,3.296,947.3,7.62604,1.42907
1789864368.480,8533,5.33618,0.01679,0.08959,3.296,3.296,947.3,7.62693,1.42924
1789864368.490,8534,5.33618,0.01679,0.08959,3.297,3.297,947.3,7.62783,1.42941
1789864368.500,8535,5.33618,0.01679,0.08959,3.297,3.297,947.3,7.62873,1.42957
1789864368.510,8536,5.33618,0.01679,0.08959,3.297,3.297,947.3,7.62962,1.42974
1789864368.520,8537,5.33618,0.01679,0.08959,3.298,3.298,947.3,7.63052,1.42991
1789864368.530,8538,5.33618,0.01679,0.08959,3.298,3.299,947.3,7.63141,1.43008
1789864368.540,8539,5.33618,0.01679,0.08959,3.299,3.299,947.3,7.63231,1.43025
1789864368.550,8540,5.33618,0.01679,0.08959,3.299,3.299,947.3,7.63321,1.43041
1789864368.560,8541,5.33618,0.01679,0.08959,3.299,3.299,947.3,7.63410,1.43058
1789864368.570,8542,5.33618,0.01679,0.08959,3.299,3.299,947.3,7.63500,1.43075
1789864368.580,8543,5.33626,0.01679,0.08960,3.298,3.298,947.3,7.63590,1.43092
1789864368.590,8544,5.33626,0.01679,0.08960,3.298,3.298,947.3,7.63680,1.43109
1789864368.600,8545,5.33626,0.01679,0.08960,3.298,3.298,947.3,7.63769,1.43126
1789864368.610,8546,5.33626,0.01679,0.08960,3.298,3.298,947.3,7.63859,1.43142
1789864368.620,8547,5.33626,0.01679,0.08960,3.297,3.297,947.3,7.63948,1.43159
1789864368.630,8548,5.33626,0.01679,0.08960,3.297,3.297,947.3,7.64038,1.43176
1789864368.640,8549,5.33626,0.01679,0.08960,3.297,3.298,947.3,7.64127,1.43192
1789864368.650,8550,5.33626,0.01679,0.08960,3.298,3.298,947.3,7.64216,1.43209
1789864368.660,8551,5.33626,0.01679,0.08960,3.298,3.298,947.3,7.64305,1.43226
1789864368.670,8552,5.33626,0.01679,0.08960,3.295,3.296,947.3,7.64395,1.43243
1789864368.680,8553,5.33630,0.01678,0.08954,3.291,3.291,947.3,7.64485,1.43260
1789864368.690,8554,5.33630,0.01678,0.08954,3.288,3.288,947.3,7.64575,1.43277
1789864368.700,8555,5.33630,0.01678,0.08954,3.287,3.287,947.3,7.64665,1.43293
1789864368.710,8556,5.33630,0.01678,0.08954,3.284,3.284,947.3,7.64755,1.43310
1789864368.720,8557,5.33630,0.01678,0.08954,3.284,3.284,947.3,7.64844,1.43327
1789864368.730,8558,5.33630,0.01678,0.08954,3.286,3.285,947.3,7.64934,1.43344
1789864368.740,8559,5.33630,0.01678,0.08954,3.290,3.290,947.3,7.65024,1.43361
1789864368.750,8560,5.33630,0.01678,0.08954,3.291,3.291,947.3,7.65113,1.43377
1789864368.760,8561,5.33630,0.01678,0.08954,3.291,3.291,947.3,7.65202,1.43394
1789864368.770,8562,5.33630,0.01678,0.08954,3.292,3.292,947.3,7.65291,1.43411
1789864368.780,8563,5.33634,0.01677,0.08949,3.291,3.291,947.3,7.65381,1.43427
1789864368.790,8564,5.33634,0.01677,0.08949,3.291,3.291,947.3,7.65470,1.43444
1789864368.800,8565,5.33634,0.01677,0.08949,3.292,3.292,947.3,7.65560,1.43461
1789864368.810,8566,5.33634,0.01677,0.08949,3.295,3.295,947.3,7.65649,1.43478
1789864368.820,8567,5.33634,0.01677,0.08949,3.295,3.295,947.3,7.65739,1.43495
1789864368.830,8568,5.33634,0.01677,0.08949,3.296,3.295,947.3,7.65828,1.43511
1789864368.840,8569,5.33634,0.01677,0.08949,3.297,3.297,947.3,7.65917,1.43528
1789864368.850,8570,5.33634,0.01677,0.08949,3.297,3.297,947.3,7.66007,1.43545
1789864368.860,8571,5.33634,0.01677,0.08949,3.297,3.297,947.3,7.66096,1.43561
1789864368.870,8572,5.33634,0.01677,0.08949,3.296,3.296,947.3,7.66185,1.43578
1789864368.880,8573,5.33626,0.01677,0.08949,3.297,3.297,947.3,7.66275,1.43595
1789864368.890,8574,5.33626,0.01677,0.08949,3.296,3.296,947.3,7.66364,1.43612
1789864368.900,8575,5.33626,0.01677,0.08949,3.296,3.296,947.3,7.66454,1.43629
1789864368.910,8576,5.33626,0.01677,0.08949,3.297,3.297,947.3,7.66543,1.43645
1789864368.920,8577,5.33626,0.01677,0.08949,3.298,3.298,947.3,7.66633,1.43662
1789864368.930,8578,5.33626,0.01677,0.08949,3.298,3.298,947.3,7.66722,1.43679
1789864368.940,8579,5.33626,0.01677,0.08949,3.299,3.299,947.3,7.66812,1.43696
1789864368.950,8580,5.33626,0.01677,0.08949,3.299,3.299,947.3,7.66901,1.43712
1789864368.960,8581,5.33626,0.01677,0.08949,3.299,3.299,947.3,7.66991,1.43729
1789864368.970,8582,5.33626,0.01677,0.08949,3.299,3.299,947.3,7.67080,1.43746
1789864368.980,8583,5.33618,0.01677,0.08949,3.298,3.298,947.3,7.67170,1.43763
1789864368.990,8584,5.33618,0.01677,0.08949,3.297,3.298,947.3,7.67260,1.43780
1789864369.000,8585,5.33618,0.01677,0.08949,3.297,3.297,947.3,7.67349,1.43796
1789864369.010,8586,5.33618,0.01677,0.08949,3.295,3.295,947.3,7.67439,1.43813
1789864369.020,8587,5.33618,0.01677,0.08949,3.291,3.292,947.3,7.67528,1.43830
1789864369.030,8588,5.33618,0.01677,0.08949,3.291,3.291,947.3,7.67617,1.43847
1789864369.040,8589,5.33618,0.01677,0.08949,3.291,3.291,947.3,7.67707,1.43863
1789864369.050,8590,5.33618,0.01677,0.08949,3.292,3.292,947.3,7.67796,1.43880
1789864369.060,8591,5.33618,0.01677,0.08949,3.292,3.292,947.3,7.67885,1.43897
1789864369.070,8592,5.33618,0.01677,0.08949,3.291,3.292,947.3,7.67975,1.43914
1789864369.080,8593,5.33611,0.01677,0.08949,3.291,3.291,947.3,7.68064,1.43930
1789864369.090,8594,5.33611,0.01677,0.08949,3.291,3.291,947.3,7.68154,1.43947
1789864369.100,8595,5.33611,0.01677,0.08949,3.290,3.291,947.3,7.68243,1.43964
1789864369.110,8596,5.33611,0.01677,0.08949,3.289,3.289,947.3,7.68333,1.43981
1789864369.120,8597,5.33611,0.01677,0.08949,3.288,3.288,947.3,7.68422,1.43997
1789864369.130,8598,5.33611,0.01677,0.08949,3.289,3.288,947.3,7.68512,1.44014
1789864369.140,8599,5.33611,0.01677,0.08949,3.292,3.292,947.3,7.68602,1.44031
1789864369.150,8600,5.33611,0.01677,0.08949,3.291,3.291,947.3,7.68691,1.44048
1789864369.160,8601,5.33611,0.01677,0.08949,3.291,3.291,947.3,7.68781,1.44065
1789864369.170,8602,5.33611,0.01677,0.08949,3.292,3.291,947.3,7.68871,1.44082
1789864369.180,8603,5.33607,0.01677,0.08949,3.292,3.293,947.3,7.68961,1.44098
1789864369.190,8604,5.33607,0.01677,0.08949,3.293,3.294,947.3,7.69050,1.44115
1789864369.200,8605,5.33607,0.01677,0.08949,3.294,3.294,947.3,7.69139,1.44132
1789864369.210,8606,5.33607,0.01677,0.08949,3.295,3.295,947.3,7.69228,1.44149
1789864369.220,8607,5.33607,0.01677,0.08949,3.295,3.295,947.3,7.69318,1.44165
1789864369.230,8608,5.33607,0.01677,0.08949,3.296,3.296,947.3,7.69407,1.44182
1789864369.240,8609,5.33607,0.01677,0.08949,3.296,3.296,947.3,7.69497,1.44199
1789864369.250,8610,5.33607,0.01677,0.08949,3.296,3.296,947.3,7.69586,1.44216
1789864369.260,8611,5.33607,0.01677,0.08949,3.296,3.297,947.3,7.69675,1.44232
1789864369.270,8612,5.33607,0.01677,0.08949,3.297,3.298,947.3,7.69765,1.44249
1789864369.280,8613,5.33603,0.01677,0.08949,3.298,3.298,947.3,7.69854,1.44266
1789864369.290,8614,5.33603,0.01677,0.08949,3.298,3.298,947.3,7.69944,1.44283
1789864369.300,8615,5.33603,0.01677,0.08949,3.298,3.298,947.3,7.70033,1.44299
1789864369.310,8616,5.33603,0.01677,0.08949,3.298,3.298,947.3,7.70123,1.44316
1789864369.320,8617,5.33603,0.01677,0.08949,3.299,3.299,947.3,7.70212,1.44333
1789864369.330,8618,5.33603,0.01677,0.08949,3.299,3.299,947.3,7.70301,1.44350
1789864369.340,8619,5.33603,0.01677,0.08949,3.299,3.299,947.3,7.70391,1.44366
1789864369.350,8620,5.33603,0.01677,0.08949,3.299,3.299,947.3,7.70480,1.44383
1789864369.360,8621,5.33603,0.01677,0.08949,3.299,3.299,947.3,7.70570,1.44400
1789864369.370,8622,5.33603,0.01677,0.08949,3.299,3.299,947.3,7.70659,1.44417
1789864369.380,8623,5.33595,0.01677,0.08948,3.299,3.299,947.3,7.70749,1.44433
1789864369.390,8624,5.33595,0.01677,0.08948,3.298,3.299,947.3,7.70838,1.44450
1789864369.400,8625,5.33595,0.01677,0.08948,3.298,3.298,947.3,7.70928,1.44467
1789864369.410,8626,5.33595,0.01677,0.08948,3.297,3.297,947.3,7.71018,1.44484
1789864369.420,8627,5.33595,0.01677,0.08948,3.293,3.294,947.3,7.71108,1.44501
1789864369.430,8628,5.33595,0.01677,0.08948,3.291,3.291,947.3,7.71198,1.44518
1789864369.440,8629,5.33595,0.01677,0.08948,3.292,3.291,947.3,7.71287,1.44534
1789864369.450,8630,5.33595,0.01677,0.08948,3.292,3.292,947.3,7.71376,1.44551
1789864369.460,8631,5.33595,0.01677,0.08948,3.292,3.292,947.3,7.71465,1.44568
1789864369.470,8632,5.33595,0.01677,0.08948,3.291,3.292,947.3,7.71555,1.44585
1789864369.480,8633,5.33599,0.01677,0.08948,3.291,3.290,947.3,7.71644,1.44601
1789864369.490,8634,5.33599,0.01677,0.08948,3.290,3.290,947.3,7.71734,1.44618
1789864369.500,8635,5.33599,0.01677,0.08948,3.288,3.288,947.3,7.71824,1.44635
1789864369.510,8636,5.33599,0.01677,0.08948,3.287,3.287,947.3,7.71913,1.44652
1789864369.520,8637,5.33599,0.01677,0.08948,3.285,3.286,947.3,7.72003,1.44669
1789864369.530,8638,5.33599,0.01677,0.08948,3.286,3.286,947.3,7.72093,1.44685
1789864369.540,8639,5.33599,0.01677,0.08948,3.290,3.289,947.3,7.72182,1.44702
1789864369.550,8640,5.33599,0.01677,0.08948,3.290,3.291,947.3,7.72272,1.44719
1789864369.560,8641,5.33599,0.01677,0.08948,3.290,3.290,947.3,7.72361,1.44736
1789864369.570,8642,5.33599,0.01677,0.08948,3.291,3.291,947.3,7.72451,1.44752
1789864369.580,8643,5.33603,0.01677,0.08949,3.291,3.291,947.3,7.72540,1.44769
1789864369.590,8644,5.33603,0.01677,0.08949,3.292,3.291,947.3,7.72630,1.44786
1789864369.600,8645,5.33603,0.01677,0.08949,3.293,3.293,947.3,7.72719,1.44803
1789864369.610,8646,5.33603,0.01677,0.08949,3.295,3.295,947.3,7.72809,1.44820
1789864369.620,8647,5.33603,0.01677,0.08949,3.296,3.295,947.3,7.72898,1.44836
1789864369.630,8648,5.33603,0.01677,0.08949,3.297,3.297,947.3,7.72988,1.44853
1789864369.640,8649,5.33603,0.01677,0.08949,3.297,3.297,947.3,7.73077,1.44870
1789864369.650,8650,5.33603,0.01677,0.08949,3.296,3.297,947.3,7.73167,1.44887
1789864369.660,8651,5.33603,0.01677,0.08949,3.296,3.296,947.3,7.73256,1.44903
1789864369.670,8652,5.33603,0.01677,0.08949,3.295,3.296,947.3,7.73346,1.44920
1789864369.680,8653,5.33603,0.01677,0.08949,3.295,3.296,947.3,7.73435,1.44937
1789864369.690,8654,5.33603,0.01677,0.08949,3.295,3.295,947.3,7.73525,1.44954
1789864369.700,8655,5.33603,0.01677,0.08949,3.296,3.296,947.3,7.73614,1.44970
1789864369.710,8656,5.33603,0.01677,0.08949,3.297,3.297,947.3,7.73703,1.44987
1789864369.720,8657,5.33603,0.01677,0.08949,3.297,3.297,947.3,7.73793,1.45004
1789864369.730,8658,5.33603,0.01677,0.08949,3.298,3.298,947.3,7.73882,1.45021
1789864369.740,8659,5.33603,0.01677,0.08949,3.299,3.299,947.3,7.73972,1.45037
1789864369.750,8660,5.33603,0.01677,0.08949,3.299,3.299,947.3,7.74062,1.45054
1789864369.760,8661,5.33603,0.01677,0.08949,3.299,3.299,947.3,7.74151,1.45071
1789864369.770,8662,5.33603,0.01677,0.08949,3.299,3.299,947.3,7.74241,1.45088
1789864369.780,8663,5.33607,0.01677,0.08949,3.299,3.299,947.3,7.74331,1.45105
1789864369.790,8664,5.33607,0.01677,0.08949,3.298,3.298,947.3,7.74421,1.45122
1789864369.800,8665,5.33607,0.01677,0.08949,3.298,3.298,947.3,7.74510,1.45138
1789864369.810,8666,5.33607,0.01677,0.08949,3.296,3.296,947.3,7.74600,1.45155
1789864369.820,8667,5.33607,0.01677,0.08949,3.293,3.294,947.3,7.74690,1.45172
1789864369.830,8668,5.33607,0.01677,0.08949,3.291,3.291,947.3,7.74779,1.45189
1789864369.840,8669,5.33607,0.01677,0.08949,3.291,3.291,947.3,7.74868,1.45205
1789864369.850,8670,5.33607,0.01677,0.08949,3.291,3.291,947.3,7.74956,1.45222
1789864369.860,8671,5.33607,0.01677,0.08949,3.291,3.291,947.3,7.75045,1.45239
1789864369.870,8672,5.33607,0.01677,0.08949,3.292,3.292,947.3,7.75135,1.45255
1789864369.880,8673,5.33614,0.01677,0.08949,3.290,3.289,947.3,7.75225,1.45272
1789864369.890,8674,5.33614,0.01677,0.08949,3.289,3.289,947.3,7.75314,1.45289
1789864369.900,8675,5.33614,0.01677,0.08949,3.287,3.287,947.3,7.75404,1.45306
1789864369.910,8676,5.33614,0.01677,0.08949,3.285,3.286,947.3,7.75494,1.45323
1789864369.920,8677,5.33614,0.01677,0.08949,3.285,3.283,947.3,7.75583,1.45339
1789864369.930,8678,5.33614,0.01677,0.08949,3.284,3.283,947.3,7.75673,1.45356
1789864369.940,8679,5.33614,0.01677,0.08949,3.288,3.287,947.3,7.75762,1.45373
1789864369.950,8680,5.33614,0.01677,0.08949,3.291,3.289,947.3,7.75851,1.45390
1789864369.960,8681,5.33614,0.01677,0.08949,3.290,3.289,947.3,7.75941,1.45406
1789864369.970,8682,5.33614,0.01677,0.08949,3.291,3.290,947.3,7.76031,1.45423
1789864369.980,8683,5.33622,0.01677,0.08949,3.291,3.291,947.3,7.76120,1.45440
1789864369.990,8684,5.33622,0.01677,0.08949,3.293,3.293,947.3,7.76209,1.45457
1789864370.000,8685,5.33622,0.01677,0.08949,3.294,3.295,947.3,7.76299,1.45474
1789864370.010,8686,5.33622,0.01677,0.08949,3.295,3.295,947.3,7.76388,1.45490
1789864370.020,8687,5.33622,0.01677,0.08949,3.296,3.297,947.3,7.76478,1.45507
1789864370.030,8688,5.33622,0.01677,0.08949,3.297,3.297,947.3,7.76567,1.45524
1789864370.040,8689,5.33622,0.01677,0.08949,3.297,3.297,947.3,7.76657,1.45541
1789864370.050,8690,5.33622,0.01677,0.08949,3.297,3.297,947.3,7.76746,1.45557
1789864370.060,8691,5.33622,0.01677,0.08949,3.296,3.297,947.3,7.76836,1.45574
1789864370.070,8692,5.33622,0.01677,0.08949,3.296,3.296,947.3,7.76925,1.45591
1789864370.080,8693,5.33622,0.01678,0.08954,3.296,3.296,947.3,7.77015,1.45608
1789864370.090,8694,5.33622,0.01678,0.08954,3.296,3.297,947.3,7.77105,1.45625
1789864370.100,8695,5.33622,0.01678,0.08954,3.296,3.297,947.3,7.77194,1.45641
1789864370.110,8696,5.33622,0.01678,0.08954,3.296,3.297,947.3,7.77284,1.45658
1789864370.120,8697,5.33622,0.01678,0.08954,3.296,3.297,947.3,7.77374,1.45675
1789864370.130,8698,5.33622,0.01678,0.08954,3.296,3.297,947.3,7.77463,1.45692
1789864370.140,8699,5.33622,0.01678,0.08954,3.296,3.297,947.3,7.77553,1.45709
1789864370.150,8700,5.33622,0.01678,0.08954,3.296,3.297,947.3,7.77642,1.45725
1789864370.160,8701,5.33622,0.01678,0.08954,3.297,3.298,947.3,7.77731,1.45742
1789864370.170,8702,5.33622,0.01678,0.08954,3.297,3.298,947.3,7.77820,1.45759
1789864370.180,8703,5.33630,0.01677,0.08949,3.298,3.299,947.3,7.77910,1.45775
1789864370.190,8704,5.33630,0.01677,0.08949,3.299,3.299,947.3,7.77999,1.45792
1789864370.200,8705,5.33630,0.01677,0.08949,3.298,3.298,947.3,7.78089,1.45809
1789864370.210,8706,5.33630,0.01677,0.08949,3.298,3.298,947.3,7.78179,1.45826
1789864370.220,8707,5.33630,0.01677,0.08949,3.295,3.295,947.3,7.78269,1.45843
1789864370.230,8708,5.33630,0.01677,0.08949,3.293,3.293,947.3,7.78359,1.45860
1789864370.240,8709,5.33630,0.01677,0.08949,3.293,3.293,947.3,7.78448,1.45876
1789864370.250,8710,5.33630,0.01677,0.08949,3.294,3.293,947.3,7.78537,1.45893
1789864370.260,8711,5.33630,0.01677,0.08949,3.294,3.293,947.3,7.78627,1.45910
1789864370.270,8712,5.33630,0.01677,0.08949,3.293,3.293,947.3,7.78716,1.45926
1789864370.280,8713,5.33626,0.01678,0.08954,3.291,3.291,947.3,7.78805,1.45943
1789864370.290,8714,5.33626,0.01678,0.08954,3.291,3.291,947.3,7.78893,1.45960
1789864370.300,8715,5.33626,0.01678,0.08954,3.289,3.289,947.3,7.78982,1.45976
1789864370.310,8716,5.33626,0.01678,0.08954,3.287,3.288,947.3,7.79072,1.45993
1789864370.320,8717,5.33626,0.01678,0.08954,3.288,3.288,947.3,7.79162,1.46010
1789864370.330,8718,5.33626,0.01678,0.08954,3.288,3.287,947.3,7.79252,1.46027
1789864370.340,8719,5.33626,0.01678,0.08954,3.291,3.290,947.3,7.79341,1.46044
1789864370.350,8720,5.33626,0.01678,0.08954,3.291,3.291,947.3,7.79431,1.46061
1789864370.360,8721,5.33626,0.01678,0.08954,3.291,3.291,947.3,7.79521,1.46077
1789864370.370,8722,5.33626,0.01678,0.08954,3.291,3.291,947.3,7.79610,1.46094
1789864370.380,8723,5.33622,0.01677,0.08949,3.291,3.291,947.3,7.79700,1.46111
1789864370.390,8724,5.33622,0.01677,0.08949,3.291,3.291,947.3,7.79790,1.46128
1789864370.400,8725,5.33622,0.01677,0.08949,3.292,3.293,947.3,7.79879,1.46145
1789864370.410,8726,5.33622,0.01677,0.08949,3.294,3.295,947.3,7.79969,1.46161
1789864370.420,8727,5.33622,0.01677,0.08949,3.295,3.295,947.3,7.80059,1.46178
1789864370.430,8728,5.33622,0.01677,0.08949,3.295,3.295,947.3,7.80148,1.46195
1789864370.440,8729,5.33622,0.01677,0.08949,3.296,3.296,947.3,7.80238,1.46212
1789864370.450,8730,5.33622,0.01677,0.08949,3.297,3.297,947.3,7.80327,1.46228
1789864370.460,8731,5.33622,0.01677,0.08949,3.297,3.297,947.3,7.80417,1.46245
1789864370.470,8732,5.33622,0.01677,0.08949,3.297,3.297,947.3,7.80506,1.46262
1789864370.480,8733,5.33626,0.01677,0.08949,3.297,3.297,947.3,7.80595,1.46279
1789864370.490,8734,5.33626,0.01677,0.08949,3.298,3.297,947.3,7.80685,1.46295
1789864370.500,8735,5.33626,0.01677,0.08949,3.298,3.298,947.3,7.80774,1.46312
1789864370.510,8736,5.33626,0.01677,0.08949,3.298,3.298,947.3,7.80864,1.46329
1789864370.520,8737,5.33626,0.01677,0.08949,3.298,3.298,947.3,7.80953,1.46346
1789864370.530,8738,5.33626,0.01677,0.08949,3.299,3.298,947.3,7.81043,1.46363
1789864370.540,8739,5.33626,0.01677,0.08949,3.299,3.298,947.3,7.81133,1.46379
1789864370.550,8740,5.33626,0.01677,0.08949,3.299,3.299,947.3,7.81222,1.46396
1789864370.560,8741,5.33626,0.01677,0.08949,3.299,3.299,947.3,7.81311,1.46413
1789864370.570,8742,5.33626,0.01677,0.08949,3.298,3.299,947.3,7.81401,1.46430
1789864370.580,8743,5.33626,0.01677,0.08949,3.298,3.298,947.3,7.81490,1.46446
1789864370.590,8744,5.33626,0.01677,0.08949,3.297,3.297,947.3,7.81580,1.46463
1789864370.600,8745,5.33626,0.01677,0.08949,3.297,3.297,947.3,7.81669,1.46480
1789864370.610,8746,5.33626,0.01677,0.08949,3.296,3.296,947.3,7.81759,1.46497
1789864370.620,8747,5.33626,0.01677,0.08949,3.296,3.297,947.3,7.81849,1.46514
1789864370.630,8748,5.33626,0.01677,0.08949,3.296,3.296,947.3,7.81938,1.46530
1789864370.640,8749,5.33626,0.01677,0.08949,3.296,3.296,947.3,7.82027,1.46547
1789864370.650,8750,5.33626,0.01677,0.08949,3.298,3.298,947.3,7.82116,1.46564
1789864370.660,8751,5.33626,0.01677,0.08949,3.298,3.298,947.3,7.82205,1.46580
1789864370.670,8752,5.33626,0.01677,0.08949,3.297,3.297,947.3,7.82295,1.46597
1789864370.680,8753,5.33622,0.01677,0.08949,3.291,3.292,947.3,7.82385,1.46614
1789864370.690,8754,5.33622,0.01677,0.08949,3.289,3.290,947.3,7.82475,1.46631
1789864370.700,8755,5.33622,0.01677,0.08949,3.287,3.288,947.3,7.82564,1.46648
1789864370.710,8756,5.33622,0.01677,0.08949,3.286,3.287,947.3,7.82654,1.46664
1789864370.720,8757,5.33622,0.01677,0.08949,3.284,3.285,947.3,7.82743,1.46681
1789864370.730,8758,5.33622,0.01677,0.08949,3.283,3.284,947.3,7.82832,1.46698
1789864370.740,8759,5.33622,0.01677,0.08949,3.288,3.288,947.3,7.82921,1.46715
1789864370.750,8760,5.33622,0.01677,0.08949,3.288,3.290,947.3,7.83011,1.46731
1789864370.760,8761,5.33622,0.01677,0.08949,3.288,3.289,947.3,7.83101,1.46748
1789864370.770,8762,5.33622,0.01677,0.08949,3.288,3.290,947.3,7.83190,1.46765
1789864370.780,8763,5.33630,0.01677,0.08949,3.290,3.291,947.3,7.83280,1.46782
1789864370.790,8764,5.33630,0.01677,0.08949,3.291,3.291,947.3,7.83370,1.46799
1789864370.800,8765,5.33630,0.01677,0.08949,3.291,3.291,947.3,7.83459,1.46815
1789864370.810,8766,5.33630,0.01677,0.08949,3.293,3.293,947.3,7.83548,1.46832
1789864370.820,8767,5.33630,0.01677,0.08949,3.295,3.295,947.3,7.83638,1.46849
1789864370.830,8768,5.33630,0.01677,0.08949,3.295,3.295,947.3,7.83728,1.46866
1789864370.840,8769,5.33630,0.01677,0.08949,3.295,3.294,947.3,7.83817,1.46882
1789864370.850,8770,5.33630,0.01677,0.08949,3.295,3.295,947.3,7.83907,1.46899
1789864370.860,8771,5.33630,0.01677,0.08949,3.295,3.295,947.3,7.83997,1.46916
1789864370.870,8772,5.33630,0.01677,0.08949,3.295,3.295,947.3,7.84086,1.46933
1789864370.880,8773,5.33634,0.01676,0.08944,3.295,3.296,947.3,7.84175,1.46950
1789864370.890,8774,5.33634,0.01676,0.08944,3.296,3.297,947.3,7.84264,1.46966
1789864370.900,8775,5.33634,0.01676,0.08944,3.297,3.297,947.3,7.84354,1.46983
1789864370.910,8776,5.33634,0.01676,0.08944,3.298,3.298,947.3,7.84443,1.47000
1789864370.920,8777,5.33634,0.01676,0.08944,3.298,3.299,947.3,7.84532,1.47016
1789864370.930,8778,5.33634,0.01676,0.08944,3.298,3.299,947.3,7.84621,1.47033
1789864370.940,8779,5.33634,0.01676,0.08944,3.299,3.299,947.3,7.84711,1.47050
1789864370.950,8780,5.33634,0.01676,0.08944,3.299,3.299,947.3,7.84800,1.47067
1789864370.960,8781,5.33634,0.01676,0.08944,3.299,3.299,947.3,7.84890,1.47084
1789864370.970,8782,5.33634,0.01676,0.08944,3.299,3.299,947.3,7.84980,1.47100
1789864370.980,8783,5.33634,0.01677,0.08949,3.299,3.299,947.3,7.85069,1.47117
1789864370.990,8784,5.33634,0.01677,0.08949,3.298,3.298,947.3,7.85159,1.47134
1789864371.000,8785,5.33634,0.01677,0.08949,3.297,3.297,947.3,7.85248,1.47151
1789864371.010,8786,5.33634,0.01677,0.08949,3.296,3.297,947.3,7.85337,1.47167
1789864371.020,8787,5.33634,0.01677,0.08949,3.294,3.295,947.3,7.85427,1.47184
1789864371.030,8788,5.33634,0.01677,0.08949,3.291,3.291,947.3,7.85516,1.47201
1789864371.040,8789,5.33634,0.01677,0.08949,3.291,3.291,947.3,7.85606,1.47218
1789864371.050,8790,5.33634,0.01677,0.08949,3.291,3.291,947.3,7.85695,1.47234
1789864371.060,8791,5.33634,0.01677,0.08949,3.291,3.292,947.3,7.85785,1.47251
1789864371.070,8792,5.33634,0.01677,0.08949,3.291,3.292,947.3,7.85874,1.47268
1789864371.080,8793,5.33646,0.01677,0.08949,3.291,3.291,947.3,7.85963,1.47285
1789864371.090,8794,5.33646,0.01677,0.08949,3.291,3.292,947.3,7.86053,1.47301
1789864371.100,8795,5.33646,0.01677,0.08949,3.291,3.291,947.3,7.86142,1.47318
1789864371.110,8796,5.33646,0.01677,0.08949,3.291,3.291,947.3,7.86232,1.47335
1789864371.120,8797,5.33646,0.01677,0.08949,3.290,3.291,947.3,7.86321,1.47352
1789864371.130,8798,5.33646,0.01677,0.08949,3.291,3.291,947.3,7.86410,1.47368
1789864371.140,8799,5.33646,0.01677,0.08949,3.293,3.293,947.3,7.86500,1.47385
1789864371.150,8800,5.33646,0.01677,0.08949,3.294,3.295,947.3,7.86590,1.47402
1789864371.160,8801,5.33646,0.01677,0.08949,3.291,3.292,947.3,7.86680,1.47419
1789864371.170,8802,5.33646,0.01677,0.08949,3.291,3.291,947.3,7.86769,1.47436
1789864371.180,8803,5.33654,0.01677,0.08949,3.291,3.291,947.3,7.86859,1.47453
1789864371.190,8804,5.33654,0.01677,0.08949,3.289,3.291,947.3,7.86948,1.47469
1789864371.200,8805,5.33654,0.01677,0.08949,3.290,3.290,947.3,7.87037,1.47486
1789864371.210,8806,5.33654,0.01677,0.08949,3.291,3.291,947.3,7.87126,1.47503
1789864371.220,8807,5.33654,0.01677,0.08949,3.293,3.293,947.3,7.87215,1.47519
1789864371.230,8808,5.33654,0.01677,0.08949,3.293,3.293,947.3,7.87305,1.47536
1789864371.240,8809,5.33654,0.01677,0.08949,3.294,3.294,947.3,7.87395,1.47553
1789864371.250,8810,5.33654,0.01677,0.08949,3.295,3.295,947.3,7.87484,1.47570
1789864371.260,8811,5.33654,0.01677,0.08949,3.295,3.295,947.3,7.87574,1.47586
1789864371.270,8812,5.33654,0.01677,0.08949,3.296,3.296,947.3,7.87663,1.47603
1789864371.280,8813,5.33661,0.01676,0.08944,3.296,3.297,947.3,7.87752,1.47620
1789864371.290,8814,5.33661,0.01676,0.08944,3.298,3.298,947.3,7.87841,1.47637
1789864371.300,8815,5.33661,0.01676,0.08944,3.298,3.298,947.3,7.87931,1.47653
1789864371.310,8816,5.33661,0.01676,0.08944,3.298,3.298,947.3,7.88020,1.47670
1789864371.320,8817,5.33661,0.01676,0.08944,3.298,3.299,947.3,7.88110,1.47687
1789864371.330,8818,5.33661,0.01676,0.08944,3.298,3.299,947.3,7.88199,1.47704
1789864371.340,8819,5.33661,0.01676,0.08944,3.299,3.299,947.3,7.88289,1.47720
1789864371.350,8820,5.33661,0.01676,0.08944,3.299,3.299,947.3,7.88379,1.47737
1789864371.360,8821,5.33661,0.01676,0.08944,3.299,3.299,947.3,7.88468,1.47754
1789864371.370,8822,5.33661,0.01676,0.08944,3.299,3.299,947.3,7.88558,1.47771
1789864371.380,8823,5.33673,0.01677,0.08950,3.299,3.299,947.3,7.88648,1.47788
1789864371.390,8824,5.33673,0.01677,0.08950,3.298,3.298,947.3,7.88738,1.47805
1789864371.400,8825,5.33673,0.01677,0.08950,3.298,3.298,947.3,7.88827,1.47821
1789864371.410,8826,5.33673,0.01677,0.08950,3.297,3.298,947.3,7.88917,1.47838
1789864371.420,8827,5.33673,0.01677,0.08950,3.295,3.295,947.3,7.89006,1.47855
1789864371.430,8828,5.33673,0.01677,0.08950,3.291,3.291,947.3,7.89096,1.47872
1789864371.440,8829,5.33673,0.01677,0.08950,3.291,3.291,947.3,7.89185,1.47888
1789864371.450,8830,5.33673,0.01677,0.08950,3.291,3.291,947.3,7.89275,1.47905
1789864371.460,8831,5.33673,0.01677,0.08950,3.291,3.291,947.3,7.89364,1.47922
1789864371.470,8832,5.33673,0.01677,0.08950,3.292,3.291,947.3,7.89454,1.47939
1789864371.480,8833,5.33681,0.01677,0.08950,3.289,3.290,947.3,7.89543,1.47955
1789864371.490,8834,5.33681,0.01677,0.08950,3.289,3.289,947.3,7.89632,1.47972
1789864371.500,8835,5.33681,0.01677,0.08950,3.287,3.288,947.3,7.89722,1.47989
1789864371.510,8836,5.33681,0.01677,0.08950,3.286,3.287,947.3,7.89811,1.48006
1789864371.520,8837,5.33681,0.01677,0.08950,3.284,3.285,947.3,7.89900,1.48022
1789864371.530,8838,5.33681,0.01677,0.08950,3.283,3.284,947.3,7.89990,1.48039
1789864371.540,8839,5.33681,0.01677,0.08950,3.287,3.287,947.3,7.90079,1.48056
1789864371.550,8840,5.33681,0.01677,0.08950,3.289,3.291,947.3,7.90168,1.48073
1789864371.560,8841,5.33681,0.01677,0.08950,3.291,3.291,947.3,7.90258,1.48089
1789864371.570,8842,5.33681,0.01677,0.08950,3.291,3.292,947.3,7.90347,1.48106
1789864371.580,8843,5.33685,0.01677,0.08950,3.293,3.294,947.3,7.90437,1.48123
1789864371.590,8844,5.33685,0.01677,0.08950,3.294,3.294,947.3,7.90526,1.48140
1789864371.600,8845,5.33685,0.01677,0.08950,3.295,3.295,947.3,7.90616,1.48156
1789864371.610,8846,5.33685,0.01677,0.08950,3.297,3.296,947.3,7.90706,1.48173
1789864371.620,8847,5.33685,0.01677,0.08950,3.296,3.296,947.3,7.90796,1.48190
1789864371.630,8848,5.33685,0.01677,0.08950,3.295,3.295,947.3,7.90885,1.48207
1789864371.640,8849,5.33685,0.01677,0.08950,3.294,3.294,947.3,7.90974,1.48224
1789864371.650,8850,5.33685,0.01677,0.08950,3.294,3.295,947.3,7.91064,1.48240
1789864371.660,8851,5.33685,0.01677,0.08950,3.295,3.295,947.3,7.91153,1.48257
1789864371.670,8852,5.33685,0.01677,0.08950,3.295,3.295,947.3,7.91243,1.48274
1789864371.680,8853,5.33693,0.01678,0.08955,3.295,3.296,947.3,7.91332,1.48291
1789864371.690,8854,5.33693,0.01678,0.08955,3.296,3.297,947.3,7.91422,1.48308
1789864371.700,8855,5.33693,0.01678,0.08955,3.297,3.298,947.3,7.91512,1.48324
1789864371.710,8856,5.33693,0.01678,0.08955,3.297,3.298,947.3,7.91601,1.48341
1789864371.720,8857,5.33693,0.01678,0.08955,3.298,3.298,947.3,7.91690,1.48358
1789864371.730,8858,5.33693,0.01678,0.08955,3.298,3.298,947.3,7.91780,1.48374
1789864371.740,8859,5.33693,0.01678,0.08955,3.299,3.299,947.3,7.91869,1.48391
1789864371.750,8860,5.33693,0.01678,0.08955,3.299,3.299,947.3,7.91959,1.48408
1789864371.760,8861,5.33693,0.01678,0.08955,3.299,3.299,947.3,7.92048,1.48425
1789864371.770,8862,5.33693,0.01678,0.08955,3.299,3.299,947.3,7.92138,1.48442
1789864371.780,8863,5.33696,0.01679,0.08961,3.299,3.299,947.3,7.92228,1.48459
1789864371.790,8864,5.33696,0.01679,0.08961,3.298,3.298,947.3,7.92318,1.48475
1789864371.800,8865,5.33696,0.01679,0.08961,3.298,3.298,947.3,7.92407,1.48492
1789864371.810,8866,5.33696,0.01679,0.08961,3.297,3.297,947.3,7.92497,1.48509
1789864371.820,8867,5.33696,0.01679,0.08961,3.295,3.295,947.3,7.92586,1.48526
1789864371.830,8868,5.33696,0.01679,0.08961,3.291,3.292,947.3,7.92676,1.48542
1789864371.840,8869,5.33696,0.01679,0.08961,3.291,3.291,947.3,7.92766,1.48559
1789864371.850,8870,5.33696,0.01679,0.08961,3.291,3.291,947.3,7.92856,1.48576
1789864371.860,8871,5.33696,0.01679,0.08961,3.291,3.292,947.3,7.92946,1.48593
1789864371.870,8872,5.33696,0.01679,0.08961,3.292,3.292,947.3,7.93036,1.48610
1789864371.880,8873,5.33700,0.01680,0.08966,3.290,3.291,947.3,7.93125,1.48627
1789864371.890,8874,5.33700,0.01680,0.08966,3.289,3.289,947.3,7.93214,1.48643
1789864371.900,8875,5.33700,0.01680,0.08966,3.287,3.288,947.3,7.93303,1.48660
1789864371.910,8876,5.33700,0.01680,0.08966,3.286,3.287,947.3,7.93393,1.48677
1789864371.920,8877,5.33700,0.01680,0.08966,3.284,3.286,947.3,7.93483,1.48694
1789864371.930,8878,5.33700,0.01680,0.08966,3.283,3.284,947.3,7.93572,1.48710
1789864371.940,8879,5.33700,0.01680,0.08966,3.287,3.287,947.3,7.93662,1.48727
1789864371.950,8880,5.33700,0.01680,0.08966,3.290,3.290,947.3,7.93751,1.48744
1789864371.960,8881,5.33700,0.01680,0.08966,3.289,3.290,947.3,7.93841,1.48761
1789864371.970,8882,5.33700,0.01680,0.08966,3.291,3.291,947.3,7.93931,1.48778
1789864371.980,8883,5.33704,0.01680,0.08966,3.291,3.291,947.3,7.94020,1.48794
1789864371.990,8884,5.33704,0.01680,0.08966,3.292,3.292,947.3,7.94110,1.48811
1789864372.000,8885,5.33704,0.01680,0.08966,3.292,3.293,947.3,7.94200,1.48828
1789864372.010,8886,5.33704,0.01680,0.08966,3.294,3.294,947.3,7.94290,1.48845
1789864372.020,8887,5.33704,0.01680,0.08966,3.295,3.295,947.3,7.94379,1.48862
1789864372.030,8888,5.33704,0.01680,0.08966,3.295,3.295,947.3,7.94469,1.48878
1789864372.040,8889,5.33704,0.01680,0.08966,3.295,3.296,947.3,7.94559,1.48895
1789864372.050,8890,5.33704,0.01680,0.08966,3.296,3.296,947.3,7.94648,1.48912
1789864372.060,8891,5.33704,0.01680,0.08966,3.296,3.297,947.3,7.94738,1.48929
1789864372.070,8892,5.33704,0.01680,0.08966,3.296,3.297,947.3,7.94828,1.48946
1789864372.080,8893,5.33704,0.01680,0.08966,3.296,3.297,947.3,7.94918,1.48962
1789864372.090,8894,5.33704,0.01680,0.08966,3.296,3.296,947.3,7.95008,1.48979
1789864372.100,8895,5.33704,0.01680,0.08966,3.295,3.296,947.3,7.95097,1.48996
1789864372.110,8896,5.33704,0.01680,0.08966,3.295,3.295,947.3,7.95187,1.49013
1789864372.120,8897,5.33704,0.01680,0.08966,3.295,3.295,947.3,7.95277,1.49030
1789864372.130,8898,5.33704,0.01680,0.08966,3.295,3.296,947.3,7.95366,1.49047
1789864372.140,8899,5.33704,0.01680,0.08966,3.296,3.297,947.3,7.95456,1.49063
1789864372.150,8900,5.33704,0.01680,0.08966,3.297,3.297,947.3,7.95546,1.49080
1789864372.160,8901,5.33704,0.01680,0.08966,3.298,3.298,947.3,7.95637,1.49097
1789864372.170,8902,5.33704,0.01680,0.08966,3.299,3.299,947.3,7.95727,1.49114
1789864372.180,8903,5.33708,0.01681,0.08972,3.299,3.299,947.3,7.95818,1.49131
1789864372.190,8904,5.33708,0.01681,0.08972,3.299,3.299,947.3,7.95907,1.49148
1789864372.200,8905,5.33708,0.01681,0.08972,3.299,3.299,947.3,7.95995,1.49164
1789864372.210,8906,5.33708,0.01681,0.08972,3.298,3.298,947.3,7.96084,1.49181
1789864372.220,8907,5.33708,0.01681,0.08972,3.296,3.297,947.3,7.96173,1.49198
1789864372.230,8908,5.33708,0.01681,0.08972,3.294,3.295,947.3,7.96263,1.49215
1789864372.240,8909,5.33708,0.01681,0.08972,3.294,3.294,947.3,7.96352,1.49231
1789864372.250,8910,5.33708,0.01681,0.08972,3.295,3.294,947.3,7.96442,1.49248
1789864372.260,8911,5.33708,0.01681,0.08972,3.294,3.294,947.3,7.96531,1.49265
1789864372.270,8912,5.33708,0.01681,0.08972,3.295,3.295,947.3,7.96621,1.49282
1789864372.280,8913,5.33708,0.01682,0.08977,3.292,3.293,947.3,7.96711,1.49298
1789864372.290,8914,5.33708,0.01682,0.08977,3.290,3.290,947.3,7.96800,1.49315
1789864372.300,8915,5.33708,0.01682,0.08977,3.288,3.288,947.3,7.96890,1.49332
1789864372.310,8916,5.33708,0.01682,0.08977,3.287,3.287,947.3,7.96980,1.49349
1789864372.320,8917,5.33708,0.01682,0.08977,3.287,3.287,947.3,7.97070,1.49366
1789864372.330,8918,5.33708,0.01682,0.08977,3.286,3.286,947.3,7.97160,1.49383
1789864372.340,8919,5.33708,0.01682,0.08977,3.288,3.287,947.3,7.97250,1.49399
1789864372.350,8920,5.33708,0.01682,0.08977,3.292,3.292,947.3,7.97340,1.49416
1789864372.360,8921,5.33708,0.01682,0.08977,3.292,3.292,947.3,7.97430,1.49433
1789864372.370,8922,5.33708,0.01682,0.08977,3.291,3.291,947.3,7.97520,1.49450
1789864372.380,8923,5.33712,0.01681,0.08972,3.292,3.292,947.3,7.97610,1.49467
1789864372.390,8924,5.33712,0.01681,0.08972,3.291,3.292,947.3,7.97699,1.49484
1789864372.400,8925,5.33712,0.01681,0.08972,3.291,3.291,947.3,7.97789,1.49500
1789864372.410,8926,5.33712,0.01681,0.08972,3.291,3.291,947.3,7.97879,1.49517
1789864372.420,8927,5.33712,0.01681,0.08972,3.293,3.293,947.3,7.97968,1.49534
1789864372.430,8928,5.33712,0.01681,0.08972,3.294,3.294,947.3,7.98058,1.49551
1789864372.440,8929,5.33712,0.01681,0.08972,3.294,3.295,947.3,7.98148,1.49568
1789864372.450,8930,5.33712,0.01681,0.08972,3.295,3.295,947.3,7.98238,1.49585
1789864372.460,8931,5.33712,0.01681,0.08972,3.296,3.297,947.3,7.98328,1.49601
1789864372.470,8932,5.33712,0.01681,0.08972,3.297,3.297,947.3,7.98417,1.49618
1789864372.480,8933,5.33712,0.01681,0.08972,3.298,3.298,947.3,7.98507,1.49635
1789864372.490,8934,5.33712,0.01681,0.08972,3.299,3.299,947.3,7.98597,1.49652
1789864372.500,8935,5.33712,0.01681,0.08972,3.299,3.299,947.3,7.98686,1.49669
1789864372.510,8936,5.33712,0.01681,0.08972,3.299,3.299,947.3,7.98776,1.49685
1789864372.520,8937,5.33712,0.01681,0.08972,3.299,3.299,947.3,7.98866,1.49702
1789864372.530,8938,5.33712,0.01681,0.08972,3.299,3.299,947.3,7.98955,1.49719
1789864372.540,8939,5.33712,0.01681,0.08972,3.299,3.299,947.3,7.99045,1.49736
1789864372.550,8940,5.33712,0.01681,0.08972,3.299,3.299,947.3,7.99135,1.49753
1789864372.560,8941,5.33712,0.01681,0.08972,3.299,3.299,947.3,7.99224,1.49769
1789864372.570,8942,5.33712,0.01681,0.08972,3.299,3.299,947.3,7.99314,1.49786
1789864372.580,8943,5.33716,0.01680,0.08966,3.299,3.299,947.3,7.99404,1.49803
1789864372.590,8944,5.33716,0.01680,0.08966,3.298,3.298,947.3,7.99493,1.49820
1789864372.600,8945,5.33716,0.01680,0.08966,3.297,3.297,947.3,7.99583,1.49837
1789864372.610,8946,5.33716,0.01680,0.08966,3.297,3.297,947.3,7.99673,1.49853
1789864372.620,8947,5.33716,0.01680,0.08966,3.296,3.296,947.3,7.99763,1.49870
1789864372.630,8948,5.33716,0.01680,0.08966,3.295,3.295,947.3,7.99852,1.49887
1789864372.640,8949,5.33716,0.01680,0.08966,3.294,3.294,947.3,7.99942,1.49904
1789864372.650,8950,5.33716,0.01680,0.08966,3.295,3.295,947.3,8.00032,1.49921
1789864372.660,8951,5.33716,0.01680,0.08966,3.295,3.295,947.3,8.00121,1.49937
1789864372.670,8952,5.33716,0.01680,0.08966,3.295,3.295,947.3,8.00211,1.49954
1789864372.680,8953,5.33720,0.01680,0.08966,3.292,3.294,947.3,8.00301,1.49971
1789864372.690,8954,5.33720,0.01680,0.08966,3.290,3.291,947.3,8.00390,1.49988
1789864372.700,8955,5.33720,0.01680,0.08966,3.288,3.289,947.3,8.00480,1.50005
1789864372.710,8956,5.33720,0.01680,0.08966,3.287,3.287,947.3,8.00570,1.50022
1789864372.720,8957,5.33720,0.01680,0.08966,3.286,3.287,947.3,8.00659,1.50038
1789864372.730,8958,5.33720,0.01680,0.08966,3.286,3.286,947.3,8.00749,1.50055
1789864372.740,8959,5.33720,0.01680,0.08966,3.289,3.287,947.3,8.00839,1.50072
1789864372.750,8960,5.33720,0.01680,0.08966,3.292,3.292,947.3,8.00929,1.50089
1789864372.760,8961,5.33720,0.01680,0.08966,3.293,3.294,947.3,8.01019,1.50106
1789864372.770,8962,5.33720,0.01680,0.08966,3.294,3.294,947.3,8.01109,1.50123
1789864372.780,8963,5.33716,0.01679,0.08961,3.295,3.294,947.3,8.01199,1.50139
1789864372.790,8964,5.33716,0.01679,0.08961,3.293,3.293,947.3,8.01288,1.50156
1789864372.800,8965,5.33716,0.01679,0.08961,3.292,3.292,947.3,8.01377,1.50173
1789864372.810,8966,5.33716,0.01679,0.08961,3.292,3.292,947.3,8.01466,1.50189
1789864372.820,8967,5.33716,0.01679,0.08961,3.293,3.292,947.3,8.01555,1.50206
1789864372.830,8968,5.33716,0.01679,0.08961,3.293,3.292,947.3,8.01645,1.50223
1789864372.840,8969,5.33716,0.01679,0.08961,3.294,3.294,947.3,8.01735,1.50240
1789864372.850,8970,5.33716,0.01679,0.08961,3.295,3.295,947.3,8.01825,1.50257
1789864372.860,8971,5.33716,0.01679,0.08961,3.295,3.295,947.3,8.01915,1.50274
1789864372.870,8972,5.33716,0.01679,0.08961,3.295,3.295,947.3,8.02004,1.50290
1789864372.880,8973,5.33720,0.01679,0.08961,3.295,3.295,947.3,8.02094,1.50307
1789864372.890,8974,5.33720,0.01679,0.08961,3.295,3.295,947.3,8.02183,1.50324
1789864372.900,8975,5.33720,0.01679,0.08961,3.295,3.295,947.3,8.02272,1.50341
1789864372.910,8976,5.33720,0.01679,0.08961,3.296,3.296,947.3,8.02362,1.50357
1789864372.920,8977,5.33720,0.01679,0.08961,3.297,3.296,947.3,8.02452,1.50374
1789864372.930,8978,5.33720,0.01679,0.08961,3.297,3.297,947.3,8.02542,1.50391
1789864372.940,8979,5.33720,0.01679,0.08961,3.298,3.298,947.3,8.02631,1.50408
1789864372.950,8980,5.33720,0.01679,0.08961,3.299,3.299,947.3,8.02721,1.50425
1789864372.960,8981,5.33720,0.01679,0.08961,3.299,3.299,947.3,8.02811,1.50441
1789864372.970,8982,5.33720,0.01679,0.08961,3.299,3.299,947.3,8.02900,1.50458
1789864372.980,8983,5.33720,0.01678,0.08956,3.299,3.299,947.3,8.02990,1.50475
1789864372.990,8984,5.33720,0.01678,0.08956,3.299,3.299,947.3,8.03079,1.50492
1789864373.000,8985,5.33720,0.01678,0.08956,3.298,3.298,947.3,8.03169,1.50509
1789864373.010,8986,5.33720,0.01678,0.08956,3.298,3.298,947.3,8.03258,1.50525
1789864373.020,8987,5.33720,0.01678,0.08956,3.296,3.297,947.3,8.03348,1.50542
1789864373.030,8988,5.33720,0.01678,0.08956,3.292,3.293,947.3,8.03437,1.50559
1789864373.040,8989,5.33720,0.01678,0.08956,3.291,3.291,947.3,8.03527,1.50576
1789864373.050,8990,5.33720,0.01678,0.08956,3.291,3.292,947.3,8.03617,1.50592
1789864373.060,8991,5.33720,0.01678,0.08956,3.292,3.292,947.3,8.03706,1.50609
1789864373.070,8992,5.33720,0.01678,0.08956,3.292,3.292,947.3,8.03796,1.50626
1789864373.080,8993,5.33716,0.01678,0.08956,3.291,3.292,947.3,8.03885,1.50643
1789864373.090,8994,5.33716,0.01678,0.08956,3.292,3.292,947.3,8.03975,1.50659
1789864373.100,8995,5.33716,0.01678,0.08956,3.292,3.292,947.3,8.04064,1.50676
1789864373.110,8996,5.33716,0.01678,0.08956,3.291,3.291,947.3,8.04154,1.50693
1789864373.120,8997,5.33716,0.01678,0.08956,3.291,3.291,947.3,8.04243,1.50710
1789864373.130,8998,5.33716,0.01678,0.08956,3.290,3.290,947.3,8.04333,1.50727
1789864373.140,8999,5.33716,0.01678,0.08956,3.291,3.290,947.3,8.04423,1.50743
1789864373.150,9000,5.33716,0.01678,0.08956,3.293,3.292,947.3,8.04512,1.50760
1789864373.160,9001,5.33716,0.01678,0.08956,3.293,3.292,947.3,8.04602,1.50777
1789864373.170,9002,5.33716,0.01678,0.08956,3.293,3.293,947.3,8.04692,1.50794
1789864373.180,9003,5.33708,0.01678,0.08956,3.293,3.293,947.3,8.04782,1.50811
1789864373.190,9004,5.33708,0.01678,0.08956,3.291,3.292,947.3,8.04871,1.50827
1789864373.200,9005,5.33708,0.01678,0.08956,3.291,3.293,947.3,8.04959,1.50844
1789864373.210,9006,5.33708,0.01678,0.08956,3.291,3.292,947.3,8.05048,1.50861
1789864373.220,9007,5.33708,0.01678,0.08956,3.291,3.292,947.3,8.05137,1.50877
1789864373.230,9008,5.33708,0.01678,0.08956,3.291,3.292,947.3,8.05227,1.50894
1789864373.240,9009,5.33708,0.01678,0.08956,3.291,3.292,947.3,8.05316,1.50911
1789864373.250,9010,5.33708,0.01678,0.08956,3.293,3.294,947.3,8.05406,1.50928
1789864373.260,9011,5.33708,0.01678,0.08956,3.293,3.293,947.3,8.05496,1.50944
1789864373.270,9012,5.33708,0.01678,0.08956,3.295,3.295,947.3,8.05585,1.50961
1789864373.280,9013,5.33704,0.01677,0.08950,3.295,3.295,947.3,8.05674,1.50978
1789864373.290,9014,5.33704,0.01677,0.08950,3.295,3.295,947.3,8.05764,1.50995
1789864373.300,9015,5.33704,0.01677,0.08950,3.295,3.295,947.3,8.05853,1.51011
