t_mac,sample_idx,voltage_V,current_A,power_W,dp_V,dn_V,temp_C,energy_J,charge_C
1789867294.334,0,5.19366,0.67818,3.52224,1.552,1.549,1049.7,0.00005,0.00001
1789867294.334,1,5.19366,0.63908,3.31916,1.552,1.548,1049.7,0.00009,0.00002
1789867294.334,2,5.19366,0.68939,3.58046,1.552,1.548,1049.7,0.00014,0.00003
1789867294.334,3,5.20327,0.54613,2.84166,1.649,1.642,921.7,0.00018,0.00003
1789867294.334,4,5.21679,0.55111,2.87503,1.649,1.643,921.7,0.00044,0.00008
1789867294.334,5,5.21804,0.54439,2.84065,1.649,1.643,921.7,0.00069,0.00013
1789867294.335,6,5.21429,0.53865,2.80868,1.649,1.643,921.7,0.00095,0.00018
1789867294.335,7,5.21429,0.53890,2.80998,1.649,1.643,921.7,0.00120,0.00023
1789867294.335,8,5.21929,0.54737,2.85688,1.649,1.643,921.7,0.00129,0.00025
1789867294.335,9,5.21679,0.54737,2.85551,1.650,1.643,921.7,0.00138,0.00026
1789867294.335,10,5.21679,0.54289,2.83214,1.649,1.643,921.7,0.00147,0.00028
1789867294.335,11,5.21679,0.55086,2.87372,1.649,1.643,921.7,0.00156,0.00030
1789867294.341,12,5.18055,0.66896,3.46558,1.647,1.642,921.7,0.02156,0.00416
1789867294.346,13,5.21804,0.54140,2.82505,1.648,1.642,921.7,0.03786,0.00728
1789867294.352,14,5.21554,0.54563,2.84576,1.648,1.642,921.7,0.05429,0.01043
1789867294.358,15,5.21804,0.54339,2.83543,1.648,1.642,921.7,0.07065,0.01357
1789867294.368,16,5.21679,0.54762,2.85682,1.648,1.642,921.7,0.09909,0.01902
1789867294.378,17,5.21679,0.54389,2.83736,1.648,1.642,921.7,0.12734,0.02444
1789867294.388,18,5.21929,0.54164,2.82698,1.650,1.643,921.7,0.15549,0.02983
1789867294.398,19,5.20432,0.53791,2.79946,1.650,1.643,921.7,0.18336,0.03518
1789867294.408,20,5.21679,0.53915,2.81263,1.649,1.643,921.7,0.21128,0.04054
1789867294.418,21,5.21804,0.54339,2.83543,1.648,1.643,921.7,0.23943,0.04593
1789867294.427,22,5.21679,0.55609,2.90100,1.648,1.643,921.7,0.26823,0.05145
1789867294.437,23,5.20432,0.54737,2.84869,1.648,1.643,921.7,0.29652,0.05689
1789867294.447,24,5.21679,0.54837,2.86073,1.648,1.643,921.7,0.32519,0.06238
1789867294.457,25,5.21679,0.54040,2.81915,1.648,1.643,921.7,0.35345,0.06780
1789867294.467,26,5.21679,0.54339,2.83475,1.649,1.643,921.7,0.38186,0.07325
1789867294.477,27,5.21679,0.54264,2.83084,1.649,1.643,921.7,0.41024,0.07869
1789867294.487,28,5.21929,0.54613,2.85041,1.650,1.643,921.7,0.43885,0.08417
1789867294.498,29,5.21804,0.54364,2.83674,1.649,1.642,921.7,0.46732,0.08963
1789867294.508,30,5.21679,0.54389,2.83736,1.650,1.642,921.7,0.49581,0.09508
1789867294.518,31,5.20608,0.55036,2.86522,1.650,1.643,921.7,0.52457,0.10061
1789867294.528,32,5.18305,0.60667,3.14440,1.649,1.642,921.7,0.55588,0.10665
1789867294.538,33,5.20608,0.54214,2.82242,1.648,1.642,921.7,0.58399,0.11205
1789867294.547,34,5.20608,0.55036,2.86522,1.647,1.641,921.7,0.61252,0.11753
1789867294.557,35,5.21804,0.54962,2.86794,1.647,1.641,921.7,0.64108,0.12300
1789867294.567,36,5.20667,0.54314,2.82795,1.647,1.642,921.7,0.66936,0.12843
1789867294.577,37,5.21679,0.54912,2.86464,1.647,1.641,921.7,0.69801,0.13393
1789867294.587,38,5.21804,0.54314,2.83413,1.648,1.642,921.7,0.72635,0.13936
1789867294.597,39,5.20667,0.53791,2.80072,1.649,1.643,921.7,0.75436,0.14474
1789867294.607,40,5.20667,0.54164,2.82014,1.650,1.643,921.7,0.78257,0.15016
1789867294.617,41,5.21929,0.54837,2.86210,1.650,1.643,921.7,0.81119,0.15564
1789867294.627,42,5.20667,0.55410,2.88502,1.650,1.643,921.7,0.84005,0.16118
1789867294.637,43,5.20667,0.55086,2.86815,1.650,1.643,921.7,0.86873,0.16669
1789867294.647,44,5.21679,0.54987,2.86856,1.650,1.643,921.7,0.89734,0.17218
1789867294.657,45,5.20667,0.54638,2.84482,1.650,1.643,921.7,0.92572,0.17762
1789867294.667,46,5.20831,0.53890,2.80676,1.650,1.643,921.7,0.95371,0.18300
1789867294.677,47,5.21929,0.54538,2.84650,1.650,1.643,921.7,0.98210,0.18844
1789867294.687,48,5.21929,0.54887,2.86471,1.649,1.643,921.7,1.01074,0.19393
1789867294.697,49,5.20831,0.54140,2.81978,1.650,1.643,921.7,1.03893,0.19934
1789867294.707,50,5.20831,0.53915,2.80806,1.650,1.643,921.7,1.06701,0.20473
1789867294.717,51,5.20831,0.54314,2.82884,1.650,1.643,921.7,1.09529,0.21016
1789867294.727,52,5.20831,0.53915,2.80806,1.649,1.643,921.7,1.12349,0.21557
1789867294.737,53,5.20831,0.55410,2.88592,1.649,1.643,921.7,1.15246,0.22114
1789867294.747,54,5.20831,0.55709,2.90150,1.649,1.643,921.7,1.18159,0.22673
1789867294.757,55,5.20831,0.55211,2.87556,1.648,1.642,921.7,1.21046,0.23227
1789867294.768,56,5.20963,0.54164,2.82174,1.649,1.643,921.7,1.23874,0.23770
1789867294.778,57,5.20963,0.54513,2.83993,1.649,1.642,921.7,1.26720,0.24316
1789867294.788,58,5.20963,0.54289,2.82826,1.649,1.642,921.7,1.29555,0.24860
1789867294.798,59,5.20963,0.53716,2.79840,1.648,1.642,921.7,1.32359,0.25399
1789867294.808,60,5.20963,0.54239,2.82565,1.649,1.642,921.7,1.35185,0.25941
1789867294.818,61,5.20963,0.57276,2.98387,1.649,1.642,921.7,1.38169,0.26514
1789867294.828,62,5.20963,0.54538,2.84123,1.649,1.642,921.7,1.41011,0.27060
1789867294.838,63,5.20963,0.63557,3.31108,1.648,1.643,921.7,1.44322,0.27695
1789867294.848,64,5.20963,0.54862,2.85811,1.648,1.643,921.7,1.47181,0.28244
1789867294.858,65,5.20963,0.54389,2.83347,1.649,1.643,921.7,1.50015,0.28788
1789867294.868,66,5.21139,0.54937,2.86298,1.648,1.643,921.7,1.52878,0.29337
1789867294.878,67,5.21139,0.54912,2.86168,1.647,1.642,921.7,1.55740,0.29887
1789867294.888,68,5.21139,0.54812,2.85647,1.647,1.641,921.7,1.58588,0.30433
1789867294.898,69,5.21139,0.54140,2.82145,1.647,1.641,921.7,1.61400,0.30973
1789867294.908,70,5.21139,0.54463,2.83828,1.647,1.641,921.7,1.64230,0.31516
1789867294.917,71,5.21139,0.54015,2.81493,1.647,1.640,921.7,1.67036,0.32054
1789867294.927,72,5.21139,0.53716,2.79935,1.647,1.640,921.7,1.69839,0.32592
1789867294.937,73,5.19805,0.65924,3.42676,1.646,1.639,947.3,1.73271,0.33252
1789867294.948,74,5.21139,0.55111,2.87205,1.646,1.639,921.7,1.76146,0.33804
1789867294.958,75,5.21139,0.54837,2.85777,1.646,1.639,947.3,1.79008,0.34353
1789867294.968,76,5.21198,0.54663,2.84902,1.646,1.640,921.7,1.81867,0.34901
1789867294.978,77,5.21198,0.54140,2.82177,1.647,1.640,921.7,1.84698,0.35445
1789867294.988,78,5.21198,0.53691,2.79836,1.648,1.641,921.7,1.87506,0.35983
1789867294.998,79,5.21198,0.54090,2.81916,1.648,1.642,921.7,1.90334,0.36526
1789867295.008,80,5.21198,0.54887,2.86070,1.649,1.643,921.7,1.93193,0.37075
1789867295.018,81,5.21198,0.54563,2.84381,1.650,1.643,921.7,1.96036,0.37620
1789867295.028,82,5.21198,0.54289,2.82953,1.650,1.643,921.7,1.98864,0.38163
1789867295.038,83,5.21198,0.55012,2.86721,1.649,1.643,921.7,2.01730,0.38713
1789867295.048,84,5.21198,0.54588,2.84512,1.649,1.643,921.7,2.04579,0.39259
1789867295.058,85,5.21198,0.54339,2.83214,1.649,1.643,921.7,2.07415,0.39803
1789867295.068,86,5.21334,0.55759,2.90691,1.649,1.643,921.7,2.10326,0.40362
1789867295.078,87,5.21334,0.54663,2.84977,1.649,1.643,921.7,2.13180,0.40909
1789867295.088,88,5.21334,0.54189,2.82506,1.649,1.643,921.7,2.15989,0.41448
1789867295.098,89,5.21334,0.53841,2.80691,1.649,1.642,921.7,2.18781,0.41983
1789867295.108,90,5.21334,0.54289,2.83027,1.649,1.643,921.7,2.21595,0.42523
1789867295.117,91,5.21334,0.53915,2.81077,1.649,1.643,921.7,2.24391,0.43060
1789867295.128,92,5.21334,0.54065,2.81859,1.649,1.643,921.7,2.27219,0.43602
1789867295.138,93,5.21334,0.55759,2.90691,1.649,1.643,921.7,2.30135,0.44161
1789867295.148,94,5.17555,0.69936,3.61957,1.649,1.643,921.7,2.33767,0.44863
1789867295.158,95,5.21334,0.54115,2.82120,1.650,1.643,921.7,2.36597,0.45406
1789867295.168,96,5.21424,0.55341,2.88561,1.650,1.643,921.7,2.39481,0.45959
1789867295.178,97,5.21424,0.55341,2.88561,1.650,1.643,921.7,2.42364,0.46512
1789867295.188,98,5.21424,0.53940,2.81256,1.650,1.643,921.7,2.45175,0.47051
1789867295.198,99,5.21424,0.54314,2.83206,1.650,1.643,921.7,2.48005,0.47594
1789867295.208,100,5.21424,0.55341,2.88561,1.650,1.643,921.7,2.50896,0.48148
1789867295.218,101,5.21424,0.53791,2.80479,1.650,1.643,921.7,2.53706,0.48687
1789867295.228,102,5.21424,0.55341,2.88561,1.650,1.643,921.7,2.56596,0.49242
1789867295.238,103,5.21424,0.55341,2.88561,1.650,1.643,921.7,2.59487,0.49796
1789867295.248,104,5.21424,0.55341,2.88561,1.649,1.643,921.7,2.62361,0.50347
1789867295.258,105,5.18180,0.68466,3.54777,1.649,1.643,921.7,2.65894,0.51029
1789867295.268,106,5.18180,0.70384,3.64716,1.649,1.642,921.7,2.69526,0.51730
1789867295.277,107,5.21424,0.55301,2.88353,1.648,1.641,921.7,2.72398,0.52281
1789867295.287,108,5.21424,0.53741,2.80218,1.648,1.642,921.7,2.75192,0.52816
1789867295.297,109,5.21424,0.53990,2.81517,1.647,1.641,921.7,2.77998,0.53355
1789867295.307,110,5.21424,0.54214,2.82685,1.648,1.641,921.7,2.80817,0.53895
1789867295.317,111,5.21424,0.55301,2.88353,1.649,1.642,921.7,2.83691,0.54446
1789867295.327,112,5.21424,0.55301,2.88353,1.649,1.642,921.7,2.86591,0.55003
1789867295.337,113,5.21424,0.54289,2.83076,1.648,1.642,921.7,2.89438,0.55549
1789867295.348,114,5.19055,0.69238,3.59383,1.647,1.640,921.7,2.93052,0.56245
1789867295.358,115,5.21424,0.55301,2.88353,1.647,1.640,921.7,2.95952,0.56801
1789867295.368,116,5.21432,0.55266,2.88175,1.646,1.639,921.7,2.98841,0.57355
1789867295.378,117,5.21432,0.55266,2.88175,1.646,1.639,921.7,3.01730,0.57909
1789867295.388,118,5.21432,0.54115,2.82173,1.646,1.639,921.7,3.04559,0.58452
1789867295.398,119,5.21432,0.54065,2.81912,1.647,1.639,921.7,3.07385,0.58994
1789867295.408,120,5.21432,0.53965,2.81391,1.647,1.641,921.7,3.10186,0.59531
1789867295.418,121,5.21432,0.54164,2.82428,1.648,1.642,921.7,3.12997,0.60070
1789867295.428,122,5.21432,0.54140,2.82303,1.648,1.643,921.7,3.15806,0.60609
1789867295.438,123,5.21432,0.55266,2.88175,1.648,1.643,921.7,3.18674,0.61159
1789867295.448,124,5.21432,0.55266,2.88175,1.648,1.643,921.7,3.21565,0.61713
1789867295.458,125,5.21432,0.55266,2.88175,1.648,1.643,921.7,3.24455,0.62267
1789867295.468,126,5.21432,0.55265,2.88169,1.648,1.643,921.7,3.27345,0.62822
1789867295.478,127,5.21432,0.55265,2.88169,1.649,1.642,921.7,3.30236,0.63376
1789867295.488,128,5.21432,0.53890,2.81000,1.649,1.643,921.7,3.33047,0.63915
1789867295.498,129,5.21432,0.55265,2.88169,1.649,1.643,921.7,3.35931,0.64468
1789867295.508,130,5.21432,0.55265,2.88169,1.649,1.643,921.7,3.38814,0.65021
1789867295.518,131,5.21432,0.53915,2.81130,1.649,1.643,921.7,3.41627,0.65561
1789867295.528,132,5.21432,0.54164,2.82428,1.649,1.643,921.7,3.44449,0.66102
1789867295.538,133,5.21432,0.55265,2.88169,1.649,1.643,921.7,3.47328,0.66654
1789867295.548,134,5.21432,0.53990,2.81521,1.649,1.643,921.7,3.50140,0.67193
1789867295.558,135,5.21432,0.58500,3.05038,1.649,1.643,921.7,3.53188,0.67778
1789867295.568,136,5.21424,0.55316,2.88431,1.649,1.643,921.7,3.56070,0.68330
1789867295.578,137,5.21424,0.55316,2.88431,1.649,1.643,921.7,3.58952,0.68883
1789867295.588,138,5.21424,0.53915,2.81126,1.649,1.643,921.7,3.61761,0.69422
1789867295.598,139,5.21424,0.55316,2.88431,1.649,1.643,921.7,3.64643,0.69975
1789867295.608,140,5.21424,0.54189,2.82554,1.648,1.643,921.7,3.67467,0.70516
1789867295.618,141,5.21424,0.55316,2.88431,1.649,1.643,921.7,3.70351,0.71069
1789867295.628,142,5.21424,0.55316,2.88431,1.649,1.643,921.7,3.73234,0.71622
1789867295.638,143,5.21424,0.54289,2.83076,1.649,1.643,921.7,3.76064,0.72165
1789867295.648,144,5.21424,0.53766,2.80349,1.649,1.643,921.7,3.78867,0.72702
1789867295.658,145,5.21424,0.55316,2.88431,1.650,1.643,921.7,3.81750,0.73255
1789867295.668,146,5.21440,0.55306,2.88388,1.650,1.643,921.7,3.84633,0.73808
1789867295.678,147,5.21440,0.55306,2.88388,1.649,1.643,921.7,3.87516,0.74361
1789867295.688,148,5.21440,0.54239,2.82824,1.648,1.642,921.7,3.90349,0.74904
1789867295.698,149,5.21440,0.55306,2.88388,1.648,1.642,921.7,3.93237,0.75458
1789867295.708,150,5.21440,0.54090,2.82047,1.647,1.641,921.7,3.96063,0.76000
1789867295.718,151,5.21440,0.53890,2.81004,1.647,1.641,921.7,3.98877,0.76540
1789867295.728,152,5.21440,0.55306,2.88388,1.646,1.639,921.7,4.01757,0.77092
1789867295.738,153,5.21440,0.55306,2.88388,1.647,1.640,921.7,4.04636,0.77644
1789867295.748,154,5.21440,0.54140,2.82308,1.647,1.641,921.7,4.07454,0.78185
1789867295.758,155,5.17680,0.58699,3.03873,1.646,1.639,921.7,4.10488,0.78771
1789867295.768,156,5.21440,0.55300,2.88356,1.647,1.641,921.7,4.13376,0.79325
1789867295.778,157,5.21440,0.55300,2.88356,1.647,1.642,921.7,4.16265,0.79879
1789867295.788,158,5.21440,0.54090,2.82047,1.648,1.643,921.7,4.19090,0.80421
1789867295.798,159,5.21440,0.55300,2.88356,1.648,1.643,921.7,4.21978,0.80974
1789867295.808,160,5.21440,0.55300,2.88356,1.648,1.642,921.7,4.24854,0.81526
1789867295.818,161,5.21440,0.53865,2.80874,1.650,1.643,921.7,4.27655,0.82063
1789867295.828,162,5.21440,0.55300,2.88356,1.649,1.643,921.7,4.30531,0.82615
1789867295.838,163,5.21440,0.55300,2.88356,1.649,1.642,921.7,4.33407,0.83166
1789867295.848,164,5.21440,0.55300,2.88356,1.649,1.642,921.7,4.36297,0.83720
1789867295.858,165,5.21440,0.55300,2.88356,1.648,1.642,921.7,4.39187,0.84275
1789867295.868,166,5.21467,0.55240,2.88058,1.649,1.642,921.7,4.42075,0.84828
1789867295.878,167,5.21467,0.55240,2.88058,1.648,1.641,921.7,4.44962,0.85382
1789867295.888,168,5.21467,0.55240,2.88058,1.648,1.642,921.7,4.47838,0.85934
1789867295.898,169,5.21467,0.55240,2.88058,1.649,1.643,921.7,4.50714,0.86485
1789867295.908,170,5.21467,0.54239,2.82838,1.649,1.643,921.7,4.53538,0.87027
1789867295.918,171,5.21467,0.55240,2.88058,1.649,1.643,921.7,4.56413,0.87578
1789867295.928,172,5.21467,0.55240,2.88058,1.649,1.643,921.7,4.59303,0.88132
1789867295.938,173,5.21467,0.55240,2.88058,1.651,1.643,921.7,4.62193,0.88686
1789867295.948,174,5.21467,0.53641,2.79720,1.650,1.643,921.7,4.64999,0.89225
1789867295.958,175,5.21467,0.55240,2.88058,1.650,1.643,921.7,4.67889,0.89779
1789867295.968,176,5.21467,0.55213,2.87918,1.650,1.643,921.7,4.70754,0.90328
1789867295.978,177,5.21467,0.55213,2.87918,1.650,1.642,921.7,4.73618,0.90877
1789867295.988,178,5.21467,0.55213,2.87918,1.649,1.642,921.7,4.76483,0.91427
1789867295.997,179,5.21467,0.55213,2.87918,1.648,1.642,921.7,4.79348,0.91976
1789867296.008,180,5.21467,0.54065,2.81931,1.648,1.641,921.7,4.82180,0.92519
1789867296.018,181,5.21467,0.53865,2.80888,1.648,1.642,921.7,4.85002,0.93060
1789867296.028,182,5.21467,0.55213,2.87918,1.648,1.642,921.7,4.87894,0.93615
1789867296.038,183,5.21467,0.55213,2.87918,1.648,1.643,921.7,4.90786,0.94170
1789867296.048,184,5.21467,0.55213,2.87918,1.649,1.643,921.7,4.93661,0.94721
1789867296.058,185,5.21467,0.55213,2.87918,1.650,1.643,921.7,4.96535,0.95272
1789867296.068,186,5.18555,0.68341,3.54386,1.649,1.643,921.7,5.00073,0.95954
1789867296.078,187,5.21463,0.54189,2.82576,1.648,1.642,921.7,5.02895,0.96496
1789867296.088,188,5.21463,0.55198,2.87837,1.649,1.642,921.7,5.05767,0.97046
1789867296.098,189,5.21463,0.55198,2.87837,1.649,1.642,921.7,5.08638,0.97597
1789867296.108,190,5.21463,0.55198,2.87837,1.648,1.641,921.7,5.11510,0.98148
1789867296.117,191,5.21463,0.55198,2.87837,1.647,1.640,921.7,5.14382,0.98698
1789867296.128,192,5.15056,0.81720,4.20904,1.645,1.639,921.7,5.18635,0.99524
1789867296.138,193,5.18555,0.67494,3.49994,1.643,1.637,921.7,5.22172,1.00206
1789867296.148,194,5.17306,0.69387,3.58943,1.643,1.637,921.7,5.25799,1.00907
1789867296.158,195,5.19180,0.66522,3.45369,1.641,1.635,921.7,5.29289,1.01579
1789867296.168,196,5.21307,0.65850,3.43281,1.643,1.636,921.7,5.32674,1.02229
1789867296.178,197,5.17930,0.67643,3.50343,1.643,1.637,921.7,5.36129,1.02896
1789867296.187,198,5.21307,0.67643,3.52628,1.646,1.639,921.7,5.39607,1.03563
1789867296.197,199,5.21307,0.54513,2.84180,1.647,1.641,921.7,5.42410,1.04101
1789867296.207,200,5.21307,0.55853,2.91166,1.647,1.641,921.7,5.45350,1.04665
1789867296.218,201,5.21307,0.55853,2.91166,1.649,1.643,921.7,5.48290,1.05229
1789867296.228,202,5.21307,0.55853,2.91166,1.649,1.642,921.7,5.51229,1.05793
1789867296.238,203,5.21307,0.53816,2.80547,1.649,1.643,921.7,5.54062,1.06336
1789867296.248,204,5.21307,0.54314,2.83143,1.649,1.643,921.7,5.56869,1.06875
1789867296.258,205,5.21307,0.57578,3.00158,1.649,1.643,921.7,5.59845,1.07445
1789867296.267,206,5.21291,0.55945,2.91636,1.649,1.643,921.7,5.62737,1.08000
1789867296.277,207,5.14057,0.83614,4.29824,1.648,1.642,921.7,5.66998,1.08829
1789867296.287,208,5.21291,0.55945,2.91636,1.649,1.643,921.7,5.69913,1.09388
1789867296.297,209,5.21291,0.54937,2.86382,1.648,1.642,921.7,5.72774,1.09937
1789867296.307,210,5.19430,0.71929,3.73621,1.647,1.642,921.7,5.76508,1.10656
1789867296.317,211,5.16806,0.67793,3.50358,1.647,1.642,921.7,5.80009,1.11333
1789867296.327,212,5.21291,0.85159,4.43926,1.647,1.642,921.7,5.84442,1.12184
1789867296.337,213,5.21291,0.54837,2.85860,1.647,1.642,921.7,5.87296,1.12731
1789867296.347,214,5.14307,0.66298,3.40975,1.647,1.641,921.7,5.90700,1.13393
1789867296.357,215,5.18805,0.66497,3.44990,1.647,1.641,921.7,5.94145,1.14057
1789867296.367,216,5.21186,0.54912,2.86194,1.647,1.642,921.7,5.97017,1.14608
1789867296.377,217,5.21186,0.66223,3.45145,1.647,1.642,921.7,6.00480,1.15273
1789867296.387,218,5.18555,0.72352,3.75185,1.648,1.642,921.7,6.04245,1.15999
1789867296.397,219,5.18930,0.66896,3.47143,1.648,1.642,921.7,6.07728,1.16670
1789867296.407,220,5.18430,0.68490,3.55073,1.649,1.642,921.7,6.11268,1.17353
1789867296.417,221,5.19180,0.78731,4.08756,1.648,1.642,921.7,6.15342,1.18137
1789867296.427,222,5.21186,0.56462,2.94272,1.648,1.642,921.7,6.18275,1.18700
1789867296.437,223,5.21186,0.71430,3.72283,1.648,1.642,921.7,6.21986,1.19412
1789867296.447,224,5.21186,0.78631,4.09814,1.648,1.641,921.7,6.26108,1.20203
1789867296.457,225,5.23428,0.51150,2.67733,1.649,1.642,921.7,6.28801,1.20718
1789867296.468,226,5.22429,0.50851,2.65660,1.648,1.643,921.7,6.31473,1.21229
1789867296.478,227,5.20987,0.55634,2.89846,1.648,1.642,921.7,6.34389,1.21789
1789867296.488,228,5.20987,0.55884,2.91148,1.648,1.642,921.7,6.37301,1.22348
1789867296.498,229,5.20987,0.54588,2.84396,1.647,1.641,921.7,6.40146,1.22894
1789867296.508,230,5.22678,0.50676,2.64872,1.647,1.641,921.7,6.42796,1.23401
1789867296.518,231,5.22803,0.50651,2.64805,1.647,1.640,921.7,6.45445,1.23907
1789867296.528,232,5.22678,0.50477,2.63832,1.647,1.639,921.7,6.48086,1.24413
1789867296.538,233,5.22429,0.50502,2.63837,1.647,1.639,921.7,6.50726,1.24918
1789867296.548,234,5.20987,0.59347,3.09190,1.646,1.639,921.7,6.53820,1.25512
1789867296.558,235,5.20987,0.57376,2.98922,1.647,1.639,921.7,6.56812,1.26086
1789867296.568,236,5.20987,0.59496,3.09966,1.647,1.640,921.7,6.59909,1.26681
1789867296.578,237,5.20987,0.59222,3.08539,1.647,1.641,921.7,6.62993,1.27273
1789867296.588,238,5.20987,0.59571,3.10357,1.648,1.642,921.7,6.66095,1.27868
1789867296.598,239,5.19555,0.61564,3.19859,1.649,1.642,921.7,6.69291,1.28483
1789867296.608,240,5.20987,0.55360,2.88418,1.649,1.642,921.7,6.72169,1.29036
1789867296.618,241,5.19805,0.61415,3.19238,1.650,1.643,921.7,6.75354,1.29648
1789867296.628,242,5.19805,0.61739,3.20922,1.649,1.643,921.7,6.78556,1.30264
1789867296.637,243,5.22054,0.55684,2.90701,1.649,1.642,921.7,6.81457,1.30820
1789867296.647,244,5.20987,0.55659,2.89976,1.649,1.643,921.7,6.84354,1.31376
1789867296.657,245,5.20987,0.54937,2.86215,1.649,1.643,921.7,6.87213,1.31925
1789867296.667,246,5.20909,0.56307,2.93308,1.649,1.643,921.7,6.90143,1.32487
1789867296.677,247,5.20909,0.65924,3.43404,1.649,1.643,921.7,6.93574,1.33146
1789867296.687,248,5.22304,0.51449,2.68720,1.649,1.643,921.7,6.96261,1.33660
1789867296.697,249,5.22304,0.51648,2.69760,1.650,1.643,921.7,6.98960,1.34177
1789867296.707,250,5.22554,0.52395,2.73792,1.650,1.643,921.7,7.01698,1.34701
1789867296.717,251,5.20909,0.57675,3.00434,1.650,1.643,921.7,7.04703,1.35278
1789867296.727,252,5.21929,0.52420,2.73595,1.650,1.643,921.7,7.07438,1.35802
1789867296.737,253,5.22304,0.51474,2.68851,1.651,1.643,921.7,7.10127,1.36317
1789867296.747,254,5.22054,0.53168,2.77566,1.651,1.643,921.7,7.12902,1.36848
1789867296.757,255,5.22678,0.55659,2.90917,1.650,1.643,921.7,7.15811,1.37405
1789867296.767,256,5.20897,0.59197,3.08355,1.650,1.643,921.7,7.18897,1.37997
1789867296.777,257,5.20897,0.57637,3.00229,1.650,1.643,921.7,7.21902,1.38574
1789867296.787,258,5.22803,0.50577,2.64418,1.650,1.643,921.7,7.24548,1.39080
1789867296.797,259,5.22554,0.50726,2.65071,1.650,1.643,921.7,7.27201,1.39588
1789867296.807,260,5.18805,0.50926,2.64207,1.649,1.643,921.7,7.29839,1.40096
1789867296.817,261,5.20897,0.55460,2.88889,1.649,1.642,921.7,7.32723,1.40650
1789867296.827,262,5.20897,0.57637,3.00229,1.650,1.643,921.7,7.35720,1.41226
1789867296.837,263,5.22803,0.51349,2.68454,1.649,1.643,921.7,7.38400,1.41738
1789867296.847,264,5.19430,0.57637,2.99384,1.649,1.642,921.7,7.41400,1.42316
1789867296.857,265,5.20897,0.57637,3.00229,1.649,1.643,921.7,7.44409,1.42893
1789867296.867,266,5.20878,0.57685,3.00468,1.649,1.643,921.7,7.47420,1.43471
1789867296.878,267,5.20878,0.57685,3.00468,1.649,1.643,921.7,7.50431,1.44049
1789867296.887,268,5.20878,0.57685,3.00468,1.649,1.643,921.7,7.53429,1.44625
1789867296.897,269,5.20878,0.57685,3.00468,1.648,1.642,921.7,7.56427,1.45201
1789867296.907,270,5.20878,0.58848,3.06526,1.647,1.641,921.7,7.59485,1.45788
1789867296.917,271,5.19055,0.60817,3.15674,1.647,1.640,921.7,7.62635,1.46395
1789867296.927,272,5.20878,0.57685,3.00468,1.647,1.639,921.7,7.65651,1.46974
1789867296.937,273,5.22678,0.50651,2.64742,1.646,1.639,921.7,7.68308,1.47482
1789867296.948,274,5.19805,0.51050,2.65360,1.645,1.639,947.3,7.70971,1.47994
1789867296.958,275,5.20878,0.57685,3.00468,1.644,1.638,947.3,7.73987,1.48573
1789867296.968,276,5.20772,0.58000,3.02048,1.645,1.638,947.3,7.76998,1.49152
1789867296.978,277,5.20772,0.64056,3.33586,1.645,1.639,921.7,7.80324,1.49790
1789867296.987,278,5.18680,0.61863,3.20871,1.646,1.639,921.7,7.83522,1.50407
1789867296.997,279,5.20772,0.58000,3.02048,1.647,1.640,921.7,7.86533,1.50985
1789867297.007,280,5.20772,0.58000,3.02048,1.647,1.641,921.7,7.89558,1.51566
1789867297.017,281,5.20772,0.58000,3.02048,1.649,1.642,921.7,7.92583,1.52147
1789867297.027,282,5.20772,0.58000,3.02048,1.649,1.643,921.7,7.95608,1.52727
1789867297.037,283,5.20772,0.58000,3.02048,1.650,1.643,921.7,7.98632,1.53308
1789867297.048,284,5.20772,0.58000,3.02048,1.650,1.643,921.7,8.01658,1.53889
1789867297.058,285,5.20772,0.56855,2.96085,1.649,1.643,921.7,8.04624,1.54459
1789867297.068,286,5.15306,0.80176,4.13152,1.649,1.643,921.7,8.08763,1.55262
1789867297.078,287,5.13057,0.84087,4.31414,1.648,1.642,921.7,8.13084,1.56104
1789867297.088,288,5.13432,0.81272,4.17276,1.648,1.642,921.7,8.17231,1.56912
1789867297.097,289,5.16056,0.79104,4.08221,1.648,1.642,921.7,8.21288,1.57698
1789867297.107,290,5.15556,0.78432,4.04361,1.647,1.641,921.7,8.25307,1.58478
1789867297.117,291,5.18055,0.66497,3.44491,1.647,1.642,921.7,8.28730,1.59138
1789867297.127,292,5.15306,0.80574,4.15203,1.648,1.642,921.7,8.32902,1.59948
1789867297.137,293,5.14432,0.77236,3.97327,1.649,1.643,921.7,8.36894,1.60724
1789867297.147,294,5.18805,0.67070,3.47963,1.648,1.643,921.7,8.40390,1.61398
1789867297.158,295,5.19055,0.67768,3.51753,1.649,1.643,921.7,8.43924,1.62079
1789867297.168,296,5.18430,0.67145,3.48100,1.650,1.644,921.7,8.47407,1.62751
1789867297.178,297,5.17805,0.66796,3.45873,1.650,1.643,921.7,8.50868,1.63419
1789867297.188,298,5.17930,0.69811,3.61572,1.650,1.644,921.7,8.54486,1.64117
1789867297.198,299,5.15306,0.80400,4.14306,1.649,1.643,921.7,8.58632,1.64922
1789867297.207,300,5.18805,0.75591,3.92170,1.649,1.643,921.7,8.62541,1.65675
1789867297.217,301,5.18305,0.67120,3.47886,1.649,1.643,921.7,8.66009,1.66345
1789867297.227,302,5.18430,0.73473,3.80906,1.648,1.642,921.7,8.69805,1.67077
1789867297.237,303,5.18805,0.66597,3.45509,1.648,1.642,921.7,8.73249,1.67741
1789867297.247,304,5.18555,0.73449,3.80873,1.648,1.642,921.7,8.77072,1.68478
1789867297.257,305,5.16431,0.73972,3.82014,1.649,1.643,921.7,8.80907,1.69220
1789867297.268,306,5.15306,0.78033,4.02109,1.648,1.643,921.7,8.84943,1.70004
1789867297.278,307,5.19964,0.67818,3.52629,1.647,1.641,921.7,8.88482,1.70684
1789867297.288,308,5.17680,0.69861,3.61656,1.648,1.642,921.7,8.92085,1.71380
1789867297.297,309,5.16056,0.79752,4.11565,1.647,1.641,921.7,8.96186,1.72175
1789867297.307,310,5.15681,0.68989,3.55763,1.647,1.641,921.7,8.99730,1.72862
1789867297.317,311,5.18555,0.66921,3.47022,1.649,1.642,921.7,9.03188,1.73529
1789867297.327,312,5.15056,0.77784,4.00631,1.647,1.641,921.7,9.07209,1.74310
1789867297.337,313,5.18805,0.68839,3.57140,1.647,1.641,921.7,9.10794,1.75001
1789867297.348,314,5.15556,0.86753,4.47260,1.646,1.639,921.7,9.15283,1.75871
1789867297.358,315,5.19964,0.67145,3.49130,1.646,1.639,921.7,9.18787,1.76545
1789867297.368,316,5.18055,0.70060,3.62949,1.647,1.639,921.7,9.22411,1.77245
1789867297.378,317,5.18055,0.70309,3.64239,1.645,1.639,921.7,9.26047,1.77947
1789867297.388,318,5.18430,0.70409,3.65021,1.646,1.639,921.7,9.29691,1.78650
1789867297.397,319,5.18305,0.75541,3.91533,1.647,1.640,921.7,9.33600,1.79404
1789867297.407,320,5.19655,0.66846,3.47369,1.647,1.642,921.7,9.37066,1.80071
1789867297.417,321,5.19655,0.68789,3.57465,1.648,1.642,921.7,9.40632,1.80757
1789867297.427,322,5.19655,0.66273,3.44391,1.648,1.642,921.7,9.44069,1.81418
1789867297.437,323,5.18430,0.67917,3.52102,1.648,1.643,921.7,9.47582,1.82096
1789867297.447,324,5.21804,0.54015,2.81852,1.649,1.643,921.7,9.50402,1.82637
1789867297.457,325,5.21679,0.54787,2.85812,1.649,1.643,921.7,9.53262,1.83185
1789867297.467,326,5.19609,0.67793,3.52259,1.648,1.643,921.7,9.56786,1.83863
1789867297.477,327,5.19609,0.67419,3.50315,1.648,1.643,921.7,9.60292,1.84538
1789867297.487,328,5.19609,0.68092,3.53812,1.649,1.643,921.7,9.63835,1.85220
1789867297.497,329,5.17430,0.67643,3.50005,1.649,1.642,921.7,9.67340,1.85897
1789867297.507,330,5.16681,0.67618,3.49369,1.649,1.643,921.7,9.70838,1.86574
1789867297.517,331,5.19609,0.68690,3.56919,1.650,1.643,921.7,9.74413,1.87262
1789867297.527,332,5.18555,0.66722,3.45990,1.650,1.643,921.7,9.77866,1.87928
1789867297.537,333,5.18055,0.69213,3.58561,1.650,1.643,921.7,9.81444,1.88619
1789867297.547,334,5.18430,0.70010,3.62953,1.649,1.643,921.7,9.85067,1.89317
1789867297.557,335,5.18180,0.69288,3.59037,1.649,1.643,921.7,9.88650,1.90009
1789867297.567,336,5.19288,0.68914,3.57862,1.649,1.643,921.7,9.92238,1.90700
1789867297.577,337,5.19288,0.64345,3.34136,1.648,1.642,921.7,9.95588,1.91345
1789867297.587,338,5.18055,0.67245,3.48366,1.649,1.642,921.7,9.99081,1.92019
1789867297.598,339,5.19288,0.65376,3.39490,1.648,1.642,921.7,10.02484,1.92675
1789867297.607,340,5.19288,0.67095,3.48416,1.649,1.642,921.7,10.05967,1.93345
1789867297.617,341,5.19288,0.68341,3.54887,1.649,1.643,921.7,10.09514,1.94028
1789867297.627,342,5.19288,0.68889,3.57732,1.649,1.643,921.7,10.13090,1.94717
1789867297.637,343,5.19288,0.66921,3.47513,1.649,1.643,921.7,10.16563,1.95386
1789867297.648,344,5.19288,0.66248,3.44018,1.649,1.643,921.7,10.20012,1.96050
1789867297.658,345,5.19288,0.69213,3.59415,1.649,1.643,921.7,10.23616,1.96744
1789867297.668,346,5.19117,0.67768,3.51795,1.648,1.643,921.7,10.27143,1.97423
1789867297.678,347,5.19117,0.68316,3.54640,1.648,1.642,921.7,10.30698,1.98108
1789867297.688,348,5.19117,0.66946,3.47528,1.648,1.643,921.7,10.34153,1.98774
1789867297.697,349,5.22304,0.56805,2.96695,1.649,1.643,921.7,10.37102,1.99338
1789867297.707,350,5.21554,0.61066,3.18492,1.648,1.642,921.7,10.40269,1.99945
1789867297.717,351,5.21554,0.54937,2.86526,1.648,1.642,921.7,10.43117,2.00492
1789867297.727,352,5.21304,0.55410,2.88855,1.648,1.641,921.7,10.46025,2.01049
1789867297.737,353,5.21304,0.54414,2.83662,1.648,1.641,921.7,10.48880,2.01597
1789867297.748,354,5.21304,0.54389,2.83532,1.647,1.640,921.7,10.51734,2.02145
1789867297.758,355,5.21679,0.54688,2.85296,1.647,1.639,921.7,10.54606,2.02695
1789867297.768,356,5.21679,0.54488,2.84252,1.647,1.640,921.7,10.57443,2.03239
1789867297.778,357,5.21679,0.54538,2.84513,1.647,1.639,921.7,10.60282,2.03783
1789867297.788,358,5.21679,0.55086,2.87372,1.647,1.640,921.7,10.63150,2.04333
1789867297.798,359,5.21429,0.54414,2.83730,1.647,1.641,921.7,10.65982,2.04876
1789867297.808,360,5.21429,0.54837,2.85936,1.647,1.641,921.7,10.68837,2.05423
1789867297.818,361,5.21429,0.55211,2.87886,1.649,1.642,921.7,10.71711,2.05975
1789867297.827,362,5.21554,0.54962,2.86657,1.648,1.641,921.7,10.74573,2.06523
1789867297.837,363,5.21429,0.54812,2.85806,1.648,1.641,921.7,10.77427,2.07071
1789867297.847,364,5.21804,0.55335,2.88740,1.647,1.641,921.7,10.80314,2.07624
1789867297.857,365,5.21554,0.54987,2.86787,1.647,1.640,921.7,10.83182,2.08174
1789867297.867,366,5.21429,0.54488,2.84116,1.647,1.640,921.7,10.86024,2.08719
1789867297.877,367,5.21554,0.54488,2.84184,1.647,1.640,921.7,10.88866,2.09264
1789867297.888,368,5.21429,0.54289,2.83079,1.647,1.641,921.7,10.91708,2.09809
1789867297.898,369,5.20929,0.55659,2.89944,1.647,1.641,921.7,10.94619,2.10368
1789867297.908,370,5.21554,0.70259,3.66439,1.648,1.642,921.7,10.98298,2.11073
1789867297.918,371,5.21429,0.56457,2.94383,1.649,1.643,921.7,11.01253,2.11640
1789867297.928,372,5.21554,0.55884,2.91465,1.650,1.643,921.7,11.04163,2.12198
1789867297.938,373,5.21554,0.54837,2.86005,1.650,1.643,921.7,11.07019,2.12745
1789867297.948,374,5.21304,0.54987,2.86649,1.651,1.643,921.7,11.09881,2.13294
1789867297.958,375,5.21429,0.54663,2.85029,1.651,1.644,921.7,11.12726,2.13840
1789867297.968,376,5.21429,0.55261,2.88147,1.651,1.644,921.7,11.15611,2.14393
1789867297.978,377,5.21554,0.55211,2.87955,1.651,1.644,921.7,11.18493,2.14946
1789867297.988,378,5.21304,0.56133,2.92624,1.651,1.644,921.7,11.21422,2.15508
1789867297.998,379,5.21304,0.56133,2.92624,1.650,1.643,921.7,11.24351,2.16070
1789867298.008,380,5.21179,0.57079,2.97484,1.650,1.643,921.7,11.27322,2.16640
1789867298.018,381,5.20304,0.55211,2.87265,1.649,1.643,921.7,11.30191,2.17191
1789867298.028,382,5.20179,0.59496,3.09486,1.649,1.643,921.7,11.33282,2.17785
1789867298.038,383,5.20929,0.59297,3.08895,1.649,1.643,921.7,11.36367,2.18378
1789867298.048,384,5.20554,0.59347,3.08933,1.648,1.642,921.7,11.39458,2.18971
1789867298.058,385,5.20554,0.59421,3.09318,1.649,1.643,921.7,11.42554,2.19566
1789867298.068,386,5.20804,0.59147,3.08040,1.649,1.643,921.7,11.45636,2.20158
1789867298.078,387,5.20554,0.58649,3.05300,1.650,1.643,921.7,11.48691,2.20745
1789867298.088,388,5.20554,0.58998,3.07116,1.649,1.643,921.7,11.51755,2.21333
1789867298.098,389,5.20554,0.58824,3.06211,1.649,1.643,921.7,11.54811,2.21920
1789867298.108,390,5.20429,0.59122,3.07688,1.649,1.642,921.7,11.57880,2.22510
1789867298.117,391,5.16931,0.74495,3.85088,1.648,1.641,921.7,11.61723,2.23253
1789867298.127,392,5.20679,0.60244,3.13678,1.647,1.640,921.7,11.64857,2.23855
1789867298.137,393,5.20554,0.59720,3.10875,1.647,1.641,921.7,11.67963,2.24452
1789867298.147,394,5.20429,0.58574,3.04836,1.647,1.640,921.7,11.71009,2.25037
1789867298.157,395,5.20429,0.58574,3.04836,1.646,1.640,921.7,11.74055,2.25623
1789867298.167,396,5.19445,0.58948,3.06202,1.647,1.640,921.7,11.77116,2.26212
1789867298.177,397,5.20554,0.58549,3.04779,1.647,1.641,921.7,11.80163,2.26797
1789867298.187,398,5.20804,0.59098,3.07785,1.648,1.642,921.7,11.83240,2.27388
1789867298.197,399,5.20804,0.59322,3.08951,1.648,1.642,921.7,11.86329,2.27981
1789867298.207,400,5.17930,0.58674,3.03890,1.647,1.641,921.7,11.89375,2.28569
1789867298.217,401,5.20679,0.71306,3.71275,1.648,1.642,921.7,11.93096,2.29284
1789867298.228,402,5.18180,0.72427,3.75302,1.648,1.642,921.7,11.96857,2.30010
1789867298.238,403,5.19445,0.69960,3.63404,1.648,1.642,921.7,12.00500,2.30711
1789867298.248,404,5.19445,0.63922,3.32040,1.647,1.642,921.7,12.03814,2.31349
1789867298.258,405,5.19445,0.67718,3.51758,1.648,1.642,921.7,12.07326,2.32025
1789867298.267,406,5.19581,0.63316,3.28978,1.649,1.643,921.7,12.10610,2.32657
1789867298.277,407,5.18180,0.63316,3.28091,1.649,1.643,921.7,12.13886,2.33289
1789867298.287,408,5.19581,0.63316,3.28978,1.650,1.643,921.7,12.17173,2.33922
1789867298.297,409,5.18555,0.67469,3.49864,1.650,1.643,921.7,12.20669,2.34596
1789867298.307,410,5.19581,0.63316,3.28978,1.649,1.643,921.7,12.23956,2.35229
1789867298.317,411,5.13182,0.83190,4.26916,1.649,1.643,921.7,12.28222,2.36060
1789867298.327,412,5.19581,0.65476,3.40201,1.649,1.643,921.7,12.31616,2.36713
1789867298.337,413,5.18305,0.68341,3.54215,1.649,1.643,921.7,12.35149,2.37395
1789867298.347,414,5.19581,0.63316,3.28978,1.648,1.642,921.7,12.38430,2.38027
1789867298.357,415,5.19581,0.67419,3.50296,1.648,1.642,921.7,12.41924,2.38699
1789867298.367,416,5.19753,0.65850,3.42257,1.648,1.642,921.7,12.45345,2.39357
1789867298.377,417,5.11558,0.94427,4.83049,1.648,1.642,921.7,12.50174,2.40301
1789867298.387,418,5.16681,0.77684,4.01378,1.648,1.642,921.7,12.54186,2.41078
1789867298.397,419,5.15181,0.82717,4.26142,1.648,1.641,921.7,12.58446,2.41904
1789867298.407,420,5.14681,0.88397,4.54963,1.647,1.641,921.7,12.62993,2.42788
1789867298.417,421,5.08309,1.08977,5.53940,1.648,1.642,921.7,12.68530,2.43877
1789867298.427,422,5.07559,1.16178,5.89672,1.648,1.641,921.7,12.74424,2.45039
1789867298.437,423,5.03061,1.35013,6.79198,1.648,1.642,921.7,12.81214,2.46388
1789867298.447,424,5.04185,1.29681,6.53832,1.647,1.641,921.7,12.87754,2.47685
1789867298.457,425,5.04560,1.29457,6.53188,1.648,1.642,921.7,12.94287,2.48980
1789867298.467,426,5.04560,1.29706,6.54445,1.648,1.642,921.7,13.00834,2.50278
1789867298.477,427,5.04560,1.29906,6.55454,1.647,1.642,921.7,13.07390,2.51577
1789867298.487,428,5.03186,1.34291,6.75734,1.647,1.642,921.7,13.14140,2.52919
1789867298.497,429,5.04435,1.30230,6.56926,1.648,1.643,921.7,13.20703,2.54220
1789867298.507,430,5.04185,1.29557,6.53207,1.648,1.643,921.7,13.27228,2.55514
1789867298.517,431,5.04185,1.29681,6.53832,1.647,1.642,921.7,13.33759,2.56809
1789867298.527,432,5.04810,1.27514,6.43703,1.647,1.641,921.7,13.40212,2.58087
1789867298.537,433,5.02686,1.35337,6.80320,1.647,1.641,921.7,13.47031,2.59444
1789867298.547,434,5.04685,1.26692,6.39396,1.647,1.640,921.7,13.53440,2.60714
1789867298.557,435,5.04560,1.29856,6.55201,1.646,1.640,921.7,13.60008,2.62016
1789867298.567,436,5.04185,1.29706,6.53958,1.646,1.640,921.7,13.66556,2.63314
1789867298.577,437,5.04560,1.30753,6.59727,1.647,1.641,921.7,13.73162,2.64624
1789867298.587,438,5.04185,1.29108,6.50943,1.647,1.642,921.7,13.79680,2.65916
1789867298.597,439,5.04435,1.30429,6.57930,1.647,1.642,921.7,13.86269,2.67222
1789867298.607,440,5.04310,1.29532,6.53243,1.647,1.642,921.7,13.92813,2.68520
1789867298.617,441,5.04185,1.30130,6.56096,1.647,1.642,921.7,13.99385,2.69824
1789867298.627,442,5.06185,1.34938,6.83036,1.648,1.642,921.7,14.06228,2.71176
1789867298.637,443,5.05560,1.22332,6.18462,1.647,1.643,921.7,14.12423,2.72401
1789867298.647,444,5.03311,1.27190,6.40161,1.647,1.642,921.7,14.18813,2.73671
1789867298.657,445,5.04560,1.29856,6.55201,1.649,1.643,921.7,14.25353,2.74967
1789867298.667,446,5.04310,1.25521,6.33015,1.650,1.643,921.7,14.31671,2.76220
1789867298.677,447,5.04185,1.29906,6.54967,1.650,1.643,921.7,14.38208,2.77516
1789867298.687,448,5.05935,1.28112,6.48163,1.649,1.643,921.7,14.44715,2.78802
1789867298.697,449,5.04310,1.29881,6.55003,1.649,1.643,921.7,14.51290,2.80106
1789867298.708,450,5.04185,1.29806,6.54462,1.649,1.643,921.7,14.57860,2.81409
1789867298.718,451,5.06435,1.21534,6.15491,1.649,1.643,921.7,14.64039,2.82629
1789867298.728,452,5.06185,1.28486,6.50377,1.648,1.643,921.7,14.70499,2.83905
1789867298.737,453,5.05560,1.31999,6.67334,1.648,1.643,921.7,14.77127,2.85216
1789867298.747,454,5.04185,1.30205,6.56474,1.648,1.643,921.7,14.83648,2.86510
1789867298.757,455,5.05560,1.25346,6.33699,1.648,1.643,921.7,14.89942,2.87755
1789867298.767,456,5.04310,1.29283,6.51987,1.648,1.643,921.7,14.96499,2.89055
1789867298.777,457,5.05310,1.23602,6.24573,1.648,1.642,921.7,15.02781,2.90298
1789867298.787,458,5.06060,1.27688,6.46178,1.648,1.642,921.7,15.09280,2.91582
1789867298.798,459,5.04060,1.30155,6.56059,1.648,1.641,921.7,15.15878,2.92891
1789867298.808,460,5.04685,1.30927,6.60769,1.648,1.642,921.7,15.22491,2.94202
1789867298.818,461,5.05060,1.28236,6.47669,1.648,1.641,921.7,15.28972,2.95485
1789867298.828,462,5.06060,1.26791,6.41639,1.649,1.642,921.7,15.35393,2.96754
1789867298.838,463,5.04185,1.28635,6.48558,1.648,1.642,921.7,15.41884,2.98041
1789867298.848,464,5.04810,1.30479,6.58671,1.647,1.642,921.7,15.48453,2.99342
1789867298.858,465,5.04185,1.29756,6.54210,1.648,1.643,921.7,15.54978,3.00637
1789867298.867,466,5.04685,1.29906,6.55616,1.648,1.643,921.7,15.61517,3.01932
1789867298.877,467,5.04685,1.27863,6.45305,1.648,1.643,921.7,15.67953,3.03207
1789867298.887,468,5.04435,1.28984,6.50640,1.648,1.643,921.7,15.74472,3.04500
1789867298.898,469,5.04685,1.29955,6.55863,1.648,1.643,921.7,15.81044,3.05802
1789867298.908,470,5.02936,1.28112,6.44321,1.648,1.642,921.7,15.87501,3.07086
1789867298.918,471,5.05310,1.29831,6.56049,1.647,1.641,921.7,15.94074,3.08387
1789867298.928,472,5.04435,1.28261,6.46993,1.647,1.640,921.7,16.00547,3.09670
1789867298.938,473,5.04685,1.30678,6.59512,1.647,1.640,921.7,16.07144,3.10977
1789867298.948,474,5.03061,1.28610,6.46987,1.647,1.640,921.7,16.13616,3.12264
1789867298.958,475,5.04185,1.30155,6.56222,1.647,1.640,921.7,16.20181,3.13566
1789867298.968,476,5.04560,1.30877,6.60353,1.647,1.640,921.7,16.26782,3.14874
1789867298.978,477,5.04185,1.29806,6.54462,1.647,1.641,921.7,16.33324,3.16171
1789867298.988,478,5.04435,1.29831,6.54913,1.648,1.642,921.7,16.39871,3.17469
1789867298.998,479,5.04060,1.29532,6.52919,1.648,1.642,921.7,16.46397,3.18764
1789867299.008,480,5.02811,1.34889,6.78237,1.649,1.643,921.7,16.53176,3.20112
1789867299.018,481,5.04185,1.25695,6.33735,1.649,1.643,921.7,16.59510,3.21368
1789867299.028,482,5.04310,1.30155,6.56385,1.649,1.643,921.7,16.66070,3.22669
1789867299.038,483,5.02811,1.36259,6.85125,1.649,1.643,921.7,16.72917,3.24031
1789867299.047,484,5.04185,1.30205,6.56474,1.649,1.643,921.7,16.79453,3.25327
1789867299.057,485,5.04060,1.30180,6.56185,1.648,1.643,921.7,16.85986,3.26623
1789867299.067,486,5.04310,1.29856,6.54877,1.648,1.643,921.7,16.92505,3.27916
1789867299.077,487,5.03936,1.29681,6.53509,1.647,1.642,921.7,16.99011,3.29207
1789867299.087,488,5.04310,1.29955,6.55376,1.647,1.642,921.7,17.05601,3.30514
1789867299.097,489,5.04060,1.29632,6.53423,1.647,1.642,921.7,17.12171,3.31817
1789867299.108,490,5.02686,1.35810,6.82698,1.648,1.643,921.7,17.19036,3.33183
1789867299.118,491,5.04060,1.29507,6.52793,1.648,1.643,921.7,17.25600,3.34485
1789867299.128,492,5.04185,1.30180,6.56348,1.648,1.642,921.7,17.32161,3.35786
1789867299.138,493,5.03936,1.30130,6.55772,1.649,1.643,921.7,17.38716,3.37087
1789867299.148,494,5.04310,1.31376,6.62542,1.650,1.643,921.7,17.45339,3.38401
1789867299.158,495,5.03936,1.30803,6.59163,1.650,1.643,921.7,17.51929,3.39708
1789867299.168,496,5.04185,1.31276,6.61874,1.650,1.643,921.7,17.58689,3.41049
1789867299.178,497,5.04685,1.36433,6.88557,1.650,1.643,921.7,17.65721,3.42442
1789867299.188,498,5.04685,1.30454,6.58382,1.651,1.644,921.7,17.72446,3.43775
1789867299.198,499,5.04060,1.30728,6.58948,1.650,1.643,921.7,17.79176,3.45110
1789867299.208,500,5.04310,1.30902,6.60152,1.650,1.643,921.7,17.85609,3.46386
1789867299.218,501,5.04060,1.29333,6.51916,1.650,1.643,921.7,17.91962,3.47646
1789867299.228,502,5.04435,1.29980,6.55665,1.651,1.643,921.7,17.98352,3.48913
1789867299.237,503,5.03686,1.29258,6.51054,1.650,1.643,921.7,18.04697,3.50172
1789867299.247,504,5.04435,1.29856,6.55039,1.650,1.643,921.7,18.11266,3.51475
1789867299.257,505,5.03936,1.30678,6.58533,1.650,1.643,921.7,18.17871,3.52785
1789867299.267,506,5.04310,1.31425,6.62789,1.650,1.643,921.7,18.24519,3.54104
1789867299.278,507,5.03811,1.30454,6.57242,1.649,1.643,921.7,18.31110,3.55412
1789867299.288,508,5.04310,1.30454,6.57893,1.649,1.643,921.7,18.37696,3.56718
1789867299.298,509,5.03936,1.29980,6.55016,1.649,1.643,921.7,18.44253,3.58019
1789867299.308,510,5.04060,1.30030,6.55429,1.649,1.643,921.7,18.50814,3.59321
1789867299.318,511,5.04060,1.29657,6.53549,1.649,1.643,921.7,18.57356,3.60618
1789867299.328,512,5.04310,1.29482,6.52991,1.649,1.643,921.7,18.63880,3.61912
1789867299.338,513,5.03936,1.29881,6.54517,1.648,1.642,921.7,18.70418,3.63210
1789867299.348,514,5.03936,1.30205,6.56150,1.647,1.641,921.7,18.76974,3.64510
1789867299.358,515,5.04185,1.30429,6.57603,1.647,1.640,921.7,18.83543,3.65813
1789867299.367,516,5.01436,1.39697,7.00491,1.646,1.639,921.7,18.90534,3.67208
1789867299.377,517,5.03686,1.34216,6.76027,1.646,1.639,921.7,18.97280,3.68547
1789867299.387,518,5.03436,1.32995,6.69545,1.646,1.639,921.7,19.03962,3.69874
1789867299.397,519,5.05255,1.34864,6.81407,1.647,1.639,921.7,19.10762,3.71220
1789867299.407,520,5.03311,1.33219,6.70506,1.647,1.640,921.7,19.17482,3.72555
1789867299.417,521,5.03811,1.34639,6.78326,1.647,1.640,921.7,19.24280,3.73905
1789867299.427,522,5.03436,1.36184,6.85599,1.648,1.642,921.7,19.31151,3.75269
1789867299.438,523,5.03311,1.34415,6.76525,1.648,1.642,921.7,19.37931,3.76616
1789867299.448,524,5.05255,1.25614,6.34671,1.648,1.642,921.7,19.44275,3.77872
1789867299.457,525,5.04185,1.29980,6.55340,1.648,1.643,921.7,19.50825,3.79171
1789867299.467,526,5.04248,1.31550,6.63338,1.648,1.643,921.7,19.57454,3.80486
1789867299.477,527,5.04248,1.28585,6.48387,1.648,1.643,921.7,19.63935,3.81771
1789867299.487,528,5.04248,1.29942,6.55230,1.649,1.643,921.7,19.70493,3.83072
1789867299.498,529,5.02686,1.31450,6.60781,1.650,1.643,921.7,19.77107,3.84387
1789867299.508,530,5.04248,1.29942,6.55230,1.650,1.643,921.7,19.83665,3.85688
1789867299.518,531,5.04248,1.29942,6.55230,1.650,1.643,921.7,19.90223,3.86988
1789867299.528,532,5.04248,1.34914,6.80301,1.650,1.643,921.7,19.97014,3.88335
1789867299.537,533,5.05560,1.29942,6.56935,1.650,1.643,921.7,20.03572,3.89632
1789867299.547,534,5.04248,1.29942,6.55230,1.650,1.643,921.7,20.10113,3.90930
1789867299.557,535,5.02811,1.37081,6.89258,1.649,1.643,921.7,20.16994,3.92298
1789867299.567,536,5.04228,1.30079,6.55895,1.649,1.643,921.7,20.23535,3.93595
1789867299.577,537,5.04228,1.30079,6.55895,1.649,1.643,921.7,20.30076,3.94893
1789867299.587,538,5.04228,1.30079,6.55895,1.649,1.643,921.7,20.36617,3.96190
1789867299.597,539,5.02811,1.34864,6.78111,1.648,1.642,921.7,20.43380,3.97535
1789867299.607,540,5.05810,1.30079,6.57953,1.648,1.642,921.7,20.49997,3.98843
1789867299.617,541,5.04228,1.30079,6.55895,1.649,1.643,921.7,20.56594,4.00151
1789867299.628,542,5.03186,1.36658,6.87644,1.648,1.642,921.7,20.63510,4.01526
1789867299.638,543,5.04228,1.31201,6.61552,1.648,1.643,921.7,20.70163,4.02845
1789867299.648,544,5.04228,1.27389,6.42331,1.648,1.643,921.7,20.76572,4.04116
1789867299.658,545,5.04228,1.30079,6.55895,1.649,1.643,921.7,20.83116,4.05414
1789867299.668,546,5.04213,1.30153,6.56248,1.648,1.643,921.7,20.89663,4.06713
1789867299.677,547,5.02436,1.33294,6.69717,1.648,1.642,921.7,20.96345,4.08043
1789867299.687,548,5.04213,1.25670,6.33644,1.647,1.642,921.7,21.02690,4.09301
1789867299.698,549,5.04213,1.30153,6.56248,1.647,1.641,921.7,21.09261,4.10604
1789867299.708,550,5.02686,1.30153,6.54261,1.647,1.641,921.7,21.15812,4.11907
1789867299.718,551,5.04213,1.30153,6.56248,1.647,1.639,947.3,21.22382,4.13210
1789867299.728,552,5.04213,1.30153,6.56248,1.647,1.639,947.3,21.28928,4.14509
1789867299.737,553,5.04213,1.30153,6.56248,1.647,1.640,947.3,21.35474,4.15807
1789867299.747,554,5.04213,1.30153,6.56248,1.646,1.639,947.3,21.42019,4.17105
1789867299.757,555,5.03186,1.36408,6.86386,1.645,1.639,947.3,21.48865,4.18465
1789867299.767,556,5.04154,1.26318,6.36837,1.645,1.639,947.3,21.55239,4.19730
1789867299.777,557,5.04154,1.30479,6.57815,1.645,1.639,947.3,21.61823,4.21036
1789867299.787,558,5.04154,1.30479,6.57815,1.646,1.639,947.3,21.68407,4.22342
1789867299.797,559,5.04154,1.30479,6.57815,1.646,1.639,947.3,21.74991,4.23648
1789867299.807,560,5.04154,1.26393,6.37215,1.646,1.639,921.7,21.81373,4.24913
1789867299.817,561,5.04154,1.28884,6.49774,1.647,1.639,921.7,21.87880,4.26204
1789867299.828,562,5.05185,1.29208,6.52739,1.647,1.639,921.7,21.94417,4.27498
1789867299.838,563,5.04154,1.30479,6.57815,1.646,1.639,921.7,22.01005,4.28805
1789867299.847,564,5.04154,1.24873,6.29552,1.646,1.639,921.7,22.07258,4.30045
1789867299.857,565,5.04154,1.26966,6.40104,1.646,1.639,921.7,22.13615,4.31306
1789867299.867,566,5.04135,1.25695,6.33672,1.646,1.639,921.7,22.19909,4.32555
1789867299.877,567,5.04135,1.29258,6.51635,1.646,1.639,921.7,22.26381,4.33838
1789867299.887,568,5.04135,1.30528,6.58037,1.647,1.640,921.7,22.32993,4.35150
1789867299.897,569,5.04135,1.30528,6.58037,1.647,1.641,947.3,22.39605,4.36461
1789867299.907,570,5.04135,1.30528,6.58037,1.648,1.641,947.3,22.46216,4.37773
1789867299.917,571,5.04135,1.30528,6.58037,1.648,1.642,921.7,22.52828,4.39084
1789867299.927,572,5.04135,1.30528,6.58037,1.649,1.642,921.7,22.59414,4.40391
1789867299.937,573,5.04135,1.28660,6.48620,1.650,1.643,921.7,22.65906,4.41678
1789867299.947,574,5.04135,1.30528,6.58037,1.649,1.643,921.7,22.72492,4.42985
1789867299.957,575,5.04135,1.30528,6.58037,1.650,1.643,921.7,22.79078,4.44291
1789867299.967,576,5.04123,1.30520,6.57981,1.650,1.643,921.7,22.85661,4.45597
1789867299.977,577,5.04123,1.30520,6.57981,1.649,1.643,947.3,22.92245,4.46903
1789867299.987,578,5.04123,1.31874,6.64807,1.649,1.643,947.3,22.98897,4.48223
1789867299.998,579,5.05560,1.26368,6.38866,1.649,1.643,947.3,23.05289,4.49487
1789867300.007,580,5.04123,1.23527,6.22728,1.648,1.642,947.3,23.11505,4.50720
1789867300.017,581,5.04123,1.28660,6.48605,1.648,1.642,947.3,23.17980,4.52004
1789867300.027,582,5.04123,1.23826,6.24235,1.648,1.642,921.7,23.24211,4.53241
1789867300.037,583,5.04123,1.30520,6.57981,1.649,1.642,921.7,23.30780,4.54543
1789867300.047,584,5.05685,1.23278,6.23398,1.648,1.642,921.7,23.37017,4.55777
1789867300.057,585,5.07809,1.30520,6.62792,1.648,1.642,921.7,23.43648,4.57083
1789867300.067,586,5.05310,1.25521,6.34270,1.649,1.642,921.7,23.49994,4.58339
1789867300.077,587,5.06060,1.26891,6.42145,1.649,1.642,921.7,23.56419,4.59608
1789867300.087,588,5.02686,1.30372,6.55362,1.648,1.642,921.7,23.62971,4.60911
1789867300.097,589,5.05560,1.25521,6.34584,1.648,1.641,921.7,23.69314,4.62166
1789867300.107,590,5.04158,1.30372,6.57281,1.647,1.640,921.7,23.75885,4.63469
1789867300.117,591,5.04158,1.30372,6.57281,1.645,1.639,947.3,23.82455,4.64773
1789867300.127,592,5.04158,1.30372,6.57281,1.646,1.639,947.3,23.89032,4.66077
1789867300.137,593,5.04158,1.30372,6.57281,1.645,1.638,947.3,23.95608,4.67382
1789867300.147,594,5.04158,1.30372,6.57281,1.643,1.636,947.3,24.02184,4.68686
1789867300.157,595,5.02811,1.36035,6.83999,1.643,1.636,947.3,24.09028,4.70047
1789867300.167,596,5.04177,1.25172,6.31088,1.643,1.635,947.3,24.15326,4.71296
1789867300.177,597,5.04177,1.30303,6.56958,1.644,1.637,947.3,24.21881,4.72597
1789867300.187,598,5.02561,1.36658,6.86790,1.644,1.638,947.3,24.28735,4.73960
1789867300.197,599,5.04177,1.30303,6.56958,1.645,1.638,947.3,24.35291,4.75261
1789867300.207,600,5.05435,1.24997,6.31779,1.647,1.639,947.3,24.41628,4.76514
1789867300.217,601,5.02811,1.35237,6.79987,1.647,1.640,947.3,24.48450,4.77871
1789867300.227,602,5.06684,1.17847,5.97112,1.647,1.641,947.3,24.54440,4.79053
1789867300.238,603,5.05310,1.30303,6.58434,1.647,1.641,947.3,24.61045,4.80360
1789867300.247,604,5.04177,1.30303,6.56958,1.646,1.640,947.3,24.67585,4.81658
1789867300.257,605,5.04177,1.30303,6.56958,1.647,1.639,947.3,24.74126,4.82955
1789867300.267,606,5.04201,1.28760,6.49209,1.647,1.640,947.3,24.80590,4.84237
1789867300.277,607,5.06185,1.30171,6.58906,1.647,1.640,947.3,24.87150,4.85533
1789867300.287,608,5.04201,1.30171,6.56323,1.647,1.640,947.3,24.93732,4.86838
1789867300.297,609,5.02436,1.35910,6.82861,1.647,1.640,947.3,25.00581,4.88202
1789867300.307,610,5.04201,1.30171,6.56323,1.647,1.641,947.3,25.07164,4.89507
1789867300.317,611,5.04201,1.30171,6.56323,1.648,1.642,947.3,25.13747,4.90813
1789867300.327,612,5.04201,1.30171,6.56323,1.647,1.641,947.3,25.20330,4.92118
1789867300.338,613,5.04201,1.30171,6.56323,1.647,1.641,947.3,25.26913,4.93424
1789867300.348,614,5.04201,1.35188,6.81619,1.647,1.640,947.3,25.33749,4.94780
1789867300.358,615,5.04201,1.30171,6.56323,1.647,1.640,947.3,25.40332,4.96086
1789867300.368,616,5.04213,1.30181,6.56390,1.647,1.639,947.3,25.46893,4.97387
1789867300.378,617,5.04213,1.30181,6.56390,1.646,1.638,947.3,25.53454,4.98688
1789867300.388,618,5.04213,1.30181,6.56390,1.647,1.639,947.3,25.60014,4.99989
1789867300.398,619,5.04213,1.30181,6.56390,1.647,1.639,947.3,25.66575,5.01290
1789867300.408,620,5.09933,1.08130,5.51391,1.647,1.640,947.3,25.72084,5.02371
1789867300.418,621,5.20054,0.63806,3.31826,1.648,1.641,947.3,25.75400,5.03008
1789867300.428,622,5.19930,0.69288,3.60249,1.649,1.642,947.3,25.79000,5.03701
1789867300.438,623,5.19680,0.63557,3.30293,1.650,1.643,947.3,25.82300,5.04336
1789867300.448,624,5.18930,0.76563,3.97308,1.649,1.643,921.7,25.86280,5.05103
1789867300.458,625,5.19805,0.63532,3.30243,1.647,1.642,921.7,25.89587,5.05739
1789867300.468,626,5.19055,0.65002,3.37396,1.647,1.641,947.3,25.92967,5.06390
1789867300.478,627,5.19555,0.63508,3.29959,1.647,1.640,947.3,25.96272,5.07026
1789867300.488,628,5.19555,0.74047,3.84715,1.647,1.640,947.3,26.00097,5.07762
1789867300.497,629,5.19555,0.63532,3.30084,1.647,1.639,947.3,26.03380,5.08394
1789867300.507,630,5.19555,0.63782,3.31383,1.647,1.639,947.3,26.06675,5.09028
1789867300.517,631,5.19680,0.62486,3.24727,1.647,1.639,947.3,26.09905,5.09650
1789867300.527,632,5.20054,0.64529,3.35586,1.647,1.639,947.3,26.13276,5.10298
1789867300.537,633,5.19555,0.62660,3.25553,1.645,1.637,947.3,26.16546,5.10928
1789867300.547,634,5.19555,0.63333,3.29050,1.642,1.635,947.3,26.19852,5.11564
1789867300.558,635,5.19680,0.66049,3.43243,1.641,1.634,947.3,26.23300,5.12227
1789867300.568,636,5.19305,0.65750,3.41443,1.639,1.632,947.3,26.26713,5.12885
1789867300.578,637,5.19555,0.66846,3.47302,1.639,1.632,947.3,26.30185,5.13553
1789867300.588,638,5.19430,0.63732,3.31043,1.639,1.633,947.3,26.33495,5.14190
1789867300.598,639,5.19805,0.68964,3.58478,1.641,1.634,947.3,26.37079,5.14879
1789867300.607,640,5.19555,0.63233,3.28530,1.643,1.636,947.3,26.40353,5.15510
1789867300.617,641,5.19305,0.68117,3.53735,1.645,1.638,947.3,26.43878,5.16188
1789867300.627,642,5.19805,0.63856,3.31927,1.647,1.639,947.3,26.47185,5.16825
1789867300.637,643,5.18555,0.64679,3.35396,1.647,1.640,947.3,26.50527,5.17469
1789867300.647,644,5.19680,0.64155,3.33401,1.647,1.640,947.3,26.53863,5.18111
1789867300.657,645,5.18305,0.68291,3.53956,1.647,1.640,947.3,26.57405,5.18794
1789867300.667,646,5.19930,0.63732,3.31362,1.647,1.639,947.3,26.60720,5.19432
1789867300.677,647,5.18055,0.66198,3.42942,1.647,1.639,947.3,26.64152,5.20095
1789867300.687,648,5.19805,0.63906,3.32187,1.647,1.640,947.3,26.67479,5.20735
1789867300.697,649,5.19305,0.68765,3.57100,1.647,1.640,947.3,26.71057,5.21423
1789867300.707,650,5.19805,0.63084,3.27914,1.647,1.640,947.3,26.74341,5.22055
1789867300.717,651,5.19555,0.68789,3.57397,1.647,1.640,947.3,26.77921,5.22744
1789867300.727,652,5.19805,0.63134,3.28174,1.647,1.640,947.3,26.81202,5.23376
1789867300.737,653,5.18180,0.68142,3.53098,1.647,1.641,947.3,26.84732,5.24057
1789867300.747,654,5.19680,0.62984,3.27315,1.647,1.641,947.3,26.88004,5.24686
1789867300.757,655,5.18680,0.67843,3.51888,1.647,1.641,947.3,26.91521,5.25365
1789867300.767,656,5.19555,0.62785,3.26203,1.647,1.641,947.3,26.94784,5.25993
1789867300.777,657,5.16431,0.68117,3.51777,1.647,1.640,947.3,26.98304,5.26674
1789867300.787,658,5.19430,0.63483,3.29750,1.647,1.640,947.3,27.01602,5.27309
1789867300.797,659,5.17930,0.68441,3.54476,1.647,1.639,947.3,27.05148,5.27994
1789867300.807,660,5.19180,0.63308,3.28682,1.647,1.639,947.3,27.08434,5.28627
1789867300.817,661,5.18555,0.68192,3.53613,1.647,1.639,947.3,27.11970,5.29308
1789867300.827,662,5.19430,0.63184,3.28197,1.647,1.639,947.3,27.15251,5.29940
1789867300.837,663,5.18555,0.68341,3.54386,1.647,1.639,947.3,27.18794,5.30623
1789867300.847,664,5.19805,0.63782,3.31542,1.647,1.639,947.3,27.22117,5.31263
1789867300.858,665,5.18180,0.69014,3.57617,1.647,1.639,947.3,27.25702,5.31955
1789867300.868,666,5.19680,0.63059,3.27705,1.647,1.639,947.3,27.28988,5.32587
1789867300.878,667,5.16556,0.68839,3.55592,1.647,1.639,947.3,27.32552,5.33277
1789867300.888,668,5.19555,0.63134,3.28016,1.648,1.641,947.3,27.35829,5.33908
1789867300.898,669,5.18305,0.74644,3.86884,1.648,1.641,947.3,27.39694,5.34653
1789867300.908,670,5.19305,0.63458,3.29541,1.648,1.641,947.3,27.42986,5.35287
1789867300.918,671,5.18305,0.67444,3.49566,1.647,1.639,947.3,27.46478,5.35961
1789867300.928,672,5.19555,0.63233,3.28530,1.646,1.638,947.3,27.49764,5.36593
1789867300.938,673,5.17805,0.72402,3.74901,1.644,1.637,947.3,27.53513,5.37317
1789867300.948,674,5.19680,0.63483,3.29908,1.641,1.634,947.3,27.56812,5.37952
1789867300.958,675,5.18180,0.70210,3.63814,1.638,1.631,947.3,27.60451,5.38654
1789867300.967,676,5.19555,0.62934,3.26977,1.633,1.627,947.3,27.63710,5.39282
1789867300.977,677,5.16056,0.68814,3.55119,1.629,1.623,947.3,27.67249,5.39968
1789867300.987,678,5.19305,0.63582,3.30185,1.624,1.618,947.3,27.70540,5.40601
1789867300.997,679,5.18305,0.73997,3.83530,1.622,1.616,947.3,27.74363,5.41339
1789867301.007,680,5.19430,0.63682,3.30783,1.621,1.615,947.3,27.77675,5.41976
1789867301.017,681,5.17555,0.62810,3.25076,1.623,1.617,947.3,27.80929,5.42605
1789867301.027,682,5.19430,0.62685,3.25605,1.627,1.620,947.3,27.84189,5.43233
1789867301.037,683,5.19680,0.72402,3.76259,1.632,1.626,947.3,27.87956,5.43958
1789867301.047,684,5.19555,0.63383,3.29310,1.637,1.630,947.3,27.91255,5.44593
1789867301.057,685,5.19680,0.63732,3.31202,1.641,1.633,947.3,27.94573,5.45231
1789867301.068,686,5.19680,0.63283,3.28869,1.643,1.635,947.3,27.97868,5.45865
1789867301.078,687,5.19930,0.63757,3.31492,1.645,1.637,947.3,28.01189,5.46504
1789867301.088,688,5.15931,0.69985,3.61074,1.646,1.638,947.3,28.04793,5.47203
1789867301.097,689,5.19555,0.63333,3.29050,1.645,1.637,947.3,28.08078,5.47835
1789867301.107,690,5.19430,0.66447,3.45146,1.645,1.638,947.3,28.11523,5.48498
1789867301.117,691,5.19930,0.62984,3.27473,1.645,1.638,947.3,28.14792,5.49127
1789867301.127,692,5.19555,0.65600,3.40828,1.647,1.639,947.3,28.18194,5.49781
1789867301.137,693,5.19930,0.63109,3.28123,1.647,1.639,947.3,28.21469,5.50411
1789867301.147,694,5.19805,0.68391,3.55500,1.646,1.638,947.3,28.25017,5.51094
1789867301.157,695,5.19680,0.62685,3.25761,1.646,1.639,947.3,28.28269,5.51720
1789867301.167,696,5.19430,0.68441,3.55503,1.646,1.639,947.3,28.31824,5.52404
1789867301.177,697,5.19680,0.63109,3.27965,1.646,1.639,947.3,28.35103,5.53035
1789867301.187,698,5.18305,0.65750,3.40786,1.646,1.639,947.3,28.38511,5.53693
1789867301.197,699,5.19680,0.63582,3.30423,1.647,1.639,947.3,28.41815,5.54328
1789867301.207,700,5.18680,0.65899,3.41805,1.647,1.639,947.3,28.45226,5.54986
1789867301.217,701,5.19805,0.62386,3.24286,1.646,1.639,947.3,28.48462,5.55609
1789867301.227,702,5.18055,0.66647,3.45268,1.647,1.639,947.3,28.51907,5.56274
1789867301.237,703,5.19805,0.63408,3.29598,1.647,1.639,947.3,28.55196,5.56906
1789867301.247,704,5.18305,0.70334,3.64545,1.647,1.639,947.3,28.58846,5.57611
1789867301.257,705,5.13807,0.73199,3.76102,1.645,1.639,947.3,28.62612,5.58344
1789867301.267,706,5.16571,0.80948,4.18154,1.645,1.639,947.3,28.66799,5.59154
1789867301.277,707,5.16571,0.80674,4.16738,1.645,1.638,947.3,28.70972,5.59962
1789867301.287,708,5.13682,0.96893,4.97722,1.644,1.637,947.3,28.75945,5.60930
1789867301.297,709,5.19680,0.63308,3.28999,1.644,1.638,947.3,28.79231,5.61562
1789867301.307,710,5.15181,0.82717,4.26142,1.645,1.638,947.3,28.83488,5.62389
1789867301.317,711,5.20179,0.65127,3.38777,1.645,1.639,947.3,28.86873,5.63039
1789867301.327,712,5.18180,0.68590,3.55420,1.647,1.639,947.3,28.90440,5.63728
1789867301.337,713,5.19555,0.63707,3.30993,1.647,1.639,947.3,28.93762,5.64367
1789867301.347,714,5.18180,0.68715,3.56067,1.647,1.639,947.3,28.97336,5.65057
1789867301.357,715,5.19430,0.63233,3.28451,1.646,1.638,947.3,29.00633,5.65692
1789867301.367,716,5.17859,0.67369,3.48876,1.644,1.637,947.3,29.04127,5.66366
1789867301.377,717,5.18930,0.63557,3.29816,1.645,1.638,947.3,29.07430,5.67003
1789867301.387,718,5.13932,0.72053,3.70303,1.644,1.637,947.3,29.11139,5.67724
1789867301.398,719,5.19555,0.63757,3.31253,1.644,1.636,947.3,29.14456,5.68363
1789867301.407,720,5.17859,0.67319,3.48618,1.644,1.636,947.3,29.17935,5.69035
1789867301.417,721,5.19805,0.63931,3.32317,1.644,1.637,947.3,29.21251,5.69673
1789867301.427,722,5.13557,0.71879,3.69140,1.646,1.638,947.3,29.24935,5.70390
1789867301.437,723,5.16556,0.80450,4.15569,1.645,1.637,947.3,29.29082,5.71193
1789867301.447,724,5.10058,0.79827,4.07164,1.643,1.636,947.3,29.33154,5.71991
1789867301.457,725,5.19805,0.63582,3.30502,1.644,1.637,947.3,29.36459,5.72627
1789867301.467,726,5.14931,0.80001,4.11950,1.644,1.637,947.3,29.40578,5.73427
1789867301.477,727,5.18668,0.74420,3.85993,1.644,1.637,947.3,29.44438,5.74171
1789867301.487,728,5.18668,0.80574,4.17912,1.644,1.637,947.3,29.48613,5.74976
1789867301.497,729,5.15181,0.68690,3.53878,1.643,1.636,947.3,29.52147,5.75662
1789867301.507,730,5.18668,0.67278,3.48949,1.646,1.638,947.3,29.55633,5.76334
1789867301.517,731,5.15181,0.83788,4.31660,1.645,1.637,947.3,29.59945,5.77171
1789867301.527,732,5.17306,0.70509,3.64747,1.645,1.638,947.3,29.63577,5.77873
1789867301.537,733,5.19680,0.63209,3.28485,1.646,1.638,947.3,29.66848,5.78502
1789867301.547,734,5.18668,0.75367,3.90905,1.646,1.639,947.3,29.70740,5.79253
1789867301.557,735,5.18668,0.63532,3.29520,1.647,1.639,947.3,29.74021,5.79886
1789867301.567,736,5.17306,0.63707,3.29560,1.647,1.639,947.3,29.77324,5.80524
1789867301.577,737,5.18566,0.63532,3.29455,1.647,1.640,947.3,29.80625,5.81161
1789867301.587,738,5.17306,0.78307,4.05087,1.647,1.639,947.3,29.84685,5.81945
1789867301.597,739,5.19930,0.64155,3.33561,1.647,1.639,947.3,29.88027,5.82588
1789867301.607,740,5.18566,0.63806,3.30876,1.646,1.639,947.3,29.91333,5.83226
1789867301.617,741,5.19805,0.62934,3.27134,1.645,1.638,947.3,29.94601,5.83854
1789867301.627,742,5.16056,0.66298,3.42135,1.646,1.638,947.3,29.98019,5.84517
1789867301.637,743,5.18566,0.62660,3.24933,1.647,1.639,947.3,30.01265,5.85143
1789867301.647,744,5.18566,0.62536,3.24290,1.647,1.640,947.3,30.04508,5.85768
1789867301.657,745,5.19680,0.63632,3.30683,1.647,1.640,947.3,30.07816,5.86405
1789867301.667,746,5.18562,0.63009,3.26741,1.646,1.639,947.3,30.11083,5.87035
1789867301.677,747,5.19805,0.62735,3.26100,1.647,1.640,947.3,30.14344,5.87662
1789867301.687,748,5.19680,0.63707,3.31073,1.647,1.640,947.3,30.17657,5.88300
1789867301.697,749,5.18562,0.63408,3.28810,1.647,1.639,947.3,30.20948,5.88934
1789867301.707,750,5.19680,0.63159,3.28225,1.647,1.639,947.3,30.24232,5.89566
1789867301.717,751,5.18562,0.64280,3.33332,1.646,1.639,947.3,30.27568,5.90209
1789867301.727,752,5.18562,0.63233,3.27902,1.646,1.639,947.3,30.30844,5.90841
1789867301.737,753,5.18562,0.62735,3.25320,1.644,1.637,947.3,30.34095,5.91468
1789867301.747,754,5.19930,0.63557,3.30452,1.643,1.635,947.3,30.37397,5.92103
1789867301.757,755,5.18562,0.63582,3.29712,1.639,1.631,947.3,30.40692,5.92739
1789867301.767,756,5.19805,0.63283,3.28948,1.633,1.627,947.3,30.43977,5.93371
1789867301.777,757,5.18558,0.64903,3.36560,1.628,1.622,947.3,30.47339,5.94019
1789867301.787,758,5.19805,0.64180,3.33611,1.624,1.618,947.3,30.50671,5.94660
1789867301.797,759,5.18558,0.65376,3.39012,1.620,1.614,947.3,30.54057,5.95313
1789867301.807,760,5.16306,0.63856,3.29692,1.618,1.613,947.3,30.57355,5.95952
1789867301.817,761,5.18558,0.67755,3.51349,1.617,1.612,947.3,30.60870,5.96629
1789867301.827,762,5.18558,0.64280,3.33329,1.618,1.612,947.3,30.64204,5.97272
1789867301.837,763,5.18558,0.67755,3.51349,1.619,1.614,947.3,30.67719,5.97950
1789867301.847,764,5.19680,0.63258,3.28739,1.618,1.614,947.3,30.71010,5.98584
1789867301.857,765,5.18558,0.67755,3.51349,1.618,1.613,947.3,30.74528,5.99262
1789867301.867,766,5.19805,0.63184,3.28434,1.618,1.613,947.3,30.77817,5.99895
1789867301.877,767,5.18547,0.67813,3.51642,1.618,1.612,947.3,30.81338,6.00574
1789867301.887,768,5.19680,0.63333,3.29129,1.618,1.613,947.3,30.84623,6.01206
1789867301.897,769,5.18547,0.64703,3.35515,1.617,1.612,947.3,30.87973,6.01852
1789867301.907,770,5.19805,0.63383,3.29468,1.618,1.612,947.3,30.91261,6.02484
1789867301.917,771,5.18547,0.68889,3.57222,1.618,1.612,947.3,30.94827,6.03172
1789867301.927,772,5.19805,0.63831,3.31797,1.618,1.612,947.3,30.98145,6.03810
1789867301.937,773,5.18547,0.66323,3.43916,1.618,1.613,947.3,31.01583,6.04473
1789867301.947,774,5.19805,0.63682,3.31022,1.618,1.613,947.3,31.04893,6.05110
1789867301.957,775,5.18547,0.67813,3.51642,1.618,1.613,947.3,31.08409,6.05788
1789867301.967,776,5.19680,0.62436,3.24467,1.618,1.614,947.3,31.11655,6.06413
1789867301.977,777,5.18547,0.67769,3.51414,1.618,1.614,947.3,31.15171,6.07091
1789867301.987,778,5.19930,0.62984,3.27473,1.618,1.613,947.3,31.18447,6.07721
1789867301.997,779,5.18547,0.67769,3.51414,1.618,1.614,947.3,31.21962,6.08399
1789867302.007,780,5.19930,0.64928,3.37580,1.622,1.616,947.3,31.25339,6.09048
1789867302.017,781,5.18547,0.68864,3.57092,1.625,1.619,947.3,31.28911,6.09737
1789867302.027,782,5.19555,0.63408,3.29439,1.630,1.624,947.3,31.32207,6.10372
1789867302.037,783,5.18547,0.67769,3.51414,1.635,1.628,947.3,31.35722,6.11049
1789867302.047,784,5.19680,0.63009,3.27445,1.639,1.633,947.3,31.38996,6.11679
1789867302.057,785,5.18547,0.67769,3.51414,1.643,1.636,947.3,31.42509,6.12357
1789867302.067,786,5.19805,0.63084,3.27914,1.646,1.638,947.3,31.45787,6.12988
1789867302.077,787,5.16681,0.67736,3.49979,1.647,1.639,947.3,31.49286,6.13665
1789867302.087,788,5.18570,0.63034,3.26875,1.647,1.639,947.3,31.52555,6.14295
1789867302.097,789,5.18570,0.67736,3.51259,1.647,1.639,947.3,31.56067,6.14972
1789867302.107,790,5.19680,0.64778,3.36638,1.647,1.639,947.3,31.59434,6.15620
1789867302.117,791,5.16931,0.63582,3.28675,1.647,1.639,947.3,31.62720,6.16256
1789867302.127,792,5.18570,0.63358,3.28556,1.646,1.639,947.3,31.66004,6.16889
1789867302.137,793,5.16556,0.78282,4.04370,1.646,1.639,947.3,31.70045,6.17671
1789867302.147,794,5.18570,0.67736,3.51259,1.643,1.636,947.3,31.73555,6.18348
1789867302.157,795,5.18570,0.67736,3.51259,1.639,1.631,947.3,31.77066,6.19025
1789867302.167,796,5.18550,0.67862,3.51898,1.633,1.627,947.3,31.80586,6.19704
1789867302.177,797,5.15431,0.67862,3.49782,1.628,1.622,947.3,31.84086,6.20383
1789867302.187,798,5.18550,0.67862,3.51898,1.624,1.618,947.3,31.87607,6.21062
1789867302.197,799,5.18550,0.66647,3.45598,1.620,1.614,947.3,31.91064,6.21729
1789867302.207,800,5.17181,0.67862,3.50969,1.618,1.613,947.3,31.94574,6.22408
1789867302.217,801,5.16806,0.63333,3.27309,1.618,1.612,947.3,31.97848,6.23041
1789867302.227,802,5.18550,0.64056,3.32162,1.620,1.613,947.3,32.01170,6.23682
1789867302.237,803,5.19680,0.63632,3.30683,1.621,1.614,947.3,32.04477,6.24318
1789867302.247,804,5.19680,0.63757,3.31332,1.621,1.614,947.3,32.07817,6.24961
1789867302.257,805,5.19680,0.62934,3.27055,1.622,1.616,947.3,32.11115,6.25595
1789867302.267,806,5.19680,0.63258,3.28739,1.624,1.618,947.3,32.14430,6.26233
1789867302.278,807,5.18496,0.66896,3.46853,1.629,1.623,947.3,32.17927,6.26908
1789867302.287,808,5.18496,0.63508,3.29286,1.633,1.626,947.3,32.21196,6.27538
1789867302.297,809,5.19930,0.63034,3.27733,1.635,1.629,947.3,32.24450,6.28164
1789867302.307,810,5.18496,0.63632,3.29929,1.639,1.631,947.3,32.27725,6.28796
1789867302.317,811,5.19930,0.62835,3.26698,1.641,1.635,947.3,32.30968,6.29420
1789867302.328,812,5.18496,0.64255,3.33160,1.643,1.636,947.3,32.34466,6.30094
1789867302.338,813,5.18496,0.64355,3.33678,1.643,1.636,947.3,32.37970,6.30770
1789867302.349,814,5.18496,0.64006,3.31869,1.643,1.636,947.3,32.41454,6.31442
1789867302.359,815,5.19680,0.63184,3.28355,1.646,1.639,947.3,32.44902,6.32105
1789867302.369,816,5.18675,0.67267,3.48897,1.646,1.639,947.3,32.48217,6.32745
1789867302.378,817,5.18675,0.62162,3.22419,1.646,1.639,947.3,32.51281,6.33335
1789867302.388,818,5.18675,0.67267,3.48897,1.646,1.639,947.3,32.54597,6.33975
1789867302.397,819,5.19930,0.63134,3.28253,1.646,1.639,947.3,32.57716,6.34575
1789867302.409,820,5.18675,0.68640,3.56019,1.646,1.639,947.3,32.61734,6.35349
1789867302.420,821,5.19680,0.64006,3.32626,1.646,1.639,947.3,32.65488,6.36072
1789867302.431,822,5.18675,0.69487,3.60412,1.646,1.639,947.3,32.69556,6.36856
1789867302.442,823,5.18675,0.62959,3.26553,1.646,1.639,947.3,32.73242,6.37566
1789867302.451,824,5.18675,0.64180,3.32886,1.646,1.639,947.3,32.76139,6.38125
1789867302.460,825,5.19805,0.62685,3.25840,1.647,1.640,921.7,32.78976,6.38671
1789867302.469,826,5.18769,0.66904,3.47077,1.647,1.639,947.3,32.81998,6.39253
1789867302.477,827,5.19930,0.62835,3.26698,1.647,1.641,921.7,32.84842,6.39800
1789867302.487,828,5.18769,0.66904,3.47077,1.648,1.641,921.7,32.88311,6.40469
1789867302.497,829,5.19805,0.62959,3.27264,1.647,1.640,921.7,32.91582,6.41098
1789867302.507,830,5.18769,0.69437,3.60218,1.647,1.640,947.3,32.95183,6.41792
1789867302.517,831,5.15931,0.64380,3.32156,1.647,1.639,947.3,32.98504,6.42436
1789867302.527,832,5.18769,0.66904,3.47077,1.646,1.639,947.3,33.01977,6.43106
1789867302.537,833,5.18769,0.63283,3.28293,1.645,1.638,947.3,33.05263,6.43739
1789867302.547,834,5.18769,0.68839,3.57115,1.643,1.636,947.3,33.08836,6.44428
1789867302.557,835,5.18769,0.62760,3.25579,1.641,1.634,947.3,33.12095,6.45056
1789867302.567,836,5.18925,0.67195,3.48692,1.640,1.633,947.3,33.15580,6.45728
1789867302.577,837,5.18925,0.62685,3.25288,1.639,1.632,947.3,33.18831,6.46354
1789867302.587,838,5.18925,0.66183,3.43440,1.639,1.632,947.3,33.22264,6.47016
1789867302.597,839,5.18925,0.62860,3.26196,1.640,1.633,947.3,33.25524,6.47644
1789867302.607,840,5.18925,0.68266,3.54249,1.643,1.635,947.3,33.29067,6.48327
1789867302.617,841,5.18925,0.72427,3.75842,1.645,1.637,947.3,33.32826,6.49051
1789867302.627,842,5.17056,0.67818,3.50657,1.647,1.639,947.3,33.36333,6.49729
1789867302.637,843,5.19930,0.63333,3.29287,1.648,1.640,947.3,33.39626,6.50363
1789867302.647,844,5.18925,0.68615,3.56060,1.648,1.640,947.3,33.43196,6.51051
1789867302.657,845,5.19930,0.63433,3.29807,1.648,1.640,947.3,33.46503,6.51687
1789867302.667,846,5.17430,0.69338,3.58776,1.648,1.641,947.3,33.50100,6.52382
1789867302.677,847,5.18949,0.61938,3.21427,1.648,1.641,947.3,33.53323,6.53003
1789867302.687,848,5.17805,0.66103,3.42285,1.648,1.641,947.3,33.56752,6.53665
1789867302.697,849,5.18949,0.62586,3.24789,1.648,1.641,947.3,33.60005,6.54292
1789867302.707,850,5.18949,0.75541,3.92019,1.648,1.642,947.3,33.63931,6.55048
1789867302.717,851,5.18949,0.64105,3.32672,1.649,1.642,947.3,33.67263,6.55691
1789867302.727,852,5.16306,0.67569,3.48863,1.649,1.642,947.3,33.70739,6.56364
1789867302.737,853,5.18949,0.63233,3.28147,1.649,1.642,947.3,33.74009,6.56994
1789867302.747,854,5.18949,0.71480,3.70945,1.648,1.642,947.3,33.77705,6.57706
1789867302.757,855,5.18949,0.62561,3.24660,1.649,1.642,947.3,33.80940,6.58329
1789867302.767,856,5.17430,0.70135,3.62900,1.648,1.641,947.3,33.84648,6.59046
1789867302.778,857,5.18968,0.63209,3.28034,1.647,1.640,947.3,33.88000,6.59692
1789867302.788,858,5.18968,0.63582,3.29970,1.647,1.640,947.3,33.91372,6.60342
1789867302.798,859,5.18968,0.62536,3.24542,1.648,1.640,947.3,33.94688,6.60981
1789867302.808,860,5.20054,0.75890,3.94669,1.647,1.639,947.3,33.98621,6.61737
1789867302.818,861,5.18968,0.62785,3.25834,1.647,1.639,947.3,34.01867,6.62362
1789867302.828,862,5.18968,0.62486,3.24282,1.647,1.639,947.3,34.05099,6.62985
1789867302.838,863,5.18968,0.63333,3.28678,1.647,1.639,947.3,34.08374,6.63616
1789867302.848,864,5.18968,0.76862,3.98889,1.647,1.639,947.3,34.12328,6.64378
1789867302.858,865,5.18968,0.62361,3.23634,1.647,1.639,947.3,34.15537,6.64996
1789867302.868,866,5.20054,0.62959,3.27421,1.647,1.639,947.3,34.18784,6.65621
1789867302.878,867,5.18992,0.63109,3.27531,1.647,1.639,947.3,34.22031,6.66246
1789867302.888,868,5.18992,0.62611,3.24946,1.647,1.639,947.3,34.25257,6.66868
1789867302.898,869,5.18992,0.63184,3.27920,1.647,1.639,947.3,34.28513,6.67495
1789867302.907,870,5.18992,0.63084,3.27401,1.646,1.639,947.3,34.31764,6.68122
1789867302.917,871,5.18992,0.65923,3.42135,1.646,1.639,947.3,34.35161,6.68776
1789867302.927,872,5.16306,0.78382,4.04691,1.645,1.638,947.3,34.39204,6.69559
1789867302.937,873,5.18992,0.67618,3.50932,1.645,1.638,947.3,34.42711,6.70235
1789867302.947,874,5.18992,0.63732,3.30764,1.643,1.636,947.3,34.46016,6.70872
1789867302.957,875,5.18992,0.68914,3.57658,1.641,1.634,947.3,34.49590,6.71561
1789867302.967,876,5.18972,0.62735,3.25577,1.637,1.631,947.3,34.52847,6.72188
1789867302.977,877,5.18972,0.65938,3.42200,1.632,1.626,947.3,34.56271,6.72848
1789867302.987,878,5.18972,0.62685,3.25318,1.629,1.623,947.3,34.59526,6.73475
1789867302.997,879,5.18972,0.64380,3.34114,1.625,1.618,947.3,34.62869,6.74119
1789867303.007,880,5.18972,0.62885,3.26356,1.623,1.616,947.3,34.66152,6.74752
1789867303.017,881,5.18972,0.68316,3.54541,1.620,1.614,947.3,34.69718,6.75439
1789867303.028,882,5.16806,0.65938,3.40772,1.620,1.614,947.3,34.73146,6.76102
1789867303.038,883,5.18972,0.65938,3.42200,1.622,1.616,947.3,34.76588,6.76766
1789867303.048,884,5.18972,0.62934,3.26610,1.626,1.619,947.3,34.79829,6.77390
1789867303.057,885,5.18972,0.67095,3.48204,1.630,1.623,947.3,34.83284,6.78056
1789867303.067,886,5.18953,0.62586,3.24792,1.634,1.627,947.3,34.86506,6.78677
1789867303.077,887,5.18953,0.67394,3.49743,1.639,1.631,947.3,34.89976,6.79345
1789867303.087,888,5.18953,0.63059,3.27247,1.643,1.635,947.3,34.93250,6.79976
1789867303.097,889,5.18953,0.67170,3.48581,1.647,1.639,947.3,34.96737,6.80648
1789867303.107,890,5.18953,0.63059,3.27247,1.647,1.639,947.3,35.00010,6.81279
1789867303.117,891,5.18953,0.65841,3.41684,1.647,1.639,947.3,35.03428,6.81937
1789867303.127,892,5.18953,0.64056,3.32421,1.647,1.639,947.3,35.06751,6.82578
1789867303.137,893,5.18953,0.67643,3.51035,1.647,1.639,947.3,35.10260,6.83254
1789867303.147,894,5.18953,0.63333,3.28669,1.646,1.639,947.3,35.13545,6.83887
1789867303.157,895,5.18953,0.67220,3.48840,1.646,1.639,947.3,35.17033,6.84559
1789867303.167,896,5.20054,0.63607,3.30791,1.646,1.638,947.3,35.20348,6.85197
1789867303.177,897,5.16931,0.67120,3.46964,1.645,1.638,947.3,35.23825,6.85869
1789867303.187,898,5.18980,0.63034,3.27134,1.646,1.639,947.3,35.27104,6.86501
1789867303.197,899,5.18980,0.66996,3.47696,1.647,1.639,947.3,35.30589,6.87172
1789867303.207,900,5.18980,0.62013,3.21835,1.647,1.639,947.3,35.33803,6.87792
1789867303.217,901,5.17181,0.69960,3.61820,1.647,1.639,947.3,35.37416,6.88490
1789867303.227,902,5.18980,0.63034,3.27134,1.647,1.640,947.3,35.40683,6.89120
1789867303.237,903,5.18980,0.68167,3.53773,1.647,1.640,947.3,35.44215,6.89800
1789867303.247,904,5.18980,0.63881,3.31530,1.647,1.640,947.3,35.47529,6.90439
1789867303.257,905,5.18980,0.75766,3.93210,1.647,1.640,947.3,35.51459,6.91196
1789867303.267,906,5.19070,0.62586,3.24865,1.647,1.639,947.3,35.54705,6.91822
1789867303.277,907,5.16056,0.65478,3.37903,1.647,1.640,947.3,35.58082,6.92476
1789867303.287,908,5.19070,0.62635,3.25119,1.647,1.640,947.3,35.61332,6.93102
1789867303.297,909,5.19070,0.70808,3.67543,1.647,1.639,947.3,35.65005,6.93810
1789867303.307,910,5.19070,0.62635,3.25119,1.646,1.639,947.3,35.68254,6.94436
1789867303.317,911,5.17555,0.70683,3.65823,1.647,1.639,947.3,35.71910,6.95142
1789867303.327,912,5.19070,0.62660,3.25249,1.647,1.640,947.3,35.75175,6.95771
1789867303.337,913,5.17805,0.83439,4.32051,1.647,1.640,947.3,35.79511,6.96608
1789867303.347,914,5.19070,0.63009,3.27061,1.647,1.640,947.3,35.82794,6.97241
1789867303.357,915,5.16556,0.69213,3.57524,1.646,1.639,947.3,35.86382,6.97936
1789867303.367,916,5.19078,0.62760,3.25773,1.645,1.639,947.3,35.89641,6.98563
1789867303.377,917,5.19078,0.63134,3.27715,1.645,1.639,947.3,35.92919,6.99195
1789867303.387,918,5.19078,0.62810,3.26033,1.646,1.639,947.3,35.96180,6.99823
1789867303.397,919,5.19078,0.70160,3.64185,1.646,1.639,947.3,35.99822,7.00525
1789867303.407,920,5.19078,0.63009,3.27066,1.646,1.639,947.3,36.03088,7.01154
1789867303.417,921,5.19078,0.62237,3.23059,1.647,1.639,947.3,36.06314,7.01775
1789867303.427,922,5.19078,0.62685,3.25384,1.647,1.639,947.3,36.09564,7.02401
1789867303.437,923,5.19078,0.64155,3.33014,1.647,1.640,947.3,36.12889,7.03042
1789867303.447,924,5.19078,0.62660,3.25254,1.647,1.640,947.3,36.16155,7.03671
1789867303.457,925,5.19078,0.63408,3.29137,1.647,1.640,947.3,36.19459,7.04308
1789867303.467,926,5.19078,0.66348,3.44398,1.647,1.640,947.3,36.22917,7.04974
1789867303.478,927,5.19078,0.62486,3.24351,1.648,1.640,947.3,36.26173,7.05601
1789867303.487,928,5.19078,0.65302,3.38968,1.648,1.641,947.3,36.29554,7.06253
1789867303.497,929,5.19078,0.62785,3.25903,1.647,1.640,947.3,36.32805,7.06879
1789867303.507,930,5.19078,0.67045,3.48016,1.647,1.639,947.3,36.36276,7.07547
1789867303.517,931,5.19078,0.62885,3.26422,1.647,1.639,947.3,36.39531,7.08175
1789867303.528,932,5.19078,0.67992,3.52932,1.646,1.639,947.3,36.43142,7.08870
1789867303.538,933,5.19078,0.65302,3.38968,1.646,1.639,947.3,36.46610,7.09538
1789867303.548,934,5.19078,0.65302,3.38968,1.646,1.639,947.3,36.50078,7.10206
1789867303.558,935,5.19078,0.63408,3.29137,1.646,1.639,947.3,36.53445,7.10855
1789867303.568,936,5.19089,0.67170,3.48672,1.646,1.639,947.3,36.56856,7.11512
1789867303.578,937,5.19089,0.62337,3.23585,1.647,1.639,947.3,36.60021,7.12122
1789867303.588,938,5.19089,0.65273,3.38825,1.647,1.640,947.3,36.63336,7.12761
1789867303.597,939,5.19089,0.62735,3.25650,1.647,1.640,947.3,36.66521,7.13374
1789867303.607,940,5.19089,0.67344,3.49575,1.647,1.640,947.3,36.70012,7.14047
1789867303.617,941,5.19089,0.63532,3.29788,1.647,1.640,947.3,36.73305,7.14681
1789867303.627,942,5.19089,0.68092,3.53458,1.647,1.640,947.3,36.76834,7.15361
1789867303.637,943,5.19089,0.62287,3.23325,1.647,1.640,947.3,36.80063,7.15983
1789867303.647,944,5.19089,0.67220,3.48932,1.647,1.641,947.3,36.83543,7.16653
1789867303.657,945,5.19089,0.63433,3.29274,1.647,1.641,947.3,36.86827,7.17286
1789867303.667,946,5.19081,0.67618,3.50992,1.647,1.640,947.3,36.90328,7.17961
1789867303.677,947,5.19081,0.63408,3.29139,1.647,1.641,947.3,36.93611,7.18593
1789867303.687,948,5.19081,0.67295,3.49316,1.647,1.641,947.3,36.97145,7.19274
1789867303.698,949,5.19081,0.62361,3.23704,1.647,1.640,947.3,37.00419,7.19905
1789867303.708,950,5.19081,0.67045,3.48018,1.646,1.639,947.3,37.03940,7.20583
1789867303.718,951,5.19081,0.62461,3.24223,1.646,1.639,947.3,37.07220,7.21215
1789867303.728,952,5.19081,0.66796,3.46725,1.645,1.639,947.3,37.10643,7.21874
1789867303.738,953,5.19081,0.63333,3.28750,1.645,1.639,947.3,37.13889,7.22499
1789867303.747,954,5.19081,0.67942,3.52674,1.643,1.636,947.3,37.17371,7.23170
1789867303.757,955,5.19081,0.63383,3.29009,1.639,1.632,947.3,37.20620,7.23796
1789867303.767,956,5.19078,0.69313,3.59789,1.634,1.628,947.3,37.24216,7.24489
1789867303.777,957,5.19078,0.62436,3.24092,1.627,1.622,947.3,37.27455,7.25113
1789867303.787,958,5.19078,0.67070,3.48146,1.624,1.618,947.3,37.30935,7.25783
1789867303.797,959,5.19078,0.62835,3.26163,1.621,1.616,947.3,37.34195,7.26411
1789867303.807,960,5.19078,0.74694,3.87720,1.622,1.616,947.3,37.38075,7.27159
1789867303.817,961,5.19078,0.62959,3.26806,1.627,1.620,947.3,37.41345,7.27789
1789867303.827,962,5.19078,0.66672,3.46080,1.632,1.625,947.3,37.44808,7.28456
1789867303.837,963,5.19078,0.62785,3.25903,1.638,1.631,947.3,37.48069,7.29084
1789867303.847,964,5.17805,0.86878,4.49859,1.643,1.635,947.3,37.52569,7.29953
1789867303.857,965,5.19078,0.63109,3.27585,1.645,1.638,947.3,37.55846,7.30585
1789867303.867,966,5.19081,0.69836,3.62505,1.647,1.639,947.3,37.59473,7.31283
1789867303.877,967,5.19081,0.63184,3.27976,1.647,1.639,947.3,37.62754,7.31915
1789867303.887,968,5.16306,0.64056,3.30725,1.647,1.640,947.3,37.66064,7.32556
1789867303.897,969,5.19081,0.63009,3.27068,1.647,1.641,947.3,37.69336,7.33187
1789867303.907,970,5.19081,0.76887,3.99106,1.648,1.642,947.3,37.73330,7.33956
1789867303.917,971,5.19081,0.62735,3.25645,1.648,1.642,947.3,37.76589,7.34584
1789867303.927,972,5.16806,0.63258,3.26921,1.649,1.643,921.7,37.79854,7.35216
1789867303.937,973,5.19081,0.62436,3.24093,1.649,1.643,921.7,37.83091,7.35840
1789867303.947,974,5.17056,0.71306,3.68692,1.649,1.643,947.3,37.86774,7.36552
1789867303.957,975,5.19081,0.63059,3.27327,1.650,1.643,947.3,37.90044,7.37182
1789867303.967,976,5.19097,0.65264,3.38783,1.649,1.642,947.3,37.93430,7.37834
1789867303.977,977,5.19097,0.63981,3.32123,1.648,1.642,947.3,37.96750,7.38474
1789867303.987,978,5.16056,0.63508,3.27737,1.648,1.642,947.3,38.00026,7.39108
1789867303.997,979,5.19097,0.62461,3.24233,1.649,1.641,947.3,38.03267,7.39733
1789867304.007,980,5.19097,0.62835,3.26175,1.648,1.641,947.3,38.06529,7.40361
1789867304.017,981,5.19097,0.62361,3.23714,1.647,1.640,947.3,38.09765,7.40985
1789867304.027,982,5.19097,0.63856,3.31475,1.648,1.641,947.3,38.13080,7.41623
1789867304.037,983,5.19097,0.63358,3.28889,1.648,1.641,947.3,38.16368,7.42257
1789867304.047,984,5.19097,0.63159,3.27856,1.647,1.641,947.3,38.19653,7.42889
1789867304.057,985,5.19097,0.63109,3.27597,1.648,1.642,921.7,38.22935,7.43522
1789867304.067,986,5.19101,0.63931,3.31866,1.648,1.641,921.7,38.26260,7.44162
1789867304.077,987,5.19101,0.62735,3.25658,1.648,1.641,921.7,38.29522,7.44791
1789867304.087,988,5.19101,0.63408,3.29152,1.648,1.642,921.7,38.32810,7.45424
1789867304.097,989,5.19101,0.62934,3.26691,1.647,1.641,921.7,38.36074,7.46053
1789867304.107,990,5.20179,0.63134,3.28410,1.647,1.640,921.7,38.39354,7.46683
1789867304.117,991,5.19101,0.62810,3.26047,1.647,1.639,921.7,38.42611,7.47311
1789867304.127,992,5.19101,0.63732,3.30833,1.645,1.638,947.3,38.45928,7.47950
1789867304.137,993,5.19101,0.62237,3.23073,1.644,1.637,947.3,38.49167,7.48574
1789867304.147,994,5.19101,0.63159,3.27859,1.643,1.636,947.3,38.52455,7.49207
1789867304.157,995,5.19101,0.65300,3.38973,1.643,1.635,947.3,38.55853,7.49862
1789867304.167,996,5.19105,0.63358,3.28895,1.642,1.635,947.3,38.59140,7.50495
1789867304.177,997,5.19105,0.67793,3.51917,1.641,1.635,947.3,38.62658,7.51173
1789867304.187,998,5.19105,0.63383,3.29024,1.642,1.635,947.3,38.65946,7.51806
1789867304.197,999,5.19105,0.67220,3.48942,1.643,1.636,947.3,38.69433,7.52478
1789867304.207,1000,5.19105,0.63233,3.28246,1.644,1.636,947.3,38.72709,7.53109
1789867304.217,1001,5.19105,0.67145,3.48553,1.645,1.638,947.3,38.76187,7.53779
1789867304.227,1002,5.19105,0.62337,3.23594,1.646,1.639,947.3,38.79416,7.54401
1789867304.237,1003,5.19105,0.66946,3.47520,1.647,1.640,947.3,38.82883,7.55069
1789867304.247,1004,5.19105,0.62810,3.26050,1.647,1.640,947.3,38.86152,7.55698
1789867304.257,1005,5.19105,0.67369,3.49716,1.647,1.640,947.3,38.89658,7.56374
1789867304.267,1006,5.19109,0.64105,3.32775,1.647,1.641,947.3,38.92994,7.57016
1789867304.277,1007,5.19109,0.67394,3.49848,1.647,1.641,947.3,38.96501,7.57692
1789867304.287,1008,5.19109,0.63782,3.31098,1.647,1.641,947.3,38.99805,7.58329
1789867304.297,1009,5.19109,0.67245,3.49075,1.647,1.641,947.3,39.03289,7.59000
1789867304.307,1010,5.19109,0.62461,3.24241,1.647,1.641,947.3,39.06525,7.59623
1789867304.317,1011,5.19109,0.67195,3.48815,1.647,1.641,947.3,39.10006,7.60294
1789867304.327,1012,5.19109,0.63981,3.32131,1.647,1.640,947.3,39.13337,7.60935
1789867304.337,1013,5.19109,0.67145,3.48556,1.647,1.639,947.3,39.16832,7.61609
1789867304.347,1014,5.19109,0.63109,3.27604,1.646,1.639,947.3,39.20117,7.62241
1789867304.357,1015,5.19109,0.80624,4.18526,1.647,1.639,947.3,39.24313,7.63050
1789867304.367,1016,5.19105,0.62885,3.26439,1.647,1.639,947.3,39.27577,7.63679
1789867304.377,1017,5.19105,0.66821,3.46871,1.647,1.639,947.3,39.31045,7.64347
1789867304.387,1018,5.19105,0.64006,3.32258,1.646,1.639,947.3,39.34367,7.64986
1789867304.397,1019,5.18055,0.71231,3.69016,1.647,1.639,947.3,39.38056,7.65699
1789867304.407,1020,5.19105,0.62561,3.24757,1.647,1.639,947.3,39.41305,7.66324
1789867304.417,1021,5.19105,0.71032,3.68731,1.646,1.639,947.3,39.44994,7.67035
1789867304.427,1022,5.19105,0.65305,3.39002,1.647,1.640,947.3,39.48385,7.67688
1789867304.437,1023,5.16306,0.65305,3.37174,1.647,1.640,947.3,39.51758,7.68342
1789867304.447,1024,5.19105,0.63009,3.27083,1.647,1.641,947.3,39.55032,7.68972
1789867304.457,1025,5.19105,0.76438,3.96793,1.647,1.641,921.7,39.59004,7.69737
1789867304.467,1026,5.19101,0.62735,3.25658,1.647,1.640,947.3,39.62263,7.70365
1789867304.477,1027,5.17306,0.63657,3.29301,1.647,1.640,947.3,39.65559,7.71003
1789867304.487,1028,5.19101,0.63657,3.30444,1.647,1.641,947.3,39.68865,7.71639
1789867304.497,1029,5.17181,0.72128,3.73032,1.647,1.640,947.3,39.72596,7.72361
1789867304.507,1030,5.20179,0.63707,3.31390,1.647,1.641,947.3,39.75912,7.72998
1789867304.517,1031,5.19101,0.63084,3.27470,1.647,1.641,921.7,39.79187,7.73629
1789867304.527,1032,5.19101,0.61963,3.21651,1.647,1.640,947.3,39.82384,7.74245
1789867304.537,1033,5.16681,0.63034,3.25685,1.647,1.639,947.3,39.85621,7.74872
1789867304.547,1034,5.19101,0.62835,3.26177,1.645,1.639,947.3,39.88863,7.75496
1789867304.557,1035,5.19101,0.62386,3.23846,1.645,1.638,947.3,39.92082,7.76116
1789867304.567,1036,5.19093,0.63931,3.31861,1.644,1.637,947.3,39.95409,7.76757
1789867304.577,1037,5.16431,0.66348,3.42642,1.643,1.635,947.3,39.98844,7.77422
1789867304.587,1038,5.19093,0.63184,3.27984,1.643,1.636,947.3,40.02132,7.78056
1789867304.597,1039,5.19093,0.63084,3.27465,1.644,1.638,947.3,40.05415,7.78688
1789867304.607,1040,5.19093,0.62337,3.23587,1.646,1.638,947.3,40.08652,7.79312
1789867304.617,1041,5.19093,0.62187,3.22808,1.647,1.639,947.3,40.11880,7.79934
1789867304.627,1042,5.19093,0.62785,3.25913,1.647,1.640,947.3,40.15140,7.80562
1789867304.637,1043,5.19093,0.62635,3.25134,1.649,1.641,947.3,40.18391,7.81188
1789867304.647,1044,5.19093,0.62910,3.26561,1.648,1.641,947.3,40.21657,7.81817
1789867304.657,1045,5.20179,0.63084,3.28150,1.648,1.641,947.3,40.24938,7.82448
1789867304.667,1046,5.17306,0.75242,3.89231,1.648,1.641,947.3,40.28831,7.83200
1789867304.677,1047,5.19097,0.63632,3.30312,1.649,1.641,947.3,40.32134,7.83837
1789867304.687,1048,5.18055,0.62810,3.25390,1.648,1.641,947.3,40.35394,7.84466
1789867304.697,1049,5.19097,0.62361,3.23714,1.649,1.641,947.3,40.38637,7.85091
1789867304.707,1050,5.19097,0.63881,3.31604,1.648,1.641,947.3,40.41959,7.85731
1789867304.717,1051,5.20179,0.62685,3.26074,1.648,1.641,947.3,40.45226,7.86359
1789867304.727,1052,5.19097,0.67344,3.49581,1.648,1.641,947.3,40.48727,7.87033
1789867304.737,1053,5.19097,0.63134,3.27727,1.648,1.641,947.3,40.52010,7.87665
1789867304.747,1054,5.19097,0.67618,3.51003,1.648,1.641,947.3,40.55525,7.88343
1789867304.757,1055,5.19097,0.62287,3.23330,1.647,1.640,947.3,40.58763,7.88967
1789867304.767,1056,5.14931,0.68540,3.52934,1.647,1.640,947.3,40.62278,7.89649
1789867304.777,1057,5.19089,0.63582,3.30047,1.647,1.639,947.3,40.65564,7.90282
1789867304.787,1058,5.19089,0.67494,3.50354,1.647,1.639,947.3,40.69053,7.90954
1789867304.797,1059,5.19089,0.63258,3.28365,1.647,1.639,947.3,40.72323,7.91584
1789867304.807,1060,5.19089,0.65276,3.38841,1.647,1.640,947.3,40.75711,7.92237
1789867304.817,1061,5.19089,0.62910,3.26559,1.647,1.639,947.3,40.78976,7.92866
1789867304.827,1062,5.19089,0.66572,3.45568,1.648,1.640,947.3,40.82431,7.93531
1789867304.837,1063,5.19089,0.62835,3.26170,1.649,1.641,947.3,40.85692,7.94160
1789867304.847,1064,5.19089,0.65276,3.38841,1.648,1.640,921.7,40.89081,7.94812
1789867304.857,1065,5.19089,0.62312,3.23455,1.648,1.641,921.7,40.92315,7.95436
1789867304.867,1066,5.19093,0.68789,3.57079,1.648,1.640,921.7,40.95887,7.96124
1789867304.877,1067,5.19093,0.63159,3.27854,1.649,1.641,921.7,40.99165,7.96755
1789867304.887,1068,5.19093,0.67469,3.50227,1.649,1.641,947.3,41.02669,7.97430
1789867304.897,1069,5.19093,0.63881,3.31602,1.648,1.640,947.3,41.05985,7.98069
1789867304.907,1070,5.17430,0.70932,3.67023,1.648,1.640,947.3,41.09657,7.98779
1789867304.917,1071,5.19093,0.66298,3.44148,1.647,1.640,947.3,41.13099,7.99442
1789867304.927,1072,5.17306,0.71979,3.72352,1.646,1.639,947.3,41.16823,8.00162
1789867304.937,1073,5.19093,0.66497,3.45181,1.645,1.638,947.3,41.20276,8.00827
1789867304.947,1074,5.17056,0.70907,3.66629,1.641,1.634,947.3,41.23942,8.01536
1789867304.957,1075,5.19093,0.67444,3.50097,1.637,1.631,947.3,41.27444,8.02210
1789867304.967,1076,5.17555,0.71231,3.68660,1.632,1.626,947.3,41.31129,8.02922
1789867304.977,1077,5.14557,0.82268,4.23316,1.626,1.620,947.3,41.35360,8.03745
1789867304.987,1078,5.19038,0.67668,3.51223,1.624,1.618,947.3,41.38871,8.04421
1789867304.997,1079,5.19038,0.62760,3.25748,1.625,1.619,947.3,41.42127,8.05049
1789867305.007,1080,5.19038,0.66672,3.46053,1.628,1.623,947.3,41.45587,8.05715
1789867305.017,1081,5.19038,0.63009,3.27041,1.634,1.627,947.3,41.48856,8.06345
1789867305.027,1082,5.17555,0.70259,3.63629,1.638,1.631,947.3,41.52491,8.07047
1789867305.037,1083,5.19038,0.62785,3.25878,1.645,1.637,947.3,41.55749,8.07675
1789867305.047,1084,5.17805,0.67394,3.48970,1.648,1.641,947.3,41.59239,8.08349
1789867305.057,1085,5.19038,0.62660,3.25229,1.648,1.641,947.3,41.62492,8.08976
1789867305.067,1086,5.19019,0.75267,3.90650,1.648,1.641,947.3,41.66399,8.09729
1789867305.077,1087,5.19019,0.63084,3.27418,1.648,1.641,947.3,41.69674,8.10360
1789867305.087,1088,5.15931,0.67021,3.45782,1.648,1.641,947.3,41.73128,8.11029
1789867305.097,1089,5.19019,0.62934,3.26639,1.647,1.641,947.3,41.76391,8.11658
1789867305.107,1090,5.19019,0.70110,3.63884,1.647,1.641,947.3,41.80025,8.12358
1789867305.117,1091,5.19019,0.62934,3.26639,1.648,1.642,947.3,41.83288,8.12986
1789867305.127,1092,5.17930,0.71605,3.70864,1.648,1.642,947.3,41.87003,8.13704
1789867305.137,1093,5.19019,0.62910,3.26515,1.648,1.642,947.3,41.90274,8.14334
1789867305.147,1094,5.19019,0.62611,3.24963,1.649,1.642,947.3,41.93530,8.14961
1789867305.157,1095,5.19019,0.62536,3.24574,1.649,1.642,947.3,41.96781,8.15588
1789867305.167,1096,5.19007,0.74644,3.87408,1.648,1.642,947.3,42.00654,8.16334
1789867305.177,1097,5.19007,0.65635,3.40650,1.647,1.641,947.3,42.04059,8.16990
1789867305.187,1098,5.19007,0.63981,3.32066,1.647,1.642,947.3,42.07379,8.17630
1789867305.197,1099,5.19007,0.63632,3.30255,1.647,1.640,947.3,42.10680,8.18266
1789867305.207,1100,5.19007,0.68391,3.54954,1.647,1.641,947.3,42.14293,8.18962
1789867305.218,1101,5.19007,0.62660,3.25210,1.647,1.640,947.3,42.17603,8.19600
1789867305.228,1102,5.19007,0.62735,3.25599,1.647,1.640,947.3,42.20917,8.20238
1789867305.238,1103,5.19007,0.61988,3.21722,1.647,1.641,921.7,42.24192,8.20869
1789867305.248,1104,5.19007,0.62635,3.25080,1.647,1.641,921.7,42.27380,8.21483
1789867305.258,1105,5.19007,0.64056,3.32455,1.647,1.641,921.7,42.30641,8.22112
1789867305.267,1106,5.18999,0.62885,3.26373,1.647,1.641,921.7,42.33841,8.22728
1789867305.277,1107,5.18999,0.69462,3.60507,1.647,1.641,921.7,42.37377,8.23410
1789867305.287,1108,5.18999,0.63607,3.30120,1.647,1.642,921.7,42.40676,8.24045
1789867305.297,1109,5.18999,0.65582,3.40370,1.647,1.640,947.3,42.44077,8.24700
1789867305.307,1110,5.18999,0.63532,3.29730,1.648,1.641,947.3,42.47372,8.25335
1789867305.317,1111,5.18999,0.68316,3.54559,1.647,1.641,947.3,42.50915,8.26018
1789867305.327,1112,5.18999,0.62112,3.22361,1.647,1.639,947.3,42.54144,8.26640
1789867305.337,1113,5.18999,0.67045,3.47963,1.647,1.639,947.3,42.57629,8.27312
1789867305.347,1114,5.18999,0.63557,3.29860,1.646,1.639,947.3,42.60933,8.27948
1789867305.357,1115,5.18999,0.65582,3.40370,1.645,1.638,947.3,42.64342,8.28605
1789867305.367,1116,5.19023,0.63931,3.31817,1.643,1.636,947.3,42.67656,8.29244
1789867305.377,1117,5.19023,0.67643,3.51083,1.641,1.635,947.3,42.71163,8.29919
1789867305.387,1118,5.19023,0.62586,3.24836,1.640,1.633,947.3,42.74407,8.30544
1789867305.397,1119,5.19023,0.65586,3.40406,1.639,1.632,947.3,42.77807,8.31199
1789867305.407,1120,5.19023,0.63283,3.28453,1.639,1.633,947.3,42.81127,8.31839
1789867305.417,1121,5.19023,0.67120,3.48368,1.640,1.634,947.3,42.84648,8.32518
1789867305.428,1122,5.19023,0.64554,3.35050,1.642,1.635,947.3,42.88035,8.33170
1789867305.438,1123,5.19023,0.68042,3.53154,1.644,1.638,947.3,42.91605,8.33858
1789867305.448,1124,5.19023,0.63134,3.27680,1.646,1.639,947.3,42.94847,8.34483
1789867305.457,1125,5.19023,0.66996,3.47725,1.647,1.640,947.3,42.98287,8.35145
1789867305.467,1126,5.19019,0.62910,3.26515,1.647,1.640,947.3,43.01518,8.35768
1789867305.477,1127,5.19019,0.66622,3.45781,1.647,1.640,947.3,43.04939,8.36427
1789867305.487,1128,5.15806,0.78506,4.04939,1.647,1.640,947.3,43.08984,8.37211
1789867305.497,1129,5.19019,0.67743,3.51599,1.647,1.640,947.3,43.12495,8.37888
1789867305.507,1130,5.19019,0.63209,3.28067,1.647,1.641,947.3,43.15772,8.38519
1789867305.517,1131,5.19019,0.66746,3.46424,1.647,1.641,947.3,43.19232,8.39186
1789867305.527,1132,5.19019,0.62436,3.24055,1.647,1.641,947.3,43.22479,8.39811
1789867305.537,1133,5.16556,0.65619,3.38959,1.647,1.641,947.3,43.25876,8.40469
1789867305.547,1134,5.19019,0.62760,3.25736,1.647,1.640,947.3,43.29140,8.41098
1789867305.557,1135,5.19019,0.67120,3.48366,1.647,1.640,947.3,43.32631,8.41770
1789867305.567,1136,5.18988,0.62561,3.24684,1.647,1.640,947.3,43.35878,8.42396
1789867305.577,1137,5.17805,0.70284,3.63934,1.647,1.639,947.3,43.39517,8.43099
1789867305.587,1138,5.18988,0.63707,3.30632,1.647,1.640,947.3,43.42824,8.43736
1789867305.597,1139,5.18988,0.67394,3.49767,1.647,1.639,947.3,43.46321,8.44410
1789867305.607,1140,5.18988,0.63283,3.28431,1.647,1.639,947.3,43.49603,8.45042
1789867305.617,1141,5.18988,0.75467,3.91665,1.646,1.639,947.3,43.53517,8.45796
1789867305.627,1142,5.18988,0.61838,3.20932,1.646,1.639,947.3,43.56724,8.46414
1789867305.637,1143,5.16556,0.65685,3.39300,1.646,1.639,947.3,43.60115,8.47071
1789867305.647,1144,5.20054,0.62685,3.25996,1.646,1.639,947.3,43.63379,8.47698
1789867305.657,1145,5.20054,0.69836,3.63185,1.646,1.640,947.3,43.67016,8.48398
1789867305.667,1146,5.18988,0.64105,3.32697,1.647,1.640,921.7,43.70348,8.49040
1789867305.677,1147,5.17680,0.72377,3.74681,1.645,1.639,921.7,43.74100,8.49764
1789867305.687,1148,5.18988,0.64155,3.32957,1.645,1.639,921.7,43.77434,8.50407
1789867305.697,1149,5.17430,0.81471,4.21555,1.638,1.632,947.3,43.81655,8.51223
1789867305.707,1150,5.18988,0.63233,3.28172,1.635,1.630,947.3,43.84941,8.51856
1789867305.717,1151,5.18988,0.76364,3.96320,1.631,1.626,947.3,43.88909,8.52620
1789867305.727,1152,5.18988,0.63333,3.28691,1.626,1.621,947.3,43.92190,8.53253
1789867305.737,1153,5.20179,0.63433,3.29965,1.624,1.618,947.3,43.95485,8.53886
1789867305.747,1154,5.18988,0.62337,3.23522,1.618,1.613,947.3,43.98714,8.54508
1789867305.757,1155,5.18988,0.68366,3.54811,1.622,1.616,947.3,44.02256,8.55191
1789867305.767,1156,5.18964,0.62660,3.25183,1.617,1.612,947.3,44.05510,8.55818
1789867305.777,1157,5.18964,0.62461,3.24150,1.614,1.609,947.3,44.08753,8.56443
1789867305.787,1158,5.18964,0.62760,3.25702,1.612,1.608,947.3,44.12012,8.57071
1789867305.797,1159,5.20304,0.65869,3.42719,1.607,1.603,947.3,44.15441,8.57730
1789867305.807,1160,5.18964,0.63956,3.31909,1.611,1.607,947.3,44.18759,8.58369
1789867305.817,1161,5.18964,0.62835,3.26091,1.612,1.607,947.3,44.22019,8.58997
1789867305.827,1162,5.18964,0.65869,3.41836,1.614,1.610,947.3,44.25436,8.59656
1789867305.837,1163,5.18964,0.62536,3.24539,1.620,1.615,947.3,44.28681,8.60281
1789867305.847,1164,5.18964,0.65869,3.41836,1.619,1.614,947.3,44.32097,8.60939
1789867305.857,1165,5.20054,0.63034,3.27811,1.625,1.620,947.3,44.35373,8.61569
1789867305.867,1166,5.18949,0.67893,3.52330,1.623,1.618,921.7,44.38894,8.62247
1789867305.877,1167,5.20054,0.62337,3.24186,1.622,1.617,921.7,44.42133,8.62870
1789867305.887,1168,5.18949,0.67743,3.51552,1.625,1.620,921.7,44.45649,8.63548
1789867305.897,1169,5.15681,0.78456,4.04583,1.621,1.616,921.7,44.49695,8.64332
1789867305.907,1170,5.18949,0.65892,3.41946,1.627,1.622,921.7,44.53114,8.64991
1789867305.917,1171,5.18949,0.62984,3.26855,1.627,1.622,921.7,44.56383,8.65621
1789867305.927,1172,5.18949,0.67942,3.52584,1.628,1.623,947.3,44.59908,8.66300
1789867305.937,1173,5.18949,0.62860,3.26211,1.631,1.626,947.3,44.63169,8.66929
1789867305.947,1174,5.18949,0.65892,3.41946,1.627,1.622,947.3,44.66587,8.67588
1789867305.957,1175,5.18949,0.62561,3.24660,1.630,1.625,947.3,44.69833,8.68213
1789867305.967,1176,5.18968,0.67818,3.51954,1.628,1.623,947.3,44.73359,8.68892
1789867305.977,1177,5.18968,0.62536,3.24542,1.625,1.620,947.3,44.76611,8.69519
1789867305.987,1178,5.18968,0.67095,3.48202,1.626,1.622,947.3,44.80100,8.70191
1789867305.997,1179,5.17555,0.63757,3.29978,1.622,1.617,947.3,44.83406,8.70830
1789867306.007,1180,5.18968,0.67793,3.51824,1.626,1.620,947.3,44.86918,8.71507
1789867306.017,1181,5.18968,0.63483,3.29456,1.623,1.618,947.3,44.90207,8.72141
1789867306.027,1182,5.18968,0.68441,3.55187,1.623,1.618,947.3,44.93753,8.72824
1789867306.037,1183,5.18968,0.63258,3.28289,1.626,1.620,947.3,44.97030,8.73455
1789867306.047,1184,5.18968,0.67394,3.49753,1.623,1.618,947.3,45.00529,8.74130
1789867306.057,1185,5.20054,0.62212,3.23536,1.628,1.623,947.3,45.03766,8.74752
1789867306.067,1186,5.19023,0.67419,3.49920,1.626,1.621,947.3,45.07266,8.75426
1789867306.077,1187,5.19023,0.62586,3.24836,1.627,1.622,947.3,45.10516,8.76053
1789867306.087,1188,5.19023,0.67295,3.49277,1.630,1.625,921.7,45.14008,8.76725
1789867306.097,1189,5.19023,0.63782,3.31043,1.626,1.620,947.3,45.17318,8.77363
1789867306.107,1190,5.15556,0.83240,4.29149,1.627,1.623,947.3,45.21608,8.78195
1789867306.117,1191,5.19023,0.63059,3.27291,1.626,1.620,947.3,45.24880,8.78826
1789867306.127,1192,5.19023,0.69911,3.62854,1.625,1.620,921.7,45.28507,8.79524
1789867306.137,1193,5.19023,0.62337,3.23543,1.627,1.621,947.3,45.31742,8.80148
1789867306.147,1194,5.19023,0.65554,3.40240,1.623,1.618,947.3,45.35143,8.80803
1789867306.157,1195,5.19023,0.63184,3.27939,1.627,1.621,947.3,45.38421,8.81434
1789867306.167,1196,5.18999,0.74296,3.85595,1.622,1.616,947.3,45.42270,8.82176
1789867306.177,1197,5.18999,0.62586,3.24821,1.618,1.612,947.3,45.45512,8.82801
1789867306.187,1198,5.18999,0.67942,3.52618,1.616,1.611,947.3,45.49032,8.83479
1789867306.197,1199,5.18999,0.62910,3.26502,1.614,1.609,947.3,45.52292,8.84107
1789867306.207,1200,5.18999,0.63757,3.30898,1.617,1.612,947.3,45.55610,8.84746
1789867306.217,1201,5.18999,0.63308,3.28568,1.616,1.611,947.3,45.58904,8.85381
1789867306.227,1202,5.18999,0.71281,3.69948,1.620,1.614,921.7,45.62613,8.86096
1789867306.237,1203,5.18999,0.61963,3.21587,1.627,1.621,921.7,45.65838,8.86717
1789867306.247,1204,5.16306,0.63732,3.29052,1.627,1.622,921.7,45.69142,8.87357
1789867306.257,1205,5.18999,0.63009,3.27016,1.630,1.625,921.7,45.72426,8.87990
1789867306.267,1206,5.18988,0.76040,3.94638,1.628,1.623,921.7,45.76389,8.88753
1789867306.277,1207,5.18988,0.62959,3.26750,1.628,1.623,921.7,45.79670,8.89386
1789867306.287,1208,5.18988,0.63009,3.27009,1.631,1.626,921.7,45.82925,8.90013
1789867306.297,1209,5.18988,0.62511,3.24425,1.625,1.621,947.3,45.86155,8.90635
1789867306.307,1210,5.15806,0.87824,4.53001,1.627,1.623,947.3,45.90664,8.91509
1789867306.317,1211,5.16181,0.78008,4.02662,1.625,1.620,947.3,45.94672,8.92286
1789867306.327,1212,5.18988,0.63383,3.28950,1.624,1.619,947.3,45.97956,8.92919
1789867306.337,1213,5.20054,0.62635,3.25736,1.627,1.622,947.3,46.01208,8.93544
1789867306.347,1214,5.18988,0.63856,3.31405,1.623,1.618,947.3,46.04516,8.94181
1789867306.357,1215,5.18988,0.63184,3.27917,1.627,1.622,947.3,46.07790,8.94812
1789867306.367,1216,5.18945,0.62959,3.26723,1.627,1.622,947.3,46.11074,8.95445
1789867306.377,1217,5.18945,0.65837,3.41658,1.625,1.620,947.3,46.14508,8.96107
1789867306.387,1218,5.18945,0.63258,3.28274,1.623,1.618,947.3,46.17808,8.96743
1789867306.397,1219,5.18945,0.65837,3.41658,1.618,1.612,947.3,46.21242,8.97404
1789867306.407,1220,5.17306,0.74620,3.86014,1.617,1.611,947.3,46.25080,8.98146
1789867306.417,1221,5.18945,0.69761,3.62021,1.610,1.606,947.3,46.28680,8.98840
1789867306.427,1222,5.18945,0.63931,3.31767,1.606,1.602,947.3,46.31980,8.99476
1789867306.437,1223,5.18945,0.67643,3.51030,1.606,1.602,947.3,46.35470,9.00148
1789867306.447,1224,5.18945,0.62735,3.25560,1.602,1.598,947.3,46.38732,9.00777
1789867306.457,1225,5.18945,0.63806,3.31118,1.606,1.602,947.3,46.42050,9.01416
1789867306.467,1226,5.18953,0.62835,3.26084,1.604,1.601,947.3,46.45318,9.02046
1789867306.477,1227,5.18953,0.67643,3.51035,1.605,1.601,947.3,46.48835,9.02724
1789867306.487,1228,5.18953,0.65867,3.41819,1.606,1.602,947.3,46.52247,9.03381
1789867306.497,1229,5.18953,0.65867,3.41819,1.603,1.599,947.3,46.55660,9.04039
1789867306.507,1230,5.18953,0.72103,3.74181,1.608,1.603,947.3,46.59395,9.04759
1789867306.517,1231,5.18953,0.67444,3.50003,1.604,1.600,947.3,46.62889,9.05432
1789867306.527,1232,5.18953,0.62984,3.26857,1.606,1.601,947.3,46.66165,9.06063
1789867306.537,1233,5.18953,0.67768,3.51684,1.606,1.602,947.3,46.69690,9.06742
1789867306.547,1234,5.20054,0.63408,3.29756,1.601,1.596,947.3,46.72995,9.07378
1789867306.557,1235,5.18953,0.65867,3.41819,1.602,1.598,947.3,46.76420,9.08038
1789867306.567,1236,5.18999,0.63034,3.27146,1.598,1.593,947.3,46.79685,9.08667
1789867306.577,1237,5.18999,0.67494,3.50293,1.598,1.593,947.3,46.83181,9.09341
1789867306.587,1238,5.18999,0.62611,3.24950,1.595,1.591,947.3,46.86423,9.09965
1789867306.597,1239,5.18999,0.67893,3.52364,1.591,1.588,947.3,46.89939,9.10643
1789867306.607,1240,5.18999,0.64081,3.32580,1.593,1.589,947.3,46.93273,9.11285
1789867306.617,1241,5.18999,0.65790,3.41449,1.589,1.585,947.3,46.96695,9.11944
1789867306.627,1242,5.18999,0.63358,3.28827,1.588,1.585,947.3,46.99990,9.12579
1789867306.637,1243,5.18999,0.68067,3.53267,1.587,1.584,947.3,47.03531,9.13262
1789867306.647,1244,5.18999,0.63109,3.27535,1.586,1.582,947.3,47.06799,9.13891
1789867306.657,1245,5.18999,0.66821,3.46800,1.585,1.582,947.3,47.10258,9.14558
1789867306.667,1246,5.19007,0.62685,3.25340,1.581,1.578,947.3,47.13504,9.15183
1789867306.677,1247,5.19007,0.67718,3.51461,1.577,1.574,947.3,47.17011,9.15859
1789867306.687,1248,5.19007,0.62361,3.23658,1.572,1.570,947.3,47.20246,9.16482
1789867306.697,1249,5.19007,0.67344,3.49520,1.566,1.564,947.3,47.23740,9.17155
1789867306.707,1250,5.19007,0.63258,3.28313,1.561,1.560,947.3,47.27022,9.17788
1789867306.717,1251,5.15431,0.63931,3.29520,1.556,1.555,947.3,47.30316,9.18427
1789867306.727,1252,5.19007,0.63258,3.28313,1.556,1.554,947.3,47.33604,9.19060
1789867306.737,1253,5.19007,0.65757,3.41283,1.556,1.554,947.3,47.37022,9.19719
1789867306.747,1254,5.19007,0.62112,3.22366,1.554,1.552,947.3,47.40250,9.20341
1789867306.757,1255,5.19007,0.71530,3.71246,1.554,1.552,947.3,47.43968,9.21057
1789867306.767,1256,5.19019,0.62984,3.26899,1.554,1.552,947.3,47.47233,9.21686
1789867306.777,1257,5.19019,0.70708,3.66988,1.554,1.552,947.3,47.50898,9.22393
1789867306.787,1258,5.19019,0.63233,3.28191,1.554,1.552,947.3,47.54175,9.23024
1789867306.797,1259,5.16306,0.64579,3.33425,1.553,1.552,947.3,47.57505,9.23669
1789867306.807,1260,5.19019,0.63084,3.27418,1.555,1.552,947.3,47.60785,9.24301
1789867306.817,1261,5.19019,0.76214,3.95565,1.556,1.554,947.3,47.64747,9.25064
1789867306.827,1262,5.19019,0.62934,3.26639,1.556,1.554,947.3,47.68019,9.25695
1789867306.837,1263,5.17930,0.63433,3.28539,1.556,1.555,947.3,47.71310,9.26330
1789867306.847,1264,5.19019,0.63059,3.27288,1.556,1.554,947.3,47.74584,9.26961
1789867306.857,1265,5.17306,0.71406,3.69388,1.556,1.554,947.3,47.78280,9.27675
1789867306.867,1266,5.19035,0.62810,3.26006,1.555,1.553,947.3,47.81541,9.28304
1789867306.877,1267,5.20054,0.63009,3.27681,1.554,1.552,947.3,47.84819,9.28934
1789867306.887,1268,5.19035,0.62038,3.21999,1.553,1.552,947.3,47.88039,9.29554
1789867306.897,1269,5.16056,0.62735,3.23748,1.553,1.551,947.3,47.91276,9.30182
1789867306.907,1270,5.19035,0.62486,3.24324,1.554,1.552,947.3,47.94519,9.30806
1789867306.917,1271,5.13557,0.77858,3.99845,1.554,1.552,947.3,47.98518,9.31585
1789867306.927,1272,5.19035,0.78780,4.08896,1.553,1.552,947.3,48.02618,9.32375
1789867306.937,1273,5.17805,0.63856,3.30650,1.554,1.552,947.3,48.05934,9.33015
1789867306.947,1274,5.19035,0.63308,3.28591,1.554,1.552,947.3,48.09229,9.33650
1789867306.957,1275,5.19035,0.62760,3.25746,1.554,1.552,947.3,48.12495,9.34280
1789867306.967,1276,5.18996,0.62860,3.26241,1.553,1.551,947.3,48.15763,9.34909
1789867306.977,1277,5.18996,0.61813,3.20807,1.553,1.551,947.3,48.18977,9.35528
1789867306.987,1278,5.18996,0.62511,3.24430,1.553,1.551,947.3,48.22227,9.36155
1789867306.997,1279,5.20054,0.63184,3.28591,1.552,1.550,947.3,48.25518,9.36787
1789867307.007,1280,5.18996,0.63732,3.30767,1.552,1.550,947.3,48.28817,9.37423
1789867307.017,1281,5.18996,0.64180,3.33092,1.552,1.550,947.3,48.32139,9.38063
1789867307.027,1282,5.18996,0.63557,3.29858,1.552,1.550,947.3,48.35428,9.38697
1789867307.037,1283,5.18996,0.62910,3.26500,1.552,1.550,947.3,48.38684,9.39324
1789867307.047,1284,5.17930,0.62187,3.22085,1.552,1.550,947.3,48.41906,9.39946
1789867307.057,1285,5.18996,0.62785,3.25852,1.552,1.550,947.3,48.45166,9.40574
1789867307.067,1286,5.20804,0.57478,2.99348,1.552,1.550,947.3,48.48160,9.41149
1789867307.077,1287,5.20429,0.56407,2.93558,1.552,1.549,947.3,48.51097,9.41714
1789867307.087,1288,5.21679,0.54115,2.82307,1.551,1.549,947.3,48.53914,9.42254
1789867307.097,1289,5.21054,0.56631,2.95078,1.551,1.548,947.3,48.56859,9.42819
1789867307.107,1290,5.20429,0.58151,3.02635,1.551,1.548,947.3,48.59879,9.43399
1789867307.117,1291,5.21554,0.54463,2.84054,1.551,1.548,947.3,48.62714,9.43943
1789867307.127,1292,5.20804,0.56332,2.93379,1.551,1.548,947.3,48.65650,9.44506
1789867307.137,1293,5.20179,0.58450,3.04045,1.551,1.549,947.3,48.68693,9.45091
1789867307.147,1294,5.21679,0.54887,2.86334,1.551,1.548,947.3,48.71558,9.45641
1789867307.157,1295,5.21054,0.55510,2.89237,1.552,1.549,947.3,48.74453,9.46196
1789867307.167,1296,5.19242,0.59397,3.08414,1.552,1.549,947.3,48.77533,9.46789
1789867307.177,1297,5.20554,0.58923,3.06726,1.551,1.549,947.3,48.80596,9.47378
1789867307.187,1298,5.19242,0.61116,3.17340,1.551,1.549,947.3,48.83765,9.47988
1789867307.197,1299,5.20679,0.58176,3.02910,1.552,1.549,947.3,48.86791,9.48569
1789867307.207,1300,5.19242,0.59720,3.10091,1.552,1.549,947.3,48.89888,9.49166
1789867307.217,1301,5.19242,0.58948,3.06083,1.552,1.550,947.3,48.92945,9.49755
1789867307.227,1302,5.20554,0.58898,3.06596,1.552,1.549,947.3,48.96007,9.50343
1789867307.237,1303,5.19242,0.61963,3.21738,1.552,1.550,947.3,48.99221,9.50962
1789867307.247,1304,5.21054,0.59720,3.11173,1.552,1.550,947.3,49.02337,9.51560
1789867307.257,1305,5.19242,0.61489,3.19277,1.552,1.549,947.3,49.05534,9.52175
1789867307.267,1306,5.20679,0.59720,3.10949,1.551,1.549,947.3,49.08647,9.52773
1789867307.277,1307,5.20804,0.57877,3.01426,1.552,1.549,947.3,49.11666,9.53353
1789867307.287,1308,5.19355,0.60767,3.15596,1.552,1.550,947.3,49.14821,9.53961
1789867307.297,1309,5.20804,0.58824,3.06358,1.551,1.549,947.3,49.17884,9.54549
1789867307.307,1310,5.20429,0.61664,3.20917,1.552,1.549,947.3,49.21093,9.55165
1789867307.317,1311,5.20929,0.58525,3.04874,1.552,1.550,947.3,49.24142,9.55750
1789867307.327,1312,5.19355,0.64316,3.34028,1.552,1.550,947.3,49.27481,9.56393
1789867307.337,1313,5.19355,0.61390,3.18832,1.552,1.550,947.3,49.30668,9.57007
1789867307.347,1314,5.20554,0.58624,3.05170,1.552,1.549,947.3,49.33719,9.57593
1789867307.357,1315,5.20429,0.58824,3.06137,1.552,1.550,947.3,49.36779,9.58181
1789867307.367,1316,5.19519,0.60393,3.13753,1.552,1.550,947.3,49.39917,9.58785
1789867307.377,1317,5.20804,0.58599,3.05186,1.552,1.549,947.3,49.42969,9.59371
1789867307.387,1318,5.20804,0.59247,3.08561,1.553,1.550,947.3,49.46054,9.59964
1789867307.397,1319,5.19519,0.62038,3.22299,1.552,1.549,947.3,49.49277,9.60584
1789867307.407,1320,5.19519,0.59421,3.08703,1.553,1.550,947.3,49.52366,9.61179
1789867307.417,1321,5.19519,0.60119,3.12330,1.553,1.550,947.3,49.55491,9.61780
1789867307.427,1322,5.19519,0.70110,3.64235,1.552,1.550,947.3,49.59136,9.62482
1789867307.437,1323,5.20679,0.59322,3.08877,1.553,1.550,947.3,49.62226,9.63075
1789867307.447,1324,5.20554,0.58998,3.07116,1.552,1.550,947.3,49.65295,9.63665
1789867307.457,1325,5.19519,0.61689,3.20486,1.552,1.550,947.3,49.68498,9.64281
1789867307.467,1326,5.20804,0.58674,3.05577,1.552,1.549,947.3,49.71552,9.64868
1789867307.477,1327,5.19620,0.60642,3.15108,1.552,1.549,947.3,49.74701,9.65474
1789867307.487,1328,5.20929,0.58774,3.06171,1.552,1.549,947.3,49.77763,9.66061
1789867307.497,1329,5.19620,0.58101,3.01904,1.552,1.548,947.3,49.80783,9.66643
1789867307.507,1330,5.19620,0.63125,3.28010,1.552,1.548,947.3,49.84064,9.67274
1789867307.517,1331,5.20929,0.59073,3.07728,1.552,1.549,947.3,49.87141,9.67865
1789867307.527,1332,5.19620,0.61838,3.21323,1.551,1.548,947.3,49.90354,9.68483
1789867307.537,1333,5.19620,0.63125,3.28010,1.552,1.548,947.3,49.93633,9.69114
1789867307.547,1334,5.19620,0.59621,3.09803,1.551,1.548,947.3,49.96730,9.69710
1789867307.557,1335,5.19620,0.63125,3.28010,1.552,1.549,947.3,50.00009,9.70341
1789867307.567,1336,5.19730,0.58126,3.02098,1.552,1.549,947.3,50.03031,9.70923
1789867307.577,1337,5.19730,0.58749,3.05336,1.551,1.548,947.3,50.06085,9.71510
1789867307.587,1338,5.19730,0.62699,3.25866,1.551,1.549,947.3,50.09345,9.72137
1789867307.597,1339,5.19730,0.58674,3.04946,1.551,1.548,947.3,50.12395,9.72724
1789867307.607,1340,5.20929,0.62699,3.26617,1.552,1.549,947.3,50.15661,9.73351
1789867307.617,1341,5.19730,0.65600,3.40943,1.552,1.549,947.3,50.19071,9.74007
1789867307.627,1342,5.19730,0.62699,3.25866,1.551,1.548,947.3,50.22329,9.74634
1789867307.637,1343,5.19730,0.62699,3.25866,1.552,1.549,947.3,50.25588,9.75261
1789867307.647,1344,5.19730,0.59122,3.07275,1.552,1.549,947.3,50.28660,9.75852
1789867307.657,1345,5.19730,0.61141,3.17768,1.552,1.549,947.3,50.31837,9.76464
1789867307.667,1346,5.19831,0.61066,3.17440,1.552,1.549,947.3,50.35011,9.77074
1789867307.677,1347,5.19831,0.66796,3.47226,1.551,1.548,947.3,50.38483,9.77742
1789867307.687,1348,5.18680,0.67718,3.51240,1.552,1.548,947.3,50.41995,9.78419
1789867307.697,1349,5.19831,0.62205,3.23361,1.551,1.548,947.3,50.45229,9.79041
1789867307.707,1350,5.19831,0.65077,3.38290,1.551,1.548,947.3,50.48612,9.79692
1789867307.717,1351,5.19831,0.62205,3.23361,1.551,1.548,947.3,50.51846,9.80314
1789867307.727,1352,5.19831,0.64454,3.35052,1.551,1.548,947.3,50.55198,9.80959
1789867307.737,1353,5.17805,0.73748,3.81871,1.551,1.548,947.3,50.59017,9.81697
1789867307.747,1354,5.19831,0.63408,3.29614,1.551,1.549,947.3,50.62315,9.82331
1789867307.757,1355,5.19831,0.62205,3.23361,1.552,1.549,947.3,50.65549,9.82953
1789867307.767,1356,5.19874,0.59621,3.09954,1.552,1.549,947.3,50.68648,9.83549
1789867307.777,1357,5.19874,0.58076,3.01922,1.552,1.549,947.3,50.71667,9.84130
1789867307.787,1358,5.19874,0.61979,3.22213,1.552,1.549,947.3,50.74888,9.84750
1789867307.797,1359,5.21054,0.61979,3.22944,1.552,1.549,947.3,50.78117,9.85369
1789867307.807,1360,5.19874,0.58923,3.06325,1.552,1.549,947.3,50.81183,9.85959
1789867307.817,1361,5.19874,0.61979,3.22213,1.552,1.549,947.3,50.84407,9.86579
1789867307.827,1362,5.19874,0.59596,3.09824,1.552,1.549,947.3,50.87508,9.87176
1789867307.837,1363,5.19874,0.61979,3.22213,1.552,1.549,947.3,50.90733,9.87796
1789867307.847,1364,5.19874,0.58799,3.05681,1.552,1.549,947.3,50.93786,9.88383
1789867307.857,1365,5.19874,0.58923,3.06325,1.552,1.549,947.3,50.96846,9.88972
1789867307.867,1366,5.19987,0.61508,3.19834,1.552,1.550,947.3,51.00041,9.89586
1789867307.877,1367,5.19987,0.58749,3.05487,1.552,1.549,947.3,51.03093,9.90173
1789867307.887,1368,5.19987,0.61508,3.19834,1.552,1.550,947.3,51.06289,9.90788
1789867307.897,1369,5.19987,0.58599,3.04707,1.552,1.549,947.3,51.09335,9.91374
1789867307.907,1370,5.19987,0.58026,3.01728,1.551,1.549,947.3,51.12350,9.91954
1789867307.917,1371,5.19987,0.61508,3.19834,1.551,1.548,947.3,51.15547,9.92568
1789867307.927,1372,5.19987,0.58624,3.04837,1.550,1.548,947.3,51.18596,9.93155
1789867307.937,1373,5.19987,0.61508,3.19834,1.550,1.548,947.3,51.21794,9.93770
1789867307.947,1374,5.19987,0.59945,3.11706,1.550,1.548,947.3,51.24911,9.94369
1789867307.957,1375,5.19987,0.59621,3.10021,1.551,1.548,947.3,51.28012,9.94966
1789867307.967,1376,5.20136,0.60878,3.16648,1.551,1.548,947.3,51.31182,9.95575
1789867307.977,1377,5.20136,0.57777,3.00519,1.551,1.548,947.3,51.34190,9.96153
1789867307.987,1378,5.20136,0.60878,3.16648,1.551,1.548,947.3,51.37360,9.96763
1789867307.997,1379,5.20136,0.58375,3.03629,1.551,1.548,947.3,51.40400,9.97347
1789867308.007,1380,5.20136,0.58525,3.04410,1.552,1.549,947.3,51.43443,9.97932
1789867308.017,1381,5.20136,0.60878,3.16648,1.551,1.549,947.3,51.46609,9.98541
1789867308.027,1382,5.20136,0.58973,3.06740,1.551,1.548,947.3,51.49676,9.99131
1789867308.037,1383,5.20136,0.60878,3.16648,1.551,1.548,947.3,51.52841,9.99739
1789867308.047,1384,5.18680,0.64330,3.33667,1.552,1.549,947.3,51.56177,10.00382
1789867308.057,1385,5.20136,0.63931,3.32528,1.552,1.549,947.3,51.59502,10.01022
1789867308.067,1386,5.20222,0.61639,3.20660,1.551,1.548,947.3,51.62708,10.01638
1789867308.077,1387,5.20222,0.58848,3.06140,1.552,1.548,947.3,51.65769,10.02226
1789867308.087,1388,5.20222,0.59098,3.07441,1.552,1.548,947.3,51.68846,10.02818
1789867308.097,1389,5.20222,0.60440,3.14422,1.551,1.548,947.3,51.71993,10.03423
1789867308.107,1390,5.20222,0.59048,3.07181,1.551,1.548,947.3,51.75067,10.04014
1789867308.117,1391,5.20222,0.58500,3.04330,1.550,1.548,947.3,51.78113,10.04599
1789867308.127,1392,5.20222,0.63483,3.30253,1.550,1.548,947.3,51.81413,10.05233
1789867308.137,1393,5.20222,0.58624,3.04975,1.550,1.548,947.3,51.84461,10.05819
1789867308.147,1394,5.18930,0.67793,3.51798,1.550,1.548,947.3,51.87977,10.06497
1789867308.157,1395,5.20222,0.59421,3.09121,1.552,1.549,947.3,51.91066,10.07091
1789867308.167,1396,5.20179,0.59372,3.08841,1.552,1.549,947.3,51.94154,10.07684
1789867308.177,1397,5.20179,0.63184,3.28670,1.552,1.549,947.3,51.97441,10.08316
1789867308.187,1398,5.20179,0.59122,3.07540,1.552,1.550,947.3,52.00517,10.08907
1789867308.197,1399,5.20179,0.60665,3.15567,1.552,1.549,947.3,52.03673,10.09514
1789867308.207,1400,5.20179,0.58475,3.04175,1.552,1.550,947.3,52.06711,10.10098
1789867308.217,1401,5.20179,0.58649,3.05080,1.552,1.549,947.3,52.09759,10.10684
1789867308.227,1402,5.20179,0.60665,3.15567,1.552,1.549,947.3,52.12912,10.11290
1789867308.237,1403,5.20179,0.58749,3.05600,1.552,1.549,947.3,52.15965,10.11877
1789867308.247,1404,5.20179,0.66722,3.47074,1.551,1.548,947.3,52.19439,10.12545
1789867308.257,1405,5.20179,0.58400,3.03785,1.551,1.549,947.3,52.22480,10.13130
1789867308.267,1406,5.20144,0.61913,3.22037,1.551,1.548,947.3,52.25704,10.13749
1789867308.277,1407,5.20144,0.63931,3.32533,1.551,1.548,947.3,52.29033,10.14389
1789867308.287,1408,5.20144,0.60767,3.16076,1.551,1.549,947.3,52.32191,10.14997
1789867308.297,1409,5.20144,0.63034,3.27868,1.551,1.548,947.3,52.35468,10.15627
1789867308.307,1410,5.20144,0.58973,3.06745,1.552,1.549,947.3,52.38534,10.16216
1789867308.317,1411,5.20144,0.60767,3.16076,1.551,1.548,947.3,52.41692,10.16823
1789867308.327,1412,5.20144,0.59122,3.07520,1.552,1.548,947.3,52.44769,10.17415
1789867308.337,1413,5.20144,0.60767,3.16076,1.552,1.549,947.3,52.47930,10.18023
1789867308.347,1414,5.20144,0.60767,3.16076,1.552,1.549,947.3,52.51092,10.18631
1789867308.357,1415,5.20144,0.60767,3.16076,1.552,1.549,947.3,52.54254,10.19238
1789867308.367,1416,5.20140,0.62685,3.26050,1.552,1.549,947.3,52.57513,10.19865
1789867308.377,1417,5.20140,0.59147,3.07647,1.552,1.549,947.3,52.60588,10.20456
1789867308.387,1418,5.20140,0.58400,3.03762,1.552,1.549,947.3,52.63625,10.21040
1789867308.397,1419,5.20140,0.60771,3.16094,1.552,1.549,947.3,52.66784,10.21647
1789867308.407,1420,5.20140,0.58873,3.06222,1.552,1.549,947.3,52.69846,10.22236
1789867308.417,1421,5.20140,0.58599,3.04797,1.552,1.550,947.3,52.72894,10.22822
1789867308.427,1422,5.20140,0.60771,3.16094,1.552,1.549,947.3,52.76054,10.23430
1789867308.437,1423,5.20140,0.60771,3.16094,1.552,1.550,947.3,52.79215,10.24037
1789867308.447,1424,5.20140,0.60771,3.16094,1.552,1.549,947.3,52.82376,10.24645
1789867308.457,1425,5.20140,0.64130,3.33566,1.552,1.549,947.3,52.85713,10.25286
1789867308.467,1426,5.20147,0.58824,3.05971,1.552,1.549,947.3,52.88773,10.25875
1789867308.477,1427,5.20147,0.60728,3.15875,1.551,1.548,947.3,52.91932,10.26482
1789867308.487,1428,5.20147,0.60728,3.15875,1.552,1.549,947.3,52.95086,10.27089
1789867308.497,1429,5.20147,0.58799,3.05841,1.551,1.548,947.3,52.98139,10.27676
1789867308.507,1430,5.20147,0.60728,3.15875,1.552,1.549,947.3,53.01293,10.28282
1789867308.517,1431,5.20147,0.58824,3.05971,1.552,1.549,947.3,53.04347,10.28869
1789867308.527,1432,5.20147,0.58350,3.03506,1.552,1.549,947.3,53.07388,10.29454
1789867308.537,1433,5.20147,0.60728,3.15875,1.552,1.550,947.3,53.10553,10.30062
1789867308.547,1434,5.20147,0.59446,3.09207,1.552,1.550,947.3,53.13651,10.30658
1789867308.557,1435,5.20147,0.60728,3.15875,1.552,1.550,947.3,53.16816,10.31266
1789867308.567,1436,5.20151,0.58948,3.06619,1.552,1.550,947.3,53.19881,10.31856
1789867308.577,1437,5.20151,0.59496,3.09469,1.552,1.549,947.3,53.22975,10.32450
1789867308.587,1438,5.20151,0.61888,3.21911,1.552,1.549,947.3,53.26193,10.33069
1789867308.597,1439,5.20151,0.57976,3.01563,1.552,1.549,947.3,53.29208,10.33649
1789867308.607,1440,5.20151,0.60695,3.15706,1.552,1.549,947.3,53.32363,10.34255
1789867308.617,1441,5.20151,0.58226,3.02863,1.552,1.549,947.3,53.35389,10.34837
1789867308.627,1442,5.20151,0.59098,3.07399,1.552,1.548,947.3,53.38461,10.35428
1789867308.637,1443,5.20151,0.62611,3.25672,1.552,1.549,947.3,53.41715,10.36053
1789867308.647,1444,5.20151,0.59222,3.08044,1.552,1.549,947.3,53.44797,10.36646
1789867308.657,1445,5.20151,0.64429,3.35128,1.552,1.549,947.3,53.48150,10.37290
1789867308.667,1446,5.20144,0.63632,3.30978,1.552,1.549,947.3,53.51462,10.37927
1789867308.677,1447,5.20144,0.65376,3.40049,1.551,1.548,947.3,53.54864,10.38581
1789867308.687,1448,5.18930,0.63582,3.29946,1.551,1.549,947.3,53.58165,10.39217
1789867308.697,1449,5.20144,0.58774,3.05709,1.551,1.548,947.3,53.61224,10.39805
1789867308.707,1450,5.20144,0.61813,3.21517,1.551,1.548,947.3,53.64440,10.40424
1789867308.717,1451,5.20144,0.58749,3.05579,1.551,1.548,947.3,53.67497,10.41011
1789867308.727,1452,5.20144,0.58250,3.02984,1.551,1.548,947.3,53.70527,10.41594
1789867308.737,1453,5.19055,0.62337,3.23563,1.552,1.549,947.3,53.73763,10.42217
1789867308.747,1454,5.20144,0.58898,3.06354,1.552,1.548,947.3,53.76827,10.42806
1789867308.757,1455,5.20144,0.66771,3.47305,1.551,1.548,947.3,53.80300,10.43474
1789867308.767,1456,5.20183,0.59446,3.09228,1.552,1.549,947.3,53.83392,10.44068
1789867308.777,1457,5.20183,0.62237,3.23746,1.551,1.548,947.3,53.86628,10.44691
1789867308.787,1458,5.20183,0.62810,3.26727,1.552,1.549,947.3,53.89895,10.45318
1789867308.797,1459,5.20183,0.58425,3.03917,1.551,1.548,947.3,53.92933,10.45903
1789867308.807,1460,5.20183,0.59496,3.09488,1.552,1.549,947.3,53.96028,10.46498
1789867308.817,1461,5.20183,0.62536,3.25302,1.552,1.549,947.3,53.99282,10.47123
1789867308.827,1462,5.20183,0.58250,3.03007,1.552,1.548,947.3,54.02312,10.47706
1789867308.837,1463,5.20183,0.61888,3.21931,1.552,1.549,947.3,54.05532,10.48325
1789867308.847,1464,5.20183,0.61614,3.20506,1.552,1.549,947.3,54.08736,10.48941
1789867308.857,1465,5.20183,0.59322,3.08583,1.552,1.549,947.3,54.11821,10.49534
1789867308.867,1466,5.18055,0.67843,3.51464,1.552,1.548,947.3,54.15335,10.50212
1789867308.877,1467,5.20194,0.58774,3.05739,1.551,1.548,947.3,54.18391,10.50799
1789867308.887,1468,5.20194,0.61788,3.21417,1.552,1.549,947.3,54.21599,10.51416
1789867308.897,1469,5.20194,0.59247,3.08199,1.552,1.548,947.3,54.24676,10.52007
1789867308.907,1470,5.20194,0.60448,3.14447,1.551,1.548,947.3,54.27814,10.52611
1789867308.917,1471,5.20194,0.60448,3.14447,1.552,1.548,947.3,54.30952,10.53214
1789867308.927,1472,5.20194,0.58250,3.03013,1.551,1.548,947.3,54.33989,10.53798
1789867308.937,1473,5.20194,0.60448,3.14447,1.551,1.548,947.3,54.37141,10.54404
1789867308.947,1474,5.20194,0.58450,3.04053,1.551,1.548,947.3,54.40188,10.54990
1789867308.957,1475,5.20194,0.60448,3.14447,1.551,1.549,947.3,54.43339,10.55595
1789867308.967,1476,5.20206,0.62660,3.25961,1.551,1.548,947.3,54.46599,10.56222
1789867308.977,1477,5.20206,0.64006,3.32963,1.551,1.549,947.3,54.49929,10.56862
1789867308.987,1478,5.20206,0.58599,3.04836,1.552,1.549,947.3,54.52977,10.57448
1789867308.997,1479,5.20206,0.60421,3.14314,1.551,1.549,947.3,54.56120,10.58052
1789867309.007,1480,5.20206,0.58450,3.04060,1.551,1.549,947.3,54.59159,10.58636
1789867309.017,1481,5.20206,0.60421,3.14314,1.551,1.548,947.3,54.62301,10.59240
1789867309.027,1482,5.20206,0.59372,3.08857,1.551,1.548,947.3,54.65388,10.59834
1789867309.037,1483,5.20206,0.58574,3.04705,1.551,1.548,947.3,54.68434,10.60419
1789867309.047,1484,5.20206,0.60421,3.14314,1.551,1.548,947.3,54.71579,10.61024
1789867309.057,1485,5.20206,0.58923,3.06521,1.551,1.548,947.3,54.74645,10.61613
1789867309.067,1486,5.20226,0.62212,3.23643,1.551,1.548,947.3,54.77883,10.62236
1789867309.077,1487,5.20226,0.58923,3.06533,1.551,1.548,947.3,54.80950,10.62825
1789867309.087,1488,5.20226,0.60403,3.14232,1.551,1.548,947.3,54.84088,10.63428
1789867309.097,1489,5.20226,0.61664,3.20792,1.551,1.548,947.3,54.87292,10.64044
1789867309.107,1490,5.20226,0.58300,3.03292,1.551,1.548,947.3,54.90321,10.64627
1789867309.117,1491,5.20226,0.60403,3.14232,1.551,1.548,947.3,54.93460,10.65230
1789867309.127,1492,5.20226,0.58674,3.05237,1.552,1.548,947.3,54.96520,10.65818
1789867309.137,1493,5.20226,0.57777,3.00571,1.552,1.549,947.3,54.99534,10.66398
1789867309.147,1494,5.20226,0.60403,3.14232,1.552,1.548,947.3,55.02685,10.67003
1789867309.157,1495,5.20226,0.58948,3.06663,1.552,1.549,947.3,55.05760,10.67594
1789867309.167,1496,5.20245,0.61415,3.19508,1.552,1.548,947.3,55.08957,10.68209
1789867309.177,1497,5.20245,0.64479,3.35449,1.552,1.548,947.3,55.12313,10.68854
1789867309.187,1498,5.20245,0.63582,3.30782,1.552,1.549,947.3,55.15623,10.69490
1789867309.197,1499,5.18805,0.65351,3.39044,1.551,1.548,947.3,55.19016,10.70144
1789867309.207,1500,5.20245,0.63508,3.30397,1.552,1.548,947.3,55.22319,10.70779
1789867309.217,1501,5.20245,0.60348,3.13957,1.552,1.549,947.3,55.25457,10.71382
1789867309.227,1502,5.20245,0.60348,3.13957,1.552,1.548,947.3,55.28595,10.71985
1789867309.237,1503,5.20245,0.58475,3.04213,1.552,1.549,947.3,55.31636,10.72570
1789867309.247,1504,5.20245,0.58375,3.03693,1.552,1.549,947.3,55.34674,10.73154
1789867309.257,1505,5.20245,0.61863,3.21839,1.552,1.549,947.3,55.37893,10.73773
1789867309.267,1506,5.20222,0.58151,3.02514,1.552,1.549,947.3,55.40920,10.74354
1789867309.277,1507,5.18805,0.66049,3.42666,1.551,1.548,947.3,55.44347,10.75015
1789867309.287,1508,5.20222,0.60519,3.14833,1.552,1.549,947.3,55.47492,10.75620
1789867309.297,1509,5.20222,0.60519,3.14833,1.552,1.548,947.3,55.50637,10.76224
1789867309.307,1510,5.19055,0.65227,3.38564,1.551,1.548,947.3,55.54019,10.76876
1789867309.317,1511,5.20222,0.58674,3.05235,1.551,1.549,947.3,55.57068,10.77462
1789867309.327,1512,5.19055,0.65002,3.37396,1.551,1.549,947.3,55.60457,10.78115
1789867309.337,1513,5.20222,0.59073,3.07311,1.552,1.549,947.3,55.63544,10.78708
1789867309.347,1514,5.20222,0.61988,3.22475,1.551,1.548,947.3,55.66783,10.79331
1789867309.357,1515,5.20222,0.59471,3.09381,1.551,1.548,947.3,55.69891,10.79928
1789867309.367,1516,5.20206,0.59247,3.08206,1.551,1.548,947.3,55.72973,10.80521
1789867309.377,1517,5.17680,0.73000,3.77906,1.551,1.548,947.3,55.76751,10.81250
1789867309.387,1518,5.20206,0.64031,3.33093,1.551,1.548,947.3,55.80081,10.81891
1789867309.397,1519,5.18680,0.65501,3.39741,1.551,1.548,947.3,55.83477,10.82545
1789867309.407,1520,5.19180,0.58250,3.02422,1.551,1.548,947.3,55.86499,10.83127
1789867309.417,1521,5.20206,0.58425,3.03930,1.551,1.548,947.3,55.89536,10.83711
1789867309.427,1522,5.20206,0.60614,3.15318,1.550,1.548,947.3,55.92687,10.84317
1789867309.437,1523,5.20206,0.63557,3.30627,1.551,1.548,947.3,55.95991,10.84952
1789867309.447,1524,5.20206,0.58400,3.03800,1.551,1.548,947.3,55.99032,10.85537
1789867309.457,1525,5.20206,0.60614,3.15318,1.551,1.548,947.3,56.02188,10.86143
1789867309.467,1526,5.20163,0.58475,3.04165,1.551,1.548,947.3,56.05233,10.86729
1789867309.477,1527,5.18555,0.65401,3.39140,1.551,1.548,947.3,56.08627,10.87383
1789867309.487,1528,5.20163,0.59347,3.08701,1.551,1.548,947.3,56.11702,10.87974
1789867309.497,1529,5.20163,0.60774,3.16124,1.551,1.548,947.3,56.14850,10.88580
1789867309.507,1530,5.20163,0.60774,3.16124,1.551,1.548,947.3,56.17999,10.89185
1789867309.517,1531,5.20163,0.58624,3.04940,1.552,1.549,947.3,56.21036,10.89769
1789867309.527,1532,5.20163,0.60774,3.16124,1.551,1.548,947.3,56.24201,10.90377
1789867309.537,1533,5.20163,0.58475,3.04165,1.551,1.549,947.3,56.27247,10.90963
1789867309.547,1534,5.20163,0.58425,3.03905,1.551,1.548,947.3,56.30291,10.91548
1789867309.557,1535,5.20163,0.60774,3.16124,1.551,1.548,947.3,56.33457,10.92157
1789867309.567,1536,5.20155,0.59720,3.10637,1.551,1.548,947.3,56.36566,10.92754
1789867309.577,1537,5.20155,0.62511,3.25154,1.551,1.548,947.3,56.39820,10.93380
1789867309.587,1538,5.20155,0.64554,3.35781,1.551,1.548,947.3,56.43181,10.94026
1789867309.597,1539,5.20155,0.63831,3.32020,1.551,1.548,947.3,56.46504,10.94665
1789867309.607,1540,5.20155,0.60778,3.16140,1.552,1.549,947.3,56.49678,10.95275
1789867309.617,1541,5.20155,0.58475,3.04161,1.552,1.550,947.3,56.52732,10.95862
1789867309.627,1542,5.20155,0.58525,3.04421,1.552,1.549,947.3,56.55788,10.96450
1789867309.638,1543,5.20155,0.60778,3.16140,1.552,1.549,947.3,56.58962,10.97060
1789867309.647,1544,5.20155,0.59172,3.07786,1.552,1.549,947.3,56.62026,10.97649
1789867309.657,1545,5.20155,0.58824,3.05976,1.552,1.549,947.3,56.65072,10.98235
1789867309.667,1546,5.20144,0.60860,3.16560,1.551,1.548,947.3,56.68223,10.98841
1789867309.677,1547,5.20144,0.58176,3.02599,1.550,1.548,947.3,56.71235,10.99420
1789867309.687,1548,5.20144,0.60860,3.16560,1.551,1.548,947.3,56.74401,11.00028
1789867309.697,1549,5.20144,0.59172,3.07780,1.551,1.549,947.3,56.77478,11.00620
1789867309.707,1550,5.20144,0.59571,3.09855,1.551,1.549,947.3,56.80576,11.01215
1789867309.717,1551,5.20144,0.60860,3.16560,1.551,1.549,947.3,56.83741,11.01824
1789867309.727,1552,5.20144,0.58774,3.05709,1.551,1.549,947.3,56.86792,11.02411
1789867309.737,1553,5.20144,0.60860,3.16560,1.550,1.548,947.3,56.89952,11.03018
1789867309.747,1554,5.20144,0.58973,3.06745,1.550,1.548,947.3,56.93013,11.03607
1789867309.757,1555,5.20144,0.58475,3.04154,1.552,1.549,947.3,56.96049,11.04190
1789867309.767,1556,5.20167,0.60763,3.16069,1.552,1.549,947.3,56.99215,11.04799
1789867309.777,1557,5.20167,0.59646,3.10259,1.552,1.549,947.3,57.02323,11.05396
1789867309.787,1558,5.20167,0.60763,3.16069,1.552,1.548,947.3,57.05490,11.06005
1789867309.797,1559,5.20167,0.58848,3.06108,1.552,1.549,947.3,57.08556,11.06595
1789867309.807,1560,5.20167,0.58923,3.06498,1.552,1.549,947.3,57.11624,11.07184
1789867309.817,1561,5.20167,0.60763,3.16069,1.551,1.548,947.3,57.14787,11.07793
1789867309.827,1562,5.20167,0.58250,3.02997,1.551,1.548,947.3,57.17819,11.08375
1789867309.837,1563,5.20167,0.60763,3.16069,1.551,1.549,947.3,57.20983,11.08984
1789867309.847,1564,5.20167,0.59147,3.07663,1.552,1.548,947.3,57.24058,11.09575
1789867309.857,1565,5.20167,0.58450,3.04038,1.552,1.549,947.3,57.27098,11.10159
1789867309.867,1566,5.20171,0.63831,3.32030,1.551,1.548,947.3,57.30418,11.10797
1789867309.877,1567,5.20171,0.58973,3.06760,1.551,1.548,947.3,57.33485,11.11387
1789867309.887,1568,5.20171,0.67519,3.51214,1.551,1.548,947.3,57.36995,11.12062
1789867309.897,1569,5.20171,0.63806,3.31900,1.551,1.548,947.3,57.40313,11.12700
1789867309.907,1570,5.20171,0.59546,3.09741,1.551,1.549,947.3,57.43409,11.13295
1789867309.917,1571,5.20171,0.63682,3.31255,1.552,1.549,947.3,57.46720,11.13931
1789867309.927,1572,5.20171,0.59421,3.09091,1.552,1.549,947.3,57.49808,11.14525
1789867309.937,1573,5.20171,0.58599,3.04815,1.552,1.549,947.3,57.52854,11.15111
1789867309.947,1574,5.20171,0.61988,3.22444,1.552,1.548,947.3,57.56076,11.15730
1789867309.957,1575,5.20171,0.57927,3.01319,1.552,1.549,947.3,57.59087,11.16309
1789867309.967,1576,5.20155,0.60835,3.16436,1.552,1.549,947.3,57.62259,11.16919
1789867309.977,1577,5.20155,0.64205,3.33966,1.552,1.548,947.3,57.65606,11.17562
1789867309.987,1578,5.20155,0.62910,3.27230,1.552,1.549,947.3,57.68886,11.18193
1789867309.997,1579,5.20155,0.66323,3.44982,1.552,1.548,947.3,57.72344,11.18858
1789867310.007,1580,5.20155,0.59297,3.08436,1.552,1.549,947.3,57.75420,11.19449
1789867310.017,1581,5.20155,0.60835,3.16436,1.552,1.549,947.3,57.78576,11.20056
1789867310.027,1582,5.20155,0.59297,3.08436,1.552,1.549,947.3,57.81652,11.20647
1789867310.037,1583,5.20155,0.62436,3.24764,1.552,1.549,947.3,57.84891,11.21270
1789867310.047,1584,5.20155,0.63383,3.29690,1.552,1.549,947.3,57.88191,11.21904
1789867310.057,1585,5.20155,0.58749,3.05586,1.552,1.549,947.3,57.91250,11.22492
1789867310.067,1586,5.20144,0.60899,3.16762,1.552,1.549,947.3,57.94420,11.23102
1789867310.077,1587,5.20144,0.58873,3.06224,1.550,1.548,947.3,57.97486,11.23691
1789867310.087,1588,5.20144,0.60899,3.16762,1.551,1.548,947.3,58.00655,11.24301
1789867310.097,1589,5.20144,0.64130,3.33568,1.551,1.548,947.3,58.03993,11.24942
1789867310.107,1590,5.20144,0.59048,3.07135,1.550,1.548,947.3,58.07067,11.25533
1789867310.117,1591,5.20144,0.61913,3.22037,1.551,1.548,947.3,58.10289,11.26153
1789867310.127,1592,5.20144,0.59098,3.07395,1.551,1.548,947.3,58.13364,11.26744
1789867310.137,1593,5.20144,0.59596,3.09985,1.551,1.548,947.3,58.16465,11.27340
1789867310.147,1594,5.20144,0.58973,3.06745,1.551,1.548,947.3,58.19533,11.27930
1789867310.157,1595,5.20144,0.58674,3.05189,1.552,1.548,947.3,58.22586,11.28517
1789867310.167,1596,5.20128,0.60918,3.16852,1.552,1.549,947.3,58.25747,11.29124
1789867310.177,1597,5.20128,0.58375,3.03625,1.552,1.549,947.3,58.28775,11.29707
1789867310.187,1598,5.20128,0.62635,3.25782,1.552,1.549,947.3,58.32025,11.30332
1789867310.197,1599,5.20128,0.66173,3.44184,1.552,1.549,947.3,58.35459,11.30992
1789867310.207,1600,5.20128,0.59671,3.10366,1.552,1.550,947.3,58.38555,11.31587
1789867310.217,1601,5.20128,0.60918,3.16852,1.552,1.549,947.3,58.41715,11.32195
1789867310.227,1602,5.20128,0.58126,3.02330,1.552,1.549,947.3,58.44731,11.32774
1789867310.237,1603,5.20128,0.60918,3.16852,1.552,1.549,947.3,58.47892,11.33382
1789867310.247,1604,5.20128,0.59098,3.07385,1.551,1.549,947.3,58.50980,11.33976
1789867310.257,1605,5.20128,0.58973,3.06735,1.551,1.549,947.3,58.54063,11.34569
1789867310.267,1606,5.20155,0.60751,3.15999,1.551,1.548,947.3,58.57238,11.35179
1789867310.277,1607,5.20155,0.58250,3.02990,1.551,1.548,947.3,58.60283,11.35764
1789867310.287,1608,5.20155,0.60751,3.15999,1.551,1.548,947.3,58.63440,11.36371
1789867310.297,1609,5.20155,0.64081,3.33321,1.551,1.548,947.3,58.66770,11.37011
1789867310.307,1610,5.20155,0.59347,3.08696,1.552,1.548,947.3,58.69854,11.37604
1789867310.317,1611,5.20155,0.62013,3.22564,1.551,1.548,947.3,58.73077,11.38224
1789867310.327,1612,5.20155,0.59397,3.08956,1.551,1.548,947.3,58.76171,11.38819
1789867310.337,1613,5.20155,0.59696,3.10512,1.551,1.548,947.3,58.79280,11.39417
1789867310.347,1614,5.20155,0.60751,3.15999,1.551,1.548,947.3,58.82444,11.40025
1789867310.357,1615,5.20155,0.57827,3.00790,1.551,1.548,947.3,58.85456,11.40604
1789867310.367,1616,5.20163,0.58450,3.04035,1.551,1.548,947.3,58.88490,11.41187
1789867310.377,1617,5.20163,0.62337,3.24254,1.551,1.548,947.3,58.91726,11.41809
1789867310.387,1618,5.20163,0.58749,3.05591,1.552,1.549,947.3,58.94776,11.42396
1789867310.397,1619,5.20163,0.65825,3.42397,1.552,1.548,947.3,58.98193,11.43052
1789867310.407,1620,5.20163,0.59122,3.07531,1.552,1.549,947.3,59.01274,11.43645
1789867310.417,1621,5.20163,0.58425,3.03905,1.552,1.549,947.3,59.04318,11.44230
1789867310.427,1622,5.20163,0.61913,3.22049,1.552,1.549,947.3,59.07544,11.44850
1789867310.437,1623,5.20163,0.62436,3.24769,1.552,1.550,947.3,59.10798,11.45476
1789867310.447,1624,5.20163,0.64977,3.37986,1.552,1.549,947.3,59.14179,11.46126
1789867310.457,1625,5.20163,0.62586,3.25549,1.552,1.549,947.3,59.17435,11.46752
1789867310.467,1626,5.20171,0.65650,3.41492,1.552,1.549,947.3,59.20851,11.47408
1789867310.477,1627,5.18305,0.66871,3.46596,1.551,1.548,947.3,59.24317,11.48077
1789867310.487,1628,5.20171,0.62212,3.23609,1.552,1.549,947.3,59.27548,11.48698
1789867310.497,1629,5.18555,0.71804,3.72343,1.551,1.548,947.3,59.31266,11.49415
1789867310.507,1630,5.20171,0.63034,3.27885,1.551,1.548,947.3,59.34539,11.50045
1789867310.517,1631,5.20171,0.65476,3.40587,1.550,1.548,947.3,59.37939,11.50698
1789867310.527,1632,5.20171,0.64355,3.34756,1.551,1.548,947.3,59.41291,11.51343
1789867310.537,1633,5.20171,0.60625,3.15354,1.550,1.548,947.3,59.44449,11.51950
1789867310.547,1634,5.20171,0.60625,3.15354,1.549,1.548,947.3,59.47607,11.52557
1789867310.557,1635,5.20171,0.58749,3.05595,1.550,1.548,947.3,59.50667,11.53145
1789867310.567,1636,5.20124,0.60861,3.16553,1.551,1.548,947.3,59.53828,11.53753
1789867310.577,1637,5.20124,0.59197,3.07898,1.551,1.548,947.3,59.56902,11.54344
1789867310.587,1638,5.20124,0.63059,3.27985,1.552,1.548,947.3,59.60177,11.54973
1789867310.597,1639,5.20124,0.64579,3.35891,1.552,1.548,947.3,59.63530,11.55618
1789867310.607,1640,5.20124,0.58774,3.05698,1.552,1.549,947.3,59.66591,11.56207
1789867310.617,1641,5.20124,0.60861,3.16553,1.552,1.549,947.3,59.69760,11.56816
1789867310.627,1642,5.20124,0.60861,3.16553,1.552,1.549,947.3,59.72930,11.57425
1789867310.637,1643,5.20124,0.58350,3.03492,1.552,1.549,947.3,59.75968,11.58009
1789867310.647,1644,5.20124,0.60861,3.16553,1.551,1.548,947.3,59.79129,11.58617
1789867310.657,1645,5.20124,0.60861,3.16553,1.551,1.548,947.3,59.82290,11.59225
1789867310.667,1646,5.20136,0.58001,3.01684,1.551,1.548,947.3,59.85302,11.59804
1789867310.677,1647,5.20136,0.60765,3.16061,1.551,1.548,947.3,59.88458,11.60411
1789867310.687,1648,5.20136,0.58674,3.05185,1.551,1.548,947.3,59.91507,11.60997
1789867310.697,1649,5.20136,0.60765,3.16061,1.551,1.548,947.3,59.94665,11.61604
1789867310.707,1650,5.20136,0.69238,3.60132,1.551,1.548,947.3,59.98263,11.62296
1789867310.717,1651,5.20136,0.64380,3.34864,1.552,1.548,947.3,60.01609,11.62939
1789867310.727,1652,5.18680,0.66323,3.44004,1.552,1.548,947.3,60.05068,11.63606
1789867310.737,1653,5.20136,0.63981,3.32788,1.552,1.548,947.3,60.08414,11.64249
1789867310.747,1654,5.20136,0.63806,3.31878,1.551,1.548,947.3,60.11751,11.64891
1789867310.757,1655,5.18805,0.65551,3.40082,1.552,1.548,947.3,60.15171,11.65550
1789867310.767,1656,5.20081,0.59546,3.09687,1.552,1.548,947.3,60.18258,11.66144
1789867310.777,1657,5.20081,0.59098,3.07357,1.552,1.548,947.3,60.21321,11.66733
1789867310.787,1658,5.17930,0.62760,3.25053,1.552,1.549,947.3,60.24561,11.67358
1789867310.797,1659,5.20081,0.62835,3.26793,1.552,1.549,947.3,60.27819,11.67985
1789867310.807,1660,5.18305,0.68914,3.57185,1.552,1.549,947.3,60.31393,11.68674
1789867310.817,1661,5.16556,0.74943,3.87123,1.552,1.549,947.3,60.35266,11.69424
1789867310.827,1662,5.15806,0.79129,4.08152,1.552,1.549,947.3,60.39350,11.70216
1789867310.837,1663,5.16931,0.74869,3.87021,1.552,1.549,947.3,60.43223,11.70965
1789867310.847,1664,5.16181,0.79827,4.12052,1.552,1.548,947.3,60.47337,11.71762
1789867310.857,1665,5.16931,0.74644,3.85858,1.552,1.548,947.3,60.51189,11.72507
1789867310.867,1666,5.17805,0.70060,3.62774,1.552,1.548,947.3,60.54811,11.73207
1789867310.877,1667,5.19847,0.61944,3.22014,1.552,1.549,947.3,60.58026,11.73825
1789867310.887,1668,5.17181,0.66373,3.43269,1.552,1.549,947.3,60.61461,11.74489
1789867310.897,1669,5.19847,0.63159,3.28330,1.552,1.548,947.3,60.64747,11.75121
1789867310.907,1670,5.19847,0.75815,3.94122,1.552,1.549,947.3,60.68692,11.75880
1789867310.917,1671,5.16681,0.75118,3.88120,1.552,1.549,947.3,60.72576,11.76632
1789867310.927,1672,5.16681,0.67295,3.47700,1.552,1.549,947.3,60.76055,11.77305
1789867310.937,1673,5.19847,0.64031,3.32863,1.552,1.549,947.3,60.79385,11.77946
1789867310.947,1674,5.19847,0.68515,3.56173,1.551,1.548,947.3,60.82949,11.78631
1789867310.957,1675,5.19847,0.61944,3.22014,1.552,1.549,947.3,60.86171,11.79251
1789867310.967,1676,5.18555,0.73748,3.82424,1.552,1.549,947.3,60.89983,11.79986
1789867310.977,1677,5.19726,0.62489,3.24772,1.552,1.549,947.3,60.93221,11.80609
1789867310.987,1678,5.19726,0.62489,3.24772,1.552,1.549,947.3,60.96459,11.81232
1789867310.997,1679,5.19726,0.62489,3.24772,1.552,1.549,947.3,60.99697,11.81855
1789867311.007,1680,5.19726,0.72352,3.76032,1.552,1.550,947.3,61.03475,11.82582
1789867311.017,1681,5.19726,0.68416,3.55576,1.552,1.549,947.3,61.07049,11.83270
1789867311.027,1682,5.19726,0.63782,3.31492,1.552,1.549,947.3,61.10380,11.83911
1789867311.037,1683,5.19726,0.62489,3.24772,1.552,1.549,947.3,61.13644,11.84539
1789867311.047,1684,5.19726,0.67893,3.52858,1.552,1.549,947.3,61.17166,11.85217
1789867311.057,1685,5.19726,0.62489,3.24772,1.552,1.549,947.3,61.20407,11.85840
1789867311.067,1686,5.19605,0.62973,3.27211,1.552,1.549,947.3,61.23674,11.86469
1789867311.077,1687,5.19605,0.62973,3.27211,1.552,1.548,947.3,61.26940,11.87097
1789867311.087,1688,5.19605,0.62973,3.27211,1.552,1.549,947.3,61.30210,11.87727
1789867311.097,1689,5.19605,0.64130,3.33223,1.551,1.548,947.3,61.33540,11.88368
1789867311.107,1690,5.19605,0.62973,3.27211,1.552,1.548,947.3,61.36810,11.88997
1789867311.117,1691,5.16681,0.69836,3.60829,1.552,1.548,947.3,61.40416,11.89695
1789867311.127,1692,5.19605,0.62973,3.27211,1.552,1.548,947.3,61.43689,11.90325
1789867311.137,1693,5.19605,0.68067,3.53680,1.552,1.549,947.3,61.47227,11.91006
1789867311.147,1694,5.19605,0.62973,3.27211,1.551,1.548,947.3,61.50500,11.91636
1789867311.157,1695,5.19605,0.66722,3.46691,1.551,1.549,947.3,61.53968,11.92303
1789867311.167,1696,5.19503,0.63427,3.29505,1.551,1.548,947.3,61.57259,11.92937
1789867311.177,1697,5.19503,0.66946,3.47786,1.551,1.548,947.3,61.60732,11.93605
1789867311.187,1698,5.19503,0.62361,3.23967,1.551,1.548,947.3,61.63968,11.94228
1789867311.197,1699,5.18430,0.65127,3.37638,1.551,1.548,947.3,61.67340,11.94878
1789867311.207,1700,5.19503,0.63427,3.29505,1.552,1.548,947.3,61.70618,11.95510
1789867311.217,1701,5.18430,0.67444,3.49650,1.552,1.549,947.3,61.74098,11.96181
1789867311.227,1702,5.19503,0.63427,3.29505,1.552,1.549,947.3,61.77376,11.96812
1789867311.237,1703,5.19503,0.67120,3.48690,1.552,1.548,947.3,61.80846,11.97480
1789867311.247,1704,5.19503,0.63427,3.29505,1.552,1.548,947.3,61.84162,11.98118
1789867311.257,1705,5.18430,0.66821,3.46420,1.552,1.548,947.3,61.87649,11.98791
1789867311.267,1706,5.19394,0.62536,3.24808,1.551,1.548,947.3,61.90918,11.99420
1789867311.277,1707,5.19394,0.66547,3.45641,1.550,1.548,947.3,61.94397,12.00090
1789867311.287,1708,5.19394,0.62635,3.25322,1.550,1.548,947.3,61.97651,12.00716
1789867311.297,1709,5.19394,0.67319,3.49651,1.551,1.548,947.3,62.01147,12.01389
1789867311.307,1710,5.19394,0.62536,3.24808,1.551,1.548,947.3,62.04395,12.02015
1789867311.317,1711,5.19394,0.67419,3.50170,1.551,1.548,947.3,62.07897,12.02689
1789867311.327,1712,5.19394,0.63907,3.31929,1.552,1.548,947.3,62.11206,12.03326
1789867311.337,1713,5.17805,0.66672,3.45231,1.552,1.548,947.3,62.14648,12.03991
1789867311.347,1714,5.19394,0.62760,3.25972,1.551,1.548,947.3,62.17898,12.04616
1789867311.357,1715,5.19394,0.66896,3.47454,1.551,1.548,947.3,62.21362,12.05283
1789867311.367,1716,5.19284,0.62710,3.25643,1.551,1.548,947.3,62.24630,12.05913
1789867311.377,1717,5.16306,0.66746,3.44614,1.552,1.549,947.3,62.28088,12.06583
1789867311.387,1718,5.19284,0.64383,3.34331,1.552,1.549,947.3,62.31443,12.07229
1789867311.397,1719,5.19284,0.66946,3.47640,1.552,1.549,947.3,62.34932,12.07900
1789867311.407,1720,5.19284,0.62262,3.23317,1.552,1.550,947.3,62.38164,12.08523
1789867311.417,1721,5.18180,0.70409,3.64845,1.552,1.550,947.3,62.41811,12.09227
1789867311.427,1722,5.19284,0.62760,3.25903,1.552,1.549,947.3,62.45069,12.09854
1789867311.437,1723,5.17680,0.68989,3.57142,1.552,1.549,947.3,62.48639,12.10544
1789867311.447,1724,5.19284,0.63184,3.28104,1.551,1.548,972.9,62.51918,12.11175
1789867311.457,1725,5.19284,0.75840,3.93825,1.551,1.548,947.3,62.55853,12.11933
1789867311.467,1726,5.19195,0.62984,3.27010,1.551,1.548,947.3,62.59122,12.12562
1789867311.477,1727,5.16681,0.68316,3.52976,1.551,1.548,947.3,62.62649,12.13245
1789867311.487,1728,5.19195,0.62511,3.24554,1.552,1.548,947.3,62.65887,12.13869
1789867311.497,1729,5.19195,0.67344,3.49647,1.551,1.548,947.3,62.69375,12.14541
1789867311.507,1730,5.19195,0.62411,3.24035,1.551,1.548,947.3,62.72608,12.15163
1789867311.517,1731,5.18180,0.73473,3.80722,1.551,1.548,947.3,62.76406,12.15896
1789867311.527,1732,5.15681,0.66572,3.43299,1.552,1.549,947.3,62.79843,12.16563
1789867311.537,1733,5.19195,0.64890,3.36906,1.552,1.549,947.3,62.83215,12.17212
1789867311.547,1734,5.19195,0.63233,3.28303,1.552,1.549,947.3,62.86502,12.17845
1789867311.557,1735,5.19195,0.74744,3.88067,1.552,1.549,972.9,62.90387,12.18594
1789867311.567,1736,5.19156,0.63134,3.27764,1.552,1.549,972.9,62.93666,12.19225
1789867311.577,1737,5.19156,0.62536,3.24659,1.552,1.549,972.9,62.96914,12.19851
1789867311.587,1738,5.19156,0.62810,3.26082,1.552,1.549,947.3,63.00177,12.20479
1789867311.597,1739,5.20179,0.66447,3.45643,1.551,1.549,947.3,63.03635,12.21144
1789867311.607,1740,5.19156,0.62361,3.23751,1.551,1.548,947.3,63.06877,12.21769
1789867311.617,1741,5.19156,0.65056,3.37742,1.552,1.549,972.9,63.10259,12.22420
1789867311.627,1742,5.19156,0.65056,3.37742,1.552,1.549,947.3,63.13641,12.23072
1789867311.637,1743,5.20304,0.63582,3.30820,1.551,1.549,947.3,63.16954,12.23708
1789867311.647,1744,5.19156,0.65056,3.37742,1.552,1.549,947.3,63.20323,12.24357
1789867311.657,1745,5.19156,0.62959,3.26855,1.552,1.549,947.3,63.23583,12.24985
1789867311.667,1746,5.19042,0.65565,3.40310,1.552,1.549,947.3,63.26977,12.25639
1789867311.677,1747,5.19042,0.62386,3.23810,1.551,1.548,947.3,63.30207,12.26261
1789867311.687,1748,5.19042,0.65565,3.40310,1.550,1.548,947.3,63.33608,12.26916
1789867311.697,1749,5.19042,0.62810,3.26010,1.551,1.548,947.3,63.36865,12.27544
1789867311.707,1750,5.19042,0.68441,3.55238,1.550,1.548,947.3,63.40415,12.28228
1789867311.717,1751,5.20179,0.63308,3.29315,1.550,1.548,972.9,63.43706,12.28861
1789867311.727,1752,5.19042,0.69612,3.61316,1.551,1.548,972.9,63.47334,12.29560
1789867311.737,1753,5.16806,0.76862,3.97227,1.551,1.549,972.9,63.51322,12.30331
1789867311.747,1754,5.19042,0.65565,3.40310,1.552,1.549,972.9,63.54739,12.30990
1789867311.757,1755,5.19042,0.62959,3.26784,1.552,1.549,972.9,63.58021,12.31622
1789867311.767,1756,5.18968,0.68017,3.52986,1.552,1.549,972.9,63.61547,12.32301
1789867311.777,1757,5.20054,0.63532,3.30401,1.552,1.550,947.3,63.64848,12.32936
1789867311.787,1758,5.18968,0.65968,3.42353,1.552,1.550,972.9,63.68268,12.33595
1789867311.797,1759,5.20179,0.62910,3.27245,1.552,1.549,972.9,63.71537,12.34224
1789867311.807,1760,5.18968,0.67295,3.49240,1.552,1.550,972.9,63.75026,12.34896
1789867311.817,1761,5.18968,0.61988,3.21698,1.551,1.549,947.3,63.78239,12.35515
1789867311.827,1762,5.18968,0.67868,3.52213,1.551,1.549,947.3,63.81757,12.36193
1789867311.837,1763,5.15931,0.78880,4.06966,1.551,1.548,947.3,63.85822,12.36981
1789867311.847,1764,5.18968,0.67220,3.48850,1.550,1.548,947.3,63.89314,12.37654
1789867311.857,1765,5.18968,0.63283,3.28419,1.551,1.549,947.3,63.92603,12.38287
1789867311.867,1766,5.19019,0.68441,3.55222,1.551,1.548,947.3,63.96159,12.38973
1789867311.877,1767,5.19019,0.62337,3.23541,1.552,1.548,947.3,63.99399,12.39597
1789867311.887,1768,5.19019,0.67319,3.49398,1.552,1.549,947.3,64.02885,12.40269
1789867311.897,1769,5.20054,0.62810,3.26646,1.552,1.549,947.3,64.06145,12.40895
1789867311.907,1770,5.19019,0.65848,3.41764,1.552,1.549,972.9,64.09555,12.41552
1789867311.917,1771,5.19019,0.62436,3.24055,1.552,1.549,947.3,64.12789,12.42175
1789867311.927,1772,5.19019,0.66896,3.47203,1.552,1.549,972.9,64.16269,12.42846
1789867311.937,1773,5.19019,0.76488,3.96987,1.552,1.549,972.9,64.20247,12.43612
1789867311.947,1774,5.19019,0.69014,3.58196,1.551,1.549,972.9,64.23837,12.44304
1789867311.957,1775,5.19019,0.63508,3.29619,1.552,1.549,972.9,64.27140,12.44940
1789867311.967,1776,5.19093,0.70882,3.67944,1.552,1.549,972.9,64.30820,12.45649
1789867311.977,1777,5.19093,0.62162,3.22679,1.552,1.549,972.9,64.34048,12.46271
1789867311.987,1778,5.19093,0.66672,3.46090,1.552,1.549,972.9,64.37509,12.46938
1789867311.997,1779,5.19093,0.62635,3.25134,1.551,1.549,972.9,64.40761,12.47565
1789867312.007,1780,5.19093,0.76837,3.98855,1.551,1.548,972.9,64.44749,12.48333
1789867312.017,1781,5.19093,0.63034,3.27205,1.552,1.549,972.9,64.48020,12.48963
1789867312.027,1782,5.19093,0.67917,3.52552,1.552,1.549,947.3,64.51544,12.49642
1789867312.037,1783,5.19093,0.64280,3.33673,1.552,1.549,947.3,64.54880,12.50284
1789867312.047,1784,5.15806,0.78581,4.05326,1.552,1.548,947.3,64.58929,12.51069
1789867312.057,1785,5.19093,0.62835,3.26172,1.552,1.549,947.3,64.62187,12.51697
1789867312.067,1786,5.19050,0.71530,3.71276,1.552,1.549,947.3,64.65895,12.52411
1789867312.077,1787,5.19050,0.62810,3.26015,1.551,1.549,947.3,64.69151,12.53039
1789867312.087,1788,5.16681,0.63084,3.25943,1.551,1.548,947.3,64.72415,12.53670
1789867312.097,1789,5.19050,0.62984,3.26918,1.552,1.548,947.3,64.75689,12.54301
1789867312.107,1790,5.19050,0.75417,3.91452,1.551,1.549,947.3,64.79608,12.55056
1789867312.117,1791,5.19050,0.62511,3.24463,1.551,1.548,947.3,64.82857,12.55682
1789867312.127,1792,5.19050,0.63856,3.31445,1.551,1.548,947.3,64.86170,12.56320
1789867312.137,1793,5.19050,0.62810,3.26015,1.552,1.549,947.3,64.89427,12.56948
1789867312.147,1794,5.16931,0.70409,3.63966,1.551,1.548,947.3,64.93065,12.57652
1789867312.157,1795,5.19050,0.63209,3.28086,1.551,1.548,947.3,64.96343,12.58283
1789867312.167,1796,5.19054,0.63134,3.27700,1.551,1.549,947.3,64.99620,12.58914
1789867312.177,1797,5.19054,0.62685,3.25369,1.552,1.549,947.3,65.02873,12.59541
1789867312.187,1798,5.17181,0.63856,3.30251,1.552,1.549,947.3,65.06175,12.60180
1789867312.197,1799,5.19054,0.62810,3.26018,1.552,1.549,972.9,65.09434,12.60808
1789867312.207,1800,5.19054,0.62511,3.24466,1.552,1.549,972.9,65.12673,12.61432
1789867312.217,1801,5.19054,0.62212,3.22914,1.552,1.549,972.9,65.15896,12.62053
1789867312.227,1802,5.19054,0.63582,3.30025,1.552,1.548,972.9,65.19190,12.62687
1789867312.237,1803,5.19054,0.62162,3.22654,1.552,1.549,972.9,65.22411,12.63308
1789867312.247,1804,5.19054,0.64330,3.33907,1.552,1.548,972.9,65.25762,12.63953
1789867312.257,1805,5.19054,0.63806,3.31188,1.552,1.549,972.9,65.29085,12.64594
1789867312.267,1806,5.19038,0.63408,3.29112,1.552,1.549,972.9,65.32388,12.65230
1789867312.277,1807,5.19038,0.62710,3.25489,1.551,1.548,972.9,65.35655,12.65859
1789867312.287,1808,5.20054,0.63009,3.27681,1.552,1.549,972.9,65.38921,12.66487
1789867312.297,1809,5.19038,0.61963,3.21612,1.551,1.548,972.9,65.42127,12.67105
1789867312.307,1810,5.19038,0.63109,3.27560,1.552,1.549,972.9,65.45392,12.67734
1789867312.317,1811,5.19038,0.62735,3.25618,1.552,1.548,972.9,65.48638,12.68359
1789867312.327,1812,5.19038,0.62312,3.23423,1.551,1.548,972.9,65.51879,12.68984
1789867312.337,1813,5.19038,0.65751,3.41273,1.551,1.549,972.9,65.55300,12.69643
1789867312.347,1814,5.19038,0.64629,3.35449,1.551,1.549,972.9,65.58662,12.70291
1789867312.357,1815,5.19038,0.65751,3.41273,1.551,1.549,972.9,65.62083,12.70950
1789867312.367,1816,5.19027,0.63831,3.31300,1.552,1.549,972.9,65.65383,12.71586
1789867312.377,1817,5.19027,0.67419,3.49923,1.552,1.549,972.9,65.68868,12.72257
1789867312.387,1818,5.19027,0.62361,3.23670,1.552,1.550,947.3,65.72092,12.72878
1789867312.397,1819,5.19027,0.67369,3.49663,1.552,1.549,972.9,65.75574,12.73549
1789867312.407,1820,5.20054,0.62785,3.26516,1.552,1.549,972.9,65.78850,12.74179
1789867312.417,1821,5.19027,0.65709,3.41047,1.553,1.550,972.9,65.82271,12.74838
1789867312.427,1822,5.19027,0.63458,3.29364,1.552,1.549,972.9,65.85574,12.75475
1789867312.437,1823,5.19027,0.67917,3.52508,1.552,1.549,972.9,65.89110,12.76156
1789867312.447,1824,5.19027,0.73150,3.79668,1.551,1.548,972.9,65.92909,12.76888
1789867312.457,1825,5.19027,0.63881,3.31560,1.552,1.549,972.9,65.96227,12.77527
1789867312.467,1826,5.19023,0.63433,3.29232,1.551,1.548,972.9,65.99521,12.78162
1789867312.477,1827,5.19023,0.67444,3.50050,1.551,1.548,947.3,66.03023,12.78837
1789867312.487,1828,5.19023,0.63184,3.27939,1.550,1.548,947.3,66.06288,12.79466
1789867312.497,1829,5.19023,0.67793,3.51861,1.550,1.548,972.9,66.09792,12.80141
1789867312.507,1830,5.19023,0.62835,3.26128,1.551,1.548,972.9,66.13039,12.80766
1789867312.517,1831,5.19023,0.70384,3.65309,1.551,1.548,972.9,66.16676,12.81467
1789867312.527,1832,5.19023,0.63109,3.27550,1.551,1.548,972.9,66.19957,12.82099
1789867312.537,1833,5.19023,0.68490,3.55479,1.551,1.548,972.9,66.23519,12.82785
1789867312.547,1834,5.15556,0.65785,3.39159,1.551,1.548,972.9,66.26917,12.83444
1789867312.557,1835,5.19023,0.63433,3.29232,1.552,1.549,972.9,66.30216,12.84080
1789867312.567,1836,5.19027,0.62760,3.25741,1.552,1.548,972.9,66.33481,12.84709
1789867312.577,1837,5.19027,0.67295,3.49279,1.552,1.549,972.9,66.36983,12.85384
1789867312.587,1838,5.19027,0.63034,3.27163,1.552,1.549,972.9,66.40264,12.86016
1789867312.597,1839,5.17680,0.69836,3.61527,1.552,1.549,972.9,66.43888,12.86716
1789867312.607,1840,5.19027,0.63383,3.28975,1.552,1.549,972.9,66.47157,12.87346
1789867312.617,1841,5.19027,0.71331,3.70227,1.551,1.548,972.9,66.50835,12.88055
1789867312.627,1842,5.19027,0.61988,3.21734,1.552,1.549,972.9,66.54032,12.88671
1789867312.637,1843,5.16431,0.63034,3.25527,1.551,1.549,972.9,66.57266,12.89297
1789867312.647,1844,5.19027,0.62735,3.25612,1.551,1.548,972.9,66.60542,12.89928
1789867312.657,1845,5.19027,0.75791,3.93376,1.551,1.548,972.9,66.64501,12.90691
1789867312.667,1846,5.19027,0.63632,3.30267,1.551,1.549,972.9,66.67824,12.91331
1789867312.677,1847,5.19027,0.63931,3.31819,1.552,1.549,972.9,66.71163,12.91974
1789867312.687,1848,5.19027,0.62586,3.24838,1.552,1.549,972.9,66.74395,12.92597
1789867312.697,1849,5.16931,0.68964,3.56496,1.552,1.549,972.9,66.77942,12.93283
1789867312.707,1850,5.19027,0.62536,3.24579,1.552,1.549,972.9,66.81172,12.93905
1789867312.717,1851,5.19027,0.61863,3.21086,1.552,1.549,972.9,66.84367,12.94521
1789867312.727,1852,5.19027,0.62536,3.24579,1.552,1.549,972.9,66.87609,12.95146
1789867312.737,1853,5.16931,0.62835,3.24814,1.552,1.550,972.9,66.90854,12.95773
1789867312.747,1854,5.19027,0.65741,3.41214,1.551,1.549,972.9,66.94262,12.96430
1789867312.757,1855,5.19027,0.63433,3.29234,1.551,1.549,972.9,66.97550,12.97064
1789867312.767,1856,5.19031,0.63607,3.30140,1.551,1.548,972.9,67.00869,12.97703
1789867312.777,1857,5.19031,0.62785,3.25874,1.551,1.548,972.9,67.04145,12.98334
1789867312.787,1858,5.19031,0.62187,3.22770,1.551,1.548,972.9,67.07390,12.98959
1789867312.797,1859,5.19031,0.62237,3.23029,1.550,1.548,972.9,67.10637,12.99585
1789867312.807,1860,5.19031,0.62237,3.23029,1.551,1.548,972.9,67.13852,13.00204
1789867312.817,1861,5.19031,0.62411,3.23932,1.552,1.549,972.9,67.17076,13.00825
1789867312.827,1862,5.19031,0.63333,3.28718,1.552,1.550,972.9,67.20347,13.01456
1789867312.837,1863,5.19031,0.62860,3.26263,1.552,1.550,972.9,67.23594,13.02081
1789867312.847,1864,5.19031,0.62436,3.24062,1.552,1.549,972.9,67.26855,13.02710
1789867312.857,1865,5.20054,0.65614,3.41228,1.552,1.550,972.9,67.30289,13.03370
1789867312.867,1866,5.14432,0.77958,4.01041,1.552,1.549,972.9,67.34325,13.04154
1789867312.877,1867,5.20054,0.63433,3.29886,1.552,1.549,947.3,67.37645,13.04793
1789867312.887,1868,5.19035,0.63782,3.31051,1.551,1.548,972.9,67.40942,13.05428
1789867312.897,1869,5.20054,0.62287,3.23926,1.552,1.548,972.9,67.44168,13.06048
1789867312.907,1870,5.19035,0.65591,3.40440,1.552,1.549,972.9,67.47559,13.06702
1789867312.917,1871,5.20054,0.62810,3.26646,1.552,1.549,972.9,67.50812,13.07327
1789867312.927,1872,5.19035,0.66946,3.47473,1.552,1.549,972.9,67.54285,13.07996
1789867312.937,1873,5.19035,0.63358,3.28850,1.552,1.549,972.9,67.57572,13.08630
1789867312.947,1874,5.19035,0.68092,3.53421,1.552,1.548,972.9,67.61105,13.09310
1789867312.957,1875,5.19035,0.63059,3.27298,1.552,1.548,972.9,67.64376,13.09941
1789867312.967,1876,5.19011,0.65765,3.41328,1.552,1.548,972.9,67.67803,13.10601
1789867312.977,1877,5.19011,0.63233,3.28186,1.552,1.549,972.9,67.71097,13.11235
1789867312.987,1878,5.19011,0.67693,3.51334,1.552,1.549,972.9,67.74623,13.11915
1789867312.997,1879,5.19011,0.63308,3.28575,1.551,1.548,972.9,67.77922,13.12550
1789867313.007,1880,5.19011,0.65765,3.41328,1.552,1.550,972.9,67.81335,13.13208
1789867313.017,1881,5.19011,0.61938,3.21465,1.552,1.549,972.9,67.84550,13.13828
1789867313.027,1882,5.19011,0.66871,3.47068,1.552,1.549,972.9,67.88021,13.14496
1789867313.037,1883,5.19011,0.62536,3.24569,1.551,1.548,972.9,67.91267,13.15122
1789867313.047,1884,5.19011,0.66846,3.46938,1.551,1.548,972.9,67.94737,13.15790
1789867313.057,1885,5.20054,0.63483,3.30146,1.552,1.549,972.9,67.98040,13.16425
1789867313.067,1886,5.19019,0.85732,4.44965,1.552,1.548,972.9,68.02491,13.17283
1789867313.077,1887,5.19019,0.62760,3.25736,1.552,1.549,972.9,68.05749,13.17911
1789867313.087,1888,5.19019,0.67494,3.50307,1.552,1.548,972.9,68.09237,13.18583
1789867313.097,1889,5.20054,0.62536,3.25221,1.551,1.548,972.9,68.12475,13.19205
1789867313.107,1890,5.19019,0.65751,3.41260,1.551,1.548,972.9,68.15873,13.19860
1789867313.117,1891,5.20054,0.62984,3.27551,1.551,1.548,972.9,68.19134,13.20487
1789867313.127,1892,5.19019,0.67569,3.50696,1.551,1.548,972.9,68.22649,13.21164
1789867313.137,1893,5.19019,0.62361,3.23665,1.551,1.549,972.9,68.25892,13.21789
1789867313.147,1894,5.17930,0.65751,3.40544,1.551,1.549,972.9,68.29305,13.22448
1789867313.157,1895,5.20054,0.62561,3.25351,1.552,1.549,972.9,68.32565,13.23075
1789867313.167,1896,5.16306,0.67045,3.46157,1.551,1.549,972.9,68.36029,13.23746
1789867313.177,1897,5.19066,0.63134,3.27707,1.551,1.549,972.9,68.39308,13.24378
1789867313.187,1898,5.16431,0.67145,3.46758,1.551,1.549,972.9,68.42777,13.25049
1789867313.197,1899,5.19066,0.63358,3.28870,1.551,1.548,972.9,68.46068,13.25683
1789867313.208,1900,5.17805,0.71530,3.70386,1.551,1.548,972.9,68.50004,13.26444
1789867313.219,1901,5.19066,0.66746,3.46456,1.551,1.548,972.9,68.53686,13.27153
1789867313.229,1902,5.17181,0.74744,3.86562,1.552,1.550,972.9,68.57794,13.27947
1789867313.240,1903,5.19066,0.65542,3.40206,1.552,1.549,972.9,68.61410,13.28644
1789867313.249,1904,5.16431,0.71630,3.69920,1.552,1.549,972.9,68.64886,13.29317
1789867313.259,1905,5.19066,0.66672,3.46072,1.552,1.549,947.3,68.68138,13.29943
1789867313.268,1906,5.18999,0.84436,4.38222,1.552,1.549,947.3,68.72256,13.30737
1789867313.277,1907,5.18999,0.67245,3.49001,1.552,1.549,947.3,68.75535,13.31369
1789867313.287,1908,5.14806,0.75143,3.86841,1.551,1.548,972.9,68.79386,13.32117
1789867313.297,1909,5.20054,0.62710,3.26126,1.551,1.548,972.9,68.82633,13.32741
1789867313.307,1910,5.18999,0.65938,3.42218,1.551,1.549,972.9,68.86039,13.33397
1789867313.317,1911,5.18999,0.62112,3.22361,1.551,1.549,972.9,68.89248,13.34016
1789867313.327,1912,5.18999,0.73673,3.82362,1.551,1.549,972.9,68.93082,13.34754
1789867313.337,1913,5.18999,0.62411,3.23912,1.551,1.549,972.9,68.96329,13.35380
1789867313.347,1914,5.18999,0.63034,3.27146,1.552,1.549,972.9,68.99609,13.36012
1789867313.357,1915,5.20054,0.63233,3.28846,1.552,1.549,972.9,69.02906,13.36646
1789867313.367,1916,5.18980,0.73199,3.79888,1.552,1.549,972.9,69.06703,13.37378
1789867313.377,1917,5.18980,0.62760,3.25712,1.552,1.549,972.9,69.09959,13.38005
1789867313.387,1918,5.18980,0.63233,3.28167,1.552,1.549,972.9,69.13239,13.38637
1789867313.397,1919,5.18980,0.62835,3.26101,1.552,1.549,972.9,69.16499,13.39265
1789867313.407,1920,5.18980,0.66004,3.42548,1.552,1.548,972.9,69.19932,13.39927
1789867313.417,1921,5.20179,0.63358,3.29575,1.551,1.548,972.9,69.23235,13.40562
1789867313.427,1922,5.18980,0.62984,3.26874,1.551,1.548,972.9,69.26510,13.41193
1789867313.437,1923,5.18980,0.62760,3.25712,1.551,1.548,972.9,69.29775,13.41822
1789867313.447,1924,5.20054,0.62536,3.25221,1.552,1.548,972.9,69.33023,13.42446
1789867313.457,1925,5.18980,0.64454,3.34503,1.552,1.548,972.9,69.36365,13.43090
1789867313.467,1926,5.18976,0.61988,3.21703,1.552,1.548,972.9,69.39578,13.43709
1789867313.477,1927,5.16806,0.80923,4.18215,1.552,1.548,972.9,69.43756,13.44518
1789867313.487,1928,5.20054,0.69263,3.60205,1.552,1.549,972.9,69.47349,13.45209
1789867313.497,1929,5.18976,0.67967,3.52732,1.552,1.549,972.9,69.50867,13.45887
1789867313.507,1930,5.20054,0.62885,3.27036,1.551,1.549,972.9,69.54130,13.46514
1789867313.517,1931,5.18976,0.66008,3.42566,1.551,1.549,972.9,69.57547,13.47172
1789867313.527,1932,5.18976,0.62361,3.23639,1.551,1.549,972.9,69.60790,13.47797
1789867313.537,1933,5.18976,0.66008,3.42566,1.551,1.549,972.9,69.64224,13.48459
1789867313.547,1934,5.18976,0.62411,3.23898,1.551,1.548,972.9,69.67470,13.49085
1789867313.557,1935,5.18976,0.64679,3.35668,1.551,1.548,972.9,69.70835,13.49733
1789867313.567,1936,5.18968,0.63906,3.31652,1.551,1.548,972.9,69.74168,13.50375
1789867313.577,1937,5.18968,0.68466,3.55317,1.551,1.548,972.9,69.77740,13.51063
1789867313.588,1938,5.18968,0.63632,3.30230,1.551,1.548,972.9,69.81059,13.51703
1789867313.598,1939,5.18968,0.67519,3.50402,1.551,1.548,972.9,69.84582,13.52382
1789867313.608,1940,5.18968,0.62586,3.24801,1.552,1.548,972.9,69.87814,13.53005
1789867313.617,1941,5.18968,0.66042,3.42737,1.552,1.549,972.9,69.91224,13.53662
1789867313.627,1942,5.18968,0.62536,3.24542,1.552,1.550,972.9,69.94454,13.54284
1789867313.637,1943,5.18968,0.67245,3.48980,1.552,1.549,972.9,69.97927,13.54953
1789867313.647,1944,5.18968,0.62860,3.26223,1.552,1.549,972.9,70.01190,13.55582
1789867313.657,1945,5.18968,0.67569,3.50661,1.552,1.549,972.9,70.04697,13.56258
1789867313.667,1946,5.18992,0.62635,3.25071,1.552,1.549,972.9,70.07948,13.56884
1789867313.677,1947,5.18992,0.75940,3.94123,1.552,1.549,972.9,70.11890,13.57644
1789867313.687,1948,5.18992,0.63283,3.28434,1.551,1.548,972.9,70.15161,13.58274
1789867313.697,1949,5.17805,0.66122,3.42383,1.552,1.549,972.9,70.18572,13.58933
1789867313.707,1950,5.18992,0.63557,3.29856,1.552,1.549,972.9,70.21857,13.59566
1789867313.717,1951,5.18992,0.66122,3.43168,1.552,1.549,972.9,70.25276,13.60224
1789867313.727,1952,5.18992,0.62536,3.24557,1.552,1.548,972.9,70.28524,13.60850
1789867313.737,1953,5.16431,0.68017,3.51261,1.552,1.549,972.9,70.32040,13.61531
1789867313.747,1954,5.20179,0.63906,3.32426,1.551,1.548,972.9,70.35367,13.62171
1789867313.757,1955,5.18992,0.66122,3.43168,1.551,1.548,972.9,70.38802,13.62833
1789867313.767,1956,5.18992,0.63308,3.28563,1.551,1.548,972.9,70.42092,13.63466
1789867313.777,1957,5.17805,0.72128,3.73482,1.551,1.548,972.9,70.45831,13.64189
1789867313.787,1958,5.18992,0.62835,3.26109,1.551,1.549,972.9,70.49097,13.64818
1789867313.797,1959,5.17555,0.67145,3.47512,1.551,1.548,972.9,70.52576,13.65490
1789867313.807,1960,5.18992,0.63981,3.32056,1.552,1.549,972.9,70.55899,13.66130
1789867313.817,1961,5.20054,0.76189,3.96224,1.552,1.549,972.9,70.59865,13.66893
1789867313.827,1962,5.18992,0.62910,3.26498,1.552,1.549,972.9,70.63133,13.67523
1789867313.837,1963,5.16556,0.67444,3.48386,1.552,1.549,972.9,70.66620,13.68198
1789867313.847,1964,5.18992,0.62038,3.21972,1.552,1.549,972.9,70.69840,13.68818
1789867313.857,1965,5.18992,0.67743,3.51581,1.552,1.549,972.9,70.73357,13.69496
1789867313.867,1966,5.20054,0.63034,3.27811,1.551,1.549,972.9,70.76636,13.70126
1789867313.877,1967,5.18988,0.75168,3.90113,1.551,1.548,972.9,70.80538,13.70878
1789867313.887,1968,5.18988,0.63831,3.31275,1.551,1.548,972.9,70.83843,13.71515
1789867313.897,1969,5.18988,0.63657,3.30372,1.551,1.548,972.9,70.87138,13.72150
1789867313.907,1970,5.18988,0.62910,3.26495,1.551,1.548,972.9,70.90395,13.72777
1789867313.917,1971,5.18988,0.73424,3.81062,1.551,1.548,972.9,70.94197,13.73510
1789867313.927,1972,5.18988,0.62910,3.26495,1.552,1.549,972.9,70.97470,13.74141
1789867313.937,1973,5.18988,0.62760,3.25717,1.552,1.549,972.9,71.00736,13.74770
1789867313.947,1974,5.18988,0.62860,3.26236,1.552,1.548,972.9,71.04007,13.75400
1789867313.957,1975,5.20179,0.66090,3.43786,1.552,1.549,972.9,71.07454,13.76063
1789867313.967,1976,5.19038,0.62934,3.26651,1.552,1.549,972.9,71.10721,13.76692
1789867313.977,1977,5.19038,0.61888,3.21222,1.552,1.549,972.9,71.13933,13.77311
1789867313.987,1978,5.15931,0.69936,3.60822,1.552,1.548,972.9,71.17542,13.78011
1789867313.997,1979,5.19038,0.63358,3.28852,1.552,1.548,972.9,71.20831,13.78644
1789867314.007,1980,5.19038,0.65916,3.42129,1.552,1.549,972.9,71.24252,13.79303
1789867314.017,1981,5.19038,0.62959,3.26781,1.552,1.550,972.9,71.27521,13.79933
1789867314.027,1982,5.19038,0.67195,3.48768,1.553,1.550,972.9,71.31009,13.80605
1789867314.037,1983,5.20054,0.62735,3.26256,1.553,1.550,972.9,71.34272,13.81233
1789867314.047,1984,5.19038,0.67419,3.49930,1.552,1.550,972.9,71.37768,13.81906
1789867314.057,1985,5.19038,0.62212,3.22904,1.553,1.550,972.9,71.40993,13.82528
1789867314.067,1986,5.19038,0.67693,3.51352,1.552,1.550,972.9,71.44504,13.83204
1789867314.077,1987,5.19038,0.63209,3.28079,1.552,1.549,972.9,71.47781,13.83835
1789867314.087,1988,5.17306,0.83365,4.31252,1.550,1.548,972.9,71.52091,13.84668
1789867314.097,1989,5.19038,0.63408,3.29112,1.551,1.548,972.9,71.55379,13.85302
1789867314.107,1990,5.19038,0.65898,3.42036,1.552,1.548,972.9,71.58797,13.85961
1789867314.117,1991,5.19038,0.62586,3.24845,1.551,1.548,972.9,71.62043,13.86586
1789867314.127,1992,5.19038,0.67494,3.50320,1.551,1.548,972.9,71.65547,13.87261
1789867314.137,1993,5.19038,0.62835,3.26138,1.551,1.549,972.9,71.68810,13.87890
1789867314.147,1994,5.19038,0.65898,3.42036,1.551,1.548,972.9,71.72231,13.88549
1789867314.157,1995,5.19038,0.62660,3.25229,1.551,1.548,972.9,71.75484,13.89176
1789867314.167,1996,5.19031,0.67494,3.50315,1.551,1.549,972.9,71.78987,13.89850
1789867314.177,1997,5.19031,0.63034,3.27166,1.550,1.548,972.9,71.82259,13.90481
1789867314.187,1998,5.19031,0.76538,3.97256,1.551,1.549,972.9,71.86231,13.91246
1789867314.197,1999,5.19031,0.63383,3.28977,1.550,1.548,972.9,71.89521,13.91880
1789867314.207,2000,5.19031,0.66996,3.47730,1.551,1.549,972.9,71.92987,13.92548
1789867314.217,2001,5.19031,0.62685,3.25355,1.551,1.549,972.9,71.96230,13.93173
1789867314.227,2002,5.19031,0.67494,3.50315,1.551,1.549,972.9,71.99722,13.93845
1789867314.237,2003,5.19031,0.62810,3.26003,1.552,1.549,972.9,72.02972,13.94472
1789867314.247,2004,5.19031,0.67544,3.50574,1.552,1.549,972.9,72.06497,13.95151
1789867314.257,2005,5.20054,0.63383,3.29626,1.552,1.550,972.9,72.09811,13.95788
1789867314.267,2006,5.19105,0.66946,3.47520,1.552,1.549,972.9,72.13304,13.96461
1789867314.277,2007,5.19105,0.62087,3.22297,1.551,1.549,972.9,72.16544,13.97085
1789867314.287,2008,5.19105,0.65556,3.40304,1.551,1.549,972.9,72.19935,13.97738
1789867314.297,2009,5.19105,0.71057,3.68860,1.551,1.548,972.9,72.23610,13.98446
1789867314.307,2010,5.19105,0.67917,3.52561,1.551,1.548,972.9,72.27122,13.99123
1789867314.317,2011,5.19105,0.63831,3.31350,1.551,1.548,972.9,72.30423,13.99759
1789867314.327,2012,5.19105,0.70459,3.65756,1.551,1.548,972.9,72.34086,14.00464
1789867314.337,2013,5.19105,0.62411,3.23979,1.551,1.548,972.9,72.37331,14.01089
1789867314.347,2014,5.19105,0.66796,3.46741,1.551,1.548,972.9,72.40804,14.01758
1789867314.357,2015,5.19105,0.62386,3.23849,1.552,1.549,972.9,72.44047,14.02383
1789867314.367,2016,5.19148,0.76164,3.95404,1.552,1.549,972.9,72.48005,14.03146
1789867314.377,2017,5.19148,0.62885,3.26466,1.551,1.548,972.9,72.51273,14.03775
1789867314.387,2018,5.19148,0.66597,3.45737,1.551,1.549,972.9,72.54734,14.04442
1789867314.397,2019,5.15931,0.79976,4.12621,1.551,1.548,972.9,72.58864,14.05242
1789867314.407,2020,5.18055,0.73199,3.79211,1.552,1.549,972.9,72.62648,14.05973
1789867314.417,2021,5.19148,0.62984,3.26980,1.551,1.548,972.9,72.65910,14.06601
1789867314.427,2022,5.19148,0.72776,3.77815,1.552,1.549,972.9,72.69679,14.07327
1789867314.437,2023,5.19148,0.62660,3.25298,1.552,1.549,972.9,72.72925,14.07952
1789867314.447,2024,5.16306,0.63059,3.25577,1.552,1.549,972.9,72.76189,14.08584
1789867314.457,2025,5.19148,0.62984,3.26980,1.552,1.550,972.9,72.79466,14.09216
1789867314.467,2026,5.19120,0.74620,3.87367,1.552,1.549,972.9,72.83349,14.09964
1789867314.477,2027,5.19120,0.62835,3.26189,1.552,1.549,972.9,72.86619,14.10594
1789867314.487,2028,5.19120,0.65463,3.39832,1.551,1.549,972.9,72.90009,14.11247
1789867314.497,2029,5.19120,0.63956,3.32008,1.551,1.548,972.9,72.93320,14.11884
1789867314.507,2030,5.17056,0.69886,3.61350,1.552,1.548,972.9,72.96925,14.12582
1789867314.517,2031,5.19120,0.63109,3.27611,1.551,1.548,972.9,73.00193,14.13211
1789867314.527,2032,5.19120,0.63632,3.30326,1.552,1.548,972.9,73.03502,14.13848
1789867314.537,2033,5.19120,0.62835,3.26189,1.552,1.548,972.9,73.06770,14.14478
1789867314.547,2034,5.20304,0.63906,3.32505,1.551,1.548,972.9,73.10101,14.15118
1789867314.557,2035,5.19120,0.64230,3.33431,1.551,1.548,972.9,73.13441,14.15762
1789867314.567,2036,5.19136,0.62486,3.24387,1.551,1.548,972.9,73.16694,14.16388
1789867314.577,2037,5.19136,0.67668,3.51289,1.550,1.548,972.9,73.20217,14.17067
1789867314.587,2038,5.19136,0.62760,3.25810,1.550,1.548,972.9,73.23485,14.17696
1789867314.597,2039,5.19136,0.66796,3.46762,1.550,1.548,972.9,73.26962,14.18366
1789867314.607,2040,5.19136,0.63881,3.31629,1.552,1.549,972.9,73.30254,14.19000
1789867314.617,2041,5.19136,0.68416,3.55172,1.551,1.549,972.9,73.33780,14.19680
1789867314.627,2042,5.19136,0.63209,3.28141,1.551,1.549,972.9,73.37038,14.20307
1789867314.637,2043,5.19136,0.67668,3.51289,1.552,1.549,972.9,73.40525,14.20979
1789867314.647,2044,5.19136,0.62710,3.25550,1.552,1.549,972.9,73.43794,14.21608
1789867314.657,2045,5.19136,0.64155,3.33052,1.552,1.549,972.9,73.47138,14.22253
1789867314.667,2046,5.19132,0.62635,3.25158,1.552,1.549,972.9,73.50403,14.22882
1789867314.677,2047,5.19132,0.66921,3.47408,1.552,1.549,972.9,73.53891,14.23553
1789867314.687,2048,5.19132,0.62461,3.24255,1.552,1.549,972.9,73.57117,14.24175
1789867314.697,2049,5.19132,0.66472,3.45077,1.552,1.548,972.9,73.60550,14.24836
1789867314.707,2050,5.16306,0.78706,4.06364,1.552,1.548,972.9,73.64592,14.25619
1789867314.717,2051,5.19132,0.67793,3.51935,1.552,1.549,972.9,73.68093,14.26293
1789867314.727,2052,5.19132,0.63233,3.28263,1.551,1.548,972.9,73.71389,14.26928
1789867314.737,2053,5.19132,0.68366,3.54910,1.552,1.548,972.9,73.74952,14.27615
1789867314.747,2054,5.19132,0.62411,3.23995,1.551,1.548,972.9,73.78205,14.28241
1789867314.757,2055,5.19132,0.66996,3.47798,1.551,1.549,972.9,73.81697,14.28914
1789867314.767,2056,5.19105,0.62660,3.25271,1.551,1.548,972.9,73.84948,14.29540
1789867314.777,2057,5.19105,0.67394,3.49846,1.551,1.548,972.9,73.88444,14.30214
1789867314.787,2058,5.19105,0.63931,3.31869,1.552,1.548,972.9,73.91761,14.30853
1789867314.797,2059,5.19105,0.67021,3.47909,1.551,1.548,972.9,73.95238,14.31523
1789867314.807,2060,5.16056,0.80350,4.14651,1.551,1.548,972.9,73.99394,14.32328
1789867314.817,2061,5.19105,0.67519,3.50495,1.551,1.548,972.9,74.02907,14.33005
1789867314.827,2062,5.19105,0.63134,3.27732,1.552,1.549,972.9,74.06191,14.33637
1789867314.837,2063,5.19105,0.66771,3.46612,1.552,1.549,972.9,74.09665,14.34307
1789867314.847,2064,5.19105,0.63408,3.29154,1.552,1.548,972.9,74.12958,14.34941
1789867314.857,2065,5.19105,0.67021,3.47909,1.552,1.548,972.9,74.16439,14.35611
1789867314.867,2066,5.19085,0.62536,3.24615,1.552,1.549,972.9,74.19686,14.36237
1789867314.877,2067,5.19085,0.69960,3.63152,1.552,1.548,972.9,74.23319,14.36937
1789867314.887,2068,5.19085,0.62386,3.23836,1.551,1.548,972.9,74.26552,14.37560
1789867314.897,2069,5.19085,0.66597,3.45695,1.551,1.548,972.9,74.30003,14.38224
1789867314.907,2070,5.16181,0.65524,3.38222,1.552,1.548,972.9,74.33380,14.38879
1789867314.917,2071,5.19085,0.74071,3.84491,1.552,1.549,972.9,74.37218,14.39618
1789867314.927,2072,5.19085,0.63084,3.27460,1.552,1.548,972.9,74.40498,14.40250
1789867314.937,2073,5.19085,0.66971,3.47636,1.552,1.549,972.9,74.43980,14.40921
1789867314.947,2074,5.19085,0.62635,3.25129,1.552,1.548,972.9,74.47236,14.41548
1789867314.957,2075,5.17555,0.70484,3.64793,1.552,1.548,972.9,74.50890,14.42254
1789867314.967,2076,5.19085,0.62611,3.25004,1.552,1.549,972.9,74.54138,14.42880
1789867314.977,2077,5.19085,0.71356,3.70398,1.552,1.549,972.9,74.57840,14.43593
1789867314.987,2078,5.19085,0.62536,3.24615,1.552,1.548,972.9,74.61084,14.44218
1789867314.997,2079,5.16556,0.62984,3.25348,1.552,1.548,972.9,74.64336,14.44847
1789867315.007,2080,5.19085,0.65573,3.40380,1.552,1.550,972.9,74.67739,14.45503
1789867315.017,2081,5.19085,0.76812,3.98720,1.552,1.549,972.9,74.71725,14.46271
1789867315.027,2082,5.19085,0.62934,3.26681,1.552,1.549,972.9,74.74991,14.46900
1789867315.037,2083,5.19085,0.62660,3.25259,1.552,1.549,972.9,74.78242,14.47526
1789867315.047,2084,5.19085,0.62536,3.24615,1.552,1.549,972.9,74.81491,14.48152
1789867315.057,2085,5.17430,0.68316,3.53487,1.552,1.549,972.9,74.85029,14.48836
1789867315.067,2086,5.19085,0.62934,3.26681,1.552,1.548,972.9,74.88299,14.49466
1789867315.077,2087,5.20179,0.63508,3.30355,1.552,1.549,972.9,74.91605,14.50102
1789867315.087,2088,5.19085,0.62934,3.26681,1.552,1.549,972.9,74.94873,14.50731
1789867315.097,2089,5.16431,0.63931,3.30160,1.551,1.548,972.9,74.98176,14.51371
1789867315.107,2090,5.19085,0.62536,3.24615,1.551,1.548,972.9,75.01423,14.51996
1789867315.117,2091,5.14806,0.77285,3.97868,1.551,1.548,972.9,75.05403,14.52769
1789867315.127,2092,5.19085,0.62760,3.25778,1.552,1.549,972.9,75.08654,14.53396
1789867315.137,2093,5.19085,0.63757,3.30953,1.552,1.549,972.9,75.11956,14.54032
1789867315.147,2094,5.19085,0.63209,3.28108,1.551,1.548,972.9,75.15229,14.54662
1789867315.157,2095,5.19085,0.62312,3.23452,1.552,1.549,972.9,75.18456,14.55284
1789867315.167,2096,5.19066,0.62561,3.24733,1.552,1.549,972.9,75.21710,14.55911
1789867315.177,2097,5.19066,0.62511,3.24473,1.552,1.549,972.9,75.24960,14.56537
1789867315.187,2098,5.19066,0.62013,3.21888,1.552,1.549,972.9,75.28185,14.57158
1789867315.197,2099,5.19066,0.62910,3.26544,1.552,1.549,972.9,75.31457,14.57789
1789867315.207,2100,5.19066,0.63059,3.27318,1.552,1.549,972.9,75.34717,14.58417
1789867315.217,2101,5.19066,0.63308,3.28610,1.552,1.549,972.9,75.37989,14.59047
1789867315.227,2102,5.19066,0.63159,3.27837,1.552,1.549,972.9,75.41255,14.59676
1789867315.237,2103,5.19066,0.63582,3.30033,1.552,1.549,972.9,75.44542,14.60309
1789867315.247,2104,5.18055,0.63134,3.27069,1.552,1.548,972.9,75.47825,14.60943
1789867315.257,2105,5.19066,0.62312,3.23440,1.552,1.549,972.9,75.51072,14.61569
1789867315.267,2106,5.19062,0.65793,3.41506,1.552,1.549,972.9,75.54501,14.62229
1789867315.277,2107,5.19062,0.62411,3.23952,1.552,1.549,972.9,75.57753,14.62856
1789867315.287,2108,5.19062,0.67195,3.48784,1.551,1.548,972.9,75.61235,14.63527
1789867315.297,2109,5.19062,0.63283,3.28478,1.551,1.548,972.9,75.64514,14.64158
1789867315.307,2110,5.19062,0.68092,3.53440,1.551,1.549,972.9,75.68043,14.64838
1789867315.317,2111,5.19062,0.65793,3.41506,1.550,1.548,972.9,75.71452,14.65495
1789867315.327,2112,5.19062,0.67494,3.50336,1.551,1.548,972.9,75.74962,14.66171
1789867315.337,2113,5.19062,0.62835,3.26153,1.551,1.548,972.9,75.78229,14.66801
1789867315.347,2114,5.19062,0.67768,3.51758,1.552,1.548,972.9,75.81753,14.67480
1789867315.357,2115,5.19062,0.62586,3.24860,1.552,1.549,972.9,75.85008,14.68107
1789867315.367,2116,5.19066,0.65825,3.41675,1.552,1.548,972.9,75.88426,14.68765
1789867315.377,2117,5.19066,0.63283,3.28481,1.552,1.549,972.9,75.91711,14.69398
1789867315.387,2118,5.19066,0.67319,3.49430,1.552,1.548,972.9,75.95206,14.70071
1789867315.397,2119,5.19066,0.62785,3.25896,1.551,1.548,972.9,75.98466,14.70699
1789867315.407,2120,5.19066,0.68565,3.55898,1.551,1.548,972.9,76.02013,14.71383
1789867315.417,2121,5.19066,0.62959,3.26799,1.550,1.548,972.9,76.05270,14.72010
1789867315.427,2122,5.19066,0.67195,3.48786,1.551,1.548,972.9,76.08746,14.72680
1789867315.437,2123,5.19066,0.63408,3.29129,1.550,1.548,972.9,76.12027,14.73312
1789867315.447,2124,5.19066,0.67942,3.52664,1.550,1.548,972.9,76.15565,14.73994
1789867315.457,2125,5.19066,0.62835,3.26155,1.551,1.548,972.9,76.18837,14.74624
1789867315.467,2126,5.19085,0.67569,3.50741,1.551,1.548,972.9,76.22356,14.75302
1789867315.477,2127,5.19085,0.62461,3.24226,1.551,1.548,972.9,76.25609,14.75929
1789867315.487,2128,5.19085,0.65789,3.41501,1.551,1.549,972.9,76.29014,14.76585
1789867315.497,2129,5.19085,0.62685,3.25388,1.551,1.548,972.9,76.32259,14.77210
1789867315.507,2130,5.17555,0.65789,3.40494,1.551,1.548,972.9,76.35654,14.77866
1789867315.517,2131,5.19085,0.62411,3.23966,1.551,1.548,972.9,76.38884,14.78488
1789867315.527,2132,5.15181,0.83489,4.30119,1.550,1.548,972.9,76.43199,14.79325
1789867315.537,2133,5.19085,0.63383,3.29012,1.551,1.549,972.9,76.46499,14.79961
1789867315.547,2134,5.16181,0.65789,3.39590,1.551,1.548,972.9,76.49906,14.80621
1789867315.557,2135,5.19085,0.62885,3.26427,1.551,1.548,972.9,76.53180,14.81252
1789867315.567,2136,5.19058,0.75566,3.92231,1.551,1.549,972.9,76.57100,14.82007
1789867315.577,2137,5.19058,0.62212,3.22916,1.551,1.549,972.9,76.60328,14.82629
1789867315.587,2138,5.19058,0.62561,3.24728,1.552,1.550,972.9,76.63573,14.83254
1789867315.597,2139,5.19058,0.62710,3.25501,1.551,1.549,972.9,76.66827,14.83881
1789867315.607,2140,5.17430,0.70284,3.63671,1.551,1.549,972.9,76.70461,14.84583
1789867315.617,2141,5.19058,0.64255,3.33521,1.551,1.549,972.9,76.73794,14.85226
1789867315.627,2142,5.12932,0.80549,4.13162,1.552,1.549,972.9,76.77922,14.86030
1789867315.637,2143,5.19058,0.62885,3.26410,1.552,1.549,972.9,76.81184,14.86659
1789867315.647,2144,5.16056,0.63806,3.29275,1.552,1.549,972.9,76.84480,14.87297
1789867315.657,2145,5.19058,0.62561,3.24728,1.552,1.549,972.9,76.87729,14.87924
1789867315.667,2146,5.20054,0.63508,3.30276,1.552,1.549,972.9,76.91035,14.88559
1789867315.677,2147,5.19027,0.63209,3.28072,1.552,1.549,972.9,76.94318,14.89192
1789867315.687,2148,5.19027,0.63009,3.27034,1.551,1.549,972.9,76.97572,14.89819
1789867315.697,2149,5.19027,0.63034,3.27163,1.551,1.548,972.9,77.00827,14.90446
1789867315.707,2150,5.19027,0.62984,3.26904,1.552,1.549,972.9,77.04079,14.91072
1789867315.717,2151,5.19027,0.61913,3.21345,1.551,1.548,972.9,77.07276,14.91688
1789867315.727,2152,5.19027,0.63881,3.31560,1.551,1.548,972.9,77.10610,14.92331
1789867315.737,2153,5.19027,0.63134,3.27683,1.551,1.548,972.9,77.13904,14.92965
1789867315.747,2154,5.19027,0.63433,3.29234,1.551,1.548,972.9,77.17214,14.93603
1789867315.757,2155,5.19027,0.63159,3.27812,1.551,1.548,972.9,77.20510,14.94238
1789867315.767,2156,5.20304,0.63557,3.30690,1.551,1.548,972.9,77.23841,14.94878
1789867315.777,2157,5.19058,0.62137,3.22527,1.552,1.548,972.9,77.27091,14.95504
1789867315.788,2158,5.21054,0.59023,3.07542,1.552,1.549,972.9,77.30189,14.96099
1789867315.798,2159,5.19058,0.58300,3.02611,1.552,1.549,972.9,77.33238,14.96686
1789867315.808,2160,5.19058,0.62710,3.25501,1.552,1.549,972.9,77.36452,14.97305
1789867315.817,2161,5.20554,0.59322,3.08803,1.552,1.549,972.9,77.39501,14.97891
1789867315.827,2162,5.20304,0.67419,3.50784,1.551,1.548,972.9,77.42964,14.98557
1789867315.837,2163,5.20429,0.63906,3.32585,1.551,1.548,972.9,77.46249,14.99188
1789867315.847,2164,5.20679,0.60094,3.12897,1.551,1.548,972.9,77.49394,14.99792
1789867315.857,2165,5.20304,0.62038,3.22786,1.551,1.548,972.9,77.52639,15.00416
1789867315.867,2166,5.19163,0.63333,3.28802,1.551,1.548,972.9,77.55944,15.01052
1789867315.877,2167,5.20804,0.58549,3.04926,1.551,1.548,972.9,77.59010,15.01641
1789867315.887,2168,5.20179,0.61340,3.19078,1.552,1.548,972.9,77.62185,15.02251
1789867315.897,2169,5.20804,0.58973,3.07134,1.552,1.548,972.9,77.65242,15.02838
1789867315.907,2170,5.20179,0.61290,3.18818,1.551,1.548,972.9,77.68415,15.03448
1789867315.917,2171,5.20554,0.64380,3.35133,1.551,1.548,972.9,77.71750,15.04089
1789867315.927,2172,5.20179,0.59770,3.10911,1.551,1.548,972.9,77.74875,15.04690
1789867315.937,2173,5.19163,0.61290,3.18195,1.551,1.548,972.9,77.78072,15.05306
1789867315.947,2174,5.20929,0.59023,3.07468,1.551,1.548,972.9,77.81162,15.05899
1789867315.957,2175,5.20304,0.58624,3.05023,1.550,1.548,972.9,77.84228,15.06488
1789867315.967,2176,5.20304,0.61664,3.20840,1.550,1.548,972.9,77.87433,15.07104
1789867315.977,2177,5.19281,0.66522,3.45436,1.550,1.548,972.9,77.90884,15.07769
1789867315.987,2178,5.19281,0.62337,3.23704,1.550,1.548,972.9,77.94117,15.08391
1789867315.997,2179,5.19281,0.64824,3.36619,1.550,1.548,972.9,77.97480,15.09039
1789867316.007,2180,5.19281,0.62536,3.24738,1.551,1.548,972.9,78.00722,15.09663
1789867316.017,2181,5.19281,0.64824,3.36619,1.551,1.548,972.9,78.04082,15.10310
1789867316.027,2182,5.19281,0.62685,3.25511,1.552,1.549,972.9,78.07331,15.10936
1789867316.037,2183,5.19281,0.63258,3.28487,1.552,1.549,972.9,78.10610,15.11567
1789867316.047,2184,5.19281,0.64824,3.36619,1.551,1.548,972.9,78.13982,15.12217
1789867316.057,2185,5.21179,0.63034,3.28520,1.552,1.549,972.9,78.17272,15.12848
1789867316.067,2186,5.20804,0.58848,3.06483,1.551,1.548,972.9,78.20342,15.13437
1789867316.077,2187,5.19324,0.60343,3.13376,1.551,1.548,972.9,78.23481,15.14042
1789867316.087,2188,5.20804,0.58848,3.06483,1.550,1.548,972.9,78.26534,15.14628
1789867316.097,2189,5.20804,0.58948,3.07004,1.550,1.548,972.9,78.29592,15.15215
1789867316.107,2190,5.19324,0.60493,3.14155,1.552,1.548,972.9,78.32721,15.15818
1789867316.117,2191,5.20804,0.58824,3.06358,1.551,1.548,972.9,78.35773,15.16404
1789867316.127,2192,5.19324,0.61564,3.19717,1.551,1.548,972.9,78.38980,15.17021
1789867316.137,2193,5.19324,0.67618,3.51157,1.552,1.549,972.9,78.42504,15.17700
1789867316.147,2194,5.20679,0.59546,3.10044,1.552,1.548,972.9,78.45615,15.18297
1789867316.157,2195,5.19324,0.61365,3.18683,1.552,1.548,972.9,78.48812,15.18913
1789867316.167,2196,5.19441,0.58873,3.05810,1.552,1.549,972.9,78.51876,15.19503
1789867316.177,2197,5.20554,0.58400,3.04004,1.552,1.549,972.9,78.54921,15.20088
1789867316.187,2198,5.20679,0.61464,3.20030,1.552,1.549,972.9,78.58127,15.20704
1789867316.197,2199,5.20804,0.58749,3.05967,1.552,1.549,972.9,78.61193,15.21292
1789867316.207,2200,5.20679,0.59272,3.08617,1.552,1.549,972.9,78.64256,15.21880
1789867316.217,2201,5.19441,0.60891,3.16293,1.552,1.549,972.9,78.67395,15.22485
1789867316.227,2202,5.19441,0.58824,3.05556,1.551,1.548,972.9,78.70428,15.23069
1789867316.237,2203,5.19441,0.61888,3.21472,1.551,1.548,972.9,78.73619,15.23683
1789867316.247,2204,5.20804,0.59421,3.09467,1.551,1.548,972.9,78.76730,15.24280
1789867316.257,2205,5.19441,0.59098,3.06979,1.552,1.548,972.9,78.79816,15.24874
1789867316.267,2206,5.19538,0.63529,3.30057,1.552,1.549,972.9,78.83133,15.25513
1789867316.277,2207,5.21054,0.59172,3.08318,1.552,1.549,972.9,78.86232,15.26108
1789867316.287,2208,5.19538,0.61041,3.17131,1.552,1.549,972.9,78.89393,15.26716
1789867316.297,2209,5.20679,0.58026,3.02129,1.551,1.548,972.9,78.92404,15.27294
1789867316.307,2210,5.20804,0.58500,3.04670,1.552,1.548,972.9,78.95440,15.27877
1789867316.317,2211,5.19538,0.61564,3.19848,1.551,1.548,972.9,78.98628,15.28491
1789867316.327,2212,5.20554,0.59397,3.09193,1.551,1.548,972.9,79.01733,15.29087
1789867316.337,2213,5.19538,0.60368,3.13635,1.551,1.548,972.9,79.04883,15.29694
1789867316.347,2214,5.19538,0.61190,3.17905,1.551,1.548,972.9,79.08075,15.30308
1789867316.357,2215,5.20554,0.58549,3.04779,1.551,1.548,972.9,79.11136,15.30896
1789867316.367,2216,5.20679,0.59646,3.10564,1.551,1.548,972.9,79.14243,15.31493
1789867316.377,2217,5.19644,0.63019,3.27474,1.551,1.548,972.9,79.17518,15.32123
1789867316.387,2218,5.19644,0.60194,3.12795,1.552,1.549,972.9,79.20647,15.32725
1789867316.397,2219,5.19644,0.61141,3.17716,1.552,1.548,972.9,79.23826,15.33337
1789867316.407,2220,5.20804,0.58699,3.05707,1.552,1.549,972.9,79.26866,15.33921
1789867316.417,2221,5.19644,0.58400,3.03472,1.552,1.549,972.9,79.29884,15.34502
1789867316.427,2222,5.19644,0.63019,3.27474,1.552,1.549,972.9,79.33141,15.35128
1789867316.437,2223,5.19644,0.58873,3.05930,1.552,1.550,972.9,79.36184,15.35714
1789867316.447,2224,5.19644,0.61166,3.17845,1.552,1.548,972.9,79.39380,15.36329
1789867316.457,2225,5.20679,0.59322,3.08877,1.552,1.549,972.9,79.42486,15.36925
1789867316.467,2226,5.19757,0.62478,3.24734,1.552,1.549,972.9,79.45751,15.37554
1789867316.477,2227,5.21054,0.62478,3.25544,1.551,1.548,972.9,79.49025,15.38182
1789867316.487,2228,5.19757,0.60592,3.14931,1.551,1.548,972.9,79.52173,15.38788
1789867316.497,2229,5.19757,0.63582,3.30472,1.550,1.548,972.9,79.55476,15.39423
1789867316.507,2230,5.19757,0.58325,3.03148,1.550,1.548,972.9,79.58506,15.40006
1789867316.517,2231,5.19757,0.61190,3.18039,1.550,1.548,972.9,79.61685,15.40618
1789867316.527,2232,5.21054,0.58649,3.05593,1.550,1.548,972.9,79.64746,15.41205
1789867316.537,2233,5.19757,0.60169,3.12733,1.550,1.548,972.9,79.67878,15.41808
1789867316.547,2234,5.18680,0.69039,3.58091,1.551,1.548,972.9,79.71465,15.42499
1789867316.557,2235,5.19757,0.64679,3.36174,1.551,1.548,972.9,79.74832,15.43147
1789867316.567,2236,5.19882,0.61957,3.22103,1.552,1.548,972.9,79.78053,15.43767
1789867316.577,2237,5.20929,0.59048,3.07598,1.552,1.548,972.9,79.81130,15.44357
1789867316.587,2238,5.19882,0.58126,3.02187,1.552,1.549,972.9,79.84152,15.44939
1789867316.597,2239,5.19882,0.60867,3.16437,1.552,1.548,972.9,79.87316,15.45547
1789867316.607,2240,5.19882,0.59098,3.07240,1.552,1.548,972.9,79.90367,15.46134
1789867316.617,2241,5.19882,0.58774,3.05555,1.552,1.548,972.9,79.93402,15.46718
1789867316.627,2242,5.19882,0.61957,3.22103,1.551,1.548,972.9,79.96600,15.47333
1789867316.637,2243,5.19882,0.59471,3.09179,1.551,1.548,972.9,79.99671,15.47924
1789867316.647,2244,5.19882,0.66323,3.44801,1.551,1.548,972.9,80.03141,15.48591
1789867316.657,2245,5.19882,0.58873,3.06070,1.551,1.548,972.9,80.06222,15.49184
1789867316.667,2246,5.20019,0.58873,3.06151,1.551,1.548,972.9,80.09304,15.49777
1789867316.677,2247,5.20019,0.61361,3.19089,1.551,1.548,972.9,80.12516,15.50394
1789867316.687,2248,5.20019,0.58574,3.04596,1.551,1.548,972.9,80.15546,15.50977
1789867316.697,2249,5.20019,0.61361,3.19089,1.550,1.548,972.9,80.18720,15.51587
1789867316.707,2250,5.20019,0.58799,3.05766,1.551,1.548,972.9,80.21762,15.52172
1789867316.717,2251,5.20019,0.58325,3.03301,1.551,1.548,972.9,80.24779,15.52752
1789867316.727,2252,5.20019,0.61361,3.19089,1.551,1.548,972.9,80.27978,15.53368
1789867316.737,2253,5.20019,0.58724,3.05376,1.551,1.548,972.9,80.31040,15.53956
1789867316.747,2254,5.20019,0.61361,3.19089,1.551,1.548,972.9,80.34240,15.54572
1789867316.757,2255,5.20019,0.59222,3.07966,1.551,1.548,972.9,80.37327,15.55165
1789867316.767,2256,5.20132,0.59571,3.09848,1.551,1.548,972.9,80.40432,15.55762
1789867316.777,2257,5.20132,0.60857,3.16537,1.551,1.548,972.9,80.43603,15.56372
1789867316.787,2258,5.20132,0.58300,3.03237,1.551,1.548,972.9,80.46641,15.56956
1789867316.797,2259,5.20132,0.60857,3.16537,1.551,1.548,972.9,80.49812,15.57566
1789867316.807,2260,5.20132,0.58001,3.01682,1.551,1.548,972.9,80.52826,15.58145
1789867316.817,2261,5.20132,0.58624,3.04922,1.551,1.548,972.9,80.55872,15.58731
1789867316.827,2262,5.20132,0.60857,3.16537,1.552,1.548,972.9,80.59034,15.59339
1789867316.837,2263,5.20132,0.58574,3.04662,1.552,1.550,972.9,80.62078,15.59924
1789867316.847,2264,5.20132,0.60857,3.16537,1.551,1.548,972.9,80.65246,15.60533
1789867316.857,2265,5.20132,0.59147,3.07642,1.552,1.549,972.9,80.68326,15.61125
1789867316.867,2266,5.20183,0.58824,3.05992,1.552,1.548,972.9,80.71389,15.61714
1789867316.877,2267,5.20183,0.63682,3.31263,1.551,1.548,972.9,80.74705,15.62351
1789867316.887,2268,5.20183,0.58699,3.05342,1.551,1.548,972.9,80.77749,15.62937
1789867316.897,2269,5.20183,0.58226,3.02882,1.550,1.548,972.9,80.80769,15.63517
1789867316.907,2270,5.20183,0.60657,3.15527,1.551,1.548,972.9,80.83914,15.64122
1789867316.917,2271,5.20183,0.59048,3.07158,1.551,1.548,972.9,80.86977,15.64711
1789867316.927,2272,5.20183,0.58201,3.02752,1.552,1.548,972.9,80.90016,15.65295
1789867316.937,2273,5.20183,0.62461,3.24912,1.552,1.549,972.9,80.93278,15.65922
1789867316.947,2274,5.20183,0.58699,3.05342,1.551,1.548,972.9,80.96344,15.66511
1789867316.957,2275,5.20183,0.62860,3.26987,1.551,1.548,972.9,80.99627,15.67143
1789867316.967,2276,5.20175,0.59197,3.07928,1.551,1.548,972.9,81.02701,15.67733
1789867316.977,2277,5.20175,0.62386,3.24516,1.551,1.548,972.9,81.05941,15.68356
1789867316.987,2278,5.20175,0.63084,3.28147,1.551,1.548,972.9,81.09217,15.68986
1789867316.997,2279,5.20175,0.60670,3.15590,1.550,1.548,972.9,81.12367,15.69592
1789867317.007,2280,5.20175,0.63233,3.28922,1.551,1.548,972.9,81.15647,15.70222
1789867317.017,2281,5.20175,0.58525,3.04432,1.551,1.548,972.9,81.18682,15.70806
1789867317.027,2282,5.20175,0.60670,3.15590,1.550,1.548,972.9,81.21829,15.71411
1789867317.037,2283,5.20175,0.59147,3.07668,1.550,1.548,972.9,81.24897,15.72001
1789867317.047,2284,5.20175,0.62860,3.26982,1.551,1.548,972.9,81.28173,15.72630
1789867317.057,2285,5.18055,0.71381,3.69793,1.551,1.548,972.9,81.31878,15.73345
1789867317.067,2286,5.20229,0.58674,3.05239,1.551,1.548,972.9,81.34936,15.73933
1789867317.077,2287,5.20229,0.60452,3.14489,1.551,1.548,972.9,81.38086,15.74539
1789867317.087,2288,5.20229,0.60452,3.14489,1.551,1.548,972.9,81.41222,15.75142
1789867317.097,2289,5.20229,0.60452,3.14489,1.551,1.548,972.9,81.44359,15.75745
1789867317.107,2290,5.20229,0.60452,3.14489,1.551,1.548,972.9,81.47495,15.76347
1789867317.117,2291,5.19180,0.60452,3.13855,1.551,1.548,972.9,81.50625,15.76950
1789867317.127,2292,5.20229,0.58226,3.02909,1.551,1.548,972.9,81.53663,15.77534
1789867317.137,2293,5.20229,0.61788,3.21439,1.551,1.548,972.9,81.56888,15.78154
1789867317.147,2294,5.20229,0.58475,3.04204,1.550,1.548,972.9,81.59939,15.78741
1789867317.157,2295,5.20229,0.61938,3.22219,1.551,1.548,972.9,81.63171,15.79362
1789867317.167,2296,5.20237,0.63483,3.30262,1.550,1.548,972.9,81.66470,15.79996
1789867317.177,2297,5.20237,0.59098,3.07450,1.550,1.548,972.9,81.69541,15.80586
1789867317.187,2298,5.20237,0.61415,3.19504,1.550,1.548,972.9,81.72733,15.81200
1789867317.197,2299,5.20237,0.58724,3.05504,1.550,1.548,972.9,81.75785,15.81787
1789867317.207,2300,5.20237,0.60376,3.14098,1.551,1.548,972.9,81.78928,15.82391
1789867317.217,2301,5.20237,0.58151,3.02523,1.551,1.548,972.9,81.81955,15.82973
1789867317.227,2302,5.20237,0.59023,3.07059,1.552,1.548,972.9,81.85028,15.83563
1789867317.237,2303,5.20237,0.60376,3.14098,1.552,1.549,972.9,81.88171,15.84167
1789867317.247,2304,5.20237,0.58525,3.04469,1.551,1.548,972.9,81.91216,15.84753
1789867317.257,2305,5.20237,0.63209,3.28837,1.551,1.548,972.9,81.94505,15.85385
1789867317.267,2306,5.20249,0.58574,3.04731,1.551,1.548,972.9,81.97553,15.85971
1789867317.277,2307,5.20249,0.58674,3.05251,1.550,1.548,972.9,82.00606,15.86558
1789867317.287,2308,5.20249,0.61938,3.22232,1.550,1.548,972.9,82.03820,15.87175
1789867317.297,2309,5.20249,0.58375,3.03695,1.550,1.548,972.9,82.06850,15.87758
1789867317.307,2310,5.20249,0.60387,3.14163,1.552,1.548,972.9,82.09983,15.88360
1789867317.317,2311,5.20249,0.59347,3.08752,1.552,1.549,972.9,82.13063,15.88952
1789867317.327,2312,5.20249,0.58624,3.04991,1.552,1.548,972.9,82.16121,15.89540
1789867317.337,2313,5.20249,0.60387,3.14163,1.552,1.549,972.9,82.19272,15.90145
1789867317.347,2314,5.20249,0.58525,3.04476,1.551,1.548,972.9,82.22325,15.90732
1789867317.357,2315,5.20249,0.60387,3.14163,1.550,1.548,972.9,82.25476,15.91338
1789867317.367,2316,5.20253,0.59247,3.08234,1.550,1.548,972.9,82.28549,15.91929
1789867317.377,2317,5.20253,0.60368,3.14066,1.550,1.548,972.9,82.31681,15.92531
1789867317.387,2318,5.20253,0.61714,3.21069,1.550,1.548,972.9,82.34882,15.93146
1789867317.397,2319,5.20253,0.58549,3.04603,1.550,1.548,972.9,82.37920,15.93730
1789867317.407,2320,5.20253,0.60368,3.14066,1.551,1.548,972.9,82.41073,15.94336
1789867317.417,2321,5.20253,0.58151,3.02532,1.552,1.548,972.9,82.44110,15.94920
1789867317.427,2322,5.20253,0.58126,3.02402,1.552,1.548,972.9,82.47146,15.95503
1789867317.437,2323,5.20253,0.62536,3.25345,1.551,1.549,972.9,82.50412,15.96131
1789867317.447,2324,5.20253,0.60368,3.14066,1.551,1.548,972.9,82.53552,15.96735
1789867317.457,2325,5.20253,0.60368,3.14066,1.552,1.549,972.9,82.56691,15.97338
1789867317.467,2326,5.20253,0.63981,3.32863,1.551,1.549,972.9,82.60019,15.97978
1789867317.477,2327,5.20253,0.58649,3.05123,1.551,1.548,972.9,82.63070,15.98564
1789867317.487,2328,5.20253,0.60377,3.14113,1.552,1.549,972.9,82.66208,15.99167
1789867317.497,2329,5.20253,0.58699,3.05383,1.552,1.548,972.9,82.69259,15.99754
1789867317.507,2330,5.20253,0.61390,3.19383,1.552,1.548,972.9,82.72450,16.00367
1789867317.517,2331,5.20253,0.58325,3.03438,1.552,1.548,972.9,82.75482,16.00950
1789867317.527,2332,5.20253,0.58101,3.02272,1.551,1.548,972.9,82.78502,16.01530
1789867317.537,2333,5.20253,0.63607,3.30917,1.552,1.548,972.9,82.81808,16.02166
1789867317.547,2334,5.20253,0.58475,3.04218,1.551,1.548,972.9,82.84848,16.02750
1789867317.557,2335,5.20253,0.60377,3.14113,1.552,1.548,972.9,82.87986,16.03353
1789867317.567,2336,5.20253,0.60375,3.14103,1.552,1.548,972.9,82.91143,16.03960
1789867317.577,2337,5.20253,0.60375,3.14103,1.551,1.548,972.9,82.94300,16.04567
1789867317.587,2338,5.20253,0.63657,3.31177,1.552,1.548,972.9,82.97628,16.05207
1789867317.597,2339,5.20253,0.59222,3.08104,1.551,1.548,972.9,83.00725,16.05802
1789867317.607,2340,5.20253,0.59347,3.08755,1.551,1.548,972.9,83.03793,16.06392
1789867317.617,2341,5.20253,0.64380,3.34939,1.551,1.548,972.9,83.07121,16.07031
1789867317.627,2342,5.20253,0.58699,3.05383,1.551,1.548,972.9,83.10155,16.07615
1789867317.637,2343,5.20253,0.60375,3.14103,1.552,1.549,972.9,83.13276,16.08215
1789867317.647,2344,5.20253,0.60375,3.14103,1.552,1.549,972.9,83.16415,16.08818
1789867317.657,2345,5.20253,0.60375,3.14103,1.552,1.548,972.9,83.19553,16.09421
1789867317.667,2346,5.20268,0.62835,3.26910,1.552,1.548,972.9,83.22820,16.10049
1789867317.677,2347,5.20268,0.58699,3.05392,1.552,1.549,972.9,83.25871,16.10635
1789867317.687,2348,5.20268,0.61763,3.21333,1.552,1.549,972.9,83.29077,16.11252
1789867317.697,2349,5.20268,0.59098,3.07468,1.550,1.548,972.9,83.32145,16.11841
1789867317.707,2350,5.20268,0.58450,3.04097,1.551,1.548,972.9,83.35178,16.12424
1789867317.717,2351,5.20268,0.60326,3.13857,1.551,1.548,972.9,83.38310,16.13026
1789867317.727,2352,5.20268,0.60326,3.13857,1.550,1.548,972.9,83.41467,16.13633
1789867317.737,2353,5.20268,0.58599,3.04872,1.551,1.548,972.9,83.44533,16.14222
1789867317.747,2354,5.20268,0.61539,3.20168,1.551,1.548,972.9,83.47753,16.14841
1789867317.757,2355,5.20268,0.58973,3.06818,1.552,1.548,972.9,83.50839,16.15434
1789867317.767,2356,5.20272,0.58475,3.04229,1.551,1.548,972.9,83.53877,16.16018
1789867317.777,2357,5.20272,0.61539,3.20170,1.552,1.549,972.9,83.57074,16.16633
1789867317.787,2358,5.20272,0.62361,3.24447,1.552,1.549,972.9,83.60314,16.17256
1789867317.797,2359,5.20272,0.59222,3.08115,1.552,1.549,972.9,83.63391,16.17847
1789867317.807,2360,5.20272,0.61689,3.20951,1.552,1.549,972.9,83.66600,16.18464
1789867317.817,2361,5.20272,0.58325,3.03449,1.552,1.549,972.9,83.69633,16.19047
1789867317.827,2362,5.20272,0.60328,3.13870,1.551,1.549,972.9,83.72771,16.19650
1789867317.837,2363,5.20272,0.58400,3.03839,1.551,1.548,972.9,83.75809,16.20234
1789867317.847,2364,5.20272,0.58923,3.06560,1.551,1.548,972.9,83.78878,16.20824
1789867317.857,2365,5.20272,0.60328,3.13870,1.551,1.548,972.9,83.82020,16.21428
1789867317.867,2366,5.20268,0.59272,3.08373,1.551,1.548,972.9,83.85107,16.22021
1789867317.877,2367,5.18680,0.66672,3.45814,1.551,1.548,972.9,83.88569,16.22688
1789867317.887,2368,5.20268,0.63458,3.30152,1.551,1.548,972.9,83.91856,16.23320
1789867317.897,2369,5.20268,0.63258,3.29111,1.551,1.548,972.9,83.95132,16.23950
1789867317.907,2370,5.18430,0.68989,3.57660,1.551,1.548,972.9,83.98693,16.24637
1789867317.917,2371,5.19180,0.66049,3.42913,1.551,1.548,972.9,84.02107,16.25294
1789867317.927,2372,5.20268,0.60325,3.13852,1.551,1.548,972.9,84.05258,16.25900
1789867317.937,2373,5.20268,0.61664,3.20818,1.551,1.548,972.9,84.08479,16.26519
1789867317.947,2374,5.20268,0.58674,3.05262,1.550,1.548,972.9,84.11544,16.27108
1789867317.957,2375,5.20268,0.59073,3.07338,1.550,1.548,972.9,84.14630,16.27701
1789867317.967,2376,5.20206,0.64828,3.37239,1.551,1.548,972.9,84.18009,16.28351
1789867317.977,2377,5.20206,0.60615,3.15323,1.551,1.548,972.9,84.21169,16.28958
1789867317.987,2378,5.18180,0.69014,3.57617,1.551,1.548,972.9,84.24753,16.29650
1789867317.997,2379,5.19055,0.65974,3.42441,1.551,1.548,972.9,84.28185,16.30311
1789867318.007,2380,5.19180,0.60615,3.14701,1.551,1.548,972.9,84.31323,16.30916
1789867318.017,2381,5.18680,0.64031,3.32116,1.551,1.549,972.9,84.34634,16.31554
1789867318.027,2382,5.20206,0.59397,3.08987,1.551,1.548,972.9,84.37715,16.32146
1789867318.037,2383,5.19055,0.61813,3.20843,1.552,1.550,972.9,84.40914,16.32763
1789867318.047,2384,5.20206,0.59347,3.08727,1.552,1.549,972.9,84.44007,16.33357
1789867318.057,2385,5.20206,0.67394,3.50588,1.552,1.549,972.9,84.47519,16.34032
1789867318.067,2386,5.20144,0.59446,3.09205,1.552,1.549,972.9,84.50617,16.34628
1789867318.077,2387,5.18430,0.60864,3.15537,1.552,1.549,972.9,84.53778,16.35238
1789867318.087,2388,5.18680,0.66298,3.43874,1.552,1.549,972.9,84.57204,16.35898
1789867318.097,2389,5.18430,0.72950,3.78195,1.551,1.548,972.9,84.60973,16.36625
1789867318.107,2390,5.19055,0.66846,3.46968,1.552,1.549,972.9,84.64430,16.37291
1789867318.117,2391,5.20144,0.62685,3.26052,1.552,1.549,972.9,84.67679,16.37916
1789867318.127,2392,5.20144,0.59122,3.07520,1.552,1.548,972.9,84.70757,16.38508
1789867318.137,2393,5.20144,0.58525,3.04414,1.552,1.549,972.9,84.73804,16.39093
1789867318.147,2394,5.20144,0.59696,3.10505,1.552,1.548,972.9,84.76913,16.39691
1789867318.157,2395,5.20144,0.58774,3.05709,1.551,1.549,972.9,84.79973,16.40279
1789867318.167,2396,5.18555,0.63782,3.30745,1.551,1.548,972.9,84.83288,16.40919
1789867318.177,2397,5.20085,0.59172,3.07745,1.551,1.548,972.9,84.86372,16.41512
1789867318.187,2398,5.18680,0.69711,3.61577,1.551,1.548,972.9,84.89996,16.42210
1789867318.197,2399,5.20085,0.67942,3.53356,1.551,1.548,972.9,84.93538,16.42891
1789867318.207,2400,5.18305,0.68391,3.54474,1.551,1.548,972.9,84.97063,16.43571
1789867318.217,2401,5.17805,0.70783,3.66518,1.552,1.548,972.9,85.00708,16.44275
1789867318.227,2402,5.18555,0.65924,3.41852,1.552,1.549,972.9,85.04107,16.44931
1789867318.237,2403,5.18180,0.68814,3.56580,1.551,1.548,972.9,85.07653,16.45615
1789867318.247,2404,5.19055,0.66497,3.45156,1.551,1.548,972.9,85.11125,16.46284
1789867318.257,2405,5.20085,0.61131,3.17933,1.551,1.548,972.9,85.14323,16.46899
1789867318.267,2406,5.19976,0.60144,3.12734,1.551,1.548,972.9,85.17469,16.47504
1789867318.277,2407,5.19976,0.59347,3.08590,1.551,1.548,972.9,85.20574,16.48101
1789867318.287,2408,5.19976,0.61596,3.20284,1.551,1.548,972.9,85.23764,16.48715
1789867318.297,2409,5.19976,0.59496,3.09365,1.551,1.548,972.9,85.26845,16.49307
1789867318.307,2410,5.19976,0.61596,3.20284,1.551,1.548,972.9,85.30034,16.49921
1789867318.317,2411,5.19976,0.67070,3.48748,1.551,1.548,972.9,85.33508,16.50588
1789867318.327,2412,5.19976,0.60144,3.12734,1.551,1.548,972.9,85.36639,16.51191
1789867318.337,2413,5.19976,0.63034,3.27762,1.551,1.548,972.9,85.39920,16.51822
1789867318.347,2414,5.19976,0.58948,3.06515,1.551,1.548,972.9,85.42989,16.52412
1789867318.357,2415,5.19976,0.61596,3.20284,1.551,1.548,972.9,85.46196,16.53029
1789867318.367,2416,5.19964,0.59347,3.08583,1.550,1.548,972.9,85.49296,16.53625
1789867318.377,2417,5.19964,0.61649,3.20553,1.550,1.548,972.9,85.52515,16.54244
1789867318.387,2418,5.19964,0.66074,3.43561,1.551,1.548,972.9,85.55966,16.54908
1789867318.397,2419,5.19964,0.63358,3.29439,1.551,1.548,972.9,85.59275,16.55544
1789867318.407,2420,5.19964,0.60293,3.13502,1.551,1.548,972.9,85.62402,16.56145
1789867318.417,2421,5.19964,0.58923,3.06378,1.551,1.548,972.9,85.65457,16.56733
1789867318.427,2422,5.19964,0.61649,3.20553,1.552,1.548,972.9,85.68654,16.57348
1789867318.437,2423,5.19964,0.58724,3.05344,1.552,1.550,972.9,85.71699,16.57933
1789867318.447,2424,5.19964,0.61649,3.20553,1.551,1.549,972.9,85.74903,16.58550
1789867318.457,2425,5.21054,0.59745,3.11304,1.552,1.549,972.9,85.78014,16.59147
1789867318.467,2426,5.19968,0.58624,3.04826,1.551,1.549,972.9,85.81061,16.59733
1789867318.477,2427,5.19968,0.60692,3.15579,1.551,1.548,972.9,85.84216,16.60339
1789867318.487,2428,5.19968,0.59970,3.11825,1.552,1.548,972.9,85.87327,16.60938
1789867318.497,2429,5.19968,0.61718,3.20914,1.550,1.548,972.9,85.90529,16.61554
1789867318.507,2430,5.19968,0.60493,3.14544,1.551,1.548,972.9,85.93668,16.62157
1789867318.517,2431,5.19968,0.59621,3.10010,1.551,1.548,972.9,85.96761,16.62752
1789867318.527,2432,5.19968,0.61718,3.20914,1.551,1.548,972.9,85.99981,16.63371
1789867318.537,2433,5.19968,0.58624,3.04826,1.551,1.548,972.9,86.03040,16.63960
1789867318.547,2434,5.19968,0.61718,3.20914,1.551,1.548,972.9,86.06260,16.64579
1789867318.557,2435,5.19968,0.58500,3.04181,1.551,1.548,972.9,86.09312,16.65166
1789867318.567,2436,5.19964,0.58001,3.01584,1.551,1.548,972.9,86.12326,16.65746
1789867318.577,2437,5.19964,0.61712,3.20880,1.551,1.548,972.9,86.15533,16.66362
1789867318.587,2438,5.19964,0.59397,3.08843,1.552,1.549,972.9,86.18620,16.66956
1789867318.597,2439,5.18930,0.66697,3.46111,1.551,1.548,972.9,86.22079,16.67623
1789867318.607,2440,5.19964,0.59222,3.07933,1.552,1.548,972.9,86.25153,16.68214
1789867318.617,2441,5.19964,0.58973,3.06638,1.552,1.548,972.9,86.28214,16.68803
1789867318.627,2442,5.19964,0.61712,3.20880,1.552,1.549,972.9,86.31417,16.69419
1789867318.637,2443,5.19964,0.58599,3.04694,1.552,1.549,972.9,86.34459,16.70003
1789867318.647,2444,5.19964,0.61712,3.20880,1.552,1.548,972.9,86.37669,16.70621
1789867318.657,2445,5.19964,0.58450,3.03919,1.552,1.549,972.9,86.40709,16.71206
1789867318.667,2446,5.19960,0.59098,3.07286,1.552,1.549,972.9,86.43783,16.71797
1789867318.677,2447,5.19960,0.63383,3.29566,1.552,1.548,972.9,86.47080,16.72431
1789867318.687,2448,5.19960,0.57877,3.00937,1.552,1.549,972.9,86.50084,16.73009
1789867318.697,2449,5.18680,0.67344,3.49300,1.552,1.548,972.9,86.53570,16.73681
1789867318.707,2450,5.19960,0.59023,3.06896,1.552,1.549,972.9,86.56633,16.74270
1789867318.717,2451,5.19960,0.61700,3.20815,1.552,1.548,972.9,86.59834,16.74885
1789867318.727,2452,5.19960,0.64155,3.33580,1.552,1.548,972.9,86.63175,16.75528
1789867318.737,2453,5.19960,0.61700,3.20815,1.552,1.549,972.9,86.66388,16.76146
1789867318.747,2454,5.18430,0.65301,3.38540,1.550,1.548,972.9,86.69779,16.76800
1789867318.757,2455,5.19960,0.61700,3.20815,1.551,1.548,972.9,86.72992,16.77418
1789867318.767,2456,5.19925,0.64654,3.36152,1.551,1.548,972.9,86.76365,16.78067
1789867318.777,2457,5.19925,0.61820,3.21418,1.551,1.548,972.9,86.79590,16.78687
1789867318.787,2458,5.19925,0.65850,3.42371,1.551,1.548,972.9,86.83026,16.79348
1789867318.797,2459,5.17930,0.73050,3.78348,1.551,1.548,972.9,86.86823,16.80081
1789867318.807,2460,5.19925,0.61820,3.21418,1.552,1.549,972.9,86.90024,16.80697
1789867318.817,2461,5.19925,0.65276,3.39386,1.551,1.548,972.9,86.93405,16.81347
1789867318.827,2462,5.19925,0.59247,3.08040,1.551,1.548,972.9,86.96473,16.81937
1789867318.837,2463,5.19925,0.59920,3.11539,1.552,1.549,972.9,86.99576,16.82534
1789867318.847,2464,5.19925,0.63906,3.32263,1.552,1.549,972.9,87.02908,16.83175
1789867318.857,2465,5.19925,0.59222,3.07910,1.552,1.549,972.9,87.05995,16.83768
1789867318.867,2466,5.19882,0.62033,3.22498,1.552,1.549,972.9,87.09229,16.84390
1789867318.877,2467,5.19882,0.58151,3.02317,1.552,1.549,972.9,87.12261,16.84974
1789867318.887,2468,5.19882,0.60269,3.13328,1.551,1.549,972.9,87.15382,16.85574
1789867318.897,2469,5.19882,0.60019,3.12028,1.550,1.548,972.9,87.18489,16.86172
1789867318.907,2470,5.19882,0.64031,3.32886,1.551,1.548,972.9,87.21805,16.86809
1789867318.917,2471,5.19882,0.66572,3.46096,1.551,1.548,972.9,87.25252,16.87472
1789867318.927,2472,5.19882,0.59023,3.06850,1.551,1.548,972.9,87.28335,16.88065
1789867318.937,2473,5.19882,0.58300,3.03091,1.551,1.548,972.9,87.31380,16.88651
1789867318.947,2474,5.19882,0.62033,3.22498,1.551,1.548,972.9,87.34620,16.89274
1789867318.957,2475,5.20929,0.58275,3.03571,1.551,1.548,972.9,87.37670,16.89860
1789867318.967,2476,5.19933,0.58201,3.02606,1.550,1.548,972.9,87.40686,16.90440
1789867318.977,2477,5.19933,0.61861,3.21636,1.550,1.548,972.9,87.43891,16.91056
1789867318.987,2478,5.21054,0.59073,3.07802,1.550,1.548,972.9,87.46958,16.91645
1789867318.997,2479,5.19933,0.61861,3.21636,1.551,1.548,972.9,87.50163,16.92261
1789867319.007,2480,5.19933,0.58973,3.06620,1.551,1.548,972.9,87.53237,16.92853
1789867319.017,2481,5.19933,0.59073,3.07140,1.552,1.548,972.9,87.56317,16.93445
1789867319.027,2482,5.19933,0.61861,3.21636,1.552,1.548,972.9,87.59542,16.94065
1789867319.037,2483,5.19933,0.58998,3.06750,1.552,1.548,972.9,87.62618,16.94657
1789867319.047,2484,5.19933,0.61861,3.21636,1.552,1.548,972.9,87.65834,16.95275
1789867319.057,2485,5.19933,0.58873,3.06100,1.551,1.548,972.9,87.68894,16.95864
1789867319.067,2486,5.19983,0.58500,3.04190,1.552,1.548,972.9,87.71935,16.96449
1789867319.077,2487,5.19983,0.60418,3.14163,1.551,1.549,972.9,87.75076,16.97053
1789867319.087,2488,5.19983,0.58475,3.04060,1.551,1.548,972.9,87.78109,16.97636
1789867319.097,2489,5.19983,0.61631,3.20471,1.551,1.548,972.9,87.81306,16.98251
1789867319.107,2490,5.19983,0.67120,3.49013,1.551,1.548,972.9,87.84787,16.98920
1789867319.117,2491,5.19983,0.58948,3.06520,1.552,1.548,972.9,87.87844,16.99508
1789867319.127,2492,5.19983,0.61631,3.20471,1.551,1.548,972.9,87.91057,17.00126
1789867319.137,2493,5.19983,0.58325,3.03280,1.551,1.548,972.9,87.94099,17.00711
1789867319.147,2494,5.19983,0.58350,3.03410,1.551,1.548,972.9,87.97141,17.01296
1789867319.157,2495,5.19983,0.61631,3.20471,1.551,1.548,972.9,88.00355,17.01914
1789867319.167,2496,5.20038,0.58973,3.06682,1.551,1.548,972.9,88.03430,17.02506
1789867319.177,2497,5.20038,0.58574,3.04607,1.550,1.548,972.9,88.06485,17.03093
1789867319.187,2498,5.20038,0.61363,3.19111,1.550,1.548,972.9,88.09685,17.03708
1789867319.197,2499,5.20038,0.59945,3.11737,1.550,1.548,972.9,88.12811,17.04310
1789867319.207,2500,5.18555,0.61363,3.18201,1.551,1.548,972.9,88.15977,17.04920
1789867319.217,2501,5.20038,0.58475,3.04092,1.551,1.548,972.9,88.19003,17.05502
1789867319.227,2502,5.20038,0.59172,3.07717,1.551,1.548,972.9,88.22065,17.06091
1789867319.237,2503,5.20038,0.63383,3.29616,1.552,1.548,972.9,88.25345,17.06722
1789867319.247,2504,5.20038,0.58450,3.03962,1.552,1.549,972.9,88.28393,17.07308
1789867319.257,2505,5.20038,0.61363,3.19111,1.552,1.548,972.9,88.31594,17.07923
1789867319.267,2506,5.20144,0.58275,3.03114,1.552,1.549,972.9,88.34634,17.08508
1789867319.277,2507,5.20144,0.58400,3.03764,1.552,1.549,972.9,88.37681,17.09093
1789867319.287,2508,5.20144,0.63408,3.29813,1.552,1.548,972.9,88.40963,17.09724
1789867319.297,2509,5.20144,0.60940,3.16976,1.550,1.548,972.9,88.44117,17.10331
1789867319.307,2510,5.18930,0.60940,3.16236,1.550,1.548,972.9,88.47264,17.10937
1789867319.317,2511,5.20144,0.59845,3.11280,1.551,1.548,972.9,88.50361,17.11533
1789867319.327,2512,5.20144,0.59671,3.10375,1.550,1.548,972.9,88.53480,17.12132
1789867319.337,2513,5.20144,0.62685,3.26052,1.550,1.548,972.9,88.56757,17.12762
1789867319.347,2514,5.20144,0.57976,3.01559,1.550,1.548,972.9,88.59787,17.13345
1789867319.357,2515,5.20144,0.60940,3.16976,1.551,1.548,972.9,88.62973,17.13957
1789867319.367,2516,5.20179,0.60826,3.16404,1.550,1.548,972.9,88.66134,17.14565
1789867319.377,2517,5.20179,0.59048,3.07155,1.550,1.548,972.9,88.69203,17.15155
1789867319.387,2518,5.20179,0.60826,3.16404,1.551,1.548,972.9,88.72364,17.15763
1789867319.397,2519,5.20179,0.58475,3.04175,1.550,1.548,972.9,88.75403,17.16347
1789867319.407,2520,5.20179,0.61888,3.21928,1.551,1.548,972.9,88.78621,17.16966
1789867319.417,2521,5.20179,0.60826,3.16404,1.551,1.548,972.9,88.81783,17.17573
1789867319.427,2522,5.20179,0.58923,3.06505,1.552,1.548,972.9,88.84846,17.18162
1789867319.437,2523,5.20179,0.60826,3.16404,1.551,1.548,972.9,88.88008,17.18770
1789867319.447,2524,5.20179,0.59322,3.08581,1.551,1.548,972.9,88.91084,17.19362
1789867319.457,2525,5.20179,0.60826,3.16404,1.552,1.549,972.9,88.94238,17.19968
1789867319.467,2526,5.20186,0.63333,3.29449,1.551,1.548,972.9,88.97522,17.20599
1789867319.477,2527,5.20186,0.59222,3.08065,1.551,1.548,972.9,89.00592,17.21189
1789867319.487,2528,5.20186,0.60774,3.16138,1.551,1.548,972.9,89.03751,17.21797
1789867319.497,2529,5.20186,0.58076,3.02103,1.550,1.548,972.9,89.06770,17.22377
1789867319.507,2530,5.20186,0.60774,3.16138,1.551,1.548,972.9,89.09928,17.22984
1789867319.517,2531,5.18055,0.62137,3.21904,1.551,1.548,972.9,89.13145,17.23605
1789867319.527,2532,5.20186,0.59172,3.07804,1.551,1.548,972.9,89.16238,17.24200
1789867319.537,2533,5.20186,0.60774,3.16138,1.551,1.548,972.9,89.19414,17.24810
1789867319.547,2534,5.20186,0.58898,3.06379,1.551,1.548,972.9,89.22493,17.25402
1789867319.557,2535,5.20186,0.60774,3.16138,1.552,1.548,972.9,89.25670,17.26013
1789867319.567,2536,5.20179,0.59048,3.07155,1.551,1.548,972.9,89.28738,17.26603
1789867319.577,2537,5.20179,0.58126,3.02359,1.551,1.548,972.9,89.31759,17.27183
1789867319.587,2538,5.20179,0.60756,3.16040,1.551,1.548,972.9,89.34917,17.27790
1789867319.597,2539,5.20179,0.60756,3.16040,1.552,1.548,972.9,89.38074,17.28397
1789867319.607,2540,5.20179,0.62361,3.24389,1.552,1.548,972.9,89.41311,17.29020
1789867319.617,2541,5.20179,0.65899,3.42793,1.552,1.548,972.9,89.44732,17.29677
1789867319.627,2542,5.20179,0.58475,3.04175,1.552,1.548,972.9,89.47767,17.30261
1789867319.637,2543,5.20179,0.60756,3.16040,1.552,1.549,972.9,89.50920,17.30867
1789867319.647,2544,5.20179,0.58973,3.06765,1.552,1.549,972.9,89.53997,17.31458
1789867319.657,2545,5.20179,0.58774,3.05730,1.552,1.548,972.9,89.57064,17.32048
1789867319.667,2546,5.20194,0.60747,3.16002,1.552,1.548,972.9,89.60234,17.32657
1789867319.677,2547,5.20194,0.58325,3.03403,1.551,1.548,972.9,89.63278,17.33243
1789867319.687,2548,5.20194,0.58226,3.02888,1.551,1.548,972.9,89.66296,17.33823
1789867319.697,2549,5.20194,0.60747,3.16002,1.550,1.548,972.9,89.69445,17.34428
1789867319.707,2550,5.20194,0.58450,3.04053,1.550,1.548,972.9,89.72475,17.35010
1789867319.717,2551,5.20194,0.62411,3.24658,1.551,1.548,972.9,89.75710,17.35632
1789867319.727,2552,5.20194,0.58948,3.06644,1.551,1.548,972.9,89.78780,17.36223
1789867319.737,2553,5.20194,0.59347,3.08720,1.551,1.548,972.9,89.81872,17.36817
1789867319.747,2554,5.20194,0.64006,3.32955,1.551,1.548,972.9,89.85206,17.37458
1789867319.757,2555,5.20194,0.58699,3.05349,1.550,1.548,972.9,89.88264,17.38046
1789867319.767,2556,5.20194,0.60708,3.15799,1.551,1.548,972.9,89.91423,17.38653
1789867319.777,2557,5.20194,0.57927,3.01333,1.551,1.548,972.9,89.94437,17.39233
1789867319.787,2558,5.20194,0.58649,3.05089,1.551,1.548,972.9,89.97489,17.39819
1789867319.797,2559,5.20194,0.62287,3.24013,1.551,1.548,972.9,90.00730,17.40442
1789867319.807,2560,5.20194,0.59023,3.07034,1.552,1.549,972.9,90.03805,17.41033
1789867319.817,2561,5.20194,0.60708,3.15799,1.552,1.550,972.9,90.06967,17.41641
1789867319.827,2562,5.19055,0.64330,3.33908,1.552,1.549,972.9,90.10310,17.42285
1789867319.837,2563,5.20194,0.63308,3.29324,1.552,1.549,972.9,90.13608,17.42919
1789867319.847,2564,5.18180,0.67295,3.48709,1.552,1.548,972.9,90.17091,17.43591
1789867319.857,2565,5.20194,0.58674,3.05219,1.552,1.549,972.9,90.20141,17.44178
1789867319.867,2566,5.20241,0.60469,3.14585,1.552,1.548,972.9,90.23284,17.44782
1789867319.877,2567,5.20241,0.60469,3.14585,1.552,1.548,972.9,90.26427,17.45386
1789867319.887,2568,5.20241,0.59197,3.07967,1.552,1.549,972.9,90.29501,17.45977
1789867319.897,2569,5.20241,0.57976,3.01615,1.552,1.549,972.9,90.32513,17.46556
1789867319.907,2570,5.20241,0.60469,3.14585,1.552,1.549,972.9,90.35653,17.47159
1789867319.917,2571,5.20241,0.60469,3.14585,1.551,1.548,972.9,90.38794,17.47763
1789867319.927,2572,5.17805,0.71580,3.70645,1.551,1.548,972.9,90.42507,17.48480
1789867319.937,2573,5.20241,0.60469,3.14585,1.552,1.548,972.9,90.45658,17.49086
1789867319.947,2574,5.20241,0.62337,3.24303,1.551,1.548,972.9,90.48906,17.49710
1789867319.957,2575,5.20241,0.58923,3.06542,1.551,1.548,972.9,90.51977,17.50301
1789867319.967,2576,5.20253,0.60431,3.14394,1.551,1.548,972.9,90.55125,17.50906
1789867319.977,2577,5.20253,0.65027,3.38305,1.551,1.548,972.9,90.58512,17.51557
1789867319.987,2578,5.20253,0.58325,3.03438,1.551,1.549,972.9,90.61550,17.52141
1789867319.997,2579,5.20253,0.60431,3.14394,1.551,1.548,972.9,90.64698,17.52746
1789867320.007,2580,5.20253,0.60431,3.14394,1.551,1.548,972.9,90.67823,17.53346
1789867320.017,2581,5.20253,0.61614,3.20549,1.550,1.548,972.9,90.71009,17.53959
1789867320.027,2582,5.17805,0.65002,3.36584,1.550,1.548,972.9,90.74354,17.54605
1789867320.037,2583,5.20253,0.58824,3.06034,1.551,1.548,972.9,90.77395,17.55189
1789867320.047,2584,5.20253,0.60431,3.14394,1.550,1.548,972.9,90.80555,17.55797
1789867320.057,2585,5.20253,0.58425,3.03958,1.550,1.548,972.9,90.83611,17.56384
1789867320.067,2586,5.20257,0.61514,3.20031,1.551,1.548,972.9,90.86827,17.57002
1789867320.077,2587,5.20257,0.62710,3.26253,1.551,1.548,972.9,90.90107,17.57633
1789867320.087,2588,5.20257,0.58699,3.05386,1.551,1.548,972.9,90.93159,17.58219
1789867320.097,2589,5.20257,0.61589,3.20421,1.550,1.548,972.9,90.96361,17.58835
1789867320.107,2590,5.20257,0.60435,3.14417,1.550,1.548,972.9,90.99504,17.59439
1789867320.117,2591,5.20257,0.60435,3.14417,1.551,1.548,972.9,91.02646,17.60043
1789867320.127,2592,5.20257,0.60435,3.14417,1.550,1.548,972.9,91.05797,17.60649
1789867320.137,2593,5.20257,0.60435,3.14417,1.551,1.548,972.9,91.08948,17.61254
1789867320.147,2594,5.20257,0.61739,3.21201,1.551,1.548,972.9,91.12167,17.61873
1789867320.157,2595,5.20257,0.59297,3.08497,1.551,1.548,972.9,91.15259,17.62467
1789867320.167,2596,5.20265,0.60429,3.14391,1.551,1.549,972.9,91.18399,17.63071
1789867320.177,2597,5.20265,0.60429,3.14391,1.551,1.549,972.9,91.21539,17.63674
1789867320.187,2598,5.20265,0.59297,3.08502,1.552,1.549,972.9,91.24621,17.64267
1789867320.197,2599,5.20265,0.58948,3.06686,1.551,1.548,972.9,91.27684,17.64855
1789867320.207,2600,5.20265,0.60429,3.14391,1.551,1.549,972.9,91.30837,17.65461
1789867320.217,2601,5.20265,0.58799,3.05911,1.551,1.549,972.9,91.33905,17.66051
1789867320.227,2602,5.20265,0.62835,3.26909,1.551,1.548,972.9,91.37183,17.66681
1789867320.237,2603,5.20265,0.60429,3.14391,1.551,1.548,972.9,91.40335,17.67287
1789867320.247,2604,5.20265,0.59372,3.08892,1.550,1.548,972.9,91.43418,17.67880
1789867320.257,2605,5.20265,0.61564,3.20296,1.551,1.549,972.9,91.46615,17.68494
1789867320.267,2606,5.20265,0.58176,3.02669,1.551,1.548,972.9,91.49636,17.69075
1789867320.277,2607,5.20265,0.60444,3.14469,1.551,1.548,972.9,91.52774,17.69678
1789867320.287,2608,5.20265,0.59197,3.07981,1.551,1.548,972.9,91.55841,17.70268
1789867320.297,2609,5.20265,0.59073,3.07336,1.551,1.548,972.9,91.58902,17.70856
1789867320.307,2610,5.20265,0.60444,3.14469,1.550,1.548,972.9,91.62034,17.71458
1789867320.317,2611,5.20265,0.59172,3.07851,1.551,1.548,972.9,91.65100,17.72047
1789867320.327,2612,5.20265,0.61639,3.20686,1.550,1.548,972.9,91.68311,17.72664
1789867320.337,2613,5.20265,0.58923,3.06556,1.551,1.548,972.9,91.71380,17.73254
1789867320.347,2614,5.20265,0.60444,3.14469,1.550,1.548,972.9,91.74529,17.73859
1789867320.357,2615,5.20265,0.61838,3.21721,1.551,1.548,972.9,91.77750,17.74479
1789867320.367,2616,5.20268,0.58574,3.04742,1.551,1.548,972.9,91.80804,17.75066
1789867320.377,2617,5.20268,0.60452,3.14512,1.551,1.548,972.9,91.83956,17.75671
1789867320.387,2618,5.20268,0.58250,3.03056,1.552,1.549,972.9,91.86993,17.76255
1789867320.397,2619,5.20268,0.58051,3.02021,1.551,1.548,972.9,91.90020,17.76837
1789867320.407,2620,5.20268,0.63483,3.30282,1.551,1.548,972.9,91.93316,17.77471
1789867320.417,2621,5.20268,0.59397,3.09024,1.551,1.549,972.9,91.96400,17.78063
1789867320.427,2622,5.20268,0.60452,3.14512,1.551,1.548,972.9,91.99539,17.78667
1789867320.437,2623,5.20268,0.60452,3.14512,1.552,1.548,972.9,92.02678,17.79270
1789867320.447,2624,5.20268,0.60452,3.14512,1.552,1.549,972.9,92.05827,17.79875
1789867320.457,2625,5.19180,0.63657,3.30494,1.552,1.548,972.9,92.09136,17.80513
1789867320.467,2626,5.20265,0.58873,3.06296,1.552,1.549,972.9,92.12203,17.81102
1789867320.477,2627,5.20265,0.58674,3.05260,1.552,1.548,972.9,92.15259,17.81690
1789867320.487,2628,5.20265,0.61988,3.22502,1.552,1.548,972.9,92.18486,17.82310
1789867320.497,2629,5.20265,0.58375,3.03705,1.550,1.548,972.9,92.21525,17.82894
1789867320.507,2630,5.20265,0.61714,3.21076,1.550,1.548,972.9,92.24738,17.83512
1789867320.517,2631,5.20265,0.63134,3.28464,1.550,1.548,972.9,92.28025,17.84143
1789867320.527,2632,5.20265,0.61988,3.22502,1.550,1.548,972.9,92.31256,17.84764
1789867320.537,2633,5.20265,0.62959,3.27554,1.550,1.548,972.9,92.34537,17.85395
1789867320.547,2634,5.20265,0.59347,3.08762,1.550,1.548,972.9,92.37630,17.85990
1789867320.557,2635,5.20265,0.60442,3.14459,1.550,1.548,972.9,92.40780,17.86595
1789867320.567,2636,5.20268,0.60432,3.14408,1.549,1.548,972.9,92.43918,17.87198
1789867320.577,2637,5.20268,0.62312,3.24189,1.550,1.548,972.9,92.47154,17.87820
1789867320.587,2638,5.20268,0.63009,3.27816,1.550,1.548,972.9,92.50425,17.88449
1789867320.597,2639,5.20268,0.58226,3.02931,1.550,1.548,972.9,92.53448,17.89030
1789867320.607,2640,5.20268,0.60432,3.14408,1.551,1.548,972.9,92.56589,17.89634
1789867320.617,2641,5.20268,0.59122,3.07593,1.551,1.548,972.9,92.59662,17.90224
1789867320.627,2642,5.20268,0.60432,3.14408,1.552,1.548,972.9,92.62802,17.90828
1789867320.637,2643,5.20268,0.64454,3.35334,1.551,1.548,972.9,92.66152,17.91472
1789867320.647,2644,5.20268,0.58923,3.06558,1.551,1.548,972.9,92.69217,17.92061
1789867320.657,2645,5.20268,0.60432,3.14408,1.551,1.548,972.9,92.72362,17.92665
1789867320.667,2646,5.20265,0.59048,3.07206,1.551,1.548,972.9,92.75434,17.93256
1789867320.677,2647,5.20265,0.58649,3.05130,1.550,1.548,972.9,92.78485,17.93842
1789867320.687,2648,5.20265,0.60419,3.14339,1.550,1.548,972.9,92.81631,17.94447
1789867320.697,2649,5.21304,0.63707,3.32107,1.550,1.548,972.9,92.84956,17.95085
1789867320.707,2650,5.20265,0.61689,3.20946,1.551,1.548,972.9,92.88169,17.95702
1789867320.717,2651,5.20265,0.60419,3.14339,1.550,1.548,972.9,92.91315,17.96307
1789867320.727,2652,5.20265,0.58898,3.06426,1.551,1.548,972.9,92.94380,17.96896
1789867320.737,2653,5.20265,0.61988,3.22502,1.551,1.548,972.9,92.97607,17.97516
1789867320.747,2654,5.20265,0.58450,3.04095,1.551,1.548,972.9,93.00648,17.98101
1789867320.757,2655,5.20265,0.60419,3.14339,1.551,1.548,972.9,93.03793,17.98705
1789867320.767,2656,5.20272,0.61838,3.21726,1.550,1.548,972.9,93.07008,17.99323
1789867320.777,2657,5.20272,0.58649,3.05134,1.550,1.548,972.9,93.10058,17.99909
1789867320.787,2658,5.20272,0.60474,3.14629,1.550,1.548,972.9,93.13202,18.00514
1789867320.797,2659,5.20272,0.57927,3.01378,1.550,1.548,972.9,93.16214,18.01093
1789867320.807,2660,5.20272,0.58151,3.02543,1.550,1.548,972.9,93.19240,18.01674
1789867320.817,2661,5.20272,0.60474,3.14629,1.550,1.548,972.9,93.22387,18.02279
1789867320.827,2662,5.20272,0.59172,3.07855,1.551,1.548,972.9,93.25465,18.02871
1789867320.837,2663,5.20272,0.60474,3.14629,1.552,1.548,972.9,93.28612,18.03476
1789867320.847,2664,5.19180,0.60474,3.13969,1.552,1.549,972.9,93.31746,18.04079
1789867320.857,2665,5.20272,0.59122,3.07595,1.552,1.548,972.9,93.34816,18.04669
1789867320.867,2666,5.20296,0.60417,3.14347,1.552,1.549,972.9,93.37954,18.05273
1789867320.877,2667,5.20296,0.58275,3.03202,1.552,1.549,972.9,93.40981,18.05854
1789867320.887,2668,5.20296,0.58824,3.06059,1.552,1.549,972.9,93.44055,18.06445
1789867320.897,2669,5.20296,0.60417,3.14347,1.551,1.548,972.9,93.47213,18.07052
1789867320.907,2670,5.20296,0.58549,3.04628,1.551,1.548,972.9,93.50273,18.07640
1789867320.917,2671,5.20296,0.58824,3.06059,1.551,1.548,972.9,93.53347,18.08231
1789867320.927,2672,5.20296,0.60417,3.14347,1.551,1.548,972.9,93.56480,18.08833
1789867320.937,2673,5.20296,0.58051,3.02037,1.550,1.548,972.9,93.59491,18.09412
1789867320.947,2674,5.20296,0.65426,3.40409,1.550,1.548,972.9,93.62883,18.10064
1789867320.957,2675,5.20296,0.58824,3.06059,1.551,1.548,972.9,93.65934,18.10650
1789867320.967,2676,5.20307,0.58749,3.05675,1.550,1.548,972.9,93.68990,18.11237
1789867320.977,2677,5.20307,0.63258,3.29136,1.551,1.548,972.9,93.72280,18.11870
1789867320.987,2678,5.20307,0.58599,3.04895,1.551,1.548,972.9,93.75328,18.12456
1789867320.997,2679,5.20307,0.57578,2.99582,1.551,1.548,972.9,93.78322,18.13031
1789867321.007,2680,5.20307,0.60343,3.13969,1.551,1.548,972.9,93.81468,18.13636
1789867321.017,2681,5.20307,0.58126,3.02434,1.551,1.548,972.9,93.84497,18.14218
1789867321.027,2682,5.20307,0.58674,3.05285,1.552,1.548,972.9,93.87555,18.14806
1789867321.037,2683,5.20307,0.63308,3.29396,1.551,1.548,972.9,93.90855,18.15440
1789867321.047,2684,5.20307,0.60343,3.13969,1.551,1.548,972.9,93.93993,18.16043
1789867321.057,2685,5.20307,0.63034,3.27970,1.551,1.548,972.9,93.97272,18.16673
1789867321.067,2686,5.20315,0.58375,3.03734,1.552,1.548,972.9,94.00308,18.17257
1789867321.077,2687,5.20315,0.62187,3.23568,1.552,1.548,972.9,94.03543,18.17878
1789867321.087,2688,5.20315,0.62959,3.27585,1.552,1.548,972.9,94.06815,18.18507
1789867321.097,2689,5.20315,0.60307,3.13786,1.551,1.548,972.9,94.09950,18.19110
1789867321.107,2690,5.20315,0.62934,3.27455,1.552,1.549,972.9,94.13221,18.19738
1789867321.117,2691,5.20315,0.58599,3.04899,1.552,1.549,972.9,94.16266,18.20324
1789867321.127,2692,5.20315,0.60307,3.13786,1.551,1.548,972.9,94.19407,18.20927
1789867321.137,2693,5.20315,0.58325,3.03474,1.552,1.549,972.9,94.22444,18.21511
1789867321.147,2694,5.20315,0.61988,3.22533,1.552,1.548,972.9,94.25672,18.22131
1789867321.157,2695,5.20315,0.63782,3.31867,1.552,1.548,972.9,94.28993,18.22770
1789867321.167,2696,5.20323,0.60283,3.13666,1.552,1.548,972.9,94.32125,18.23372
1789867321.177,2697,5.20323,0.61863,3.21887,1.551,1.548,972.9,94.35338,18.23989
1789867321.187,2698,5.20323,0.57951,3.01532,1.552,1.548,972.9,94.38349,18.24568
1789867321.197,2699,5.20323,0.60283,3.13666,1.552,1.548,972.9,94.41481,18.25170
1789867321.207,2700,5.20323,0.63732,3.31612,1.552,1.548,972.9,94.44806,18.25809
1789867321.217,2701,5.20323,0.58226,3.02963,1.552,1.548,972.9,94.47844,18.26393
1789867321.227,2702,5.20323,0.60283,3.13666,1.551,1.548,972.9,94.50990,18.26997
1789867321.237,2703,5.20323,0.58848,3.06200,1.552,1.548,972.9,94.54060,18.27587
1789867321.247,2704,5.20323,0.60283,3.13666,1.552,1.548,972.9,94.57197,18.28190
1789867321.257,2705,5.20323,0.59172,3.07886,1.551,1.548,972.9,94.60275,18.28782
1789867321.267,2706,5.20335,0.58948,3.06727,1.551,1.548,972.9,94.63343,18.29371
1789867321.277,2707,5.20335,0.60256,3.13533,1.551,1.548,972.9,94.66478,18.29974
1789867321.287,2708,5.20335,0.58425,3.04006,1.552,1.548,972.9,94.69509,18.30556
1789867321.297,2709,5.20335,0.61689,3.20989,1.551,1.548,972.9,94.72710,18.31171
1789867321.307,2710,5.20335,0.58998,3.06987,1.551,1.548,972.9,94.75771,18.31760
1789867321.317,2711,5.20335,0.58275,3.03225,1.551,1.548,972.9,94.78794,18.32341
1789867321.327,2712,5.20335,0.60256,3.13533,1.551,1.548,972.9,94.81935,18.32944
1789867321.337,2713,5.20335,0.58325,3.03485,1.551,1.548,972.9,94.84975,18.33529
1789867321.347,2714,5.20335,0.60256,3.13533,1.550,1.548,972.9,94.88116,18.34132
1789867321.357,2715,5.20335,0.60256,3.13533,1.550,1.548,972.9,94.91257,18.34736
1789867321.367,2716,5.20335,0.60224,3.13367,1.550,1.548,972.9,94.94383,18.35337
1789867321.377,2717,5.20335,0.61415,3.19564,1.549,1.548,972.9,94.97572,18.35950
1789867321.387,2718,5.20335,0.59073,3.07377,1.550,1.548,972.9,95.00639,18.36539
1789867321.397,2719,5.20335,0.60224,3.13367,1.550,1.548,972.9,95.03765,18.37140
1789867321.407,2720,5.20335,0.58126,3.02450,1.550,1.548,972.9,95.06796,18.37722
1789867321.417,2721,5.20335,0.58525,3.04526,1.550,1.548,972.9,95.09847,18.38309
1789867321.427,2722,5.20335,0.61589,3.20469,1.551,1.548,972.9,95.13057,18.38926
1789867321.437,2723,5.20335,0.58425,3.04006,1.551,1.548,972.9,95.16103,18.39511
1789867321.447,2724,5.20335,0.60224,3.13367,1.551,1.548,972.9,95.19236,18.40113
1789867321.457,2725,5.20335,0.60224,3.13367,1.551,1.548,972.9,95.22368,18.40715
1789867321.467,2726,5.20339,0.58824,3.06084,1.551,1.548,972.9,95.25428,18.41303
1789867321.477,2727,5.20339,0.61315,3.19046,1.551,1.548,972.9,95.28618,18.41916
1789867321.487,2728,5.20339,0.60238,3.13442,1.551,1.548,972.9,95.31745,18.42517
1789867321.497,2729,5.20339,0.58425,3.04008,1.551,1.548,972.9,95.34778,18.43100
1789867321.507,2730,5.20339,0.60238,3.13442,1.551,1.548,972.9,95.37906,18.43701
1789867321.517,2731,5.20339,0.62735,3.26435,1.551,1.548,972.9,95.41163,18.44327
1789867321.527,2732,5.20339,0.62013,3.22678,1.552,1.548,972.9,95.44388,18.44947
1789867321.537,2733,5.19305,0.65526,3.40280,1.551,1.548,972.9,95.47790,18.45602
1789867321.547,2734,5.20339,0.62810,3.26825,1.551,1.548,972.9,95.51056,18.46230
1789867321.557,2735,5.20339,0.65177,3.39141,1.551,1.548,972.9,95.54446,18.46881
1789867321.567,2736,5.18805,0.68017,3.52876,1.551,1.548,972.9,95.57980,18.47562
1789867321.577,2737,5.20292,0.63184,3.28741,1.551,1.548,972.9,95.61272,18.48195
1789867321.587,2738,5.18180,0.64977,3.36698,1.551,1.548,972.9,95.64644,18.48846
1789867321.597,2739,5.20292,0.57777,3.00609,1.551,1.548,972.9,95.67655,18.49424
1789867321.607,2740,5.20292,0.58649,3.05146,1.551,1.548,972.9,95.70708,18.50011
1789867321.617,2741,5.20292,0.60452,3.14527,1.551,1.548,972.9,95.73855,18.50616
1789867321.627,2742,5.20292,0.58724,3.05536,1.551,1.548,972.9,95.76912,18.51204
1789867321.637,2743,5.20292,0.60452,3.14527,1.551,1.548,972.9,95.80059,18.51809
1789867321.647,2744,5.20292,0.64230,3.34184,1.551,1.548,972.9,95.83402,18.52451
1789867321.657,2745,5.20292,0.60452,3.14527,1.551,1.548,972.9,95.86549,18.53056
1789867321.667,2746,5.18555,0.60570,3.14089,1.551,1.548,972.9,95.89691,18.53662
1789867321.677,2747,5.20268,0.64604,3.36114,1.551,1.548,972.9,95.93053,18.54308
1789867321.687,2748,5.18680,0.64654,3.35347,1.551,1.548,972.9,95.96411,18.54955
1789867321.697,2749,5.18680,0.62511,3.24232,1.551,1.548,972.9,95.99657,18.55581
1789867321.707,2750,5.20268,0.59397,3.09024,1.550,1.548,972.9,96.02751,18.56176
1789867321.717,2751,5.20268,0.63184,3.28726,1.551,1.548,972.9,96.06043,18.56809
1789867321.727,2752,5.20268,0.58375,3.03706,1.551,1.548,972.9,96.09076,18.57392
1789867321.737,2753,5.20268,0.61739,3.21208,1.551,1.548,972.9,96.12284,18.58008
1789867321.747,2754,5.20268,0.60570,3.15126,1.551,1.548,972.9,96.15431,18.58613
1789867321.757,2755,5.20268,0.60570,3.15126,1.552,1.548,972.9,96.18578,18.59218
1789867321.767,2756,5.17805,0.66647,3.45101,1.552,1.548,972.9,96.22034,18.59885
1789867321.777,2757,5.20229,0.59720,3.10681,1.552,1.548,972.9,96.25145,18.60484
1789867321.787,2758,5.20229,0.60724,3.15904,1.552,1.549,972.9,96.28309,18.61092
1789867321.797,2759,5.20229,0.58599,3.04849,1.551,1.548,972.9,96.31362,18.61679
1789867321.807,2760,5.20229,0.60724,3.15904,1.551,1.549,972.9,96.34515,18.62285
1789867321.817,2761,5.21304,0.58948,3.07298,1.551,1.549,972.9,96.37582,18.62873
1789867321.827,2762,5.20229,0.59596,3.10036,1.552,1.549,972.9,96.40676,18.63468
1789867321.837,2763,5.20229,0.60724,3.15904,1.552,1.549,972.9,96.43829,18.64074
1789867321.847,2764,5.20229,0.58848,3.06144,1.551,1.548,972.9,96.46887,18.64662
1789867321.857,2765,5.20229,0.60724,3.15904,1.552,1.549,972.9,96.50043,18.65268
1789867321.867,2766,5.20214,0.59322,3.08601,1.552,1.548,972.9,96.53126,18.65861
1789867321.877,2767,5.20214,0.58549,3.04580,1.552,1.548,972.9,96.56169,18.66446
1789867321.887,2768,5.20214,0.61788,3.21430,1.552,1.548,972.9,96.59391,18.67065
1789867321.897,2769,5.20214,0.59122,3.07561,1.552,1.548,972.9,96.62473,18.67658
1789867321.907,2770,5.20214,0.58674,3.05230,1.552,1.548,972.9,96.65532,18.68246
1789867321.917,2771,5.20214,0.60774,3.16155,1.552,1.548,972.9,96.68700,18.68855
1789867321.927,2772,5.20214,0.58350,3.03545,1.552,1.548,972.9,96.71733,18.69438
1789867321.937,2773,5.20214,0.58001,3.01729,1.552,1.549,972.9,96.74747,18.70017
1789867321.947,2774,5.20214,0.60774,3.16155,1.551,1.548,972.9,96.77905,18.70624
1789867321.957,2775,5.20214,0.59172,3.07821,1.552,1.548,972.9,96.80980,18.71215
1789867321.967,2776,5.20222,0.60733,3.15946,1.552,1.548,972.9,96.84139,18.71822
1789867321.977,2777,5.20222,0.58699,3.05365,1.552,1.548,972.9,96.87192,18.72409
1789867321.987,2778,5.20222,0.59048,3.07181,1.552,1.549,972.9,96.90263,18.73000
1789867321.997,2779,5.20222,0.60733,3.15946,1.551,1.548,972.9,96.93422,18.73607
1789867322.007,2780,5.20222,0.58649,3.05105,1.551,1.548,972.9,96.96478,18.74194
1789867322.017,2781,5.20222,0.60733,3.15946,1.551,1.548,972.9,96.99643,18.74803
1789867322.027,2782,5.20222,0.59048,3.07181,1.551,1.548,972.9,97.02720,18.75394
1789867322.037,2783,5.20222,0.58475,3.04200,1.551,1.548,972.9,97.05767,18.75980
1789867322.047,2784,5.20222,0.60733,3.15946,1.551,1.548,972.9,97.08921,18.76586
1789867322.057,2785,5.20222,0.58051,3.01994,1.552,1.548,972.9,97.11936,18.77166
1789867322.067,2786,5.20222,0.60751,3.16040,1.552,1.548,972.9,97.15092,18.77772
1789867322.077,2787,5.20222,0.64554,3.35824,1.552,1.548,972.9,97.18444,18.78417
1789867322.087,2788,5.20222,0.59147,3.07696,1.552,1.548,972.9,97.21525,18.79009
1789867322.097,2789,5.20222,0.60751,3.16040,1.552,1.548,972.9,97.24689,18.79617
1789867322.107,2790,5.20222,0.60751,3.16040,1.551,1.548,972.9,97.27853,18.80225
1789867322.117,2791,5.20222,0.60751,3.16040,1.552,1.548,972.9,97.31017,18.80834
1789867322.127,2792,5.20222,0.58151,3.02514,1.552,1.548,972.9,97.34040,18.81415
1789867322.137,2793,5.20222,0.58549,3.04585,1.551,1.548,972.9,97.37084,18.82000
1789867322.147,2794,5.20222,0.63134,3.28437,1.552,1.548,972.9,97.40366,18.82631
1789867322.157,2795,5.20222,0.58599,3.04845,1.552,1.549,972.9,97.43412,18.83216
1789867322.167,2796,5.20222,0.61863,3.21825,1.552,1.548,972.9,97.46630,18.83835
1789867322.177,2797,5.19055,0.59521,3.08947,1.551,1.548,972.9,97.49719,18.84430
1789867322.187,2798,5.20222,0.58774,3.05755,1.552,1.548,972.9,97.52776,18.85018
1789867322.197,2799,5.20222,0.63806,3.31933,1.552,1.549,972.9,97.56095,18.85656
1789867322.207,2800,5.20222,0.59421,3.09121,1.552,1.549,972.9,97.59197,18.86252
1789867322.217,2801,5.20222,0.58525,3.04460,1.552,1.549,972.9,97.62251,18.86839
1789867322.227,2802,5.20222,0.63159,3.28567,1.552,1.549,972.9,97.65548,18.87473
1789867322.237,2803,5.20222,0.58824,3.06015,1.552,1.549,972.9,97.68618,18.88063
1789867322.247,2804,5.20222,0.60782,3.16201,1.551,1.548,972.9,97.71770,18.88669
1789867322.257,2805,5.20222,0.62536,3.25326,1.552,1.548,972.9,97.75012,18.89292
1789867322.267,2806,5.20233,0.62611,3.25723,1.552,1.548,972.9,97.78258,18.89916
1789867322.277,2807,5.19180,0.63632,3.30365,1.551,1.548,972.9,97.81551,18.90550
1789867322.287,2808,5.20233,0.64429,3.35181,1.551,1.548,972.9,97.84896,18.91193
1789867322.297,2809,5.20233,0.61863,3.21832,1.551,1.548,972.9,97.88109,18.91811
1789867322.307,2810,5.20233,0.60771,3.16151,1.551,1.548,972.9,97.91265,18.92417
1789867322.317,2811,5.20233,0.58749,3.05632,1.551,1.548,972.9,97.94315,18.93004
1789867322.327,2812,5.20233,0.60771,3.16151,1.550,1.548,972.9,97.97478,18.93612
1789867322.337,2813,5.20233,0.61838,3.21702,1.550,1.548,972.9,98.00697,18.94230
1789867322.347,2814,5.20233,0.58724,3.05502,1.550,1.548,972.9,98.03753,18.94818
1789867322.357,2815,5.20233,0.61963,3.22352,1.550,1.548,972.9,98.06978,18.95438
1789867322.367,2816,5.20210,0.59122,3.07559,1.550,1.548,972.9,98.10055,18.96029
1789867322.377,2817,5.20210,0.60892,3.16766,1.550,1.548,972.9,98.13224,18.96639
1789867322.387,2818,5.20210,0.60892,3.16766,1.551,1.548,972.9,98.16394,18.97248
1789867322.397,2819,5.20210,0.60892,3.16766,1.551,1.548,972.9,98.19563,18.97857
1789867322.407,2820,5.20210,0.60892,3.16766,1.551,1.548,972.9,98.22737,18.98467
1789867322.417,2821,5.20210,0.59297,3.08469,1.551,1.548,972.9,98.25827,18.99061
1789867322.427,2822,5.20210,0.62611,3.25709,1.551,1.548,972.9,98.29090,18.99688
1789867322.437,2823,5.20210,0.60892,3.16766,1.551,1.548,972.9,98.32264,19.00298
1789867322.447,2824,5.20210,0.58998,3.06913,1.552,1.548,972.9,98.35324,19.00887
1789867322.457,2825,5.20210,0.60892,3.16766,1.551,1.548,972.9,98.38482,19.01494
1789867322.467,2826,5.20202,0.58549,3.04573,1.551,1.548,972.9,98.41519,19.02078
1789867322.477,2827,5.20202,0.60924,3.16928,1.551,1.548,972.9,98.44679,19.02685
1789867322.487,2828,5.20202,0.59496,3.09499,1.551,1.548,972.9,98.47774,19.03280
1789867322.497,2829,5.20202,0.59496,3.09499,1.551,1.548,972.9,98.50869,19.03875
1789867322.507,2830,5.20202,0.60924,3.16928,1.550,1.548,972.9,98.54038,19.04484
1789867322.517,2831,5.20202,0.59920,3.11705,1.550,1.548,972.9,98.57156,19.05083
1789867322.527,2832,5.20202,0.58126,3.02373,1.550,1.548,972.9,98.60188,19.05666
1789867322.537,2833,5.20202,0.60924,3.16928,1.550,1.548,972.9,98.63366,19.06277
1789867322.547,2834,5.20202,0.58450,3.04058,1.550,1.548,972.9,98.66415,19.06863
1789867322.557,2835,5.20202,0.58948,3.06649,1.551,1.548,972.9,98.69489,19.07454
1789867322.567,2836,5.20233,0.60797,3.16286,1.551,1.548,972.9,98.72638,19.08060
1789867322.577,2837,5.20233,0.59048,3.07187,1.551,1.548,972.9,98.75697,19.08648
1789867322.587,2838,5.20233,0.67618,3.51771,1.551,1.549,972.9,98.79199,19.09321
1789867322.597,2839,5.20233,0.63757,3.31685,1.551,1.548,972.9,98.82501,19.09956
1789867322.607,2840,5.20233,0.63806,3.31940,1.552,1.549,972.9,98.85838,19.10597
1789867322.617,2841,5.20233,0.64454,3.35311,1.551,1.548,972.9,98.89208,19.11245
1789867322.627,2842,5.20233,0.58076,3.02131,1.551,1.548,972.9,98.92245,19.11829
1789867322.637,2843,5.20233,0.59322,3.08613,1.552,1.548,972.9,98.95347,19.12425
1789867322.647,2844,5.20233,0.60797,3.16286,1.552,1.548,972.9,98.98510,19.13033
1789867322.657,2845,5.20233,0.58674,3.05242,1.552,1.548,972.9,99.01563,19.13620
1789867322.667,2846,5.20265,0.59197,3.07981,1.552,1.548,972.9,99.04643,19.14212
1789867322.677,2847,5.20265,0.60703,3.15816,1.552,1.548,972.9,99.07801,19.14819
1789867322.687,2848,5.20265,0.58475,3.04225,1.552,1.548,972.9,99.10828,19.15401
1789867322.697,2849,5.18305,0.68241,3.53697,1.552,1.548,972.9,99.14348,19.16080
1789867322.707,2850,5.20265,0.66173,3.44275,1.552,1.548,972.9,99.17774,19.16738
1789867322.717,2851,5.19180,0.66597,3.45758,1.552,1.548,972.9,99.21214,19.17401
1789867322.727,2852,5.20265,0.65575,3.41164,1.551,1.548,972.9,99.24641,19.18059
1789867322.737,2853,5.20265,0.58998,3.06946,1.552,1.548,972.9,99.27724,19.18652
1789867322.747,2854,5.20265,0.60703,3.15816,1.551,1.548,972.9,99.30896,19.19262
1789867322.757,2855,5.20265,0.58500,3.04355,1.552,1.548,972.9,99.33953,19.19849
1789867322.767,2856,5.20253,0.59023,3.07069,1.551,1.548,972.9,99.37013,19.20437
1789867322.777,2857,5.20253,0.66248,3.44657,1.551,1.548,972.9,99.40447,19.21098
1789867322.787,2858,5.20253,0.58749,3.05643,1.551,1.548,972.9,99.43493,19.21683
1789867322.797,2859,5.19055,0.60754,3.15347,1.551,1.548,972.9,99.46635,19.22288
1789867322.807,2860,5.20253,0.59073,3.07329,1.552,1.548,972.9,99.49699,19.22877
1789867322.817,2861,5.20253,0.59222,3.08104,1.552,1.548,972.9,99.52771,19.23468
1789867322.827,2862,5.20253,0.58898,3.06419,1.552,1.548,972.9,99.55827,19.24055
1789867322.837,2863,5.20253,0.60754,3.16075,1.552,1.548,972.9,99.58978,19.24661
1789867322.847,2864,5.20253,0.62611,3.25736,1.552,1.549,972.9,99.62256,19.25291
1789867322.857,2865,5.20253,0.59048,3.07199,1.552,1.549,972.9,99.65348,19.25885
1789867322.867,2866,5.20268,0.60744,3.16032,1.551,1.548,972.9,99.68529,19.26497
1789867322.877,2867,5.20268,0.58250,3.03056,1.551,1.548,972.9,99.71579,19.27083
1789867322.887,2868,5.20268,0.60744,3.16032,1.551,1.548,972.9,99.74716,19.27686
1789867322.897,2869,5.18930,0.63682,3.30465,1.551,1.548,972.9,99.77997,19.28318
1789867322.907,2870,5.20268,0.58973,3.06818,1.551,1.548,972.9,99.81042,19.28903
1789867322.917,2871,5.20268,0.61988,3.22504,1.551,1.548,972.9,99.84244,19.29519
1789867322.927,2872,5.20268,0.59147,3.07723,1.552,1.548,972.9,99.87338,19.30114
1789867322.937,2873,5.20268,0.60744,3.16032,1.552,1.549,972.9,99.90516,19.30724
1789867322.947,2874,5.20268,0.62835,3.26910,1.552,1.549,972.9,99.93803,19.31356
1789867322.957,2875,5.20268,0.58250,3.03056,1.552,1.549,972.9,99.96850,19.31942
1789867322.967,2876,5.20268,0.60776,3.16198,1.552,1.549,972.9,100.00015,19.32550
1789867322.977,2877,5.20268,0.59496,3.09539,1.552,1.549,972.9,100.03113,19.33146
1789867322.987,2878,5.20268,0.60776,3.16198,1.551,1.549,972.9,100.06277,19.33754
1789867322.997,2879,5.20268,0.59671,3.10449,1.551,1.548,972.9,100.09384,19.34351
1789867323.007,2880,5.20268,0.63383,3.29761,1.551,1.548,972.9,100.12664,19.34981
1789867323.017,2881,5.18930,0.66472,3.44943,1.550,1.548,972.9,100.16094,19.35642
1789867323.027,2882,5.20268,0.58898,3.06427,1.551,1.548,972.9,100.19141,19.36228
1789867323.037,2883,5.20268,0.58325,3.03446,1.551,1.548,972.9,100.22158,19.36808
1789867323.047,2884,5.20268,0.61888,3.21983,1.551,1.548,972.9,100.25392,19.37429
1789867323.057,2885,5.20268,0.59222,3.08113,1.552,1.548,972.9,100.28486,19.38024
1789867323.067,2886,5.20241,0.58799,3.05897,1.552,1.548,972.9,100.31558,19.38615
1789867323.077,2887,5.20241,0.60878,3.16712,1.552,1.548,972.9,100.34739,19.39226
1789867323.087,2888,5.20241,0.58649,3.05116,1.551,1.549,972.9,100.37789,19.39812
1789867323.097,2889,5.20241,0.60878,3.16712,1.551,1.548,972.9,100.40955,19.40421
1789867323.107,2890,5.20241,0.59023,3.07062,1.551,1.549,972.9,100.44025,19.41011
1789867323.117,2891,5.20241,0.59147,3.07707,1.551,1.548,972.9,100.47101,19.41602
1789867323.127,2892,5.20241,0.62038,3.22747,1.551,1.548,972.9,100.50331,19.42223
1789867323.137,2893,5.20241,0.59820,3.11208,1.551,1.548,972.9,100.53446,19.42822
1789867323.147,2894,5.20241,0.60878,3.16712,1.551,1.548,972.9,100.56615,19.43431
1789867323.157,2895,5.20241,0.57702,3.00189,1.551,1.548,972.9,100.59620,19.44009
1789867323.167,2896,5.20245,0.58250,3.03043,1.550,1.548,972.9,100.62654,19.44592
1789867323.177,2897,5.20245,0.60880,3.16725,1.550,1.548,972.9,100.65824,19.45201
1789867323.187,2898,5.20245,0.59048,3.07194,1.551,1.548,972.9,100.68900,19.45793
1789867323.197,2899,5.20245,0.62735,3.26376,1.550,1.548,972.9,100.72167,19.46421
1789867323.207,2900,5.20245,0.59546,3.09785,1.551,1.548,972.9,100.75249,19.47013
1789867323.217,2901,5.20245,0.60880,3.16725,1.551,1.548,972.9,100.78400,19.47619
1789867323.227,2902,5.20245,0.60880,3.16725,1.551,1.548,972.9,100.81551,19.48224
1789867323.237,2903,5.20245,0.59147,3.07709,1.551,1.548,972.9,100.84613,19.48813
1789867323.247,2904,5.20245,0.58749,3.05639,1.551,1.548,972.9,100.87688,19.49404
1789867323.257,2905,5.20245,0.60880,3.16725,1.551,1.548,972.9,100.90875,19.50016
1789867323.267,2906,5.20233,0.58724,3.05502,1.550,1.548,972.9,100.93949,19.50607
1789867323.277,2907,5.20233,0.58699,3.05372,1.551,1.548,972.9,100.97021,19.51198
1789867323.287,2908,5.20233,0.60914,3.16895,1.550,1.548,972.9,101.00174,19.51804
1789867323.297,2909,5.20233,0.58824,3.06022,1.551,1.548,972.9,101.03218,19.52389
1789867323.307,2910,5.20233,0.60914,3.16895,1.550,1.548,972.9,101.06371,19.52995
1789867323.317,2911,5.20233,0.58525,3.04466,1.550,1.548,972.9,101.09400,19.53577
1789867323.327,2912,5.20233,0.58998,3.06927,1.551,1.548,972.9,101.12476,19.54169
1789867323.337,2913,5.20233,0.63308,3.29349,1.551,1.548,972.9,101.15777,19.54803
1789867323.347,2914,5.20233,0.58400,3.03816,1.552,1.548,972.9,101.18822,19.55389
1789867323.357,2915,5.20233,0.60914,3.16895,1.552,1.548,972.9,101.21998,19.55999
1789867323.367,2916,5.20265,0.58226,3.02929,1.551,1.548,972.9,101.25034,19.56582
1789867323.377,2917,5.20265,0.59048,3.07206,1.551,1.548,972.9,101.28112,19.57174
1789867323.387,2918,5.20265,0.63433,3.30020,1.551,1.548,972.9,101.31419,19.57810
1789867323.397,2919,5.20265,0.61838,3.21721,1.551,1.548,972.9,101.34643,19.58429
1789867323.407,2920,5.18680,0.60797,3.15342,1.551,1.548,972.9,101.37797,19.59038
1789867323.417,2921,5.20265,0.59122,3.07591,1.551,1.548,972.9,101.40873,19.59629
1789867323.427,2922,5.20265,0.58898,3.06426,1.551,1.548,972.9,101.43938,19.60218
1789867323.437,2923,5.20265,0.60797,3.16306,1.551,1.548,972.9,101.47102,19.60826
1789867323.447,2924,5.20265,0.58824,3.06041,1.552,1.548,972.9,101.50158,19.61414
1789867323.457,2925,5.20265,0.63283,3.29239,1.552,1.548,972.9,101.53446,19.62046
1789867323.467,2926,5.20272,0.58923,3.06560,1.552,1.548,972.9,101.56508,19.62634
1789867323.477,2927,5.20272,0.60769,3.16164,1.551,1.548,972.9,101.59666,19.63241
1789867323.487,2928,5.20272,0.60769,3.16164,1.552,1.548,972.9,101.62824,19.63848
1789867323.497,2929,5.20272,0.59023,3.07080,1.552,1.548,972.9,101.65891,19.64438
1789867323.507,2930,5.18430,0.63134,3.27306,1.551,1.548,972.9,101.69161,19.65068
1789867323.517,2931,5.20272,0.59147,3.07725,1.552,1.548,972.9,101.72234,19.65659
1789867323.527,2932,5.20272,0.62262,3.23932,1.552,1.548,972.9,101.75477,19.66282
1789867323.537,2933,5.20272,0.59471,3.09411,1.552,1.548,972.9,101.78575,19.66878
1789867323.547,2934,5.20272,0.59720,3.10706,1.551,1.548,972.9,101.81685,19.67476
1789867323.557,2935,5.20272,0.60769,3.16164,1.551,1.548,972.9,101.84851,19.68084
1789867323.567,2936,5.20276,0.58525,3.04492,1.552,1.548,972.9,101.87897,19.68669
1789867323.577,2937,5.20276,0.60757,3.16104,1.551,1.548,972.9,101.91059,19.69277
1789867323.587,2938,5.20276,0.59446,3.09283,1.551,1.548,972.9,101.94153,19.69872
1789867323.597,2939,5.20276,0.60757,3.16104,1.551,1.548,972.9,101.97315,19.70480
1789867323.607,2940,5.20276,0.62760,3.26525,1.551,1.548,972.9,102.00579,19.71107
1789867323.617,2941,5.20276,0.59247,3.08248,1.551,1.548,972.9,102.03659,19.71699
1789867323.627,2942,5.20276,0.60757,3.16104,1.550,1.548,972.9,102.06818,19.72306
1789867323.637,2943,5.20276,0.58425,3.03971,1.551,1.548,972.9,102.09856,19.72890
1789867323.647,2944,5.20276,0.58724,3.05527,1.552,1.548,972.9,102.12913,19.73478
1789867323.657,2945,5.20276,0.62087,3.23024,1.552,1.549,972.9,102.16146,19.74099
1789867323.667,2946,5.20300,0.59397,3.09043,1.552,1.548,972.9,102.19238,19.74693
1789867323.677,2947,5.20300,0.59546,3.09818,1.552,1.548,972.9,102.22339,19.75289
1789867323.687,2948,5.20300,0.60640,3.15510,1.552,1.548,972.9,102.25489,19.75895
1789867323.697,2949,5.20300,0.58001,3.01779,1.551,1.548,972.9,102.28503,19.76474
1789867323.707,2950,5.20300,0.60640,3.15510,1.551,1.548,972.9,102.31653,19.77079
1789867323.717,2951,5.20300,0.60640,3.15510,1.550,1.548,972.9,102.34803,19.77685
1789867323.727,2952,5.20300,0.59222,3.08132,1.551,1.548,972.9,102.37891,19.78278
1789867323.737,2953,5.20300,0.61763,3.21353,1.551,1.548,972.9,102.41112,19.78897
1789867323.747,2954,5.20300,0.58699,3.05411,1.551,1.548,972.9,102.44172,19.79486
1789867323.757,2955,5.20300,0.60640,3.15510,1.551,1.548,972.9,102.47334,19.80093
1789867323.767,2956,5.20354,0.58026,3.01941,1.551,1.548,972.9,102.50346,19.80672
1789867323.777,2957,5.20354,0.58500,3.04407,1.551,1.548,972.9,102.53382,19.81256
1789867323.787,2958,5.20354,0.60433,3.14466,1.551,1.548,972.9,102.56519,19.81858
1789867323.797,2959,5.20354,0.58923,3.06608,1.551,1.548,972.9,102.59578,19.82446
1789867323.807,2960,5.20354,0.60433,3.14466,1.552,1.548,972.9,102.62727,19.83051
1789867323.817,2961,5.20354,0.62361,3.24498,1.551,1.548,972.9,102.65976,19.83676
1789867323.827,2962,5.20354,0.58475,3.04277,1.552,1.548,972.9,102.69023,19.84261
1789867323.837,2963,5.20354,0.61514,3.20091,1.552,1.548,972.9,102.72228,19.84877
1789867323.847,2964,5.20354,0.60433,3.14466,1.552,1.548,972.9,102.75373,19.85482
1789867323.857,2965,5.20354,0.58475,3.04277,1.552,1.548,972.9,102.78415,19.86066
1789867323.867,2966,5.20378,0.60379,3.14199,1.552,1.548,972.9,102.81557,19.86670
1789867323.877,2967,5.20378,0.58450,3.04161,1.551,1.549,972.9,102.84598,19.87255
1789867323.887,2968,5.20378,0.58300,3.03380,1.552,1.549,972.9,102.87623,19.87836
1789867323.897,2969,5.20378,0.62237,3.23868,1.551,1.548,972.9,102.90853,19.88456
1789867323.907,2970,5.20378,0.58300,3.03380,1.551,1.548,972.9,102.93877,19.89038
1789867323.917,2971,5.19180,0.64529,3.35022,1.551,1.548,972.9,102.97218,19.89681
1789867323.927,2972,5.20378,0.60379,3.14199,1.551,1.548,972.9,103.00376,19.90288
1789867323.937,2973,5.20378,0.60379,3.14199,1.551,1.548,972.9,103.03533,19.90895
1789867323.947,2974,5.20378,0.63408,3.29961,1.550,1.548,972.9,103.06849,19.91532
1789867323.957,2975,5.20378,0.58824,3.06107,1.551,1.548,972.9,103.09926,19.92123
1789867323.967,2976,5.20378,0.63009,3.27885,1.551,1.548,972.9,103.13194,19.92751
1789867323.977,2977,5.20378,0.58226,3.02995,1.551,1.548,972.9,103.16213,19.93331
1789867323.987,2978,5.20378,0.62137,3.23347,1.551,1.548,972.9,103.19436,19.93951
1789867323.997,2979,5.20378,0.63856,3.32293,1.551,1.548,972.9,103.22748,19.94587
1789867324.007,2980,5.20378,0.62062,3.22957,1.551,1.548,972.9,103.25982,19.95209
1789867324.017,2981,5.19180,0.63109,3.27649,1.551,1.548,972.9,103.29263,19.95841
1789867324.027,2982,5.20378,0.64081,3.33463,1.551,1.548,972.9,103.32603,19.96482
1789867324.037,2983,5.18805,0.65775,3.41244,1.550,1.548,972.9,103.36020,19.97141
1789867324.047,2984,5.18805,0.60366,3.13182,1.551,1.548,972.9,103.39152,19.97745
1789867324.057,2985,5.20378,0.59247,3.08308,1.552,1.549,972.9,103.42235,19.98337
1789867324.067,2986,5.20366,0.60411,3.14358,1.551,1.548,972.9,103.45378,19.98941
1789867324.077,2987,5.20366,0.65152,3.39029,1.551,1.548,972.9,103.48768,19.99593
1789867324.087,2988,5.20366,0.59347,3.08822,1.552,1.549,972.9,103.51854,20.00186
1789867324.097,2989,5.20366,0.60411,3.14358,1.552,1.548,972.9,103.54996,20.00790
1789867324.107,2990,5.20366,0.58774,3.05840,1.551,1.548,972.9,103.58052,20.01377
1789867324.117,2991,5.20366,0.60411,3.14358,1.550,1.548,972.9,103.61194,20.01981
1789867324.127,2992,5.20366,0.60411,3.14358,1.551,1.548,972.9,103.64330,20.02583
1789867324.137,2993,5.20366,0.60411,3.14358,1.551,1.548,972.9,103.67467,20.03186
1789867324.147,2994,5.20366,0.62287,3.24120,1.550,1.548,972.9,103.70701,20.03808
1789867324.157,2995,5.20366,0.58525,3.04544,1.550,1.548,972.9,103.73740,20.04392
1789867324.167,2996,5.20354,0.60404,3.14315,1.551,1.548,972.9,103.76896,20.04998
1789867324.177,2997,5.20354,0.60404,3.14315,1.551,1.548,972.9,103.80052,20.05605
1789867324.187,2998,5.20354,0.58350,3.03627,1.551,1.548,972.9,103.83101,20.06191
1789867324.197,2999,5.20354,0.60404,3.14315,1.551,1.548,972.9,103.86257,20.06797
1789867324.207,3000,5.20354,0.59272,3.08424,1.552,1.548,972.9,103.89331,20.07388
1789867324.217,3001,5.20354,0.61440,3.19705,1.552,1.548,972.9,103.92517,20.08000
1789867324.227,3002,5.18805,0.60404,3.13379,1.552,1.548,972.9,103.95640,20.08602
1789867324.237,3003,5.20354,0.58599,3.04922,1.552,1.549,972.9,103.98679,20.09186
1789867324.247,3004,5.20354,0.61415,3.19575,1.552,1.548,972.9,104.01883,20.09802
1789867324.257,3005,5.20354,0.58923,3.06608,1.552,1.548,972.9,104.04957,20.10393
1789867324.267,3006,5.20350,0.58898,3.06476,1.552,1.548,972.9,104.08029,20.10983
1789867324.277,3007,5.20350,0.61664,3.20869,1.552,1.549,972.9,104.11247,20.11601
1789867324.287,3008,5.20350,0.62710,3.26311,1.552,1.549,972.9,104.14495,20.12226
1789867324.297,3009,5.20350,0.62187,3.23590,1.552,1.548,972.9,104.17717,20.12845
1789867324.307,3010,5.19305,0.64753,3.36266,1.552,1.548,972.9,104.21065,20.13490
1789867324.317,3011,5.20350,0.62660,3.26051,1.551,1.548,972.9,104.24312,20.14113
1789867324.327,3012,5.19055,0.66323,3.44253,1.550,1.548,972.9,104.27768,20.14779
1789867324.337,3013,5.20350,0.63632,3.31109,1.551,1.548,972.9,104.31092,20.15418
1789867324.347,3014,5.20350,0.63084,3.28258,1.550,1.548,972.9,104.34387,20.16051
1789867324.357,3015,5.19180,0.64803,3.36444,1.550,1.548,972.9,104.37765,20.16702
1789867324.367,3016,5.20265,0.58599,3.04870,1.550,1.548,972.9,104.40806,20.17287
1789867324.377,3017,5.20265,0.60670,3.15645,1.550,1.548,972.9,104.43955,20.17892
1789867324.387,3018,5.20265,0.58226,3.02929,1.551,1.548,972.9,104.46977,20.18473
1789867324.397,3019,5.20265,0.59023,3.07076,1.550,1.548,972.9,104.50040,20.19061
1789867324.407,3020,5.20265,0.60670,3.15645,1.550,1.548,972.9,104.53208,20.19670
1789867324.417,3021,5.20265,0.58425,3.03965,1.551,1.548,972.9,104.56258,20.20257
1789867324.427,3022,5.20265,0.62162,3.23407,1.551,1.548,972.9,104.59504,20.20880
1789867324.437,3023,5.20265,0.59122,3.07591,1.551,1.548,972.9,104.62591,20.21474
1789867324.447,3024,5.20265,0.58450,3.04095,1.552,1.548,972.9,104.65622,20.22056
1789867324.457,3025,5.20265,0.61838,3.21721,1.552,1.549,972.9,104.68828,20.22673
1789867324.467,3026,5.20261,0.58923,3.06553,1.552,1.549,972.9,104.71884,20.23260
1789867324.477,3027,5.20261,0.60673,3.15658,1.552,1.548,972.9,104.75030,20.23865
1789867324.487,3028,5.20261,0.59122,3.07589,1.552,1.548,972.9,104.78110,20.24457
1789867324.497,3029,5.20261,0.58674,3.05258,1.551,1.548,972.9,104.81168,20.25044
1789867324.507,3030,5.20261,0.62810,3.26776,1.551,1.548,972.9,104.84441,20.25674
1789867324.517,3031,5.20261,0.58325,3.03442,1.551,1.548,972.9,104.87480,20.26258
1789867324.527,3032,5.20261,0.60673,3.15658,1.551,1.548,972.9,104.90639,20.26865
1789867324.537,3033,5.20261,0.59571,3.09925,1.551,1.548,972.9,104.93742,20.27461
1789867324.547,3034,5.20261,0.60673,3.15658,1.551,1.548,972.9,104.96901,20.28069
1789867324.557,3035,5.20261,0.64006,3.32998,1.550,1.548,972.9,105.00235,20.28709
1789867324.567,3036,5.20257,0.59446,3.09272,1.550,1.548,972.9,105.03330,20.29304
1789867324.577,3037,5.20257,0.60685,3.15718,1.550,1.548,972.9,105.06490,20.29912
1789867324.587,3038,5.20257,0.58525,3.04480,1.551,1.548,972.9,105.09537,20.30497
1789867324.597,3039,5.20257,0.58649,3.05126,1.551,1.548,972.9,105.12591,20.31084
1789867324.607,3040,5.20257,0.60685,3.15718,1.551,1.548,972.9,105.15745,20.31691
1789867324.617,3041,5.20257,0.59122,3.07586,1.551,1.548,972.9,105.18817,20.32281
1789867324.627,3042,5.20257,0.63159,3.28589,1.550,1.548,972.9,105.22099,20.32912
1789867324.637,3043,5.20257,0.63508,3.30405,1.552,1.548,972.9,105.25400,20.33546
1789867324.647,3044,5.20257,0.60685,3.15718,1.550,1.548,972.9,105.28563,20.34154
1789867324.657,3045,5.20257,0.63582,3.30790,1.550,1.548,972.9,105.31876,20.34791
1789867324.667,3046,5.20241,0.58549,3.04596,1.551,1.548,972.9,105.34928,20.35378
1789867324.677,3047,5.20241,0.63009,3.27799,1.551,1.548,972.9,105.38212,20.36009
1789867324.687,3048,5.20241,0.63433,3.30004,1.551,1.548,972.9,105.41498,20.36641
1789867324.697,3049,5.20241,0.58126,3.02395,1.550,1.548,972.9,105.44509,20.37220
1789867324.707,3050,5.20241,0.60674,3.15651,1.551,1.548,972.9,105.47653,20.37824
1789867324.717,3051,5.20241,0.58948,3.06672,1.550,1.548,972.9,105.50707,20.38411
1789867324.727,3052,5.20241,0.60674,3.15651,1.550,1.548,972.9,105.53861,20.39017
1789867324.737,3053,5.19055,0.64928,3.37012,1.550,1.548,972.9,105.57229,20.39666
1789867324.747,3054,5.20241,0.59397,3.09008,1.550,1.548,972.9,105.60317,20.40260
1789867324.757,3055,5.20241,0.61888,3.21967,1.550,1.548,972.9,105.63534,20.40878
1789867324.767,3056,5.20237,0.59596,3.10040,1.550,1.548,972.9,105.66644,20.41476
1789867324.777,3057,5.20237,0.58475,3.04209,1.550,1.548,972.9,105.69695,20.42062
1789867324.787,3058,5.20237,0.60657,3.15560,1.551,1.548,972.9,105.72860,20.42671
1789867324.797,3059,5.20237,0.62062,3.22869,1.551,1.548,972.9,105.76099,20.43293
1789867324.807,3060,5.20237,0.58998,3.06929,1.552,1.548,972.9,105.79169,20.43883
1789867324.817,3061,5.20237,0.60657,3.15560,1.552,1.548,972.9,105.82326,20.44490
1789867324.827,3062,5.20237,0.59247,3.08225,1.552,1.548,972.9,105.85409,20.45083
1789867324.837,3063,5.20237,0.60657,3.15560,1.552,1.548,972.9,105.88566,20.45690
1789867324.847,3064,5.20237,0.63059,3.28056,1.552,1.548,972.9,105.91841,20.46319
1789867324.857,3065,5.20237,0.64554,3.35834,1.552,1.549,972.9,105.95194,20.46964
1789867324.867,3066,5.20206,0.60752,3.16036,1.552,1.548,972.9,105.98349,20.47570
1789867324.877,3067,5.20206,0.58325,3.03410,1.551,1.548,972.9,106.01378,20.48152
1789867324.887,3068,5.20206,0.58824,3.06006,1.551,1.548,972.9,106.04436,20.48740
1789867324.897,3069,5.20206,0.60752,3.16036,1.551,1.548,972.9,106.07593,20.49347
1789867324.907,3070,5.20206,0.58126,3.02375,1.550,1.548,972.9,106.10614,20.49928
1789867324.917,3071,5.20206,0.58749,3.05616,1.549,1.548,972.9,106.13667,20.50515
1789867324.927,3072,5.20206,0.60752,3.16036,1.550,1.548,972.9,106.16836,20.51124
1789867324.937,3073,5.20206,0.58026,3.01855,1.551,1.548,972.9,106.19862,20.51706
1789867324.947,3074,5.19055,0.66771,3.46578,1.551,1.548,972.9,106.23336,20.52375
1789867324.957,3075,5.20206,0.60752,3.16036,1.552,1.548,972.9,106.26504,20.52984
1789867324.967,3076,5.20175,0.59297,3.08448,1.551,1.548,972.9,106.29588,20.53577
1789867324.977,3077,5.20175,0.62785,3.26592,1.551,1.548,972.9,106.32853,20.54204
1789867324.987,3078,5.20175,0.58898,3.06373,1.550,1.548,972.9,106.35916,20.54793
1789867324.997,3079,5.20175,0.60827,3.16407,1.550,1.548,972.9,106.39079,20.55401
1789867325.007,3080,5.20175,0.58674,3.05207,1.551,1.548,972.9,106.42133,20.55989
1789867325.017,3081,5.20175,0.58973,3.06763,1.551,1.548,972.9,106.45203,20.56579
1789867325.027,3082,5.20175,0.60827,3.16407,1.551,1.548,972.9,106.48369,20.57187
1789867325.037,3083,5.20175,0.59696,3.10524,1.551,1.548,972.9,106.51476,20.57785
1789867325.047,3084,5.18430,0.67643,3.50682,1.551,1.548,972.9,106.54977,20.58460
1789867325.057,3085,5.20175,0.58226,3.02877,1.551,1.548,972.9,106.58001,20.59041
1789867325.067,3086,5.20183,0.58674,3.05212,1.551,1.548,972.9,106.61048,20.59627
1789867325.077,3087,5.20183,0.63582,3.30743,1.551,1.548,972.9,106.64350,20.60262
1789867325.087,3088,5.20183,0.59023,3.07028,1.552,1.548,972.9,106.67417,20.60851
1789867325.097,3089,5.20183,0.60761,3.16068,1.551,1.548,972.9,106.70575,20.61459
1789867325.107,3090,5.20183,0.58599,3.04822,1.551,1.548,972.9,106.73621,20.62044
1789867325.117,3091,5.20183,0.59197,3.07933,1.551,1.548,972.9,106.76698,20.62635
1789867325.127,3092,5.20183,0.62810,3.26727,1.550,1.548,972.9,106.79968,20.63264
1789867325.137,3093,5.20183,0.60761,3.16068,1.550,1.548,972.9,106.83131,20.63872
1789867325.147,3094,5.17805,0.64504,3.34005,1.550,1.548,972.9,106.86474,20.64518
1789867325.157,3095,5.20183,0.59397,3.08973,1.551,1.548,972.9,106.89566,20.65112
1789867325.167,3096,5.20190,0.60756,3.16047,1.550,1.548,972.9,106.92723,20.65719
1789867325.177,3097,5.20190,0.60756,3.16047,1.551,1.548,972.9,106.95880,20.66326
1789867325.187,3098,5.20190,0.57628,2.99775,1.551,1.548,972.9,106.98875,20.66902
1789867325.197,3099,5.20190,0.60756,3.16047,1.551,1.548,972.9,107.02032,20.67509
1789867325.207,3100,5.19180,0.62411,3.24025,1.551,1.548,972.9,107.05268,20.68132
1789867325.217,3101,5.20190,0.58425,3.03921,1.551,1.548,972.9,107.08304,20.68716
1789867325.227,3102,5.20190,0.60756,3.16047,1.551,1.548,972.9,107.11461,20.69322
1789867325.237,3103,5.20190,0.58674,3.05216,1.552,1.548,972.9,107.14509,20.69908
1789867325.247,3104,5.20190,0.63433,3.29972,1.552,1.548,972.9,107.17821,20.70545
1789867325.257,3105,5.20190,0.64155,3.33728,1.552,1.549,972.9,107.21171,20.71189
1789867325.267,3106,5.20198,0.59596,3.10017,1.552,1.549,972.9,107.24284,20.71787
1789867325.277,3107,5.20198,0.60775,3.16150,1.552,1.549,972.9,107.27457,20.72398
1789867325.287,3108,5.20198,0.58923,3.06516,1.552,1.549,972.9,107.30513,20.72985
1789867325.297,3109,5.20198,0.60775,3.16150,1.552,1.548,972.9,107.33666,20.73591
1789867325.307,3110,5.20198,0.64081,3.33348,1.552,1.549,972.9,107.36989,20.74230
1789867325.317,3111,5.20198,0.58923,3.06516,1.551,1.548,972.9,107.40046,20.74817
1789867325.327,3112,5.20198,0.60775,3.16150,1.552,1.548,972.9,107.43214,20.75426
1789867325.337,3113,5.20198,0.58026,3.01850,1.552,1.548,972.9,107.46238,20.76008
1789867325.347,3114,5.20198,0.60775,3.16150,1.551,1.548,972.9,107.49407,20.76617
1789867325.357,3115,5.20198,0.59197,3.07942,1.551,1.548,972.9,107.52492,20.77210
1789867325.367,3116,5.20257,0.60538,3.14953,1.551,1.548,972.9,107.55640,20.77815
1789867325.377,3117,5.20257,0.61988,3.22497,1.550,1.548,972.9,107.58864,20.78435
1789867325.387,3118,5.20257,0.58624,3.04995,1.550,1.548,972.9,107.61912,20.79021
1789867325.397,3119,5.20257,0.60538,3.14953,1.550,1.548,972.9,107.65060,20.79626
1789867325.407,3120,5.20257,0.58275,3.03180,1.551,1.548,972.9,107.68092,20.80209
1789867325.417,3121,5.20257,0.58774,3.05776,1.551,1.548,972.9,107.71149,20.80796
1789867325.427,3122,5.20257,0.60538,3.14953,1.551,1.548,972.9,107.74298,20.81402
1789867325.437,3123,5.20257,0.58774,3.05776,1.552,1.549,972.9,107.77356,20.81989
1789867325.447,3124,5.20257,0.60538,3.14953,1.552,1.548,972.9,107.80514,20.82596
1789867325.457,3125,5.18680,0.63657,3.30176,1.552,1.548,972.9,107.83825,20.83235
1789867325.467,3126,5.20253,0.63408,3.29882,1.551,1.548,972.9,107.87134,20.83871
1789867325.477,3127,5.18805,0.66348,3.44217,1.551,1.548,972.9,107.90586,20.84536
1789867325.487,3128,5.20253,0.60494,3.14722,1.552,1.548,972.9,107.93722,20.85139
1789867325.497,3129,5.20253,0.58724,3.05513,1.551,1.548,972.9,107.96767,20.85724
1789867325.507,3130,5.20253,0.61514,3.20028,1.551,1.548,972.9,107.99957,20.86337
1789867325.517,3131,5.20253,0.58500,3.04348,1.551,1.548,972.9,108.02990,20.86920
1789867325.527,3132,5.20253,0.58051,3.02012,1.551,1.548,972.9,108.06014,20.87501
1789867325.537,3133,5.20253,0.60494,3.14722,1.551,1.548,972.9,108.09164,20.88107
1789867325.547,3134,5.20253,0.59048,3.07199,1.551,1.548,972.9,108.12239,20.88698
1789867325.557,3135,5.20253,0.64953,3.37920,1.551,1.548,972.9,108.15622,20.89348
1789867325.567,3136,5.20222,0.65725,3.41916,1.552,1.548,972.9,108.19045,20.90006
1789867325.577,3137,5.20222,0.60639,3.15457,1.551,1.548,972.9,108.22203,20.90613
1789867325.587,3138,5.20222,0.60639,3.15457,1.552,1.548,972.9,108.25360,20.91220
1789867325.597,3139,5.20222,0.58923,3.06530,1.552,1.548,972.9,108.28429,20.91810
1789867325.607,3140,5.20222,0.60639,3.15457,1.551,1.548,972.9,108.31580,20.92416
1789867325.617,3141,5.20222,0.58450,3.04070,1.552,1.548,972.9,108.34618,20.93000
1789867325.627,3142,5.20222,0.58973,3.06791,1.551,1.548,972.9,108.37683,20.93589
1789867325.637,3143,5.20222,0.65202,3.39195,1.551,1.548,972.9,108.41072,20.94240
1789867325.647,3144,5.20222,0.59496,3.09511,1.551,1.548,972.9,108.44170,20.94836
1789867325.657,3145,5.20222,0.62586,3.25586,1.552,1.548,972.9,108.47429,20.95463
1789867325.667,3146,5.20202,0.64654,3.36331,1.551,1.548,972.9,108.50796,20.96110
1789867325.677,3147,5.20202,0.58500,3.04318,1.551,1.548,972.9,108.53842,20.96695
1789867325.687,3148,5.19180,0.60759,3.15449,1.551,1.548,972.9,108.56985,20.97301
1789867325.697,3149,5.20202,0.58973,3.06779,1.551,1.548,972.9,108.60041,20.97888
1789867325.707,3150,5.20202,0.60759,3.16070,1.551,1.548,972.9,108.63190,20.98493
1789867325.717,3151,5.20202,0.58948,3.06649,1.550,1.548,972.9,108.66245,20.99081
1789867325.727,3152,5.20202,0.58574,3.04703,1.550,1.548,972.9,108.69301,20.99668
1789867325.737,3153,5.19055,0.63433,3.29252,1.550,1.548,972.9,108.72603,21.00304
1789867325.747,3154,5.20202,0.58350,3.03538,1.550,1.548,972.9,108.75647,21.00889
1789867325.757,3155,5.20202,0.62361,3.24403,1.550,1.548,972.9,108.78901,21.01515
1789867325.767,3156,5.20194,0.64031,3.33085,1.550,1.548,972.9,108.82231,21.02155
1789867325.777,3157,5.20194,0.66547,3.46174,1.550,1.548,972.9,108.85691,21.02820
1789867325.787,3158,5.18805,0.68814,3.57010,1.551,1.548,972.9,108.89260,21.03508
1789867325.797,3159,5.20194,0.58375,3.03663,1.552,1.548,972.9,108.92296,21.04092
1789867325.807,3160,5.20194,0.58275,3.03143,1.552,1.548,972.9,108.95327,21.04675
1789867325.817,3161,5.20194,0.63483,3.30235,1.552,1.548,972.9,108.98629,21.05309
1789867325.827,3162,5.20194,0.58450,3.04053,1.552,1.548,972.9,109.01670,21.05894
1789867325.837,3163,5.20194,0.60807,3.16314,1.552,1.548,972.9,109.04833,21.06502
1789867325.847,3164,5.20194,0.62312,3.24143,1.551,1.548,972.9,109.08082,21.07126
1789867325.857,3165,5.20194,0.59521,3.09625,1.551,1.548,972.9,109.11185,21.07723
1789867325.867,3166,5.17181,0.71281,3.68652,1.551,1.548,972.9,109.14880,21.08437
1789867325.877,3167,5.20155,0.59272,3.08306,1.551,1.548,972.9,109.17971,21.09032
1789867325.887,3168,5.20155,0.60945,3.17008,1.551,1.548,972.9,109.21124,21.09638
1789867325.897,3169,5.20155,0.58774,3.05716,1.551,1.548,972.9,109.24165,21.10223
1789867325.907,3170,5.20155,0.62386,3.24504,1.552,1.548,972.9,109.27393,21.10843
1789867325.917,3171,5.20155,0.59347,3.08696,1.552,1.548,972.9,109.30464,21.11433
1789867325.927,3172,5.20155,0.59172,3.07786,1.552,1.548,972.9,109.33556,21.12028
1789867325.937,3173,5.20155,0.62287,3.23989,1.552,1.549,972.9,109.36811,21.12654
1789867325.947,3174,5.20155,0.58973,3.06751,1.552,1.549,972.9,109.39893,21.13246
1789867325.957,3175,5.20155,0.60945,3.17008,1.552,1.548,972.9,109.43078,21.13858
1789867325.967,3176,5.20151,0.62860,3.26967,1.551,1.549,972.9,109.46339,21.14485
1789867325.977,3177,5.20151,0.63831,3.32018,1.551,1.548,972.9,109.49650,21.15122
1789867325.987,3178,5.18680,0.66398,3.44393,1.551,1.548,972.9,109.53085,21.15784
1789867325.997,3179,5.20151,0.59895,3.11544,1.551,1.548,972.9,109.56192,21.16382
1789867326.007,3180,5.20151,0.58624,3.04933,1.551,1.548,972.9,109.59255,21.16970
1789867326.017,3181,5.20151,0.60960,3.17084,1.551,1.548,972.9,109.62440,21.17583
1789867326.027,3182,5.20151,0.58824,3.05974,1.552,1.549,972.9,109.65513,21.18174
1789867326.037,3183,5.20151,0.58500,3.04288,1.552,1.549,972.9,109.68570,21.18761
1789867326.047,3184,5.20151,0.60960,3.17084,1.551,1.548,972.9,109.71726,21.19368
1789867326.057,3185,5.20151,0.59372,3.08824,1.552,1.549,972.9,109.74801,21.19959
1789867326.067,3186,5.20151,0.60938,3.16970,1.551,1.549,972.9,109.77956,21.20566
1789867326.077,3187,5.18930,0.67843,3.52058,1.551,1.548,972.9,109.81461,21.21241
1789867326.087,3188,5.20151,0.60938,3.16970,1.551,1.548,972.9,109.84628,21.21850
1789867326.097,3189,5.20151,0.59197,3.07914,1.551,1.548,972.9,109.87704,21.22441
1789867326.107,3190,5.20151,0.60938,3.16970,1.552,1.549,972.9,109.90870,21.23050
1789867326.117,3191,5.20151,0.58898,3.06359,1.550,1.548,972.9,109.93931,21.23638
1789867326.127,3192,5.20151,0.60938,3.16970,1.551,1.548,972.9,109.97106,21.24249
1789867326.137,3193,5.20151,0.58674,3.05193,1.551,1.549,972.9,110.00163,21.24837
1789867326.147,3194,5.20151,0.59546,3.09729,1.551,1.548,972.9,110.03266,21.25433
1789867326.157,3195,5.20151,0.62187,3.23466,1.551,1.548,972.9,110.06506,21.26056
1789867326.167,3196,5.20155,0.58450,3.04031,1.550,1.548,972.9,110.09550,21.26641
1789867326.177,3197,5.20155,0.63632,3.30985,1.550,1.548,972.9,110.12863,21.27278
1789867326.187,3198,5.20155,0.66522,3.46018,1.550,1.548,972.9,110.16327,21.27944
1789867326.197,3199,5.20155,0.64205,3.33966,1.550,1.548,972.9,110.19670,21.28587
1789867326.207,3200,5.20155,0.64330,3.34616,1.550,1.548,972.9,110.23000,21.29227
1789867326.217,3201,5.18555,0.66572,3.45212,1.551,1.548,972.9,110.26435,21.29889
1789867326.227,3202,5.20155,0.63931,3.32540,1.551,1.548,972.9,110.29744,21.30526
1789867326.237,3203,5.20155,0.63308,3.29300,1.552,1.548,972.9,110.33021,21.31156
1789867326.247,3204,5.19055,0.66173,3.43474,1.551,1.548,972.9,110.36470,21.31820
1789867326.257,3205,5.20155,0.63059,3.28005,1.551,1.548,972.9,110.39764,21.32453
1789867326.267,3206,5.20054,0.63483,3.30146,1.551,1.548,972.9,110.43079,21.33091
1789867326.277,3207,5.16056,0.79154,4.08479,1.550,1.548,972.9,110.47181,21.33886
1789867326.287,3208,5.16181,0.79752,4.11665,1.550,1.548,972.9,110.51289,21.34681
1789867326.297,3209,5.20054,0.63408,3.29756,1.551,1.548,972.9,110.54579,21.35314
1789867326.307,3210,5.20054,0.67195,3.49450,1.551,1.548,972.9,110.58065,21.35985
1789867326.317,3211,5.20054,0.62586,3.25481,1.551,1.549,972.9,110.61313,21.36609
1789867326.327,3212,5.20054,0.68466,3.56060,1.551,1.548,972.9,110.64883,21.37295
1789867326.337,3213,5.20054,0.63757,3.31571,1.551,1.548,972.9,110.68207,21.37935
1789867326.347,3214,5.20054,0.67868,3.52950,1.551,1.548,972.9,110.71746,21.38615
1789867326.357,3215,5.20054,0.62835,3.26776,1.551,1.548,972.9,110.75023,21.39245
1789867326.368,3216,5.19901,0.66298,3.44684,1.551,1.548,972.9,110.78632,21.39939
1789867326.378,3217,5.16431,0.75791,3.91408,1.551,1.548,972.9,110.82730,21.40733
1789867326.389,3218,5.15681,0.71381,3.68098,1.551,1.548,972.9,110.86584,21.41480
1789867326.399,3219,5.19901,0.63582,3.30563,1.551,1.548,972.9,110.90045,21.42146
1789867326.409,3220,5.18555,0.65426,3.39270,1.551,1.548,972.9,110.93278,21.42770
1789867326.418,3221,5.19901,0.62105,3.22885,1.551,1.548,972.9,110.96355,21.43361
1789867326.428,3222,5.18805,0.67768,3.51584,1.551,1.548,972.9,110.99706,21.44007
1789867326.437,3223,5.19901,0.63333,3.29269,1.552,1.548,972.9,111.02844,21.44611
1789867326.447,3224,5.19901,0.67394,3.50382,1.551,1.548,972.9,111.06347,21.45285
1789867326.457,3225,5.19901,0.62105,3.22885,1.551,1.548,972.9,111.09574,21.45905
1789867326.467,3226,5.18555,0.67070,3.47795,1.551,1.548,972.9,111.13050,21.46576
1789867326.477,3227,5.18680,0.64903,3.36639,1.551,1.548,972.9,111.16415,21.47224
1789867326.487,3228,5.19765,0.68715,3.57157,1.551,1.548,972.9,111.19984,21.47911
1789867326.497,3229,5.19765,0.64529,3.35399,1.551,1.548,972.9,111.23336,21.48556
1789867326.507,3230,5.18680,0.68017,3.52791,1.551,1.549,972.9,111.26862,21.49236
1789867326.517,3231,5.19765,0.62741,3.26106,1.551,1.549,972.9,111.30122,21.49863
1789867326.527,3232,5.18680,0.66871,3.46847,1.551,1.548,972.9,111.33593,21.50532
1789867326.537,3233,5.19765,0.62741,3.26106,1.552,1.548,972.9,111.36856,21.51160
1789867326.547,3234,5.18680,0.66771,3.46328,1.551,1.548,972.9,111.40322,21.51828
1789867326.557,3235,5.19765,0.62741,3.26106,1.551,1.548,972.9,111.43585,21.52456
1789867326.567,3236,5.18555,0.67519,3.50123,1.551,1.548,972.9,111.47087,21.53131
1789867326.577,3237,5.19687,0.63103,3.27938,1.550,1.548,972.9,111.50367,21.53763
1789867326.587,3238,5.16681,0.66373,3.42937,1.550,1.548,972.9,111.53797,21.54426
1789867326.597,3239,5.19687,0.63103,3.27938,1.551,1.548,972.9,111.57077,21.55058
1789867326.607,3240,5.18680,0.67618,3.50721,1.551,1.548,972.9,111.60597,21.55736
1789867326.617,3241,5.19687,0.63103,3.27938,1.551,1.548,972.9,111.63887,21.56369
1789867326.627,3242,5.18555,0.71879,3.72732,1.551,1.548,972.9,111.67628,21.57091
1789867326.637,3243,5.19687,0.63103,3.27938,1.551,1.548,972.9,111.70919,21.57724
1789867326.647,3244,5.19687,0.66447,3.45316,1.552,1.548,972.9,111.74357,21.58385
1789867326.657,3245,5.19687,0.63103,3.27938,1.551,1.548,972.9,111.77621,21.59014
1789867326.667,3246,5.18305,0.74047,3.83789,1.551,1.548,972.9,111.81442,21.59751
1789867326.677,3247,5.19589,0.63529,3.30090,1.552,1.548,972.9,111.84729,21.60383
1789867326.687,3248,5.18555,0.68989,3.57746,1.552,1.548,972.9,111.88298,21.61072
1789867326.697,3249,5.19589,0.63529,3.30090,1.551,1.548,972.9,111.91591,21.61705
1789867326.707,3250,5.16681,0.66846,3.45381,1.551,1.548,972.9,111.95037,21.62372
1789867326.717,3251,5.19589,0.63529,3.30090,1.551,1.548,972.9,111.98330,21.63006
1789867326.727,3252,5.19589,0.75317,3.91339,1.552,1.548,972.9,112.02294,21.63769
1789867326.737,3253,5.19589,0.63529,3.30090,1.551,1.548,972.9,112.05637,21.64412
1789867326.747,3254,5.17181,0.63529,3.28560,1.551,1.548,972.9,112.08965,21.65056
1789867326.758,3255,5.19589,0.63529,3.30090,1.551,1.548,972.9,112.12309,21.65699
1789867326.767,3256,5.17930,0.71829,3.72024,1.551,1.548,972.9,112.15990,21.66410
1789867326.777,3257,5.19488,0.62835,3.26420,1.550,1.548,972.9,112.19221,21.67032
1789867326.787,3258,5.17680,0.63975,3.31186,1.550,1.548,972.9,112.22498,21.67665
1789867326.797,3259,5.19488,0.67319,3.49714,1.550,1.548,972.9,112.25959,21.68331
1789867326.807,3260,5.16306,0.65526,3.38315,1.550,1.548,972.9,112.29344,21.68987
1789867326.817,3261,5.19488,0.63975,3.32342,1.551,1.548,972.9,112.32670,21.69627
1789867326.827,3262,5.19488,0.63975,3.32342,1.551,1.548,972.9,112.35996,21.70267
1789867326.837,3263,5.19488,0.62237,3.23314,1.551,1.548,972.9,112.39231,21.70890
1789867326.847,3264,5.18180,0.62486,3.23790,1.551,1.548,972.9,112.42462,21.71514
1789867326.857,3265,5.19488,0.62486,3.24607,1.551,1.548,972.9,112.45700,21.72137
1789867326.867,3266,5.19394,0.62586,3.25068,1.551,1.548,972.9,112.48944,21.72762
1789867326.877,3267,5.19394,0.64357,3.34266,1.551,1.548,972.9,112.52279,21.73404
1789867326.887,3268,5.19394,0.73125,3.79807,1.551,1.548,972.9,112.56062,21.74132
1789867326.897,3269,5.19394,0.69661,3.61815,1.551,1.548,972.9,112.59666,21.74826
1789867326.907,3270,5.19394,0.63109,3.27784,1.552,1.548,972.9,112.62930,21.75454
1789867326.917,3271,5.19394,0.64357,3.34266,1.551,1.548,972.9,112.66260,21.76096
1789867326.927,3272,5.19394,0.62436,3.24289,1.551,1.548,972.9,112.69521,21.76723
1789867326.937,3273,5.19394,0.67494,3.50560,1.551,1.548,972.9,112.73046,21.77402
1789867326.947,3274,5.19394,0.62959,3.27005,1.552,1.548,972.9,112.76335,21.78035
1789867326.957,3275,5.18180,0.66522,3.44704,1.552,1.548,972.9,112.79801,21.78704
1789867326.967,3276,5.19312,0.63508,3.29805,1.551,1.548,972.9,112.83094,21.79338
1789867326.977,3277,5.18305,0.68017,3.52536,1.551,1.548,972.9,112.86615,21.80018
1789867326.987,3278,5.19312,0.64762,3.36317,1.551,1.548,972.9,112.89974,21.80664
1789867326.997,3279,5.19312,0.66921,3.47529,1.551,1.548,972.9,112.93444,21.81333
1789867327.007,3280,5.19312,0.63283,3.28636,1.551,1.548,972.9,112.96735,21.81966
1789867327.017,3281,5.19312,0.67793,3.52057,1.551,1.548,972.9,113.00261,21.82645
1789867327.027,3282,5.19312,0.63508,3.29805,1.551,1.548,972.9,113.03563,21.83281
1789867327.037,3283,5.19312,0.67070,3.48303,1.552,1.549,972.9,113.07051,21.83953
1789867327.047,3284,5.19312,0.65874,3.42092,1.552,1.548,972.9,113.10467,21.84611
1789867327.057,3285,5.17805,0.71156,3.68449,1.551,1.548,972.9,113.14147,21.85321
1789867327.067,3286,5.19214,0.65253,3.38803,1.551,1.548,972.9,113.17531,21.85973
1789867327.077,3287,5.17680,0.70708,3.66041,1.551,1.548,972.9,113.21186,21.86679
1789867327.087,3288,5.19214,0.67070,3.48237,1.551,1.548,972.9,113.24664,21.87349
1789867327.097,3289,5.17930,0.70459,3.64928,1.551,1.548,972.9,113.28308,21.88053
1789867327.107,3290,5.17930,0.67245,3.48282,1.552,1.548,972.9,113.31786,21.88724
1789867327.117,3291,5.17306,0.73548,3.80468,1.552,1.548,972.9,113.35586,21.89459
1789867327.127,3292,5.19214,0.66447,3.45002,1.552,1.548,972.9,113.39041,21.90124
1789867327.137,3293,5.19214,0.66348,3.44488,1.551,1.548,972.9,113.42491,21.90788
1789867327.147,3294,5.19214,0.62810,3.26118,1.551,1.548,972.9,113.45757,21.91417
1789867327.157,3295,5.19214,0.66522,3.45392,1.551,1.548,972.9,113.49216,21.92084
1789867327.167,3296,5.19050,0.62212,3.22911,1.550,1.548,972.9,113.52446,21.92706
1789867327.177,3297,5.19050,0.71156,3.69335,1.550,1.548,972.9,113.56141,21.93418
1789867327.187,3298,5.19050,0.62835,3.26145,1.550,1.548,972.9,113.59404,21.94047
1789867327.197,3299,5.19050,0.67893,3.52399,1.550,1.548,972.9,113.62930,21.94726
1789867327.207,3300,5.19050,0.63483,3.29509,1.550,1.548,972.9,113.66211,21.95358
1789867327.217,3301,5.19050,0.75616,3.92485,1.550,1.548,972.9,113.70119,21.96111
1789867327.227,3302,5.19050,0.62212,3.22911,1.550,1.548,972.9,113.73335,21.96730
1789867327.237,3303,5.19050,0.67369,3.49679,1.550,1.548,972.9,113.76817,21.97401
1789867327.247,3304,5.19050,0.62436,3.24074,1.550,1.548,972.9,113.80072,21.98028
1789867327.257,3305,5.17056,0.65899,3.40735,1.551,1.548,972.9,113.83495,21.98690
1789867327.267,3306,5.19019,0.63109,3.27548,1.551,1.548,972.9,113.86785,21.99324
1789867327.277,3307,5.19019,0.74570,3.87032,1.550,1.548,972.9,113.90673,22.00073
1789867327.287,3308,5.19019,0.64280,3.33625,1.551,1.549,972.9,113.93996,22.00714
1789867327.297,3309,5.17056,0.69387,3.58770,1.551,1.548,972.9,113.97570,22.01405
1789867327.307,3310,5.19019,0.62611,3.24963,1.552,1.549,972.9,114.00806,22.02028
1789867327.317,3311,5.19019,0.67220,3.48885,1.551,1.548,972.9,114.04282,22.02698
1789867327.327,3312,5.19019,0.63184,3.27937,1.551,1.548,972.9,114.07575,22.03333
1789867327.337,3313,5.19019,0.61988,3.21729,1.552,1.548,972.9,114.10807,22.03955
1789867327.347,3314,5.19019,0.63184,3.27937,1.551,1.548,972.9,114.14100,22.04590
1789867327.357,3315,5.16431,0.64604,3.33635,1.551,1.548,972.9,114.17451,22.05239
1789867327.367,3316,5.19066,0.62287,3.23311,1.551,1.548,972.9,114.20680,22.05861
1789867327.377,3317,5.19066,0.62835,3.26155,1.551,1.548,972.9,114.23937,22.06488
1789867327.387,3318,5.19066,0.62860,3.26285,1.551,1.548,972.9,114.27196,22.07116
1789867327.397,3319,5.17306,0.63757,3.29819,1.551,1.548,972.9,114.30490,22.07753
1789867327.407,3320,5.19066,0.63233,3.28221,1.552,1.549,972.9,114.33771,22.08385
1789867327.417,3321,5.16681,0.63582,3.28516,1.552,1.549,972.9,114.37056,22.09021
1789867327.427,3322,5.19066,0.62910,3.26544,1.551,1.549,972.9,114.40321,22.09650
1789867327.437,3323,5.19066,0.63134,3.27707,1.552,1.549,972.9,114.43598,22.10281
1789867327.447,3324,5.19066,0.62835,3.26155,1.552,1.549,972.9,114.46855,22.10909
1789867327.457,3325,5.19066,0.62013,3.21888,1.552,1.548,972.9,114.50071,22.11528
1789867327.467,3326,5.19078,0.62237,3.23059,1.551,1.548,972.9,114.53298,22.12150
1789867327.477,3327,5.19078,0.62685,3.25384,1.551,1.548,972.9,114.56548,22.12776
1789867327.487,3328,5.19078,0.62137,3.22539,1.551,1.548,972.9,114.59778,22.13398
1789867327.497,3329,5.19078,0.64031,3.32371,1.550,1.548,972.9,114.63107,22.14040
1789867327.507,3330,5.19078,0.63508,3.29656,1.551,1.548,972.9,114.66409,22.14676
1789867327.517,3331,5.19078,0.63383,3.29007,1.551,1.548,972.9,114.69704,22.15310
1789867327.527,3332,5.19078,0.62984,3.26936,1.551,1.548,972.9,114.72975,22.15940
1789867327.537,3333,5.19078,0.62436,3.24092,1.551,1.548,972.9,114.76217,22.16565
1789867327.547,3334,5.19078,0.65741,3.41247,1.551,1.548,972.9,114.79630,22.17223
1789867327.557,3335,5.19078,0.62611,3.25000,1.552,1.548,972.9,114.82881,22.17849
1789867327.567,3336,5.19062,0.65708,3.41065,1.552,1.548,972.9,114.86285,22.18505
1789867327.577,3337,5.19062,0.62810,3.26023,1.551,1.548,972.9,114.89539,22.19132
1789867327.587,3338,5.19062,0.68615,3.56154,1.552,1.548,972.9,114.93094,22.19816
1789867327.597,3339,5.19062,0.63757,3.30938,1.551,1.548,972.9,114.96397,22.20453
1789867327.607,3340,5.19062,0.67618,3.50979,1.551,1.548,972.9,114.99922,22.21132
1789867327.617,3341,5.19062,0.63258,3.28348,1.551,1.548,972.9,115.03220,22.21767
1789867327.627,3342,5.19062,0.64629,3.35465,1.551,1.548,972.9,115.06589,22.22416
1789867327.637,3343,5.19062,0.62461,3.24211,1.551,1.548,972.9,115.09845,22.23044
1789867327.647,3344,5.19062,0.67618,3.50979,1.550,1.548,972.9,115.13344,22.23718
1789867327.657,3345,5.19062,0.62860,3.26282,1.551,1.548,972.9,115.16597,22.24344
1789867327.667,3346,5.19081,0.65632,3.40683,1.551,1.548,972.9,115.19993,22.24999
1789867327.677,3347,5.19081,0.62959,3.26808,1.550,1.548,972.9,115.23252,22.25626
1789867327.687,3348,5.19081,0.65632,3.40683,1.551,1.548,972.9,115.26654,22.26282
1789867327.697,3349,5.19081,0.62187,3.22801,1.551,1.548,972.9,115.29878,22.26903
1789867327.707,3350,5.18055,0.69437,3.59722,1.551,1.548,972.9,115.33471,22.27597
1789867327.717,3351,5.16931,0.75242,3.88949,1.551,1.548,972.9,115.37356,22.28348
1789867327.727,3352,5.15681,0.79129,4.08053,1.551,1.548,972.9,115.41445,22.29141
1789867327.737,3353,5.16931,0.76289,3.94361,1.552,1.549,972.9,115.45396,22.29905
1789867327.747,3354,5.19081,0.68565,3.55908,1.551,1.549,972.9,115.48962,22.30592
1789867327.757,3355,5.19081,0.62635,3.25126,1.551,1.549,972.9,115.52220,22.31220
1789867327.767,3356,5.18996,0.66017,3.42626,1.551,1.549,972.9,115.55647,22.31880
1789867327.777,3357,5.18996,0.62511,3.24430,1.550,1.548,972.9,115.58893,22.32506
1789867327.787,3358,5.18996,0.66017,3.42626,1.550,1.548,972.9,115.62320,22.33166
1789867327.797,3359,5.18996,0.62685,3.25333,1.550,1.548,972.9,115.65575,22.33793
1789867327.807,3360,5.17430,0.68640,3.55164,1.550,1.548,972.9,115.69131,22.34480
1789867327.817,3361,5.17056,0.75566,3.90719,1.550,1.548,972.9,115.73042,22.35237
1789867327.827,3362,5.15931,0.80051,4.13008,1.550,1.548,972.9,115.77177,22.36038
1789867327.837,3363,5.18996,0.63358,3.28825,1.551,1.549,972.9,115.80469,22.36673
1789867327.847,3364,5.16556,0.67295,3.47616,1.552,1.549,972.9,115.83933,22.37343
1789867327.857,3365,5.18996,0.62536,3.24559,1.552,1.549,972.9,115.87167,22.37966
1789867327.867,3366,5.18949,0.66204,3.43565,1.551,1.548,972.9,115.90591,22.38626
1789867327.877,3367,5.18949,0.62112,3.22330,1.551,1.548,972.9,115.93803,22.39245
1789867327.887,3368,5.18949,0.74620,3.87240,1.551,1.549,972.9,115.97677,22.39992
1789867327.897,3369,5.18949,0.62635,3.25044,1.551,1.548,972.9,116.00929,22.40618
1789867327.907,3370,5.16306,0.68441,3.53365,1.551,1.548,972.9,116.04464,22.41303
1789867327.917,3371,5.18949,0.63508,3.29574,1.550,1.548,972.9,116.07761,22.41938
1789867327.927,3372,5.17555,0.69686,3.60663,1.551,1.548,972.9,116.11375,22.42637
1789867327.937,3373,5.18949,0.62611,3.24919,1.551,1.548,972.9,116.14632,22.43264
1789867327.947,3374,5.17056,0.62635,3.23858,1.551,1.548,972.9,116.17878,22.43892
1789867327.957,3375,5.18949,0.62511,3.24400,1.551,1.548,972.9,116.21129,22.44518
1789867327.967,3376,5.19930,0.63981,3.32656,1.551,1.548,972.9,116.24447,22.45157
1789867327.977,3377,5.18929,0.62984,3.26842,1.551,1.548,972.9,116.27707,22.45785
1789867327.987,3378,5.18929,0.63009,3.26972,1.551,1.548,972.9,116.30969,22.46413
1789867327.997,3379,5.18929,0.62262,3.23096,1.551,1.548,972.9,116.34192,22.47035
1789867328.007,3380,5.19930,0.62561,3.25273,1.551,1.548,972.9,116.37445,22.47660
1789867328.017,3381,5.15556,0.77933,4.01788,1.551,1.548,972.9,116.41462,22.48439
1789867328.027,3382,5.19930,0.64803,3.36930,1.551,1.548,972.9,116.44832,22.49087
1789867328.037,3383,5.18929,0.63383,3.28913,1.551,1.548,972.9,116.48121,22.49721
1789867328.047,3384,5.20054,0.63084,3.28071,1.551,1.548,972.9,116.51409,22.50354
1789867328.057,3385,5.18929,0.63283,3.28394,1.552,1.548,972.9,116.54701,22.50988
1789867328.067,3386,5.19930,0.63358,3.29417,1.552,1.548,972.9,116.58003,22.51623
1789867328.077,3387,5.18921,0.61988,3.21669,1.552,1.548,972.9,116.61227,22.52244
1789867328.087,3388,5.18921,0.62760,3.25675,1.552,1.548,972.9,116.64477,22.52871
1789867328.097,3389,5.18921,0.65027,3.37439,1.552,1.548,972.9,116.67845,22.53520
1789867328.107,3390,5.18921,0.62810,3.25934,1.551,1.548,972.9,116.71098,22.54146
1789867328.117,3391,5.14057,0.69313,3.56308,1.551,1.548,972.9,116.74654,22.54838
1789867328.127,3392,5.18921,0.63782,3.30978,1.550,1.548,972.9,116.77967,22.55477
1789867328.137,3393,5.18921,0.68017,3.52954,1.551,1.548,972.9,116.81500,22.56158
1789867328.147,3394,5.18921,0.64404,3.34206,1.550,1.548,972.9,116.84846,22.56802
1789867328.157,3395,5.18921,0.68515,3.55539,1.550,1.548,972.9,116.88405,22.57488
1789867328.167,3396,5.18984,0.62162,3.22611,1.551,1.548,972.9,116.91632,22.58110
1789867328.177,3397,5.18984,0.64928,3.36966,1.551,1.548,972.9,116.95003,22.58760
1789867328.187,3398,5.20054,0.62860,3.26906,1.551,1.548,972.9,116.98273,22.59388
1789867328.197,3399,5.18984,0.67270,3.49121,1.551,1.548,972.9,117.01766,22.60061
1789867328.207,3400,5.20054,0.63483,3.30146,1.552,1.548,972.9,117.05057,22.60694
1789867328.217,3401,5.18984,0.65984,3.42446,1.552,1.548,972.9,117.08470,22.61352
1789867328.227,3402,5.16181,0.78207,4.03690,1.551,1.548,972.9,117.12494,22.62131
1789867328.237,3403,5.18984,0.67344,3.49505,1.552,1.549,972.9,117.15978,22.62803
1789867328.247,3404,5.18984,0.63184,3.27915,1.552,1.549,972.9,117.19270,22.63437
1789867328.257,3405,5.18984,0.67618,3.50927,1.552,1.548,972.9,117.22794,22.64116
1789867328.267,3406,5.18937,0.63109,3.27496,1.552,1.548,972.9,117.26082,22.64750
1789867328.277,3407,5.18937,0.67444,3.49992,1.552,1.548,972.9,117.29596,22.65427
1789867328.287,3408,5.18937,0.62586,3.24782,1.552,1.549,972.9,117.32825,22.66049
1789867328.297,3409,5.18937,0.67419,3.49862,1.551,1.548,972.9,117.36303,22.66719
1789867328.307,3410,5.18937,0.62536,3.24522,1.551,1.548,972.9,117.39529,22.67341
1789867328.317,3411,5.18937,0.67818,3.51933,1.551,1.548,972.9,117.43027,22.68015
1789867328.327,3412,5.20054,0.63757,3.31571,1.551,1.548,972.9,117.46365,22.68657
1789867328.337,3413,5.18937,0.68540,3.55679,1.551,1.548,972.9,117.49945,22.69347
1789867328.347,3414,5.18937,0.63333,3.28658,1.550,1.548,972.9,117.53253,22.69984
1789867328.357,3415,5.17555,0.67942,3.51637,1.551,1.548,972.9,117.56792,22.70668
1789867328.367,3416,5.19930,0.63034,3.27733,1.551,1.548,972.9,117.60065,22.71298
1789867328.377,3417,5.18914,0.66222,3.43635,1.551,1.548,972.9,117.63497,22.71959
1789867328.387,3418,5.18914,0.62461,3.24119,1.551,1.548,972.9,117.66735,22.72583
1789867328.397,3419,5.16806,0.67594,3.49330,1.551,1.548,972.9,117.70223,22.73258
1789867328.407,3420,5.18914,0.62561,3.24638,1.551,1.548,972.9,117.73465,22.73882
1789867328.417,3421,5.18914,0.67743,3.51528,1.552,1.549,972.9,117.76974,22.74559
1789867328.427,3422,5.18914,0.63308,3.28514,1.551,1.548,972.9,117.80255,22.75191
1789867328.437,3423,5.18914,0.72527,3.76353,1.551,1.548,972.9,117.84012,22.75915
1789867328.447,3424,5.18914,0.63408,3.29033,1.551,1.548,972.9,117.87307,22.76550
1789867328.457,3425,5.16681,0.66222,3.42156,1.552,1.549,972.9,117.90733,22.77213
1789867328.467,3426,5.18941,0.62187,3.22714,1.552,1.549,972.9,117.93964,22.77836
1789867328.477,3427,5.18941,0.73947,3.83741,1.551,1.548,972.9,117.97806,22.78576
1789867328.487,3428,5.18941,0.62287,3.23233,1.551,1.549,972.9,118.01031,22.79197
1789867328.497,3429,5.17430,0.69911,3.61740,1.551,1.549,972.9,118.04640,22.79895
1789867328.507,3430,5.18941,0.63383,3.28920,1.551,1.549,972.9,118.07922,22.80527
1789867328.517,3431,5.18941,0.64679,3.35646,1.552,1.549,972.9,118.11271,22.81173
1789867328.527,3432,5.18941,0.63233,3.28142,1.551,1.548,972.9,118.14562,22.81807
1789867328.537,3433,5.15806,0.80101,4.13166,1.552,1.549,972.9,118.18705,22.82610
1789867328.547,3434,5.16181,0.77584,4.00474,1.551,1.548,972.9,118.22721,22.83388
1789867328.557,3435,5.20054,0.63258,3.28976,1.552,1.548,972.9,118.26020,22.84023
1789867328.567,3436,5.19930,0.63034,3.27733,1.551,1.548,972.9,118.29299,22.84653
1789867328.577,3437,5.20054,0.73000,3.79639,1.551,1.548,972.9,118.33097,22.85384
1789867328.587,3438,5.18847,0.62611,3.24855,1.551,1.548,972.9,118.36347,22.86010
1789867328.597,3439,5.20054,0.63308,3.29236,1.550,1.548,972.9,118.39641,22.86643
1789867328.607,3440,5.19930,0.62685,3.25918,1.551,1.548,972.9,118.42895,22.87269
1789867328.617,3441,5.18847,0.62910,3.26407,1.551,1.548,972.9,118.46154,22.87897
1789867328.627,3442,5.18847,0.63557,3.29764,1.551,1.548,972.9,118.49447,22.88532
1789867328.637,3443,5.16056,0.78755,4.06420,1.551,1.548,972.9,118.53505,22.89318
1789867328.647,3444,5.20179,0.64230,3.34111,1.551,1.548,972.9,118.56852,22.89962
1789867328.657,3445,5.18847,0.63881,3.31445,1.551,1.548,972.9,118.60172,22.90602
1789867328.667,3446,5.19930,0.65675,3.41464,1.551,1.548,972.9,118.63592,22.91259
1789867328.677,3447,5.19930,0.63184,3.28513,1.551,1.548,972.9,118.66882,22.91892
1789867328.687,3448,5.19930,0.66770,3.47157,1.551,1.548,972.9,118.70342,22.92558
1789867328.697,3449,5.19805,0.62660,3.25710,1.551,1.548,972.9,118.73589,22.93182
1789867328.707,3450,5.18792,0.66770,3.46397,1.551,1.548,972.9,118.77041,22.93848
1789867328.717,3451,5.18792,0.63383,3.28826,1.551,1.548,972.9,118.80318,22.94479
1789867328.727,3452,5.18792,0.66770,3.46397,1.551,1.548,972.9,118.83793,22.95149
1789867328.737,3453,5.19805,0.63483,3.29988,1.551,1.548,972.9,118.87102,22.95786
1789867328.747,3454,5.18792,0.68142,3.53515,1.551,1.549,972.9,118.90648,22.96469
1789867328.757,3455,5.19805,0.63881,3.32057,1.551,1.549,972.9,118.93978,22.97110
1789867328.767,3456,5.18894,0.66389,3.44489,1.551,1.549,972.9,118.97423,22.97774
1789867328.777,3457,5.19930,0.63184,3.28513,1.551,1.548,972.9,119.00708,22.98406
1789867328.787,3458,5.18894,0.66389,3.44489,1.552,1.548,972.9,119.04152,22.99069
1789867328.797,3459,5.18894,0.62212,3.22814,1.551,1.548,972.9,119.07380,22.99691
1789867328.807,3460,5.18894,0.66389,3.44489,1.551,1.548,972.9,119.10820,23.00354
1789867328.817,3461,5.18894,0.62959,3.26690,1.551,1.548,972.9,119.14083,23.00983
1789867328.827,3462,5.18894,0.66389,3.44489,1.551,1.548,972.9,119.17524,23.01646
1789867328.837,3463,5.15931,0.77535,4.00027,1.551,1.548,972.9,119.21519,23.02421
1789867328.847,3464,5.18894,0.66389,3.44489,1.551,1.548,972.9,119.24968,23.03085
1789867328.857,3465,5.18894,0.63433,3.29150,1.551,1.548,972.9,119.28263,23.03720
1789867328.867,3466,5.18925,0.67295,3.49211,1.552,1.548,972.9,119.31759,23.04394
1789867328.877,3467,5.18925,0.62411,3.23866,1.551,1.548,972.9,119.35002,23.05019
1789867328.887,3468,5.18925,0.66186,3.43456,1.552,1.548,972.9,119.38426,23.05679
1789867328.897,3469,5.19930,0.62586,3.25403,1.552,1.548,972.9,119.41670,23.06303
1789867328.907,3470,5.17680,0.66186,3.42632,1.552,1.548,972.9,119.45086,23.06963
1789867328.917,3471,5.18925,0.62860,3.26196,1.551,1.548,972.9,119.48338,23.07589
1789867328.927,3472,5.18925,0.68466,3.55287,1.551,1.548,972.9,119.51892,23.08274
1789867328.937,3473,5.15556,0.69612,3.58889,1.551,1.548,972.9,119.55483,23.08971
1789867328.947,3474,5.16431,0.66186,3.41805,1.551,1.548,972.9,119.58902,23.09633
1789867328.957,3475,5.18925,0.63308,3.28521,1.551,1.548,972.9,119.62188,23.10266
1789867328.967,3476,5.18917,0.66214,3.43596,1.552,1.548,972.9,119.65633,23.10930
1789867328.977,3477,5.18917,0.62411,3.23861,1.552,1.548,972.9,119.68881,23.11556
1789867328.987,3478,5.18917,0.72178,3.74544,1.551,1.548,972.9,119.72636,23.12279
1789867328.997,3479,5.19930,0.62337,3.24109,1.551,1.548,972.9,119.75886,23.12905
1789867329.007,3480,5.17306,0.66214,3.42529,1.552,1.548,972.9,119.79313,23.13567
1789867329.017,3481,5.18917,0.63134,3.27613,1.551,1.548,972.9,119.82590,23.14198
1789867329.027,3482,5.20179,0.74071,3.85302,1.551,1.548,972.9,119.86445,23.14939
1789867329.037,3483,5.18917,0.63956,3.31879,1.551,1.548,972.9,119.89765,23.15579
1789867329.047,3484,5.15931,0.69911,3.60693,1.552,1.548,972.9,119.93366,23.16277
1789867329.057,3485,5.18917,0.62760,3.25672,1.552,1.549,972.9,119.96618,23.16904
1789867329.067,3486,5.18925,0.67743,3.51535,1.552,1.548,972.9,120.00129,23.17581
1789867329.077,3487,5.18925,0.62536,3.24515,1.552,1.548,972.9,120.03369,23.18205
1789867329.087,3488,5.18925,0.74246,3.85281,1.551,1.549,972.9,120.07219,23.18947
1789867329.097,3489,5.19930,0.63109,3.28123,1.551,1.549,972.9,120.10498,23.19577
1789867329.107,3490,5.18925,0.62934,3.26580,1.551,1.548,972.9,120.13761,23.20206
1789867329.117,3491,5.18925,0.62885,3.26326,1.550,1.548,972.9,120.17021,23.20835
1789867329.127,3492,5.19930,0.71904,3.73850,1.550,1.548,972.9,120.20765,23.21555
1789867329.137,3493,5.18925,0.62262,3.23093,1.550,1.548,972.9,120.24001,23.22178
1789867329.147,3494,5.16056,0.77958,4.02307,1.550,1.548,972.9,120.28030,23.22959
1789867329.157,3495,5.20304,0.63358,3.29654,1.550,1.548,972.9,120.31331,23.23593
1789867329.167,3496,5.18910,0.67793,3.51785,1.551,1.548,972.9,120.34851,23.24272
1789867329.177,3497,5.19930,0.62511,3.25013,1.551,1.548,972.9,120.38104,23.24897
1789867329.187,3498,5.20179,0.63159,3.28540,1.551,1.548,972.9,120.41391,23.25529
1789867329.197,3499,5.18910,0.62934,3.26571,1.551,1.548,972.9,120.44659,23.26159
1789867329.207,3500,5.18910,0.62013,3.21792,1.551,1.548,972.9,120.47859,23.26776
1789867329.217,3501,5.18910,0.65127,3.37951,1.551,1.548,972.9,120.51219,23.27423
1789867329.227,3502,5.18910,0.62038,3.21921,1.550,1.548,972.9,120.54419,23.28040
1789867329.237,3503,5.18910,0.67643,3.51006,1.551,1.548,972.9,120.57909,23.28713
1789867329.247,3504,5.17555,0.77261,3.99868,1.550,1.548,972.9,120.61926,23.29489
1789867329.257,3505,5.20179,0.69039,3.59126,1.551,1.548,972.9,120.65534,23.30182
1789867329.267,3506,5.19930,0.62860,3.26828,1.552,1.548,972.9,120.68817,23.30814
1789867329.277,3507,5.18921,0.66208,3.43567,1.551,1.548,972.9,120.72269,23.31479
1789867329.287,3508,5.18921,0.62885,3.26323,1.552,1.549,972.9,120.75526,23.32107
1789867329.297,3509,5.18921,0.66208,3.43567,1.552,1.548,972.9,120.78955,23.32767
1789867329.307,3510,5.18921,0.62486,3.24253,1.552,1.548,972.9,120.82191,23.33391
1789867329.317,3511,5.18921,0.64703,3.35757,1.552,1.548,972.9,120.85543,23.34037
1789867329.327,3512,5.18921,0.62237,3.22961,1.551,1.548,972.9,120.88782,23.34661
1789867329.337,3513,5.18921,0.67295,3.49208,1.552,1.548,972.9,120.92284,23.35336
1789867329.347,3514,5.18921,0.64155,3.32914,1.552,1.548,972.9,120.95623,23.35979
1789867329.357,3515,5.18921,0.67319,3.49332,1.552,1.548,972.9,120.99126,23.36655
1789867329.367,3516,5.18925,0.63806,3.31105,1.552,1.549,972.9,121.02436,23.37292
1789867329.377,3517,5.18925,0.66106,3.43041,1.552,1.549,972.9,121.05865,23.37953
1789867329.387,3518,5.19930,0.62287,3.23849,1.552,1.549,972.9,121.09102,23.38576
1789867329.397,3519,5.18925,0.66106,3.43041,1.551,1.548,972.9,121.12531,23.39237
1789867329.407,3520,5.18925,0.62536,3.24515,1.552,1.549,972.9,121.15765,23.39860
1789867329.417,3521,5.18925,0.66106,3.43041,1.552,1.549,972.9,121.19184,23.40519
1789867329.427,3522,5.19930,0.63184,3.28513,1.552,1.549,972.9,121.22458,23.41148
1789867329.437,3523,5.18925,0.68515,3.55541,1.552,1.549,972.9,121.26002,23.41831
1789867329.447,3524,5.19930,0.64380,3.34731,1.552,1.548,972.9,121.29363,23.42478
1789867329.457,3525,5.18925,0.67967,3.52698,1.552,1.548,972.9,121.32905,23.43160
1789867329.467,3526,5.18917,0.62760,3.25672,1.551,1.548,972.9,121.36175,23.43790
1789867329.477,3527,5.18917,0.66174,3.43388,1.551,1.548,972.9,121.39623,23.44455
1789867329.487,3528,5.18917,0.62685,3.25283,1.551,1.548,972.9,121.42864,23.45079
1789867329.497,3529,5.18917,0.66174,3.43388,1.551,1.548,972.9,121.46285,23.45739
1789867329.507,3530,5.18917,0.62660,3.25153,1.551,1.548,972.9,121.49525,23.46363
1789867329.517,3531,5.18917,0.67718,3.51400,1.552,1.549,972.9,121.53026,23.47038
1789867329.527,3532,5.18917,0.63084,3.27354,1.552,1.548,972.9,121.56308,23.47670
1789867329.537,3533,5.18917,0.72302,3.75187,1.552,1.549,972.9,121.60071,23.48395
1789867329.547,3534,5.19930,0.63258,3.28897,1.552,1.548,972.9,121.63369,23.49030
1789867329.557,3535,5.15181,0.79627,4.10223,1.551,1.548,972.9,121.67483,23.49828
1789867329.567,3536,5.16931,0.74271,3.83930,1.551,1.548,972.9,121.71319,23.50570
1789867329.577,3537,5.15931,0.85333,4.40259,1.550,1.548,972.9,121.75718,23.51423
1789867329.587,3538,5.20054,0.62934,3.27291,1.551,1.548,972.9,121.78988,23.52052
1789867329.597,3539,5.18933,0.66176,3.43409,1.551,1.548,972.9,121.82419,23.52713
1789867329.607,3540,5.18933,0.63782,3.30986,1.551,1.548,972.9,121.85723,23.53350
1789867329.617,3541,5.17056,0.68216,3.52715,1.552,1.548,972.9,121.89244,23.54031
1789867329.627,3542,5.18933,0.62511,3.24390,1.552,1.548,972.9,121.92482,23.54655
1789867329.637,3543,5.18933,0.73199,3.79854,1.552,1.548,972.9,121.96274,23.55385
1789867329.647,3544,5.18933,0.62062,3.22060,1.551,1.548,972.9,121.99502,23.56007
1789867329.657,3545,5.12807,0.77136,3.95559,1.551,1.548,972.9,122.03467,23.56780
1789867329.667,3546,5.18953,0.63034,3.27117,1.552,1.549,972.9,122.06745,23.57412
1789867329.677,3547,5.17930,0.74744,3.87122,1.552,1.549,972.9,122.10625,23.58161
1789867329.687,3548,5.18953,0.62835,3.26084,1.552,1.549,972.9,122.13887,23.58790
1789867329.697,3549,5.18953,0.63184,3.27895,1.552,1.548,972.9,122.17166,23.59422
1789867329.707,3550,5.18953,0.62685,3.25306,1.552,1.548,972.9,122.20419,23.60049
1789867329.717,3551,5.16306,0.65002,3.35609,1.552,1.549,972.9,122.23775,23.60699
1789867329.727,3552,5.18953,0.62611,3.24922,1.551,1.548,972.9,122.27026,23.61325
1789867329.737,3553,5.18953,0.61888,3.21170,1.551,1.548,972.9,122.30238,23.61944
1789867329.747,3554,5.18953,0.64006,3.32161,1.550,1.548,972.9,122.33561,23.62584
1789867329.757,3555,5.13057,0.68590,3.51906,1.550,1.548,972.9,122.37081,23.63270
1789867329.767,3556,5.18937,0.63233,3.28139,1.550,1.548,972.9,122.40362,23.63903
1789867329.777,3557,5.18937,0.63682,3.30469,1.550,1.548,972.9,122.43665,23.64539
1789867329.787,3558,5.18937,0.63333,3.28658,1.550,1.548,972.9,122.46950,23.65172
1789867329.797,3559,5.18937,0.62561,3.24652,1.550,1.547,972.9,122.50196,23.65798
1789867329.807,3560,5.18937,0.62013,3.21808,1.551,1.548,972.9,122.53405,23.66416
1789867329.817,3561,5.18937,0.66078,3.42903,1.551,1.548,972.9,122.56824,23.67075
1789867329.827,3562,5.18937,0.66078,3.42903,1.551,1.548,972.9,122.60243,23.67734
1789867329.837,3563,5.18937,0.66078,3.42903,1.551,1.548,972.9,122.63663,23.68393
1789867329.847,3564,5.18937,0.67544,3.50511,1.551,1.548,972.9,122.67177,23.69070
1789867329.857,3565,5.18937,0.67344,3.49473,1.551,1.548,972.9,122.70681,23.69745
1789867329.867,3566,5.17306,0.66262,3.42777,1.551,1.548,972.9,122.74118,23.70410
1789867329.877,3567,5.18906,0.67494,3.50230,1.551,1.548,972.9,122.77629,23.71086
1789867329.887,3568,5.17306,0.66262,3.42777,1.551,1.548,972.9,122.81049,23.71747
1789867329.897,3569,5.18906,0.66262,3.43837,1.551,1.548,972.9,122.84478,23.72408
1789867329.907,3570,5.18906,0.66262,3.43837,1.551,1.548,972.9,122.87908,23.73069
1789867329.917,3571,5.19930,0.62137,3.23069,1.552,1.548,972.9,122.91131,23.73689
1789867329.927,3572,5.18906,0.66262,3.43837,1.551,1.548,972.9,122.94580,23.74354
1789867329.937,3573,5.18906,0.62486,3.24244,1.551,1.548,972.9,122.97833,23.74981
1789867329.947,3574,5.18906,0.67594,3.50749,1.551,1.548,972.9,123.01352,23.75659
1789867329.957,3575,5.19930,0.64380,3.34731,1.551,1.548,972.9,123.04711,23.76305
1789867329.967,3576,5.18886,0.68590,3.55904,1.551,1.548,972.9,123.08367,23.77009
1789867329.978,3577,5.19930,0.63109,3.28123,1.551,1.548,972.9,123.11739,23.77658
1789867329.988,3578,5.18886,0.68740,3.56682,1.551,1.548,972.9,123.15403,23.78364
1789867329.998,3579,5.18886,0.62087,3.22161,1.551,1.548,972.9,123.18713,23.79002
1789867330.008,3580,5.18886,0.66368,3.44374,1.551,1.548,972.9,123.22044,23.79644
1789867330.018,3581,5.18886,0.63209,3.27983,1.552,1.548,972.9,123.25217,23.80255
1789867330.027,3582,5.18886,0.66368,3.44374,1.551,1.548,972.9,123.28548,23.80897
1789867330.037,3583,5.19930,0.62710,3.26048,1.552,1.548,972.9,123.31702,23.81504
1789867330.047,3584,5.18886,0.67419,3.49828,1.552,1.548,972.9,123.35197,23.82178
1789867330.057,3585,5.18886,0.62910,3.26431,1.552,1.549,972.9,123.38459,23.82806
1789867330.067,3586,5.18886,0.67843,3.52028,1.552,1.549,972.9,123.41976,23.83484
1789867330.077,3587,5.18886,0.63582,3.29918,1.551,1.548,972.9,123.45272,23.84119
1789867330.087,3588,5.18886,0.70708,3.66894,1.552,1.549,972.9,123.48947,23.84827
1789867330.097,3589,5.18886,0.62162,3.22550,1.551,1.548,972.9,123.52177,23.85450
1789867330.107,3590,5.18886,0.66347,3.44265,1.551,1.548,972.9,123.55625,23.86114
1789867330.117,3591,5.18886,0.63084,3.27334,1.551,1.548,972.9,123.58904,23.86746
1789867330.127,3592,5.18886,0.75940,3.94042,1.551,1.548,972.9,123.62845,23.87506
1789867330.137,3593,5.19930,0.63483,3.30067,1.552,1.548,972.9,123.66146,23.88141
1789867330.147,3594,5.18886,0.67519,3.50347,1.551,1.548,972.9,123.69651,23.88816
1789867330.157,3595,5.18886,0.62984,3.26815,1.551,1.548,972.9,123.72920,23.89446
1789867330.167,3596,5.17430,0.71057,3.67670,1.551,1.548,972.9,123.76596,23.90157
1789867330.177,3597,5.18878,0.63184,3.27848,1.551,1.548,972.9,123.79875,23.90789
1789867330.187,3598,5.18878,0.72103,3.74127,1.551,1.548,972.9,123.83616,23.91510
1789867330.197,3599,5.20054,0.63134,3.28331,1.550,1.548,972.9,123.86899,23.92141
1789867330.207,3600,5.17306,0.63358,3.27755,1.551,1.548,972.9,123.90196,23.92778
1789867330.217,3601,5.18878,0.62586,3.24745,1.552,1.548,972.9,123.93462,23.93408
1789867330.227,3602,5.18878,0.73075,3.79170,1.551,1.548,972.9,123.97275,23.94143
1789867330.237,3603,5.18878,0.62212,3.22804,1.552,1.549,972.9,124.00522,23.94768
1789867330.247,3604,5.18878,0.62511,3.24356,1.552,1.549,972.9,124.03748,23.95390
1789867330.257,3605,5.18878,0.62835,3.26037,1.552,1.549,972.9,124.06991,23.96015
1789867330.267,3606,5.16556,0.71107,3.67307,1.552,1.549,972.9,124.10644,23.96722
1789867330.277,3607,5.18937,0.63782,3.30988,1.552,1.549,972.9,124.13936,23.97357
1789867330.287,3608,5.20054,0.64255,3.34161,1.552,1.549,972.9,124.17273,23.97998
1789867330.297,3609,5.18937,0.63657,3.30340,1.552,1.548,972.9,124.20571,23.98634
1789867330.307,3610,5.17555,0.63308,3.27654,1.552,1.549,972.9,124.23842,23.99266
1789867330.317,3611,5.18937,0.62760,3.25685,1.552,1.548,972.9,124.27094,23.99892
1789867330.327,3612,5.18937,0.62486,3.24263,1.552,1.548,972.9,124.30372,24.00524
1789867330.337,3613,5.18937,0.62386,3.23744,1.552,1.548,972.9,124.33645,24.01155
1789867330.347,3614,5.18937,0.62885,3.26334,1.552,1.548,972.9,124.36944,24.01791
1789867330.357,3615,5.18937,0.63358,3.28788,1.552,1.548,972.9,124.40268,24.02431
1789867330.367,3616,5.18960,0.63433,3.29192,1.552,1.548,972.9,124.43527,24.03059
1789867330.377,3617,5.18960,0.63433,3.29192,1.552,1.548,972.9,124.46785,24.03687
1789867330.387,3618,5.18960,0.63283,3.28413,1.552,1.548,972.9,124.50036,24.04313
1789867330.397,3619,5.18960,0.62785,3.25829,1.552,1.548,972.9,124.53261,24.04935
1789867330.407,3620,5.18960,0.62436,3.24018,1.552,1.548,972.9,124.56507,24.05560
1789867330.417,3621,5.18960,0.62361,3.23629,1.551,1.548,972.9,124.59750,24.06185
1789867330.427,3622,5.20054,0.62760,3.26386,1.550,1.548,972.9,124.63020,24.06814
1789867330.437,3623,5.18960,0.62910,3.26478,1.550,1.548,972.9,124.66292,24.07444
1789867330.447,3624,5.20054,0.62511,3.25091,1.550,1.548,972.9,124.69535,24.08068
1789867330.457,3625,5.18960,0.66078,3.42918,1.550,1.548,972.9,124.72957,24.08727
1789867330.467,3626,5.18953,0.62910,3.26473,1.550,1.548,972.9,124.76215,24.09355
1789867330.477,3627,5.18953,0.66060,3.42820,1.550,1.548,972.9,124.79635,24.10014
1789867330.487,3628,5.18953,0.63184,3.27895,1.551,1.548,972.9,124.82912,24.10646
1789867330.497,3629,5.18953,0.68615,3.56080,1.552,1.549,972.9,124.86471,24.11331
1789867330.507,3630,5.20054,0.62411,3.24571,1.552,1.549,972.9,124.89714,24.11955
1789867330.517,3631,5.18953,0.68266,3.54268,1.552,1.549,972.9,124.93255,24.12637
1789867330.527,3632,5.18953,0.63283,3.28409,1.552,1.548,972.9,124.96559,24.13274
1789867330.537,3633,5.18953,0.64355,3.33972,1.552,1.548,972.9,124.99920,24.13922
1789867330.547,3634,5.18953,0.62735,3.25565,1.551,1.548,972.9,125.03197,24.14553
1789867330.557,3635,5.18953,0.67768,3.51684,1.551,1.548,972.9,125.06736,24.15235
1789867330.567,3636,5.18960,0.62062,3.22077,1.551,1.548,972.9,125.09948,24.15854
1789867330.577,3637,5.18960,0.66047,3.42758,1.550,1.548,972.9,125.13367,24.16513
1789867330.587,3638,5.18960,0.63483,3.29451,1.550,1.548,972.9,125.16653,24.17146
1789867330.597,3639,5.18960,0.67818,3.51948,1.549,1.548,972.9,125.20163,24.17822
1789867330.607,3640,5.18960,0.63333,3.28673,1.550,1.548,972.9,125.23443,24.18454
1789867330.617,3641,5.18960,0.67793,3.51819,1.551,1.548,972.9,125.26954,24.19131
1789867330.627,3642,5.18960,0.61988,3.21693,1.551,1.548,972.9,125.30164,24.19750
1789867330.637,3643,5.18960,0.66047,3.42758,1.551,1.548,972.9,125.33584,24.20409
1789867330.647,3644,5.18960,0.62536,3.24537,1.552,1.548,972.9,125.36834,24.21035
1789867330.657,3645,5.18960,0.67494,3.50267,1.552,1.548,972.9,125.40340,24.21710
1789867330.667,3646,5.19054,0.63059,3.27310,1.551,1.548,972.9,125.43617,24.22342
1789867330.677,3647,5.17306,0.68490,3.54303,1.551,1.548,972.9,125.47165,24.23028
1789867330.687,3648,5.16681,0.75541,3.90306,1.551,1.548,972.9,125.51052,24.23780
1789867330.697,3649,5.15556,0.79553,4.10140,1.551,1.548,972.9,125.55137,24.24572
1789867330.707,3650,5.16806,0.75267,3.88984,1.551,1.548,972.9,125.59011,24.25322
1789867330.717,3651,5.17680,0.66746,3.45531,1.551,1.548,972.9,125.62453,24.25987
1789867330.727,3652,5.19054,0.62910,3.26537,1.551,1.549,972.9,125.65735,24.26619
1789867330.737,3653,5.19054,0.67768,3.51753,1.552,1.549,972.9,125.69272,24.27300
1789867330.747,3654,5.19054,0.63209,3.28089,1.552,1.549,972.9,125.72570,24.27936
1789867330.757,3655,5.16556,0.67195,3.47100,1.552,1.549,972.9,125.76059,24.28611
1789867330.767,3656,5.18968,0.62910,3.26483,1.551,1.549,972.9,125.79348,24.29245
1789867330.777,3657,5.16056,0.67170,3.46635,1.551,1.548,972.9,125.82839,24.29922
1789867330.787,3658,5.18968,0.63233,3.28159,1.552,1.548,972.9,125.86144,24.30558
1789867330.797,3659,5.18968,0.73249,3.80139,1.551,1.548,972.9,125.89973,24.31296
1789867330.807,3660,5.18968,0.62511,3.24412,1.551,1.548,972.9,125.93194,24.31917
1789867330.817,3661,5.17430,0.67270,3.48075,1.551,1.548,972.9,125.96649,24.32585
1789867330.827,3662,5.20054,0.63109,3.28201,1.551,1.548,972.9,125.99907,24.33211
1789867330.837,3663,5.18968,0.73224,3.80009,1.551,1.548,972.9,126.03680,24.33938
1789867330.847,3664,5.18968,0.63308,3.28548,1.550,1.548,972.9,126.06966,24.34571
1789867330.857,3665,5.17056,0.69437,3.59028,1.551,1.548,972.9,126.10557,24.35266
1789867330.867,3666,5.19003,0.62087,3.22233,1.551,1.548,972.9,126.13780,24.35887
1789867330.877,3667,5.19003,0.65887,3.41956,1.551,1.548,972.9,126.17201,24.36546
1789867330.887,3668,5.15556,0.77186,3.97937,1.551,1.548,972.9,126.21166,24.37315
1789867330.897,3669,5.19003,0.73972,3.83917,1.551,1.548,972.9,126.24991,24.38052
1789867330.907,3670,5.19003,0.63283,3.28441,1.552,1.548,972.9,126.28263,24.38682
1789867330.917,3671,5.19003,0.63657,3.30382,1.552,1.549,972.9,126.31555,24.39317
1789867330.927,3672,5.19003,0.63034,3.27148,1.551,1.548,972.9,126.34840,24.39950
1789867330.937,3673,5.20179,0.72377,3.76490,1.552,1.548,972.9,126.38619,24.40676
1789867330.947,3674,5.19003,0.62386,3.23785,1.552,1.549,972.9,126.41870,24.41303
1789867330.957,3675,5.19003,0.62785,3.25856,1.552,1.549,972.9,126.45142,24.41933
1789867330.967,3676,5.19046,0.62386,3.23812,1.552,1.548,972.9,126.48381,24.42557
1789867330.977,3677,5.19046,0.62436,3.24072,1.551,1.548,972.9,126.51622,24.43181
1789867330.987,3678,5.19046,0.63458,3.29376,1.551,1.548,972.9,126.54917,24.43816
1789867330.997,3679,5.20054,0.63433,3.29886,1.551,1.548,972.9,126.58217,24.44451
1789867331.007,3680,5.19046,0.64031,3.32350,1.551,1.548,972.9,126.61528,24.45089
1789867331.017,3681,5.19046,0.63333,3.28727,1.551,1.548,972.9,126.64804,24.45720
1789867331.027,3682,5.19046,0.65766,3.41356,1.551,1.548,972.9,126.68206,24.46375
1789867331.037,3683,5.19046,0.62187,3.22779,1.551,1.548,972.9,126.71422,24.46995
1789867331.047,3684,5.19046,0.66946,3.47481,1.551,1.548,972.9,126.74906,24.47666
1789867331.057,3685,5.20054,0.62835,3.26776,1.552,1.548,972.9,126.78182,24.48296
1789867331.067,3686,5.19038,0.67818,3.52001,1.551,1.548,972.9,126.81711,24.48976
1789867331.077,3687,5.19038,0.63557,3.29885,1.551,1.548,972.9,126.85018,24.49613
1789867331.087,3688,5.15556,0.82343,4.24524,1.551,1.548,972.9,126.89251,24.50434
1789867331.097,3689,5.19038,0.63084,3.27430,1.551,1.549,972.9,126.92515,24.51063
1789867331.107,3690,5.19038,0.67295,3.49287,1.551,1.549,972.9,126.95998,24.51734
1789867331.117,3691,5.19038,0.62486,3.24326,1.551,1.548,972.9,126.99232,24.52357
1789867331.127,3692,5.19038,0.64703,3.35833,1.551,1.548,972.9,127.02613,24.53009
1789867331.137,3693,5.19038,0.63084,3.27430,1.551,1.548,972.9,127.05910,24.53644
1789867331.147,3694,5.19038,0.67743,3.51612,1.551,1.548,972.9,127.09450,24.54326
1789867331.157,3695,5.19038,0.62735,3.25618,1.551,1.548,972.9,127.12728,24.54957
1789867331.167,3696,5.19027,0.67045,3.47982,1.551,1.548,972.9,127.16196,24.55625
1789867331.177,3697,5.19027,0.63632,3.30267,1.551,1.548,972.9,127.19487,24.56260
1789867331.187,3698,5.17805,0.67693,3.50518,1.551,1.548,972.9,127.22980,24.56934
1789867331.197,3699,5.19027,0.63134,3.27683,1.551,1.548,972.9,127.26245,24.57563
1789867331.207,3700,5.19027,0.68117,3.53546,1.551,1.548,972.9,127.29841,24.58256
1789867331.217,3701,5.19027,0.62959,3.26774,1.551,1.548,972.9,127.33165,24.58897
1789867331.228,3702,5.19027,0.67220,3.48890,1.551,1.548,972.9,127.36714,24.59580
1789867331.238,3703,5.19027,0.62785,3.25871,1.551,1.548,972.9,127.40029,24.60219
1789867331.248,3704,5.19027,0.66771,3.46560,1.551,1.548,972.9,127.43434,24.60875
1789867331.257,3705,5.19027,0.62660,3.25222,1.551,1.548,972.9,127.46629,24.61491
1789867331.267,3706,5.20054,0.60418,3.14206,1.552,1.549,972.9,127.49717,24.62084
1789867331.277,3707,5.20679,0.58126,3.02650,1.551,1.549,972.9,127.52690,24.62655
1789867331.287,3708,5.20179,0.61390,3.19338,1.551,1.549,972.9,127.55865,24.63266
1789867331.297,3709,5.19007,0.63682,3.30514,1.551,1.548,972.9,127.59151,24.63899
1789867331.307,3710,5.19007,0.63806,3.31158,1.551,1.548,972.9,127.62443,24.64533
1789867331.317,3711,5.19007,0.65815,3.41584,1.551,1.548,972.9,127.65839,24.65187
1789867331.327,3712,5.19007,0.64056,3.32455,1.549,1.548,972.9,127.69184,24.65832
1789867331.337,3713,5.19007,0.62885,3.26378,1.550,1.548,972.9,127.72467,24.66465
1789867331.347,3714,5.20304,0.60742,3.16043,1.550,1.548,972.9,127.75647,24.67076
1789867331.357,3715,5.20679,0.58475,3.04467,1.550,1.548,972.9,127.78710,24.67664
1789867331.367,3716,5.20554,0.59446,3.09449,1.550,1.548,972.9,127.81803,24.68258
1789867331.377,3717,5.19066,0.65557,3.40284,1.550,1.548,972.9,127.85203,24.68913
1789867331.387,3718,5.20554,0.59845,3.11526,1.551,1.548,972.9,127.88316,24.69511
1789867331.397,3719,5.17430,0.72003,3.72565,1.550,1.547,972.9,127.92039,24.70231
1789867331.407,3720,5.20679,0.59845,3.11600,1.551,1.548,972.9,127.95156,24.70829
1789867331.417,3721,5.19066,0.67718,3.51501,1.551,1.548,972.9,127.98673,24.71507
1789867331.427,3722,5.19066,0.59397,3.08310,1.551,1.548,972.9,128.01757,24.72101
1789867331.437,3723,5.19066,0.62262,3.23181,1.551,1.548,972.9,128.04990,24.72724
1789867331.447,3724,5.20429,0.59845,3.11451,1.551,1.548,972.9,128.08104,24.73322
1789867331.457,3725,5.19066,0.65557,3.40284,1.552,1.549,972.9,128.11507,24.73978
1789867331.467,3726,5.20804,0.59995,3.12456,1.552,1.548,972.9,128.14632,24.74578
1789867331.477,3727,5.19136,0.61041,3.16886,1.551,1.548,972.9,128.17801,24.75188
1789867331.487,3728,5.20554,0.58076,3.02317,1.552,1.548,972.9,128.20820,24.75768
1789867331.497,3729,5.19136,0.61464,3.19082,1.551,1.548,972.9,128.24007,24.76382
1789867331.507,3730,5.19136,0.61190,3.17659,1.551,1.548,972.9,128.27180,24.76993
1789867331.517,3731,5.20304,0.58525,3.04508,1.551,1.548,972.9,128.30221,24.77578
1789867331.527,3732,5.20804,0.58848,3.06483,1.551,1.548,972.9,128.33289,24.78167
1789867331.537,3733,5.20304,0.60941,3.17078,1.551,1.548,972.9,128.36463,24.78777
1789867331.547,3734,5.20554,0.58325,3.03613,1.551,1.548,972.9,128.39502,24.79361
1789867331.557,3735,5.20554,0.58525,3.04654,1.551,1.548,972.9,128.42552,24.79947
1789867331.567,3736,5.19245,0.63283,3.28594,1.552,1.548,972.9,128.45837,24.80579
1789867331.577,3737,5.20304,0.59048,3.07229,1.552,1.548,972.9,128.48909,24.81170
1789867331.587,3738,5.19245,0.61464,3.19149,1.552,1.549,972.9,128.52100,24.81784
1789867331.597,3739,5.20804,0.59995,3.12456,1.552,1.549,972.9,128.55224,24.82384
1789867331.607,3740,5.19245,0.58948,3.06085,1.551,1.548,972.9,128.58278,24.82972
1789867331.617,3741,5.19245,0.64679,3.35842,1.551,1.548,972.9,128.61629,24.83618
1789867331.627,3742,5.20679,0.59073,3.07581,1.551,1.548,972.9,128.64698,24.84207
1789867331.637,3743,5.20304,0.60991,3.17339,1.550,1.548,972.9,128.67864,24.84816
1789867331.647,3744,5.19245,0.61141,3.17472,1.550,1.548,972.9,128.71047,24.85429
1789867331.657,3745,5.21054,0.58649,3.05593,1.550,1.548,972.9,128.74111,24.86017
1789867331.667,3746,5.19351,0.60468,3.14041,1.551,1.548,998.5,128.77260,24.86623
1789867331.677,3747,5.19351,0.59347,3.08219,1.551,1.548,972.9,128.80350,24.87218
1789867331.687,3748,5.20554,0.62561,3.25664,1.551,1.548,972.9,128.83593,24.87841
1789867331.697,3749,5.19351,0.64227,3.33564,1.551,1.548,972.9,128.86915,24.88480
1789867331.707,3750,5.20554,0.58873,3.06466,1.552,1.549,972.9,128.89966,24.89067
1789867331.717,3751,5.19351,0.61813,3.21026,1.552,1.548,972.9,128.93163,24.89682
1789867331.727,3752,5.20554,0.60318,3.13988,1.551,1.548,972.9,128.96309,24.90287
1789867331.737,3753,5.20679,0.58475,3.04467,1.551,1.548,972.9,128.99360,24.90872
1789867331.747,3754,5.19351,0.60966,3.16628,1.551,1.548,972.9,129.02532,24.91483
1789867331.757,3755,5.19351,0.61340,3.18570,1.551,1.548,972.9,129.05724,24.92098
1789867331.767,3756,5.20804,0.58201,3.03113,1.551,1.548,972.9,129.08762,24.92681
1789867331.777,3757,5.19558,0.61066,3.17273,1.551,1.548,972.9,129.11942,24.93293
1789867331.787,3758,5.19558,0.58425,3.03552,1.551,1.548,972.9,129.14984,24.93879
1789867331.797,3759,5.19558,0.60941,3.16624,1.550,1.548,972.9,129.18157,24.94490
1789867331.807,3760,5.19558,0.70160,3.64522,1.550,1.548,972.9,129.21802,24.95191
1789867331.817,3761,5.19558,0.63336,3.29067,1.551,1.548,972.9,129.25092,24.95824
1789867331.827,3762,5.19558,0.66348,3.44716,1.551,1.548,972.9,129.28539,24.96488
1789867331.837,3763,5.19558,0.64554,3.35395,1.551,1.548,972.9,129.31892,24.97133
1789867331.847,3764,5.20929,0.63336,3.29936,1.551,1.548,972.9,129.35209,24.97770
1789867331.857,3765,5.19558,0.60692,3.15330,1.552,1.549,972.9,129.38379,24.98380
1789867331.867,3766,5.20929,0.58973,3.07207,1.552,1.549,972.9,129.41467,24.98973
1789867331.877,3767,5.20679,0.59073,3.07581,1.552,1.549,972.9,129.44559,24.99567
1789867331.887,3768,5.19620,0.61938,3.21842,1.552,1.549,972.9,129.47753,25.00181
1789867331.897,3769,5.20804,0.59770,3.11285,1.552,1.548,972.9,129.50841,25.00774
1789867331.907,3770,5.17181,0.63040,3.26031,1.552,1.548,972.9,129.54076,25.01400
1789867331.917,3771,5.19620,0.59421,3.08763,1.552,1.548,972.9,129.57139,25.01989
1789867331.927,3772,5.19620,0.59696,3.10192,1.551,1.548,972.9,129.60243,25.02587
1789867331.937,3773,5.19620,0.61589,3.20029,1.551,1.548,972.9,129.63446,25.03203
1789867331.947,3774,5.19620,0.58674,3.04882,1.551,1.548,972.9,129.66497,25.03790
1789867331.957,3775,5.19620,0.63040,3.27568,1.551,1.548,972.9,129.69775,25.04421
1789867331.967,3776,5.19722,0.60592,3.14910,1.551,1.548,972.9,129.72926,25.05027
1789867331.977,3777,5.19722,0.60792,3.15949,1.550,1.548,972.9,129.76088,25.05636
1789867331.987,3778,5.19722,0.59272,3.08050,1.550,1.548,972.9,129.79171,25.06229
1789867331.997,3779,5.19722,0.58973,3.06496,1.550,1.548,972.9,129.82238,25.06819
1789867332.007,3780,5.19722,0.63707,3.31099,1.550,1.548,972.9,129.85546,25.07455
1789867332.017,3781,5.19722,0.64105,3.33168,1.550,1.548,972.9,129.88874,25.08096
1789867332.027,3782,5.19722,0.59546,3.09474,1.550,1.548,972.9,129.91966,25.08691
1789867332.037,3783,5.19722,0.62587,3.25278,1.550,1.548,972.9,129.95215,25.09316
1789867332.047,3784,5.20929,0.59496,3.09932,1.550,1.548,972.9,129.98321,25.09912
1789867332.057,3785,5.20804,0.58873,3.06613,1.550,1.548,972.9,130.01393,25.10502
1789867332.067,3786,5.19819,0.60393,3.13934,1.551,1.548,998.5,130.04539,25.11107
1789867332.077,3787,5.19819,0.58425,3.03704,1.551,1.548,972.9,130.07582,25.11693
1789867332.087,3788,5.19819,0.58848,3.05903,1.551,1.548,972.9,130.10622,25.12277
1789867332.097,3789,5.19819,0.63607,3.30641,1.551,1.548,972.9,130.13907,25.12909
1789867332.107,3790,5.19819,0.59521,3.09401,1.551,1.548,972.9,130.16981,25.13501
1789867332.117,3791,5.18805,0.67295,3.49130,1.552,1.548,972.9,130.20450,25.14169
1789867332.127,3792,5.19819,0.64803,3.36858,1.551,1.548,972.9,130.23819,25.14817
1789867332.137,3793,5.19819,0.58998,3.06683,1.551,1.548,972.9,130.26885,25.15407
1789867332.147,3794,5.19819,0.63881,3.32066,1.552,1.548,972.9,130.30205,25.16046
1789867332.157,3795,5.19819,0.58176,3.02410,1.552,1.548,972.9,130.33229,25.16628
1789867332.167,3796,5.19909,0.64031,3.32903,1.552,1.549,998.5,130.36567,25.17270
1789867332.177,3797,5.20929,0.59197,3.08374,1.552,1.549,998.5,130.39659,25.17863
1789867332.187,3798,5.20929,0.61827,3.22075,1.552,1.549,998.5,130.42889,25.18483
1789867332.197,3799,5.19909,0.63806,3.31733,1.552,1.548,972.9,130.46215,25.19123
1789867332.207,3800,5.19909,0.61827,3.21444,1.552,1.549,998.5,130.49454,25.19746
1789867332.217,3801,5.19909,0.64803,3.36917,1.552,1.549,998.5,130.52848,25.20399
1789867332.227,3802,5.19909,0.63757,3.31478,1.552,1.549,972.9,130.56188,25.21041
1789867332.237,3803,5.19909,0.64081,3.33163,1.552,1.549,972.9,130.59545,25.21687
1789867332.247,3804,5.19909,0.58774,3.05571,1.551,1.549,972.9,130.62578,25.22270
1789867332.257,3805,5.19909,0.63159,3.28369,1.551,1.549,972.9,130.65837,25.22897
1789867332.267,3806,5.20030,0.64330,3.34535,1.551,1.548,972.9,130.69158,25.23536
1789867332.277,3807,5.20030,0.58624,3.04862,1.551,1.548,972.9,130.72184,25.24118
1789867332.287,3808,5.20030,0.61335,3.18960,1.551,1.548,972.9,130.75368,25.24730
1789867332.297,3809,5.20030,0.59372,3.08752,1.550,1.548,972.9,130.78449,25.25323
1789867332.307,3810,5.20030,0.61335,3.18960,1.550,1.548,972.9,130.81633,25.25935
1789867332.317,3811,5.18305,0.68391,3.54474,1.550,1.548,972.9,130.85171,25.26617
1789867332.327,3812,5.20030,0.64205,3.33885,1.550,1.548,972.9,130.88525,25.27262
1789867332.337,3813,5.20030,0.61335,3.18960,1.550,1.548,972.9,130.91728,25.27878
1789867332.347,3814,5.20030,0.58674,3.05122,1.550,1.548,972.9,130.94793,25.28468
1789867332.357,3815,5.20030,0.58674,3.05122,1.551,1.548,972.9,130.97857,25.29057
1789867332.367,3816,5.20104,0.61102,3.17794,1.551,1.548,972.9,131.01021,25.29665
1789867332.377,3817,5.20104,0.64454,3.35228,1.551,1.548,972.9,131.04359,25.30307
1789867332.387,3818,5.20104,0.59222,3.08016,1.551,1.548,972.9,131.07425,25.30897
1789867332.397,3819,5.20104,0.61102,3.17794,1.550,1.548,972.9,131.10589,25.31505
1789867332.407,3820,5.20104,0.58749,3.05556,1.551,1.548,972.9,131.13660,25.32095
1789867332.417,3821,5.20104,0.67195,3.49484,1.551,1.548,972.9,131.17173,25.32771
1789867332.427,3822,5.20104,0.58923,3.06461,1.551,1.548,998.5,131.20253,25.33363
1789867332.437,3823,5.20104,0.59048,3.07111,1.551,1.549,998.5,131.23339,25.33956
1789867332.447,3824,5.20104,0.62162,3.23307,1.551,1.548,998.5,131.26559,25.34575
1789867332.457,3825,5.20104,0.59596,3.09961,1.551,1.549,998.5,131.29647,25.35169
1789867332.467,3826,5.20147,0.60955,3.17056,1.552,1.549,998.5,131.32805,25.35776
1789867332.477,3827,5.20147,0.58624,3.04931,1.552,1.549,972.9,131.35842,25.36360
1789867332.487,3828,5.20147,0.58350,3.03506,1.551,1.548,972.9,131.38871,25.36942
1789867332.497,3829,5.20147,0.60955,3.17056,1.551,1.548,972.9,131.42034,25.37551
1789867332.507,3830,5.20147,0.58624,3.04931,1.551,1.548,972.9,131.45077,25.38136
1789867332.517,3831,5.20147,0.62087,3.22944,1.551,1.548,972.9,131.48300,25.38755
1789867332.527,3832,5.19055,0.64230,3.33389,1.550,1.548,972.9,131.51647,25.39400
1789867332.537,3833,5.20147,0.64031,3.33055,1.550,1.548,972.9,131.54990,25.40043
1789867332.547,3834,5.19055,0.66971,3.47616,1.550,1.548,972.9,131.58480,25.40715
1789867332.557,3835,5.20147,0.63458,3.30075,1.550,1.548,972.9,131.61794,25.41352
1789867332.567,3836,5.20112,0.63084,3.28107,1.550,1.548,972.9,131.65072,25.41982
1789867332.577,3837,5.17805,0.71331,3.69355,1.550,1.548,972.9,131.68762,25.42695
1789867332.587,3838,5.17805,0.71231,3.68838,1.550,1.548,972.9,131.72447,25.43407
1789867332.597,3839,5.20112,0.63508,3.30313,1.550,1.548,972.9,131.75748,25.44041
1789867332.607,3840,5.18930,0.71979,3.73521,1.550,1.548,972.9,131.79487,25.44762
1789867332.617,3841,5.20112,0.63582,3.30698,1.551,1.548,972.9,131.82797,25.45398
1789867332.627,3842,5.16306,0.73648,3.80249,1.551,1.548,972.9,131.86603,25.46136
1789867332.637,3843,5.17805,0.72228,3.74000,1.551,1.548,972.9,131.90347,25.46859
1789867332.647,3844,5.20112,0.63333,3.29403,1.551,1.548,998.5,131.93647,25.47493
1789867332.657,3845,5.18680,0.71630,3.71530,1.552,1.548,998.5,131.97370,25.48211
1789867332.667,3846,5.19960,0.61865,3.21673,1.552,1.549,998.5,132.00593,25.48831
1789867332.677,3847,5.18680,0.61865,3.20881,1.551,1.548,998.5,132.03808,25.49450
1789867332.687,3848,5.19960,0.59397,3.08841,1.551,1.549,998.5,132.06883,25.50042
1789867332.697,3849,5.19960,0.66946,3.48092,1.551,1.549,998.5,132.10350,25.50709
1789867332.707,3850,5.19960,0.58599,3.04691,1.552,1.548,998.5,132.13384,25.51292
1789867332.717,3851,5.18430,0.61865,3.20727,1.552,1.549,998.5,132.16578,25.51908
1789867332.727,3852,5.19960,0.66896,3.47832,1.551,1.548,998.5,132.20064,25.52579
1789867332.737,3853,5.19960,0.60169,3.12855,1.552,1.549,998.5,132.23200,25.53182
1789867332.747,3854,5.19960,0.60343,3.13759,1.552,1.548,998.5,132.26345,25.53787
1789867332.757,3855,5.19960,0.61865,3.21673,1.551,1.549,972.9,132.29569,25.54407
1789867332.767,3856,5.19933,0.66298,3.44705,1.551,1.549,972.9,132.33007,25.55068
1789867332.777,3857,5.19933,0.58724,3.05325,1.551,1.548,972.9,132.36052,25.55654
1789867332.787,3858,5.19933,0.62003,3.22374,1.551,1.548,972.9,132.39268,25.56272
1789867332.797,3859,5.19933,0.58500,3.04161,1.550,1.548,972.9,132.42301,25.56856
1789867332.807,3860,5.19933,0.63483,3.30069,1.550,1.548,972.9,132.45617,25.57493
1789867332.817,3861,5.19933,0.60044,3.12189,1.550,1.548,972.9,132.48753,25.58096
1789867332.827,3862,5.19933,0.65625,3.41206,1.550,1.548,972.9,132.52181,25.58756
1789867332.837,3863,5.19933,0.63458,3.29939,1.550,1.548,972.9,132.55496,25.59393
1789867332.847,3864,5.19933,0.59098,3.07270,1.550,1.548,972.9,132.58567,25.59984
1789867332.857,3865,5.19933,0.62003,3.22374,1.550,1.548,998.5,132.61789,25.60604
1789867332.867,3866,5.19976,0.63209,3.28672,1.551,1.548,998.5,132.65074,25.61236
1789867332.877,3867,5.19976,0.58873,3.06125,1.552,1.549,998.5,132.68134,25.61824
1789867332.887,3868,5.19976,0.61838,3.21543,1.552,1.549,998.5,132.71344,25.62441
1789867332.897,3869,5.19976,0.60094,3.12474,1.552,1.548,972.9,132.74464,25.63041
1789867332.907,3870,5.19976,0.60767,3.15974,1.552,1.549,972.9,132.77618,25.63648
1789867332.917,3871,5.19976,0.63931,3.32426,1.552,1.549,972.9,132.80937,25.64286
1789867332.927,3872,5.19976,0.58824,3.05871,1.552,1.549,972.9,132.83990,25.64873
1789867332.937,3873,5.19976,0.61838,3.21543,1.551,1.548,972.9,132.87200,25.65491
1789867332.947,3874,5.21054,0.58923,3.07021,1.551,1.548,972.9,132.90265,25.66079
1789867332.957,3875,5.19976,0.59521,3.09495,1.551,1.548,972.9,132.93354,25.66673
1789867332.967,3876,5.20011,0.61716,3.20930,1.551,1.548,972.9,132.96569,25.67291
1789867332.977,3877,5.20011,0.63856,3.32058,1.551,1.548,972.9,132.99895,25.67931
1789867332.987,3878,5.20011,0.58201,3.02652,1.551,1.548,972.9,133.02927,25.68514
1789867332.997,3879,5.20011,0.61716,3.20930,1.550,1.548,998.5,133.06142,25.69132
1789867333.007,3880,5.20011,0.58525,3.04336,1.550,1.548,998.5,133.09186,25.69717
1789867333.017,3881,5.20011,0.60692,3.15605,1.551,1.548,998.5,133.12342,25.70324
1789867333.027,3882,5.20011,0.59122,3.07441,1.551,1.548,998.5,133.15417,25.70916
1789867333.037,3883,5.20011,0.61716,3.20930,1.551,1.548,998.5,133.18627,25.71533
1789867333.047,3884,5.20011,0.61716,3.20930,1.552,1.548,998.5,133.21848,25.72152
1789867333.057,3885,5.20011,0.59297,3.08351,1.552,1.549,998.5,133.24943,25.72748
1789867333.067,3886,5.20042,0.58400,3.03705,1.552,1.549,998.5,133.27991,25.73334
1789867333.077,3887,5.20042,0.60393,3.14069,1.551,1.548,998.5,133.31143,25.73940
1789867333.087,3888,5.20042,0.58400,3.03705,1.552,1.549,998.5,133.34168,25.74521
1789867333.097,3889,5.21054,0.58375,3.04165,1.552,1.548,998.5,133.37197,25.75103
1789867333.107,3890,5.20042,0.61644,3.20575,1.551,1.548,998.5,133.40390,25.75717
1789867333.117,3891,5.20042,0.58898,3.06294,1.551,1.548,998.5,133.43441,25.76303
1789867333.127,3892,5.20042,0.61644,3.20575,1.550,1.548,998.5,133.46644,25.76919
1789867333.137,3893,5.20042,0.63408,3.29748,1.551,1.548,998.5,133.49939,25.77553
1789867333.147,3894,5.20042,0.58475,3.04095,1.550,1.548,972.9,133.52978,25.78137
1789867333.157,3895,5.20042,0.61644,3.20575,1.550,1.548,972.9,133.56181,25.78753
1789867333.167,3896,5.20062,0.58998,3.06826,1.550,1.548,998.5,133.59266,25.79347
1789867333.177,3897,5.20062,0.59247,3.08121,1.550,1.548,998.5,133.62365,25.79942
1789867333.187,3898,5.20062,0.61580,3.20254,1.551,1.548,998.5,133.65585,25.80562
1789867333.197,3899,5.20062,0.58425,3.03846,1.551,1.548,998.5,133.68640,25.81149
1789867333.207,3900,5.20062,0.57976,3.01511,1.551,1.548,998.5,133.71644,25.81727
1789867333.217,3901,5.20062,0.62660,3.25871,1.551,1.548,998.5,133.74891,25.82351
1789867333.227,3902,5.20062,0.58375,3.03586,1.551,1.548,998.5,133.77916,25.82933
1789867333.237,3903,5.20062,0.61580,3.20254,1.551,1.548,998.5,133.81107,25.83546
1789867333.247,3904,5.20062,0.59671,3.10326,1.551,1.548,998.5,133.84213,25.84143
1789867333.257,3905,5.20062,0.59372,3.08771,1.551,1.548,998.5,133.87303,25.84738
1789867333.267,3906,5.20073,0.61490,3.19793,1.552,1.548,998.5,133.90504,25.85353
1789867333.277,3907,5.20073,0.59521,3.09553,1.552,1.549,998.5,133.93602,25.85949
1789867333.287,3908,5.20073,0.58799,3.05798,1.552,1.549,998.5,133.96645,25.86534
1789867333.297,3909,5.20073,0.61490,3.19793,1.552,1.549,998.5,133.99827,25.87146
1789867333.307,3910,5.20073,0.59172,3.07738,1.552,1.549,998.5,134.02889,25.87734
1789867333.317,3911,5.21179,0.61490,3.20473,1.552,1.548,998.5,134.06078,25.88346
1789867333.327,3912,5.20073,0.63532,3.30413,1.551,1.548,972.9,134.09398,25.88985
1789867333.337,3913,5.20073,0.61490,3.19793,1.551,1.548,972.9,134.12612,25.89603
1789867333.347,3914,5.18805,0.65575,3.40206,1.551,1.548,972.9,134.16031,25.90262
1789867333.357,3915,5.20073,0.58749,3.05538,1.551,1.548,972.9,134.19101,25.90852
1789867333.367,3916,5.20077,0.58774,3.05670,1.551,1.548,972.9,134.22156,25.91440
1789867333.377,3917,5.20077,0.61476,3.19723,1.551,1.548,972.9,134.25352,25.92054
1789867333.387,3918,5.20077,0.58674,3.05150,1.551,1.548,972.9,134.28402,25.92640
1789867333.397,3919,5.20077,0.61476,3.19723,1.551,1.548,972.9,134.31597,25.93255
1789867333.407,3920,5.20077,0.62984,3.27565,1.550,1.548,972.9,134.34873,25.93885
1789867333.417,3921,5.20077,0.58026,3.01780,1.550,1.548,972.9,134.37892,25.94465
1789867333.427,3922,5.20077,0.61476,3.19723,1.550,1.548,972.9,134.41089,25.95080
1789867333.437,3923,5.20077,0.58998,3.06835,1.550,1.548,972.9,134.44158,25.95670
1789867333.447,3924,5.20077,0.68490,3.56201,1.551,1.548,972.9,134.47726,25.96356
1789867333.457,3925,5.20077,0.62835,3.26790,1.551,1.548,998.5,134.50999,25.96985
1789867333.467,3926,5.20062,0.59696,3.10456,1.551,1.548,998.5,134.54108,25.97583
1789867333.477,3927,5.20062,0.61526,3.19973,1.551,1.548,998.5,134.57313,25.98199
1789867333.487,3928,5.20062,0.58201,3.02681,1.551,1.548,998.5,134.60328,25.98779
1789867333.497,3929,5.20062,0.61526,3.19973,1.551,1.548,998.5,134.63516,25.99392
1789867333.507,3930,5.20062,0.63458,3.30021,1.551,1.548,998.5,134.66805,26.00025
1789867333.517,3931,5.20062,0.58898,3.06306,1.551,1.548,998.5,134.69856,26.00611
1789867333.527,3932,5.20062,0.62934,3.27296,1.551,1.548,998.5,134.73143,26.01243
1789867333.537,3933,5.20062,0.59297,3.08381,1.551,1.548,998.5,134.76239,26.01839
1789867333.547,3934,5.17930,0.61526,3.18662,1.551,1.548,998.5,134.79439,26.02456
1789867333.557,3935,5.20062,0.58948,3.06566,1.551,1.548,998.5,134.82517,26.03048
1789867333.567,3936,5.20073,0.60244,3.13313,1.552,1.549,998.5,134.85648,26.03650
1789867333.577,3937,5.20073,0.61458,3.19626,1.551,1.548,972.9,134.88842,26.04264
1789867333.587,3938,5.20073,0.58799,3.05798,1.551,1.548,972.9,134.91897,26.04852
1789867333.597,3939,5.20073,0.61458,3.19626,1.551,1.548,998.5,134.95091,26.05466
1789867333.607,3940,5.20073,0.58375,3.03593,1.551,1.548,998.5,134.98132,26.06051
1789867333.617,3941,5.20073,0.58873,3.06183,1.551,1.548,998.5,135.01198,26.06640
1789867333.627,3942,5.20073,0.61458,3.19626,1.550,1.548,998.5,135.04399,26.07256
1789867333.637,3943,5.20073,0.57902,3.01133,1.551,1.548,998.5,135.07415,26.07836
1789867333.647,3944,5.20073,0.61458,3.19626,1.550,1.548,998.5,135.10602,26.08449
1789867333.657,3945,5.20073,0.59397,3.08908,1.551,1.548,998.5,135.13682,26.09041
1789867333.667,3946,5.20218,0.58948,3.06658,1.551,1.548,998.5,135.16741,26.09629
1789867333.677,3947,5.20218,0.60745,3.16006,1.552,1.548,998.5,135.19892,26.10234
1789867333.687,3948,5.20218,0.58350,3.03547,1.552,1.548,998.5,135.22923,26.10817
1789867333.697,3949,5.20218,0.60745,3.16006,1.551,1.548,998.5,135.26079,26.11424
1789867333.707,3950,5.20218,0.58599,3.04843,1.552,1.548,998.5,135.29124,26.12009
1789867333.717,3951,5.20218,0.59122,3.07563,1.552,1.548,998.5,135.32195,26.12600
1789867333.727,3952,5.20218,0.60745,3.16006,1.552,1.548,972.9,135.35363,26.13208
1789867333.737,3953,5.20218,0.59122,3.07563,1.551,1.548,972.9,135.38446,26.13801
1789867333.747,3954,5.20218,0.60745,3.16006,1.551,1.548,972.9,135.41614,26.14410
1789867333.757,3955,5.20218,0.58549,3.04582,1.551,1.548,972.9,135.44667,26.14997
1789867333.767,3956,5.20253,0.58500,3.04348,1.551,1.548,972.9,135.47712,26.15582
1789867333.777,3957,5.20253,0.61564,3.20289,1.551,1.548,972.9,135.50917,26.16198
1789867333.787,3958,5.20253,0.58774,3.05773,1.551,1.548,972.9,135.53977,26.16786
1789867333.797,3959,5.20253,0.60533,3.14925,1.550,1.548,972.9,135.57128,26.17392
1789867333.807,3960,5.20253,0.58325,3.03438,1.550,1.548,972.9,135.60151,26.17973
1789867333.817,3961,5.20253,0.57927,3.01367,1.550,1.548,972.9,135.63153,26.18550
1789867333.827,3962,5.20253,0.60533,3.14925,1.550,1.548,972.9,135.66291,26.19153
1789867333.837,3963,5.20253,0.59446,3.09270,1.550,1.548,972.9,135.69372,26.19745
1789867333.847,3964,5.20253,0.61664,3.20809,1.550,1.548,972.9,135.72589,26.20364
1789867333.857,3965,5.20253,0.59172,3.07844,1.551,1.548,998.5,135.75677,26.20957
1789867333.867,3966,5.20265,0.58898,3.06426,1.551,1.548,998.5,135.78750,26.21548
1789867333.877,3967,5.20265,0.63931,3.32611,1.551,1.548,972.9,135.82086,26.22189
1789867333.887,3968,5.20265,0.58201,3.02799,1.551,1.548,998.5,135.85102,26.22769
1789867333.897,3969,5.20265,0.58574,3.04740,1.550,1.548,998.5,135.88137,26.23352
1789867333.907,3970,5.20265,0.61564,3.20296,1.550,1.548,998.5,135.91328,26.23966
1789867333.917,3971,5.20265,0.58549,3.04610,1.550,1.548,972.9,135.94362,26.24549
1789867333.927,3972,5.20265,0.58201,3.02799,1.550,1.548,998.5,135.97395,26.25132
1789867333.937,3973,5.20265,0.63233,3.28979,1.551,1.548,972.9,136.00690,26.25765
1789867333.947,3974,5.20265,0.58226,3.02929,1.551,1.548,998.5,136.03723,26.26348
1789867333.957,3975,5.18680,0.63109,3.27334,1.551,1.548,998.5,136.07002,26.26980
1789867333.967,3976,5.20257,0.64604,3.36107,1.551,1.548,998.5,136.10369,26.27627
1789867333.977,3977,5.20257,0.61888,3.21977,1.551,1.548,998.5,136.13594,26.28247
1789867333.987,3978,5.20257,0.63582,3.30790,1.550,1.548,998.5,136.16907,26.28884
1789867333.997,3979,5.20257,0.59073,3.07331,1.550,1.548,998.5,136.19986,26.29476
1789867334.007,3980,5.20257,0.59521,3.09662,1.550,1.548,998.5,136.23086,26.30072
1789867334.017,3981,5.20257,0.65476,3.40643,1.550,1.548,998.5,136.26495,26.30727
1789867334.027,3982,5.20257,0.59322,3.08627,1.550,1.548,998.5,136.29584,26.31321
1789867334.037,3983,5.20257,0.62262,3.23922,1.550,1.548,998.5,136.32826,26.31944
1789867334.047,3984,5.20257,0.60526,3.14891,1.551,1.548,998.5,136.35976,26.32550
1789867334.057,3985,5.20257,0.64105,3.33511,1.551,1.548,998.5,136.39313,26.33191
1789867334.067,3986,5.20226,0.64778,3.36992,1.552,1.549,998.5,136.42684,26.33839
1789867334.077,3987,5.20226,0.58848,3.06143,1.552,1.550,998.5,136.45746,26.34428
1789867334.087,3988,5.20226,0.62187,3.23513,1.552,1.549,998.5,136.48973,26.35048
1789867334.097,3989,5.20226,0.63383,3.29735,1.552,1.549,998.5,136.52261,26.35680
1789867334.107,3990,5.20226,0.58624,3.04977,1.552,1.549,998.5,136.55303,26.36265
1789867334.117,3991,5.20226,0.61664,3.20792,1.551,1.548,998.5,136.58502,26.36880
1789867334.127,3992,5.20226,0.59272,3.08348,1.550,1.548,998.5,136.61585,26.37472
1789867334.137,3993,5.20226,0.58300,3.03292,1.549,1.548,972.9,136.64617,26.38055
1789867334.147,3994,5.20226,0.60583,3.15169,1.549,1.548,972.9,136.67767,26.38661
1789867334.157,3995,5.20226,0.60583,3.15169,1.549,1.548,972.9,136.70918,26.39266
1789867334.167,3996,5.20222,0.61639,3.20660,1.549,1.548,972.9,136.74137,26.39885
1789867334.177,3997,5.20222,0.60597,3.15239,1.549,1.548,972.9,136.77301,26.40493
1789867334.187,3998,5.20222,0.60597,3.15239,1.549,1.548,998.5,136.80465,26.41101
1789867334.197,3999,5.20222,0.60597,3.15239,1.549,1.548,998.5,136.83629,26.41710
1789867334.207,4000,5.20222,0.58724,3.05495,1.550,1.548,998.5,136.86675,26.42295
1789867334.217,4001,5.20222,0.60597,3.15239,1.551,1.548,998.5,136.89818,26.42899
1789867334.227,4002,5.20222,0.58350,3.03550,1.551,1.548,998.5,136.92844,26.43481
1789867334.237,4003,5.20222,0.58774,3.05755,1.551,1.548,998.5,136.95892,26.44067
1789867334.247,4004,5.20222,0.60597,3.15239,1.551,1.548,998.5,136.99045,26.44673
1789867334.257,4005,5.20222,0.59147,3.07696,1.552,1.548,998.5,137.02123,26.45264
1789867334.267,4006,5.18930,0.66722,3.46240,1.552,1.548,998.5,137.05586,26.45932
1789867334.277,4007,5.20218,0.59372,3.08864,1.551,1.548,998.5,137.08675,26.46526
1789867334.287,4008,5.20218,0.58450,3.04067,1.551,1.548,972.9,137.11710,26.47109
1789867334.297,4009,5.20218,0.60593,3.15216,1.551,1.548,998.5,137.14856,26.47714
1789867334.307,4010,5.20218,0.59098,3.07438,1.551,1.548,998.5,137.17925,26.48304
1789867334.317,4011,5.20218,0.62337,3.24288,1.551,1.548,998.5,137.21162,26.48926
1789867334.327,4012,5.20218,0.59297,3.08474,1.551,1.548,998.5,137.24250,26.49520
1789867334.337,4013,5.20218,0.59172,3.07823,1.551,1.548,998.5,137.27332,26.50112
1789867334.347,4014,5.20218,0.60593,3.15216,1.551,1.548,998.5,137.30488,26.50719
1789867334.357,4015,5.20218,0.58350,3.03547,1.550,1.548,998.5,137.33527,26.51303
1789867334.367,4016,5.18805,0.66223,3.43568,1.551,1.548,998.5,137.36969,26.51966
1789867334.377,4017,5.20198,0.59446,3.09237,1.551,1.548,998.5,137.40067,26.52562
1789867334.387,4018,5.20198,0.58923,3.06516,1.551,1.548,998.5,137.43138,26.53152
1789867334.397,4019,5.20198,0.61838,3.21680,1.551,1.548,998.5,137.46361,26.53772
1789867334.407,4020,5.20198,0.58425,3.03926,1.551,1.548,998.5,137.49398,26.54356
1789867334.417,4021,5.20198,0.60633,3.15412,1.551,1.548,998.5,137.52549,26.54961
1789867334.427,4022,5.20198,0.58425,3.03926,1.550,1.548,998.5,137.55586,26.55545
1789867334.437,4023,5.20198,0.59372,3.08852,1.550,1.548,998.5,137.58672,26.56138
1789867334.447,4024,5.20198,0.63258,3.29067,1.550,1.548,998.5,137.61969,26.56772
1789867334.457,4025,5.20198,0.58799,3.05871,1.551,1.548,998.5,137.65033,26.57361
1789867334.467,4026,5.20202,0.66896,3.47994,1.551,1.548,998.5,137.68520,26.58032
1789867334.477,4027,5.20202,0.58923,3.06519,1.552,1.548,998.5,137.71591,26.58622
1789867334.487,4028,5.20202,0.59596,3.10020,1.552,1.549,998.5,137.74676,26.59215
1789867334.497,4029,5.20202,0.64205,3.33996,1.551,1.548,972.9,137.78000,26.59854
1789867334.507,4030,5.20202,0.57902,3.01207,1.551,1.549,998.5,137.80997,26.60430
1789867334.517,4031,5.20202,0.58649,3.05093,1.551,1.548,972.9,137.84033,26.61014
1789867334.527,4032,5.20202,0.64977,3.38012,1.550,1.548,972.9,137.87432,26.61667
1789867334.537,4033,5.20202,0.58300,3.03278,1.550,1.548,972.9,137.90481,26.62253
1789867334.547,4034,5.20202,0.60602,3.15253,1.550,1.548,998.5,137.93651,26.62863
1789867334.557,4035,5.20202,0.63782,3.31795,1.550,1.548,998.5,137.96988,26.63504
1789867334.567,4036,5.20210,0.63159,3.28559,1.550,1.548,998.5,138.00271,26.64135
1789867334.577,4037,5.20210,0.64404,3.35036,1.550,1.548,998.5,138.03619,26.64779
1789867334.587,4038,5.20210,0.64504,3.35556,1.551,1.548,998.5,138.06973,26.65423
1789867334.597,4039,5.18180,0.68291,3.53870,1.551,1.548,998.5,138.10509,26.66106
1789867334.607,4040,5.20210,0.58674,3.05228,1.551,1.548,998.5,138.13565,26.66693
1789867334.617,4041,5.20210,0.63283,3.29204,1.552,1.549,998.5,138.16860,26.67327
1789867334.627,4042,5.19055,0.60554,3.14309,1.552,1.549,998.5,138.20006,26.67933
1789867334.637,4043,5.20210,0.58574,3.04708,1.552,1.549,998.5,138.23056,26.68519
1789867334.647,4044,5.20210,0.62212,3.23633,1.552,1.549,998.5,138.26279,26.69139
1789867334.657,4045,5.20210,0.60554,3.15008,1.552,1.549,998.5,138.29416,26.69742
1789867334.667,4046,5.20183,0.60730,3.15907,1.552,1.549,998.5,138.32561,26.70346
1789867334.677,4047,5.18930,0.70185,3.64211,1.552,1.548,998.5,138.36188,26.71045
1789867334.687,4048,5.20183,0.59098,3.07418,1.552,1.549,998.5,138.39261,26.71636
1789867334.697,4049,5.20183,0.62312,3.24136,1.552,1.548,998.5,138.42502,26.72259
1789867334.707,4050,5.20183,0.59048,3.07158,1.552,1.549,998.5,138.45572,26.72849
1789867334.717,4051,5.20183,0.60730,3.15907,1.552,1.548,998.5,138.48731,26.73456
1789867334.727,4052,5.20183,0.58873,3.06247,1.551,1.548,998.5,138.51792,26.74045
1789867334.737,4053,5.20183,0.58873,3.06247,1.551,1.548,998.5,138.54854,26.74634
1789867334.747,4054,5.20183,0.60730,3.15907,1.550,1.548,998.5,138.58013,26.75241
1789867334.757,4055,5.20183,0.58724,3.05472,1.550,1.548,998.5,138.61067,26.75828
1789867334.767,4056,5.20167,0.61888,3.21921,1.551,1.548,998.5,138.64295,26.76449
1789867334.777,4057,5.20167,0.66746,3.47191,1.551,1.548,998.5,138.67777,26.77118
1789867334.787,4058,5.20167,0.60794,3.16230,1.551,1.548,998.5,138.70948,26.77728
1789867334.797,4059,5.20167,0.61838,3.21661,1.552,1.548,998.5,138.74174,26.78348
1789867334.807,4060,5.20167,0.59197,3.07923,1.552,1.549,998.5,138.77248,26.78939
1789867334.817,4061,5.20167,0.58599,3.04813,1.552,1.549,998.5,138.80290,26.79524
1789867334.827,4062,5.20167,0.60794,3.16230,1.552,1.548,998.5,138.83447,26.80130
1789867334.837,4063,5.20167,0.59372,3.08834,1.551,1.548,998.5,138.86529,26.80723
1789867334.847,4064,5.20167,0.58500,3.04298,1.551,1.548,998.5,138.89579,26.81309
1789867334.857,4065,5.20167,0.60794,3.16230,1.552,1.548,998.5,138.92749,26.81919
1789867334.867,4066,5.20144,0.59621,3.10115,1.552,1.548,998.5,138.95857,26.82516
1789867334.877,4067,5.19055,0.62536,3.24596,1.552,1.548,998.5,138.99110,26.83143
1789867334.887,4068,5.20144,0.63831,3.32013,1.552,1.549,998.5,139.02415,26.83778
1789867334.897,4069,5.20144,0.64828,3.37199,1.552,1.548,998.5,139.05771,26.84424
1789867334.907,4070,5.20144,0.60871,3.16617,1.552,1.549,972.9,139.08923,26.85030
1789867334.917,4071,5.20144,0.58898,3.06354,1.551,1.548,972.9,139.11972,26.85616
1789867334.927,4072,5.20144,0.60871,3.16617,1.551,1.548,972.9,139.15156,26.86228
1789867334.937,4073,5.20144,0.59446,3.09205,1.550,1.548,972.9,139.18264,26.86825
1789867334.947,4074,5.20144,0.58450,3.04024,1.551,1.548,998.5,139.21321,26.87413
1789867334.957,4075,5.20144,0.60871,3.16617,1.551,1.548,998.5,139.24504,26.88025
1789867334.967,4076,5.20112,0.58873,3.06206,1.550,1.548,998.5,139.27561,26.88613
1789867334.977,4077,5.20112,0.62785,3.26552,1.551,1.548,998.5,139.30822,26.89240
1789867334.987,4078,5.20112,0.65052,3.38343,1.551,1.548,998.5,139.34201,26.89889
1789867334.997,4079,5.20112,0.60995,3.17242,1.550,1.548,998.5,139.37368,26.90498
1789867335.007,4080,5.20112,0.64155,3.33678,1.550,1.548,998.5,139.40689,26.91137
1789867335.017,4081,5.20112,0.58375,3.03615,1.551,1.548,998.5,139.43710,26.91718
1789867335.027,4082,5.20112,0.60995,3.17242,1.551,1.548,998.5,139.46867,26.92325
1789867335.037,4083,5.20112,0.58525,3.04396,1.552,1.549,998.5,139.49896,26.92907
1789867335.047,4084,5.20112,0.58574,3.04650,1.552,1.549,998.5,139.52958,26.93496
1789867335.057,4085,5.19055,0.60995,3.16598,1.552,1.549,998.5,139.56140,26.94109
1789867335.067,4086,5.20101,0.59073,3.07239,1.552,1.550,998.5,139.59227,26.94702
1789867335.077,4087,5.20101,0.66049,3.43522,1.552,1.549,998.5,139.62680,26.95366
1789867335.087,4088,5.20101,0.59247,3.08144,1.552,1.549,998.5,139.65744,26.95955
1789867335.097,4089,5.20101,0.60983,3.17173,1.552,1.549,998.5,139.68899,26.96562
1789867335.107,4090,5.20101,0.63433,3.29916,1.552,1.549,998.5,139.72180,26.97193
1789867335.117,4091,5.20101,0.58674,3.05164,1.552,1.549,998.5,139.75215,26.97776
1789867335.127,4092,5.20101,0.60983,3.17173,1.552,1.549,998.5,139.78406,26.98390
1789867335.137,4093,5.19055,0.63682,3.30545,1.552,1.549,998.5,139.81732,26.99031
1789867335.147,4094,5.20101,0.58799,3.05814,1.552,1.548,998.5,139.84809,26.99622
1789867335.157,4095,5.20101,0.60983,3.17173,1.551,1.548,998.5,139.88001,27.00236
1789867335.167,4096,5.20081,0.60987,3.17182,1.551,1.548,998.5,139.91171,27.00846
1789867335.177,4097,5.20081,0.59870,3.11372,1.551,1.548,998.5,139.94283,27.01444
1789867335.187,4098,5.18055,0.68789,3.56365,1.552,1.548,998.5,139.97844,27.02131
1789867335.197,4099,5.20081,0.59521,3.09557,1.552,1.548,998.5,140.00938,27.02726
1789867335.207,4100,5.20081,0.62112,3.23033,1.552,1.548,998.5,140.04152,27.03344
1789867335.217,4101,5.20081,0.58549,3.04502,1.552,1.548,998.5,140.07181,27.03927
1789867335.227,4102,5.20081,0.57877,3.01007,1.552,1.548,998.5,140.10176,27.04503
1789867335.237,4103,5.20081,0.60987,3.17182,1.551,1.548,998.5,140.13332,27.05109
1789867335.247,4104,5.20081,0.64105,3.33398,1.551,1.548,998.5,140.16684,27.05754
1789867335.257,4105,5.20081,0.58425,3.03857,1.552,1.548,998.5,140.19740,27.06341
1789867335.267,4106,5.20085,0.60997,3.17236,1.551,1.548,998.5,140.22930,27.06955
1789867335.277,4107,5.20085,0.58848,3.06060,1.552,1.548,998.5,140.26007,27.07546
1789867335.287,4108,5.18555,0.60997,3.16303,1.551,1.548,998.5,140.29153,27.08153
1789867335.297,4109,5.19055,0.67544,3.50591,1.551,1.548,998.5,140.32639,27.08825
1789867335.307,4110,5.20085,0.64903,3.37551,1.551,1.548,998.5,140.35996,27.09470
1789867335.317,4111,5.20085,0.60997,3.17236,1.551,1.548,998.5,140.39151,27.10077
1789867335.327,4112,5.20085,0.58774,3.05675,1.551,1.548,998.5,140.42212,27.10665
1789867335.337,4113,5.20085,0.60997,3.17236,1.550,1.548,972.9,140.45388,27.11276
1789867335.347,4114,5.20085,0.58998,3.06840,1.550,1.548,998.5,140.48460,27.11867
1789867335.357,4115,5.20085,0.62536,3.25240,1.551,1.548,972.9,140.51716,27.12493
1789867335.367,4116,5.20050,0.64429,3.35063,1.550,1.548,998.5,140.55069,27.13138
1789867335.377,4117,5.20050,0.62685,3.25993,1.550,1.548,998.5,140.58331,27.13765
1789867335.387,4118,5.18180,0.66099,3.42512,1.551,1.548,998.5,140.61759,27.14426
1789867335.397,4119,5.18305,0.70509,3.65452,1.551,1.548,998.5,140.65416,27.15132
1789867335.407,4120,5.18305,0.69537,3.60414,1.551,1.548,998.5,140.69015,27.15826
1789867335.417,4121,5.18930,0.65526,3.40034,1.551,1.548,998.5,140.72410,27.16481
1789867335.427,4122,5.20050,0.62785,3.26513,1.551,1.549,998.5,140.75671,27.17107
1789867335.437,4123,5.20050,0.61138,3.17948,1.551,1.549,998.5,140.78846,27.17718
1789867335.447,4124,5.20050,0.58450,3.03969,1.551,1.548,998.5,140.81884,27.18302
1789867335.457,4125,5.20050,0.58799,3.05784,1.551,1.549,998.5,140.84941,27.18890
1789867335.467,4126,5.19964,0.61509,3.19825,1.551,1.549,998.5,140.88138,27.19505
1789867335.477,4127,5.19964,0.59970,3.11822,1.551,1.548,998.5,140.91255,27.20104
1789867335.487,4128,5.19964,0.61509,3.19825,1.551,1.548,998.5,140.94449,27.20719
1789867335.497,4129,5.19964,0.67021,3.48485,1.550,1.548,998.5,140.97930,27.21388
1789867335.507,4130,5.19964,0.64205,3.33843,1.550,1.548,998.5,141.01264,27.22029
1789867335.517,4131,5.18430,0.67095,3.47841,1.550,1.548,998.5,141.04738,27.22699
1789867335.527,4132,5.19964,0.65276,3.39412,1.551,1.548,998.5,141.08142,27.23354
1789867335.537,4133,5.18805,0.66323,3.44087,1.551,1.548,998.5,141.11592,27.24019
1789867335.547,4134,5.19964,0.64155,3.33583,1.551,1.548,998.5,141.14937,27.24662
1789867335.557,4135,5.19964,0.58799,3.05734,1.551,1.548,998.5,141.18003,27.25252
1789867335.567,4136,5.19890,0.60617,3.15142,1.551,1.548,998.5,141.21165,27.25860
1789867335.577,4137,5.19890,0.58848,3.05945,1.551,1.548,998.5,141.24235,27.26451
1789867335.587,4138,5.19890,0.61830,3.21448,1.551,1.548,998.5,141.27460,27.27071
1789867335.597,4139,5.18180,0.78656,4.07580,1.551,1.548,998.5,141.31550,27.27860
1789867335.607,4140,5.19890,0.63358,3.29392,1.552,1.548,998.5,141.34834,27.28492
1789867335.617,4141,5.19890,0.63383,3.29522,1.552,1.548,998.5,141.38119,27.29124
1789867335.627,4142,5.19890,0.61830,3.21448,1.552,1.548,998.5,141.41324,27.29740
1789867335.637,4143,5.19890,0.62835,3.26673,1.552,1.549,998.5,141.44581,27.30367
1789867335.647,4144,5.19890,0.61830,3.21448,1.552,1.549,998.5,141.47806,27.30987
1789867335.657,4145,5.19890,0.61830,3.21448,1.552,1.549,998.5,141.51030,27.31607
1789867335.667,4146,5.19851,0.62060,3.22620,1.551,1.548,998.5,141.54266,27.32230
1789867335.677,4147,5.19851,0.63283,3.28977,1.552,1.549,998.5,141.57565,27.32864
1789867335.687,4148,5.18680,0.63283,3.28236,1.552,1.549,998.5,141.60835,27.33495
1789867335.697,4149,5.19851,0.64305,3.34290,1.552,1.549,998.5,141.64166,27.34136
1789867335.707,4150,5.18180,0.63233,3.27661,1.552,1.549,998.5,141.67430,27.34766
1789867335.717,4151,5.19851,0.62060,3.22620,1.552,1.549,998.5,141.70645,27.35384
1789867335.727,4152,5.18305,0.62060,3.21660,1.551,1.548,998.5,141.73874,27.36007
1789867335.737,4153,5.19851,0.63233,3.28717,1.551,1.548,998.5,141.77174,27.36642
1789867335.747,4154,5.19851,0.66423,3.45301,1.551,1.548,998.5,141.80641,27.37309
1789867335.757,4155,5.19851,0.63084,3.27943,1.552,1.548,998.5,141.83934,27.37942
1789867335.767,4156,5.19753,0.66323,3.44716,1.551,1.548,998.5,141.87380,27.38605
1789867335.777,4157,5.19753,0.62439,3.24529,1.551,1.548,998.5,141.90624,27.39229
1789867335.787,4158,5.19753,0.67618,3.51447,1.551,1.548,998.5,141.94137,27.39905
1789867335.797,4159,5.19753,0.71655,3.72429,1.550,1.548,998.5,141.97859,27.40621
1789867335.807,4160,5.18305,0.68839,3.56796,1.551,1.548,998.5,142.01417,27.41308
1789867335.817,4161,5.19753,0.62439,3.24529,1.551,1.548,998.5,142.04653,27.41930
1789867335.827,4162,5.19753,0.65526,3.40573,1.551,1.548,998.5,142.08049,27.42584
1789867335.837,4163,5.19753,0.62439,3.24529,1.552,1.549,998.5,142.11285,27.43206
1789867335.847,4164,5.18555,0.66572,3.45212,1.552,1.549,998.5,142.14748,27.43874
1789867335.857,4165,5.19753,0.62439,3.24529,1.552,1.549,998.5,142.18003,27.44500
1789867335.867,4166,5.18430,0.66074,3.42547,1.552,1.549,998.5,142.21439,27.45163
1789867335.877,4167,5.19671,0.62812,3.26416,1.552,1.549,998.5,142.24714,27.45793
1789867335.887,4168,5.19671,0.68490,3.55923,1.552,1.549,998.5,142.28257,27.46475
1789867335.897,4169,5.19671,0.62812,3.26416,1.551,1.548,998.5,142.31506,27.47100
1789867335.907,4170,5.16681,0.82617,4.26866,1.551,1.548,998.5,142.35756,27.47923
1789867335.917,4171,5.19671,0.62812,3.26416,1.552,1.548,998.5,142.39005,27.48548
1789867335.927,4172,5.18555,0.67544,3.50253,1.551,1.548,998.5,142.42512,27.49224
1789867335.937,4173,5.19671,0.62812,3.26416,1.551,1.548,998.5,142.45779,27.49853
1789867335.947,4174,5.19671,0.67270,3.49583,1.551,1.548,998.5,142.49279,27.50527
1789867335.957,4175,5.19671,0.62812,3.26416,1.552,1.549,998.5,142.52547,27.51155
1789867335.967,4176,5.19570,0.67021,3.48221,1.552,1.549,998.5,142.56042,27.51828
1789867335.977,4177,5.19570,0.63258,3.28670,1.551,1.548,998.5,142.59341,27.52463
1789867335.987,4178,5.19570,0.66846,3.47312,1.551,1.548,998.5,142.62827,27.53134
1789867335.997,4179,5.19570,0.63258,3.28670,1.551,1.548,998.5,142.66126,27.53769
1789867336.007,4180,5.17306,0.81322,4.20684,1.550,1.548,998.5,142.70331,27.54582
1789867336.017,4181,5.19570,0.63258,3.28670,1.550,1.548,998.5,142.73616,27.55214
1789867336.027,4182,5.19570,0.67768,3.52102,1.550,1.548,998.5,142.77135,27.55891
1789867336.037,4183,5.19570,0.63258,3.28670,1.550,1.548,998.5,142.80420,27.56524
1789867336.047,4184,5.17056,0.69811,3.60962,1.550,1.548,998.5,142.84027,27.57221
1789867336.057,4185,5.19570,0.63258,3.28670,1.551,1.548,998.5,142.87311,27.57853
1789867336.067,4186,5.17930,0.73548,3.80927,1.551,1.548,998.5,142.91118,27.58588
1789867336.077,4187,5.19480,0.62635,3.25376,1.552,1.548,998.5,142.94369,27.59214
1789867336.087,4188,5.19480,0.63767,3.31257,1.552,1.549,998.5,142.97671,27.59850
1789867336.097,4189,5.19480,0.63767,3.31257,1.552,1.548,998.5,143.00974,27.60486
1789867336.107,4190,5.13057,0.84884,4.35503,1.552,1.548,998.5,143.05316,27.61332
1789867336.117,4191,5.19480,0.63767,3.31257,1.552,1.549,998.5,143.08618,27.61968
1789867336.127,4192,5.19480,0.63767,3.31257,1.552,1.549,998.5,143.11935,27.62606
1789867336.137,4193,5.19480,0.63767,3.31257,1.551,1.548,998.5,143.15252,27.63245
1789867336.147,4194,5.17555,0.63767,3.30029,1.550,1.548,998.5,143.18557,27.63883
1789867336.157,4195,5.19480,0.63767,3.31257,1.552,1.549,998.5,143.21873,27.64522
1789867336.167,4196,5.19363,0.62262,3.23366,1.552,1.549,998.5,143.25116,27.65146
1789867336.177,4197,5.19363,0.62411,3.24140,1.551,1.548,998.5,143.28366,27.65772
1789867336.187,4198,5.19363,0.64323,3.34070,1.552,1.548,998.5,143.31715,27.66417
1789867336.197,4199,5.19363,0.63034,3.27375,1.552,1.548,998.5,143.34998,27.67049
1789867336.207,4200,5.19363,0.75442,3.91818,1.552,1.548,998.5,143.38901,27.67800
1789867336.217,4201,5.19363,0.64323,3.34070,1.552,1.548,998.5,143.42229,27.68441
1789867336.227,4202,5.19363,0.64323,3.34070,1.551,1.548,998.5,143.45558,27.69082
1789867336.237,4203,5.19363,0.63233,3.28409,1.551,1.548,998.5,143.48829,27.69712
1789867336.247,4204,5.19363,0.62835,3.26342,1.550,1.548,998.5,143.52111,27.70344
1789867336.257,4205,5.17930,0.62611,3.24281,1.551,1.548,998.5,143.55372,27.70973
1789867336.267,4206,5.19273,0.62835,3.26285,1.551,1.548,998.5,143.58653,27.71605
1789867336.277,4207,5.19273,0.63209,3.28227,1.550,1.548,998.5,143.61954,27.72241
1789867336.287,4208,5.19273,0.64822,3.36603,1.552,1.549,998.5,143.65293,27.72884
1789867336.297,4209,5.19273,0.66447,3.45041,1.552,1.549,998.5,143.68716,27.73543
1789867336.307,4210,5.19273,0.64822,3.36603,1.552,1.549,998.5,143.72055,27.74186
1789867336.317,4211,5.19273,0.66647,3.46080,1.552,1.549,998.5,143.75488,27.74847
1789867336.327,4212,5.19273,0.62959,3.26929,1.552,1.549,998.5,143.78780,27.75481
1789867336.337,4213,5.19273,0.68416,3.55266,1.552,1.549,998.5,143.82358,27.76170
1789867336.347,4214,5.19273,0.62536,3.24733,1.552,1.549,998.5,143.85629,27.76800
1789867336.357,4215,5.19273,0.67295,3.49445,1.552,1.549,998.5,143.89148,27.77478
1789867336.367,4216,5.19199,0.63258,3.28435,1.552,1.549,998.5,143.92427,27.78109
1789867336.377,4217,5.19199,0.65189,3.38461,1.551,1.548,998.5,143.95806,27.78760
1789867336.387,4218,5.19199,0.62586,3.24946,1.551,1.548,998.5,143.99050,27.79385
1789867336.397,4219,5.19199,0.67469,3.50298,1.551,1.549,998.5,144.02548,27.80059
1789867336.407,4220,5.19199,0.63233,3.28305,1.551,1.548,998.5,144.05827,27.80690
1789867336.417,4221,5.19199,0.66921,3.47453,1.551,1.548,998.5,144.09297,27.81359
1789867336.427,4222,5.19199,0.63408,3.29214,1.551,1.548,998.5,144.12586,27.81992
1789867336.437,4223,5.19199,0.67743,3.51721,1.551,1.549,998.5,144.16099,27.82669
1789867336.447,4224,5.19199,0.63333,3.28824,1.551,1.548,998.5,144.19392,27.83303
1789867336.457,4225,5.19199,0.67469,3.50298,1.551,1.548,998.5,144.22901,27.83979
1789867336.467,4226,5.19191,0.62187,3.22869,1.550,1.548,998.5,144.26134,27.84602
1789867336.477,4227,5.19191,0.67095,3.48351,1.550,1.548,998.5,144.29623,27.85274
1789867336.487,4228,5.19191,0.62461,3.24292,1.551,1.548,998.5,144.32854,27.85896
1789867336.497,4229,5.19191,0.67295,3.49390,1.551,1.548,998.5,144.36335,27.86566
1789867336.507,4230,5.19191,0.65194,3.38481,1.552,1.548,998.5,144.39707,27.87216
1789867336.517,4231,5.14931,0.84087,4.32990,1.551,1.548,998.5,144.44020,27.88053
1789867336.527,4232,5.19191,0.63184,3.28046,1.552,1.548,998.5,144.47309,27.88687
1789867336.537,4233,5.19191,0.68092,3.53528,1.552,1.548,998.5,144.50853,27.89369
1789867336.547,4234,5.19191,0.64006,3.32313,1.551,1.548,998.5,144.54185,27.90011
1789867336.557,4235,5.17306,0.66697,3.45028,1.551,1.548,998.5,144.57644,27.90680
1789867336.567,4236,5.19152,0.63009,3.27112,1.551,1.548,998.5,144.60915,27.91310
1789867336.577,4237,5.19152,0.68540,3.55827,1.551,1.548,998.5,144.64474,27.91995
1789867336.587,4238,5.19152,0.62611,3.25046,1.551,1.548,998.5,144.67725,27.92622
1789867336.597,4239,5.17056,0.69786,3.60833,1.551,1.548,998.5,144.71334,27.93320
1789867336.607,4240,5.19152,0.63782,3.31126,1.551,1.548,998.5,144.74656,27.93959
1789867336.617,4241,5.17930,0.67569,3.49960,1.551,1.548,998.5,144.78167,27.94637
1789867336.627,4242,5.20179,0.63009,3.27760,1.551,1.548,998.5,144.81455,27.95270
1789867336.637,4243,5.19152,0.73274,3.80403,1.551,1.548,998.5,144.85272,27.96005
1789867336.647,4244,5.19152,0.62860,3.26339,1.550,1.548,998.5,144.88507,27.96628
1789867336.657,4245,5.16556,0.66572,3.43882,1.551,1.548,998.5,144.91917,27.97288
1789867336.667,4246,5.20179,0.63134,3.28410,1.552,1.549,998.5,144.95173,27.97914
1789867336.677,4247,5.20179,0.72726,3.78305,1.552,1.549,998.5,144.98924,27.98635
1789867336.687,4248,5.19089,0.63159,3.27851,1.552,1.549,998.5,145.02199,27.99266
1789867336.697,4249,5.17680,0.70808,3.66559,1.551,1.549,998.5,145.05861,27.99973
1789867336.707,4250,5.19089,0.62287,3.23325,1.552,1.549,998.5,145.09090,28.00595
1789867336.717,4251,5.19089,0.64429,3.34444,1.552,1.549,998.5,145.12431,28.01239
1789867336.727,4252,5.17430,0.63084,3.26416,1.551,1.548,998.5,145.15702,28.01871
1789867336.737,4253,5.19089,0.75093,3.89800,1.551,1.548,998.5,145.19609,28.02624
1789867336.747,4254,5.19089,0.63956,3.31989,1.551,1.548,998.5,145.22936,28.03265
1789867336.757,4255,5.19089,0.63483,3.29533,1.551,1.548,998.5,145.26239,28.03901
1789867336.767,4256,5.19081,0.62660,3.25256,1.552,1.548,998.5,145.29500,28.04529
1789867336.777,4257,5.20179,0.71406,3.71439,1.551,1.548,998.5,145.33225,28.05245
1789867336.787,4258,5.19081,0.62287,3.23320,1.551,1.548,998.5,145.36467,28.05870
1789867336.797,4259,5.19081,0.63034,3.27198,1.551,1.548,998.5,145.39747,28.06502
1789867336.807,4260,5.19081,0.63782,3.31080,1.551,1.548,998.5,145.43060,28.07140
1789867336.817,4261,5.05810,1.04268,5.27398,1.550,1.547,998.5,145.48336,28.08183
1789867336.827,4262,5.04310,1.13836,5.74086,1.550,1.547,998.5,145.54080,28.09322
1789867336.837,4263,5.20554,0.64180,3.34092,1.552,1.549,998.5,145.57422,28.09964
1789867336.847,4264,5.19081,0.65732,3.41202,1.552,1.550,998.5,145.60841,28.10623
1789867336.857,4265,5.19081,0.64728,3.35991,1.552,1.550,998.5,145.64208,28.11271
1789867336.867,4266,5.18800,0.65850,3.41630,1.553,1.550,998.5,145.67631,28.11931
1789867336.877,4267,5.18800,0.63433,3.29090,1.554,1.551,998.5,145.70929,28.12567
1789867336.887,4268,5.18800,0.67043,3.47819,1.555,1.552,998.5,145.74385,28.13233
1789867336.897,4269,5.20054,0.64081,3.33256,1.552,1.549,998.5,145.77696,28.13870
1789867336.907,4270,5.18800,0.68366,3.54683,1.552,1.549,998.5,145.81221,28.14549
1789867336.917,4271,5.19930,0.62934,3.27213,1.552,1.549,998.5,145.84472,28.15174
1789867336.927,4272,5.14931,0.68740,3.53964,1.551,1.548,998.5,145.88035,28.15866
1789867336.937,4273,5.18800,0.63483,3.29350,1.552,1.548,998.5,145.91349,28.16505
1789867336.947,4274,5.18800,0.67043,3.47819,1.551,1.548,998.5,145.94850,28.17180
1789867336.957,4275,5.19930,0.63906,3.32266,1.552,1.548,998.5,145.98194,28.17823
1789867336.967,4276,5.18816,0.65077,3.37630,1.552,1.549,998.5,146.01569,28.18474
1789867336.977,4277,5.18816,0.63258,3.28193,1.552,1.548,998.5,146.04849,28.19106
1789867336.987,4278,5.18816,0.67014,3.47679,1.552,1.549,998.5,146.08324,28.19776
1789867336.997,4279,5.18816,0.63283,3.28322,1.551,1.548,998.5,146.11605,28.20408
1789867337.007,4280,5.18816,0.67014,3.47679,1.551,1.548,998.5,146.15086,28.21079
1789867337.017,4281,5.19930,0.63358,3.29417,1.551,1.548,998.5,146.18384,28.21713
1789867337.027,4282,5.17805,0.82443,4.26894,1.551,1.548,998.5,146.22658,28.22539
1789867337.037,4283,5.18816,0.62835,3.25998,1.552,1.549,998.5,146.25921,28.23168
1789867337.047,4284,5.18816,0.68017,3.52883,1.552,1.548,998.5,146.29447,28.23847
1789867337.057,4285,5.18816,0.63483,3.29360,1.552,1.548,998.5,146.32738,28.24482
1789867337.067,4286,5.18804,0.68590,3.55848,1.552,1.549,998.5,146.36293,28.25167
1789867337.077,4287,5.19805,0.63009,3.27524,1.552,1.548,998.5,146.39566,28.25797
1789867337.087,4288,5.18804,0.67035,3.47780,1.552,1.549,998.5,146.43035,28.26465
1789867337.097,4289,5.19805,0.63508,3.30118,1.551,1.548,998.5,146.46329,28.27099
1789867337.107,4290,5.17306,0.67035,3.46776,1.551,1.548,998.5,146.49788,28.27768
1789867337.117,4291,5.18804,0.62810,3.25861,1.552,1.548,998.5,146.53039,28.28394
1789867337.127,4292,5.16556,0.68964,3.56238,1.551,1.548,998.5,146.56609,28.29085
1789867337.137,4293,5.19805,0.62835,3.26619,1.551,1.548,998.5,146.59883,28.29715
1789867337.147,4294,5.15931,0.67035,3.45854,1.551,1.548,998.5,146.63349,28.30387
1789867337.157,4295,5.19805,0.63881,3.32057,1.551,1.548,998.5,146.66677,28.31027
1789867337.167,4296,5.18792,0.68067,3.53126,1.551,1.548,998.5,146.70201,28.31706
1789867337.177,4297,5.18792,0.63034,3.27015,1.551,1.548,998.5,146.73464,28.32335
1789867337.187,4298,5.18792,0.72975,3.78588,1.551,1.548,998.5,146.77242,28.33064
1789867337.197,4299,5.18792,0.62411,3.23783,1.551,1.548,998.5,146.80473,28.33686
1789867337.207,4300,5.16931,0.67011,3.46401,1.551,1.548,998.5,146.83923,28.34354
1789867337.217,4301,5.18792,0.64105,3.32572,1.551,1.548,998.5,146.87236,28.34992
1789867337.227,4302,5.19805,0.76787,3.99143,1.552,1.548,998.5,146.91211,28.35757
1789867337.237,4303,5.18792,0.64105,3.32572,1.552,1.549,998.5,146.94524,28.36396
1789867337.247,4304,5.16306,0.69213,3.57351,1.552,1.549,998.5,146.98118,28.37092
1789867337.257,4305,5.18792,0.63483,3.29345,1.552,1.549,998.5,147.01430,28.37730
1789867337.267,4306,5.19930,0.67005,3.48379,1.552,1.550,998.5,147.04934,28.38404
1789867337.277,4307,5.18765,0.62536,3.24415,1.552,1.549,998.5,147.08196,28.39033
1789867337.287,4308,5.18765,0.73174,3.79601,1.552,1.550,998.5,147.11974,28.39761
1789867337.297,4309,5.18765,0.62685,3.25188,1.552,1.548,998.5,147.15210,28.40385
1789867337.307,4310,5.18765,0.63159,3.27647,1.552,1.549,998.5,147.18471,28.41014
1789867337.317,4311,5.18765,0.62685,3.25188,1.552,1.549,998.5,147.21707,28.41637
1789867337.327,4312,5.18765,0.73299,3.80250,1.551,1.548,998.5,147.25538,28.42376
1789867337.337,4313,5.18765,0.63881,3.31392,1.552,1.549,998.5,147.28877,28.43020
1789867337.347,4314,5.18765,0.67005,3.47598,1.550,1.548,998.5,147.32379,28.43695
1789867337.357,4315,5.18765,0.65949,3.42120,1.551,1.548,998.5,147.35827,28.44359
1789867337.367,4316,5.19805,0.67055,3.48555,1.551,1.548,998.5,147.39295,28.45027
1789867337.377,4317,5.18753,0.62237,3.22856,1.551,1.548,998.5,147.42508,28.45646
1789867337.387,4318,5.19805,0.63209,3.28564,1.552,1.549,998.5,147.45777,28.46275
1789867337.397,4319,5.18753,0.63956,3.31774,1.551,1.548,998.5,147.49079,28.46911
1789867337.407,4320,5.19805,0.62785,3.26360,1.551,1.548,998.5,147.52350,28.47541
1789867337.417,4321,5.18753,0.67055,3.47850,1.551,1.548,998.5,147.55837,28.48213
1789867337.427,4322,5.19930,0.63607,3.30712,1.552,1.548,998.5,147.59151,28.48850
1789867337.437,4323,5.17306,0.84087,4.34987,1.552,1.548,998.5,147.63511,28.49693
1789867337.447,4324,5.19805,0.63607,3.30632,1.551,1.548,998.5,147.66821,28.50330
1789867337.457,4325,5.18753,0.68515,3.55424,1.552,1.548,998.5,147.70379,28.51016
1789867337.467,4326,5.19930,0.62934,3.27213,1.552,1.549,998.5,147.73654,28.51646
1789867337.477,4327,5.18738,0.67140,3.48281,1.552,1.548,998.5,147.77140,28.52318
1789867337.487,4328,5.19805,0.63383,3.29468,1.552,1.548,998.5,147.80418,28.52948
1789867337.497,4329,5.18738,0.67140,3.48281,1.552,1.548,998.5,147.83882,28.53616
1789867337.507,4330,5.20054,0.63233,3.28846,1.552,1.548,998.5,147.87154,28.54245
1789867337.517,4331,5.18738,0.65027,3.37320,1.552,1.549,998.5,147.90509,28.54892
1789867337.527,4332,5.19805,0.63034,3.27654,1.552,1.548,998.5,147.93801,28.55525
1789867337.537,4333,5.16181,0.70060,3.61636,1.552,1.548,998.5,147.97435,28.56229
1789867337.547,4334,5.18738,0.62934,3.26463,1.552,1.548,998.5,148.00715,28.56862
1789867337.557,4335,5.18738,0.67140,3.48281,1.552,1.548,998.5,148.04214,28.57536
1789867337.567,4336,5.19805,0.63532,3.30243,1.552,1.548,998.5,148.07510,28.58170
1789867337.577,4337,5.18726,0.67112,3.48127,1.551,1.548,998.5,148.10984,28.58840
1789867337.587,4338,5.19805,0.62934,3.27134,1.551,1.548,998.5,148.14248,28.59468
1789867337.597,4339,5.18726,0.68316,3.54373,1.551,1.548,998.5,148.17784,28.60150
1789867337.607,4340,5.19805,0.62660,3.25710,1.551,1.548,998.5,148.21031,28.60774
1789867337.617,4341,5.18726,0.67112,3.48127,1.551,1.548,998.5,148.24502,28.61443
1789867337.627,4342,5.18726,0.63433,3.29043,1.551,1.548,998.5,148.27782,28.62076
1789867337.637,4343,5.18726,0.70409,3.65230,1.551,1.548,998.5,148.31423,28.62777
1789867337.647,4344,5.18726,0.63707,3.30465,1.551,1.548,998.5,148.34744,28.63418
1789867337.657,4345,5.18726,0.68615,3.55924,1.552,1.548,998.5,148.38321,28.64107
1789867337.667,4346,5.19805,0.63632,3.30762,1.552,1.548,998.5,148.41646,28.64747
1789867337.677,4347,5.18730,0.68391,3.54765,1.552,1.548,998.5,148.45211,28.65434
1789867337.687,4348,5.19805,0.62885,3.26879,1.553,1.550,998.5,148.48474,28.66062
1789867337.697,4349,5.18730,0.67032,3.47715,1.552,1.550,998.5,148.51945,28.66731
1789867337.707,4350,5.18730,0.62685,3.25166,1.552,1.550,998.5,148.55190,28.67357
1789867337.717,4351,5.18730,0.67032,3.47715,1.552,1.550,998.5,148.58661,28.68026
1789867337.727,4352,5.18730,0.64155,3.32791,1.552,1.549,998.5,148.61997,28.68669
1789867337.737,4353,5.18730,0.72502,3.76090,1.552,1.549,998.5,148.65766,28.69395
1789867337.747,4354,5.18730,0.64728,3.35764,1.551,1.548,998.5,148.69131,28.70044
1789867337.757,4355,5.18730,0.68291,3.54246,1.551,1.548,998.5,148.72682,28.70729
1789867337.767,4356,5.18738,0.63283,3.28273,1.552,1.548,998.5,148.75968,28.71362
1789867337.777,4357,5.18738,0.74395,3.85915,1.551,1.548,998.5,148.79830,28.72107
1789867337.787,4358,5.18738,0.62436,3.23879,1.551,1.548,998.5,148.83072,28.72732
1789867337.797,4359,5.18738,0.69263,3.59294,1.551,1.549,998.5,148.86668,28.73425
1789867337.807,4360,5.18738,0.63831,3.31116,1.551,1.548,998.5,148.89966,28.74061
1789867337.817,4361,5.16931,0.67043,3.46566,1.551,1.548,998.5,148.93418,28.74728
1789867337.827,4362,5.19930,0.63209,3.28643,1.551,1.548,998.5,148.96692,28.75358
1789867337.837,4363,5.18738,0.74096,3.84364,1.552,1.548,998.5,149.00520,28.76096
1789867337.847,4364,5.18738,0.62835,3.25949,1.552,1.548,998.5,149.03787,28.76726
1789867337.857,4365,5.16556,0.63209,3.26510,1.552,1.548,998.5,149.07060,28.77359
1789867337.867,4366,5.18999,0.63582,3.29990,1.552,1.549,998.5,149.10367,28.77997
1789867337.877,4367,5.17680,0.72950,3.77648,1.552,1.549,998.5,149.14152,28.78728
1789867337.887,4368,5.18999,0.63408,3.29087,1.552,1.549,998.5,149.17434,28.79360
1789867337.897,4369,5.18999,0.63582,3.29990,1.552,1.549,998.5,149.20724,28.79994
1789867337.907,4370,5.18999,0.63109,3.27535,1.552,1.549,998.5,149.23991,28.80623
1789867337.917,4371,5.16306,0.67021,3.46033,1.552,1.549,998.5,149.27441,28.81292
1789867337.927,4372,5.18999,0.62835,3.26113,1.552,1.548,998.5,149.30704,28.81920
1789867337.937,4373,5.18999,0.62660,3.25205,1.552,1.549,998.5,149.33958,28.82547
1789867337.947,4374,5.18999,0.63856,3.31412,1.552,1.549,998.5,149.37273,28.83186
1789867337.957,4375,5.14557,0.86055,4.42802,1.551,1.548,998.5,149.41703,28.84047
1789867337.967,4376,5.18972,0.63632,3.30232,1.552,1.549,998.5,149.45013,28.84685
1789867337.977,4377,5.18972,0.64355,3.33984,1.552,1.549,998.5,149.48360,28.85330
1789867337.987,4378,5.18972,0.63159,3.27778,1.552,1.548,998.5,149.51645,28.85963
1789867337.997,4379,5.18972,0.63632,3.30232,1.552,1.549,998.5,149.54955,28.86601
1789867338.007,4380,5.18972,0.62934,3.26610,1.552,1.549,998.5,149.58215,28.87229
1789867338.017,4381,5.18972,0.62735,3.25577,1.552,1.550,998.5,149.61464,28.87855
1789867338.027,4382,5.18972,0.62536,3.24544,1.551,1.548,998.5,149.64703,28.88479
1789867338.037,4383,5.20304,0.64006,3.33026,1.551,1.548,998.5,149.68027,28.89118
1789867338.047,4384,5.18972,0.64753,3.36050,1.551,1.548,998.5,149.71405,28.89769
1789867338.057,4385,5.20054,0.64230,3.34031,1.551,1.548,998.5,149.74762,28.90414
1789867338.067,4386,5.19007,0.64504,3.34780,1.551,1.548,998.5,149.78127,28.91063
1789867338.077,4387,5.19007,0.64130,3.32839,1.551,1.548,998.5,149.81473,28.91707
1789867338.087,4388,5.19007,0.62810,3.25988,1.552,1.549,998.5,149.84712,28.92331
1789867338.097,4389,5.19007,0.62934,3.26632,1.552,1.549,998.5,149.87958,28.92957
1789867338.107,4390,5.19007,0.65758,3.41289,1.552,1.549,998.5,149.91349,28.93610
1789867338.117,4391,5.20054,0.63308,3.29236,1.552,1.548,998.5,149.94620,28.94239
1789867338.127,4392,5.17805,0.71356,3.69485,1.552,1.548,998.5,149.98324,28.94954
1789867338.137,4393,5.19007,0.67245,3.49006,1.552,1.548,998.5,150.01822,28.95628
1789867338.147,4394,5.19007,0.72452,3.76031,1.550,1.548,998.5,150.05591,28.96355
1789867338.157,4395,5.15181,0.83689,4.31150,1.551,1.548,998.5,150.09913,28.97194
1789867338.167,4396,5.17805,0.72203,3.73871,1.551,1.548,998.5,150.13654,28.97916
1789867338.177,4397,5.18968,0.67070,3.48072,1.550,1.548,998.5,150.17137,28.98587
1789867338.187,4398,5.17680,0.70957,3.67330,1.550,1.548,998.5,150.20813,28.99297
1789867338.197,4399,5.18968,0.65938,3.42197,1.550,1.548,998.5,150.24238,28.99957
1789867338.207,4400,5.18968,0.67793,3.51824,1.550,1.548,998.5,150.27747,29.00633
1789867338.217,4401,5.18968,0.63557,3.29840,1.551,1.548,998.5,150.31037,29.01267
1789867338.227,4402,5.18968,0.67743,3.51564,1.551,1.548,998.5,150.34544,29.01943
1789867338.237,4403,5.18968,0.63508,3.29586,1.551,1.548,998.5,150.37831,29.02577
1789867338.247,4404,5.18968,0.67220,3.48850,1.552,1.548,998.5,150.41330,29.03251
1789867338.257,4405,5.15556,0.75566,3.89585,1.552,1.548,998.5,150.45237,29.04008
1789867338.267,4406,5.17430,0.68466,3.54264,1.552,1.549,998.5,150.48789,29.04695
1789867338.277,4407,5.18898,0.63084,3.27342,1.552,1.548,998.5,150.52072,29.05328
1789867338.287,4408,5.18898,0.71754,3.72330,1.551,1.548,998.5,150.55782,29.06043
1789867338.297,4409,5.19930,0.63383,3.29547,1.551,1.548,998.5,150.59065,29.06674
1789867338.307,4410,5.18898,0.67718,3.51387,1.552,1.548,998.5,150.62566,29.07349
1789867338.317,4411,5.19930,0.63308,3.29157,1.552,1.548,998.5,150.65846,29.07980
1789867338.327,4412,5.18898,0.75367,3.91078,1.551,1.548,998.5,150.69771,29.08736
1789867338.337,4413,5.18898,0.62635,3.25012,1.552,1.548,998.5,150.73032,29.09365
1789867338.347,4414,5.18898,0.67793,3.51777,1.552,1.548,998.5,150.76562,29.10045
1789867338.357,4415,5.18898,0.64230,3.33288,1.552,1.548,998.5,150.79907,29.10689
1789867338.367,4416,5.17430,0.70534,3.64964,1.551,1.548,998.5,150.83556,29.11395
1789867338.377,4417,5.18882,0.66254,3.43780,1.551,1.548,998.5,150.86992,29.12057
1789867338.387,4418,5.18882,0.73224,3.79946,1.551,1.548,998.5,150.90791,29.12789
1789867338.397,4419,5.18882,0.63458,3.29272,1.551,1.548,998.5,150.94082,29.13423
1789867338.407,4420,5.17181,0.63732,3.29610,1.551,1.548,998.5,150.97369,29.14059
1789867338.417,4421,5.19930,0.63109,3.28123,1.551,1.548,998.5,151.00641,29.14688
1789867338.427,4422,5.17805,0.73125,3.78645,1.551,1.548,998.5,151.04416,29.15417
1789867338.437,4423,5.18882,0.62810,3.25910,1.551,1.548,998.5,151.07666,29.16043
1789867338.447,4424,5.18882,0.63059,3.27202,1.551,1.548,998.5,151.10945,29.16675
1789867338.457,4425,5.18882,0.64629,3.35348,1.551,1.548,998.5,151.14307,29.17323
1789867338.467,4426,5.18910,0.67868,3.52174,1.551,1.548,998.5,151.17837,29.18004
1789867338.477,4427,5.20054,0.66268,3.44629,1.551,1.548,998.5,151.21291,29.18668
1789867338.487,4428,5.18910,0.63308,3.28512,1.551,1.548,998.5,151.24567,29.19299
1789867338.497,4429,5.19930,0.62660,3.25788,1.551,1.548,998.5,151.27816,29.19924
1789867338.507,4430,5.17306,0.62984,3.25820,1.552,1.548,998.5,151.31066,29.20552
1789867338.517,4431,5.18910,0.63059,3.27219,1.552,1.549,998.5,151.34329,29.21181
1789867338.527,4432,5.19930,0.62934,3.27213,1.552,1.548,998.5,151.37605,29.21811
1789867338.537,4433,5.20054,0.63757,3.31571,1.552,1.548,998.5,151.40926,29.22450
1789867338.547,4434,5.18910,0.63233,3.28122,1.552,1.548,998.5,151.44211,29.23083
1789867338.557,4435,5.19930,0.63184,3.28513,1.552,1.548,998.5,151.47501,29.23716
1789867338.567,4436,5.18914,0.63607,3.30066,1.552,1.548,998.5,151.50807,29.24353
1789867338.577,4437,5.18914,0.63458,3.29292,1.551,1.548,998.5,151.54106,29.24988
1789867338.587,4438,5.18914,0.63233,3.28125,1.552,1.548,998.5,151.57393,29.25622
1789867338.597,4439,5.18914,0.63233,3.28125,1.552,1.548,998.5,151.60681,29.26255
1789867338.607,4440,5.19930,0.62586,3.25403,1.551,1.548,998.5,151.63936,29.26881
1789867338.617,4441,5.18914,0.63931,3.31747,1.551,1.548,998.5,151.67254,29.27521
1789867338.627,4442,5.20304,0.63209,3.28879,1.551,1.548,998.5,151.70544,29.28153
1789867338.637,4443,5.18914,0.63109,3.27481,1.552,1.549,998.5,151.73819,29.28784
1789867338.647,4444,5.19930,0.63258,3.28897,1.552,1.548,998.5,151.77108,29.29417
1789867338.657,4445,5.18914,0.66271,3.43889,1.551,1.548,998.5,151.80546,29.30080
1789867338.667,4446,5.18914,0.63034,3.27092,1.551,1.548,998.5,151.83817,29.30710
1789867338.677,4447,5.18914,0.67419,3.49847,1.552,1.548,998.5,151.87315,29.31384
1789867338.687,4448,5.19930,0.63233,3.28767,1.552,1.548,998.5,151.90602,29.32016
1789867338.697,4449,5.18914,0.68590,3.55923,1.551,1.548,998.5,151.94161,29.32702
1789867338.707,4450,5.19930,0.63383,3.29547,1.551,1.548,998.5,151.97456,29.33336
1789867338.717,4451,5.18914,0.67893,3.52306,1.552,1.549,998.5,152.00979,29.34015
1789867338.727,4452,5.18914,0.62561,3.24638,1.551,1.548,998.5,152.04229,29.34641
1789867338.737,4453,5.18914,0.64753,3.36012,1.550,1.548,998.5,152.07593,29.35289
1789867338.747,4454,5.19930,0.62411,3.24494,1.550,1.548,998.5,152.10842,29.35914
1789867338.757,4455,5.18914,0.67444,3.49976,1.550,1.548,998.5,152.14346,29.36589
1789867338.767,4456,5.18917,0.70359,3.65105,1.551,1.548,998.5,152.17988,29.37291
1789867338.777,4457,5.18917,0.66276,3.43917,1.551,1.548,998.5,152.21418,29.37952
1789867338.787,4458,5.18917,0.63408,3.29035,1.551,1.548,998.5,152.24699,29.38585
1789867338.797,4459,5.18917,0.69338,3.59807,1.551,1.548,998.5,152.28288,29.39276
1789867338.807,4460,5.20054,0.63059,3.27941,1.551,1.548,998.5,152.31570,29.39907
1789867338.817,4461,5.18917,0.67319,3.49330,1.551,1.548,998.5,152.35067,29.40581
1789867338.827,4462,5.18917,0.62810,3.25932,1.550,1.548,998.5,152.38330,29.41210
1789867338.837,4463,5.18917,0.67569,3.50627,1.550,1.548,998.5,152.41840,29.41886
1789867338.847,4464,5.18917,0.62536,3.24510,1.550,1.548,998.5,152.45084,29.42511
1789867338.857,4465,5.18917,0.69960,3.63034,1.551,1.548,998.5,152.48713,29.43211
1789867338.867,4466,5.19930,0.63109,3.28123,1.551,1.548,998.5,152.51993,29.43842
1789867338.877,4467,5.15431,0.83913,4.32514,1.550,1.548,998.5,152.56316,29.44681
1789867338.887,4468,5.19930,0.63906,3.32266,1.552,1.549,998.5,152.59655,29.45323
1789867338.897,4469,5.18925,0.68216,3.53990,1.552,1.549,998.5,152.63211,29.46008
1789867338.907,4470,5.18925,0.62760,3.25677,1.552,1.549,998.5,152.66483,29.46638
1789867338.917,4471,5.17430,0.67444,3.48975,1.552,1.549,998.5,152.69989,29.47316
1789867338.927,4472,5.19930,0.62561,3.25273,1.552,1.549,998.5,152.73228,29.47939
1789867338.937,4473,5.18925,0.68017,3.52957,1.552,1.549,998.5,152.76742,29.48616
1789867338.947,4474,5.20179,0.63408,3.29835,1.550,1.548,998.5,152.80025,29.49247
1789867338.957,4475,5.17056,0.69238,3.57999,1.550,1.548,998.5,152.83590,29.49937
1789867338.967,4476,5.18914,0.63881,3.31487,1.550,1.548,998.5,152.86893,29.50573
1789867338.977,4477,5.18914,0.68366,3.54761,1.550,1.548,998.5,152.90429,29.51255
1789867338.987,4478,5.18914,0.62660,3.25152,1.550,1.548,998.5,152.93669,29.51879
1789867338.997,4479,5.18914,0.74121,3.84624,1.550,1.548,998.5,152.97502,29.52618
1789867339.007,4480,5.18914,0.62660,3.25152,1.551,1.548,998.5,153.00766,29.53247
1789867339.017,4481,5.16431,0.66373,3.42771,1.551,1.548,998.5,153.04207,29.53913
1789867339.027,4482,5.18914,0.63483,3.29422,1.551,1.548,998.5,153.07513,29.54550
1789867339.037,4483,5.19930,0.73125,3.80199,1.551,1.548,998.5,153.11330,29.55284
1789867339.047,4484,5.18914,0.62984,3.26833,1.551,1.548,998.5,153.14600,29.55914
1789867339.057,4485,5.17306,0.69612,3.60107,1.551,1.548,998.5,153.18203,29.56611
1789867339.067,4486,5.18937,0.62760,3.25685,1.552,1.548,998.5,153.21461,29.57239
1789867339.077,4487,5.13057,0.79976,4.10322,1.551,1.548,998.5,153.25567,29.58039
1789867339.087,4488,5.18937,0.63707,3.30599,1.552,1.548,998.5,153.28859,29.58673
1789867339.097,4489,5.18937,0.74794,3.88134,1.552,1.548,998.5,153.32724,29.59418
1789867339.107,4490,5.18937,0.63134,3.27626,1.552,1.548,998.5,153.35986,29.60047
1789867339.117,4491,5.18937,0.62860,3.26204,1.552,1.549,998.5,153.39234,29.60673
1789867339.127,4492,5.18937,0.63084,3.27366,1.552,1.549,998.5,153.42522,29.61306
1789867339.137,4493,5.18937,0.63209,3.28015,1.552,1.549,998.5,153.45817,29.61941
1789867339.147,4494,5.18937,0.62710,3.25425,1.552,1.548,998.5,153.49085,29.62571
1789867339.157,4495,5.18937,0.62411,3.23874,1.552,1.548,998.5,153.52338,29.63198
1789867339.167,4496,5.18941,0.62436,3.24006,1.551,1.548,998.5,153.55570,29.63821
1789867339.177,4497,5.16056,0.63757,3.29022,1.551,1.548,998.5,153.58853,29.64457
1789867339.187,4498,5.18941,0.63682,3.30472,1.551,1.548,998.5,153.62150,29.65092
1789867339.197,4499,5.18941,0.63881,3.31505,1.552,1.548,998.5,153.65457,29.65729
1789867339.207,4500,5.18941,0.66313,3.44125,1.552,1.548,998.5,153.68881,29.66389
1789867339.217,4501,5.18941,0.62885,3.26336,1.552,1.549,998.5,153.72127,29.67015
1789867339.227,4502,5.18941,0.65027,3.37452,1.552,1.549,998.5,153.75484,29.67662
1789867339.237,4503,5.18941,0.62685,3.25298,1.552,1.549,998.5,153.78720,29.68285
1789867339.247,4504,5.18941,0.67893,3.52325,1.552,1.549,998.5,153.82269,29.68969
1789867339.257,4505,5.18941,0.66313,3.44125,1.551,1.548,998.5,153.85734,29.69637
1789867339.267,4506,5.19015,0.68490,3.55473,1.552,1.548,998.5,153.89314,29.70327
1789867339.277,4507,5.19015,0.64579,3.35175,1.551,1.548,998.5,153.92690,29.70977
1789867339.287,4508,5.19015,0.65963,3.42358,1.552,1.548,998.5,153.96097,29.71633
1789867339.297,4509,5.19015,0.63682,3.30519,1.552,1.548,998.5,153.99386,29.72267
1789867339.307,4510,5.19015,0.67618,3.50948,1.551,1.548,998.5,154.02879,29.72940
1789867339.317,4511,5.19015,0.62835,3.26123,1.552,1.549,998.5,154.06124,29.73565
1789867339.327,4512,5.19015,0.65963,3.42358,1.552,1.548,998.5,154.09570,29.74229
1789867339.337,4513,5.19015,0.62312,3.23409,1.552,1.549,998.5,154.12825,29.74856
1789867339.347,4514,5.19015,0.67369,3.49655,1.551,1.548,998.5,154.16344,29.75535
1789867339.357,4515,5.19015,0.63308,3.28578,1.551,1.548,998.5,154.19651,29.76172
1789867339.367,4516,5.19035,0.67369,3.49669,1.552,1.548,998.5,154.23133,29.76842
1789867339.377,4517,5.19035,0.64255,3.33506,1.551,1.548,998.5,154.26453,29.77482
1789867339.387,4518,5.14931,0.83763,4.31322,1.550,1.548,998.5,154.30748,29.78316
1789867339.397,4519,5.19035,0.62586,3.24843,1.551,1.548,998.5,154.33982,29.78939
1789867339.407,4520,5.19035,0.67917,3.52513,1.550,1.548,998.5,154.37509,29.79619
1789867339.417,4521,5.19035,0.63009,3.27039,1.550,1.548,998.5,154.40782,29.80250
1789867339.427,4522,5.19035,0.68042,3.53162,1.550,1.547,998.5,154.44316,29.80930
1789867339.437,4523,5.19035,0.63408,3.29110,1.551,1.548,998.5,154.47609,29.81565
1789867339.447,4524,5.19035,0.67893,3.52388,1.551,1.548,998.5,154.51137,29.82244
1789867339.457,4525,5.19035,0.62536,3.24584,1.551,1.548,998.5,154.54386,29.82870
1789867339.467,4526,5.17555,0.66996,3.46741,1.551,1.548,998.5,154.57856,29.83541
1789867339.477,4527,5.19038,0.64230,3.33378,1.551,1.548,998.5,154.61193,29.84184
1789867339.487,4528,5.19038,0.67693,3.51352,1.551,1.548,998.5,154.64696,29.84859
1789867339.497,4529,5.19038,0.63632,3.30274,1.551,1.548,998.5,154.67989,29.85493
1789867339.507,4530,5.16431,0.68789,3.55248,1.551,1.548,998.5,154.71530,29.86179
1789867339.517,4531,5.19038,0.62984,3.26911,1.551,1.548,998.5,154.74789,29.86807
1789867339.527,4532,5.19038,0.67917,3.52515,1.551,1.548,998.5,154.78329,29.87489
1789867339.537,4533,5.19038,0.62760,3.25748,1.552,1.549,998.5,154.81600,29.88119
1789867339.547,4534,5.19038,0.72925,3.78508,1.551,1.548,998.5,154.85401,29.88851
1789867339.557,4535,5.19038,0.63059,3.27300,1.551,1.548,998.5,154.88687,29.89485
1789867339.567,4536,5.16806,0.67643,3.49583,1.551,1.548,998.5,154.92181,29.90161
1789867339.577,4537,5.19058,0.64529,3.34943,1.550,1.548,998.5,154.95528,29.90805
1789867339.587,4538,5.16556,0.76139,3.93301,1.551,1.548,998.5,154.99458,29.91566
1789867339.597,4539,5.19058,0.63732,3.30806,1.550,1.548,998.5,155.02764,29.92203
1789867339.607,4540,5.16556,0.69138,3.57136,1.551,1.548,998.5,155.06326,29.92893
1789867339.617,4541,5.19058,0.63358,3.28865,1.551,1.548,998.5,155.09605,29.93524
1789867339.627,4542,5.19058,0.65832,3.41706,1.550,1.547,998.5,155.13013,29.94181
1789867339.637,4543,5.19058,0.62137,3.22527,1.550,1.548,998.5,155.16230,29.94801
1789867339.647,4544,5.19058,0.74495,3.86672,1.550,1.548,998.5,155.20134,29.95553
1789867339.657,4545,5.19058,0.62536,3.24598,1.550,1.548,998.5,155.23411,29.96184
1789867339.667,4546,5.19042,0.62735,3.25621,1.550,1.548,998.5,155.26699,29.96818
1789867339.677,4547,5.19042,0.63806,3.31180,1.550,1.548,998.5,155.30043,29.97462
1789867339.687,4548,5.19042,0.75516,3.91960,1.551,1.548,998.5,155.33917,29.98208
1789867339.697,4549,5.19042,0.62860,3.26270,1.551,1.548,998.5,155.37142,29.98830
1789867339.707,4550,5.19042,0.63333,3.28725,1.551,1.548,998.5,155.40391,29.99456
1789867339.717,4551,5.19042,0.63184,3.27951,1.551,1.548,998.5,155.43632,30.00080
1789867339.727,4552,5.19042,0.65835,3.41711,1.551,1.548,998.5,155.47064,30.00741
1789867339.737,4553,5.19042,0.63233,3.28206,1.551,1.548,998.5,155.50360,30.01376
1789867339.747,4554,5.19042,0.63632,3.30277,1.551,1.548,998.5,155.53676,30.02015
1789867339.757,4555,5.19042,0.64006,3.32218,1.551,1.548,998.5,155.57013,30.02658
1789867339.767,4556,5.19038,0.62785,3.25878,1.552,1.548,998.5,155.60274,30.03286
1789867339.777,4557,5.19038,0.65822,3.41641,1.551,1.548,998.5,155.63693,30.03945
1789867339.787,4558,5.19038,0.62586,3.24845,1.552,1.548,998.5,155.66945,30.04572
1789867339.797,4559,5.19038,0.69238,3.59372,1.552,1.548,998.5,155.70541,30.05264
1789867339.807,4560,5.19038,0.63931,3.31826,1.551,1.548,998.5,155.73852,30.05902
1789867339.817,4561,5.19038,0.68665,3.56397,1.551,1.548,998.5,155.77408,30.06587
1789867339.827,4562,5.20179,0.63308,3.29315,1.551,1.548,998.5,155.80693,30.07219
1789867339.837,4563,5.19038,0.65822,3.41641,1.551,1.548,998.5,155.84101,30.07876
1789867339.847,4564,5.20054,0.62536,3.25221,1.551,1.548,998.5,155.87357,30.08502
1789867339.857,4565,5.19038,0.67544,3.50579,1.551,1.548,998.5,155.90867,30.09178
1789867339.867,4566,5.19035,0.62710,3.25487,1.552,1.548,998.5,155.94126,30.09806
1789867339.877,4567,5.19035,0.64778,3.36220,1.551,1.548,998.5,155.97492,30.10454
1789867339.887,4568,5.20054,0.63209,3.28721,1.552,1.548,998.5,156.00762,30.11083
1789867339.897,4569,5.14307,0.83439,4.29133,1.552,1.548,998.5,156.05032,30.11913
1789867339.907,4570,5.19035,0.63508,3.29629,1.552,1.549,998.5,156.08312,30.12545
1789867339.917,4571,5.19035,0.68366,3.54843,1.552,1.549,998.5,156.11842,30.13225
1789867339.927,4572,5.19035,0.62436,3.24065,1.552,1.548,998.5,156.15089,30.13851
1789867339.937,4573,5.19035,0.67145,3.48506,1.552,1.549,998.5,156.18581,30.14524
1789867339.947,4574,5.19035,0.63109,3.27558,1.551,1.549,998.5,156.21863,30.15156
1789867339.957,4575,5.19035,0.67668,3.51221,1.552,1.549,998.5,156.25383,30.15834
1789867339.967,4576,5.20054,0.62910,3.27166,1.552,1.549,998.5,156.28656,30.16464
1789867339.977,4577,5.19046,0.68789,3.57047,1.552,1.549,998.5,156.32228,30.17152
1789867339.987,4578,5.19046,0.63682,3.30539,1.552,1.549,998.5,156.35534,30.17789
1789867339.997,4579,5.16306,0.68864,3.55549,1.552,1.549,998.5,156.39091,30.18478
1789867340.007,4580,5.19046,0.63657,3.30409,1.552,1.549,998.5,156.42396,30.19114
1789867340.017,4581,5.19046,0.67893,3.52396,1.552,1.549,998.5,156.45921,30.19793
1789867340.027,4582,5.19046,0.62237,3.23039,1.551,1.548,998.5,156.49152,30.20416
1789867340.037,4583,5.19046,0.68540,3.55754,1.551,1.549,998.5,156.52710,30.21101
1789867340.047,4584,5.19046,0.62885,3.26402,1.551,1.548,998.5,156.55978,30.21731
1789867340.057,4585,5.19046,0.67469,3.50195,1.551,1.548,998.5,156.59484,30.22407
1789867340.067,4586,5.19035,0.63657,3.30402,1.552,1.549,998.5,156.62792,30.23044
1789867340.077,4587,5.19035,0.69412,3.60273,1.551,1.548,998.5,156.66399,30.23739
1789867340.087,4588,5.19035,0.63059,3.27298,1.552,1.549,998.5,156.69674,30.24370
1789867340.097,4589,5.19035,0.70608,3.66480,1.552,1.549,998.5,156.73340,30.25076
1789867340.107,4590,5.19035,0.63483,3.29499,1.552,1.549,998.5,156.76637,30.25711
1789867340.117,4591,5.19035,0.68416,3.55103,1.552,1.549,998.5,156.80190,30.26396
1789867340.127,4592,5.19035,0.64504,3.34798,1.551,1.548,998.5,156.83536,30.27041
1789867340.137,4593,5.19035,0.75168,3.90148,1.551,1.548,998.5,156.87435,30.27792
1789867340.147,4594,5.19035,0.62785,3.25876,1.550,1.548,998.5,156.90692,30.28419
1789867340.157,4595,5.16681,0.68939,3.56195,1.549,1.548,998.5,156.94252,30.29108
1789867340.167,4596,5.19054,0.62860,3.26277,1.550,1.548,998.5,156.97515,30.29737
1789867340.177,4597,5.19054,0.65721,3.41127,1.550,1.548,998.5,157.00926,30.30394
1789867340.187,4598,5.19054,0.62536,3.24596,1.551,1.548,998.5,157.04171,30.31019
1789867340.197,4599,5.17555,0.74620,3.86200,1.551,1.548,998.5,157.08033,30.31766
1789867340.207,4600,5.19054,0.63283,3.28473,1.551,1.548,998.5,157.11302,30.32395
1789867340.217,4601,5.19054,0.64554,3.35070,1.551,1.548,998.5,157.14637,30.33038
1789867340.227,4602,5.19054,0.63557,3.29895,1.551,1.548,998.5,157.17920,30.33670
1789867340.237,4603,5.20179,0.74271,3.86342,1.552,1.549,998.5,157.21765,30.34409
1789867340.247,4604,5.19054,0.62810,3.26018,1.552,1.549,998.5,157.25041,30.35041
1789867340.257,4605,5.19054,0.63557,3.29895,1.552,1.549,998.5,157.28355,30.35679
1789867340.267,4606,5.19066,0.62760,3.25766,1.552,1.549,998.5,157.31629,30.36310
1789867340.277,4607,5.19066,0.65782,3.41452,1.552,1.549,998.5,157.35060,30.36971
1789867340.288,4608,5.19066,0.62586,3.24863,1.552,1.549,998.5,157.38511,30.37636
1789867340.298,4609,5.19066,0.64105,3.32747,1.552,1.549,998.5,157.42046,30.38317
1789867340.309,4610,5.17555,0.63931,3.30878,1.552,1.549,998.5,157.45561,30.38996
1789867340.319,4611,5.19066,0.64031,3.32363,1.552,1.549,998.5,157.49092,30.39676
1789867340.329,4612,5.19066,0.65782,3.41452,1.552,1.548,998.5,157.52285,30.40291
1789867340.338,4613,5.19066,0.63632,3.30292,1.552,1.549,998.5,157.55374,30.40886
1789867340.347,4614,5.19066,0.66996,3.47753,1.552,1.548,998.5,157.58626,30.41513
1789867340.357,4615,5.19066,0.63632,3.30292,1.551,1.548,998.5,157.61714,30.42108
1789867340.367,4616,5.19046,0.68167,3.53818,1.551,1.548,998.5,157.65256,30.42790
1789867340.377,4617,5.19046,0.62934,3.26656,1.551,1.548,998.5,157.68525,30.43420
1789867340.387,4618,5.19046,0.67444,3.50065,1.551,1.549,998.5,157.72029,30.44095
1789867340.397,4619,5.19046,0.63383,3.28987,1.551,1.548,998.5,157.75322,30.44730
1789867340.407,4620,5.19046,0.67917,3.52520,1.551,1.548,998.5,157.78840,30.45407
1789867340.417,4621,5.19046,0.63682,3.30539,1.551,1.548,998.5,157.82139,30.46043
1789867340.427,4622,5.19046,0.65744,3.41242,1.551,1.548,998.5,157.85545,30.46699
1789867340.437,4623,5.19046,0.63682,3.30539,1.551,1.548,998.5,157.88844,30.47335
1789867340.447,4624,5.19046,0.67793,3.51877,1.551,1.548,998.5,157.92365,30.48013
1789867340.457,4625,5.19046,0.63134,3.27695,1.551,1.548,998.5,157.95645,30.48645
1789867340.467,4626,5.19058,0.67419,3.49944,1.552,1.548,998.5,157.99147,30.49320
1789867340.477,4627,5.19058,0.63209,3.28091,1.551,1.548,998.5,158.02430,30.49952
1789867340.487,4628,5.19058,0.66996,3.47748,1.551,1.548,998.5,158.05913,30.50623
1789867340.497,4629,5.19058,0.62386,3.23820,1.551,1.548,998.5,158.09156,30.51248
1789867340.507,4630,5.19058,0.78980,4.09952,1.551,1.548,998.5,158.13262,30.52039
1789867340.517,4631,5.19058,0.63707,3.30676,1.551,1.548,998.5,158.16573,30.52677
1789867340.527,4632,5.19058,0.68615,3.56152,1.550,1.548,998.5,158.20134,30.53363
1789867340.537,4633,5.19058,0.64130,3.32872,1.551,1.548,998.5,158.23461,30.54004
1789867340.547,4634,5.19058,0.67319,3.49425,1.551,1.548,998.5,158.26954,30.54677
1789867340.557,4635,5.19058,0.62860,3.26280,1.551,1.548,998.5,158.30216,30.55305
1789867340.567,4636,5.19062,0.67768,3.51758,1.550,1.548,998.5,158.33745,30.55985
1789867340.577,4637,5.19062,0.62934,3.26666,1.550,1.548,998.5,158.37023,30.56617
1789867340.587,4638,5.19062,0.67494,3.50336,1.551,1.548,998.5,158.40538,30.57294
1789867340.597,4639,5.19062,0.65682,3.40930,1.550,1.548,998.5,158.43959,30.57953
1789867340.607,4640,5.19062,0.61265,3.18003,1.550,1.548,998.5,158.47133,30.58564
1789867340.617,4641,5.19062,0.64629,3.35465,1.550,1.548,998.5,158.50480,30.59209
1789867340.627,4642,5.20304,0.60044,3.12411,1.551,1.548,998.5,158.53598,30.59808
1789867340.637,4643,5.19062,0.62187,3.22789,1.551,1.548,998.5,158.56819,30.60429
1789867340.647,4644,5.20554,0.58624,3.05170,1.551,1.548,998.5,158.59878,30.61017
1789867340.657,4645,5.20804,0.58973,3.07134,1.552,1.548,998.5,158.62956,30.61608
1789867340.667,4646,5.19132,0.61116,3.17273,1.552,1.549,998.5,158.66136,30.62220
1789867340.677,4647,5.20804,0.58923,3.06873,1.552,1.549,998.5,158.69212,30.62811
1789867340.687,4648,5.19132,0.61415,3.18825,1.551,1.548,998.5,158.72387,30.63422
1789867340.697,4649,5.20679,0.59646,3.10564,1.551,1.548,998.5,158.75478,30.64016
1789867340.707,4650,5.20429,0.59671,3.10545,1.551,1.548,998.5,158.78570,30.64610
1789867340.717,4651,5.19132,0.62735,3.25677,1.551,1.548,998.5,158.81813,30.65235
1789867340.727,4652,5.20304,0.59347,3.08785,1.550,1.548,998.5,158.84905,30.65829
1789867340.737,4653,5.19132,0.61340,3.18436,1.551,1.548,998.5,158.88094,30.66444
1789867340.747,4654,5.20804,0.58973,3.07134,1.551,1.548,998.5,158.91170,30.67034
1789867340.757,4655,5.20554,0.59272,3.08543,1.550,1.548,998.5,158.94260,30.67628
1789867340.767,4656,5.19245,0.61639,3.20057,1.550,1.548,998.5,158.97454,30.68243
1789867340.777,4657,5.20804,0.59621,3.10509,1.550,1.548,998.5,159.00552,30.68838
1789867340.787,4658,5.19245,0.62262,3.23292,1.550,1.548,998.5,159.03777,30.69459
1789867340.797,4659,5.20929,0.58774,3.06171,1.550,1.548,998.5,159.06832,30.70045
1789867340.807,4660,5.20554,0.58923,3.06726,1.550,1.548,998.5,159.09902,30.70635
1789867340.817,4661,5.19245,0.68316,3.54727,1.551,1.548,998.5,159.13452,30.71319
1789867340.827,4662,5.20929,0.59322,3.09026,1.551,1.548,998.5,159.16545,30.71913
1789867340.837,4663,5.20679,0.59895,3.11861,1.551,1.548,998.5,159.19666,30.72512
1789867340.847,4664,5.19245,0.61440,3.19024,1.551,1.548,998.5,159.22863,30.73128
1789867340.857,4665,5.20929,0.58699,3.05780,1.551,1.548,998.5,159.25928,30.73716
1789867340.867,4666,5.20554,0.59247,3.08413,1.550,1.548,998.5,159.29018,30.74310
1789867340.877,4667,5.19359,0.60941,3.16503,1.550,1.548,998.5,159.32190,30.74920
1789867340.887,4668,5.20679,0.58574,3.04983,1.551,1.548,998.5,159.35235,30.75505
1789867340.897,4669,5.19359,0.64438,3.34665,1.551,1.548,998.5,159.38577,30.76149
1789867340.907,4670,5.19359,0.62038,3.22200,1.551,1.548,998.5,159.41795,30.76768
1789867340.917,4671,5.19359,0.64438,3.34665,1.551,1.548,998.5,159.45136,30.77412
1789867340.927,4672,5.17930,0.68316,3.53829,1.551,1.548,998.5,159.48678,30.78095
1789867340.937,4673,5.19359,0.64438,3.34665,1.551,1.548,998.5,159.52028,30.78740
1789867340.947,4674,5.19359,0.64438,3.34665,1.551,1.548,998.5,159.55378,30.79385
1789867340.957,4675,5.19359,0.64438,3.34665,1.550,1.548,998.5,159.58728,30.80030
1789867340.967,4676,5.19390,0.61888,3.21440,1.551,1.548,998.5,159.61939,30.80649
1789867340.977,4677,5.19390,0.58599,3.04357,1.551,1.548,998.5,159.64980,30.81234
1789867340.987,4678,5.19390,0.64204,3.33469,1.551,1.548,998.5,159.68311,30.81876
1789867340.997,4679,5.19390,0.58848,3.05651,1.551,1.548,998.5,159.71365,30.82463
1789867341.007,4680,5.19390,0.65949,3.42533,1.551,1.548,998.5,159.74791,30.83123
1789867341.017,4681,5.19390,0.59372,3.08372,1.551,1.548,998.5,159.77876,30.83717
1789867341.027,4682,5.19390,0.62212,3.23123,1.550,1.548,998.5,159.81108,30.84339
1789867341.037,4683,5.19390,0.62959,3.27003,1.551,1.548,998.5,159.84379,30.84969
1789867341.047,4684,5.20679,0.59073,3.07581,1.550,1.548,998.5,159.87464,30.85562
1789867341.057,4685,5.19390,0.62386,3.24027,1.550,1.548,998.5,159.90713,30.86187
1789867341.067,4686,5.19484,0.63780,3.31327,1.550,1.548,998.5,159.94036,30.86827
1789867341.077,4687,5.20804,0.58948,3.07004,1.550,1.548,998.5,159.97115,30.87418
1789867341.087,4688,5.19484,0.61315,3.18522,1.550,1.548,998.5,160.00302,30.88031
1789867341.097,4689,5.20929,0.59297,3.08895,1.550,1.548,998.5,160.03392,30.88625
1789867341.107,4690,5.19484,0.60592,3.14766,1.550,1.548,998.5,160.06542,30.89231
1789867341.117,4691,5.19484,0.63780,3.31327,1.550,1.548,998.5,160.09857,30.89869
1789867341.127,4692,5.20554,0.58325,3.03613,1.550,1.548,998.5,160.12890,30.90452
1789867341.137,4693,5.19484,0.61689,3.20464,1.550,1.548,998.5,160.16091,30.91068
1789867341.147,4694,5.21054,0.58674,3.05723,1.550,1.548,998.5,160.19145,30.91654
1789867341.157,4695,5.19484,0.59845,3.10885,1.550,1.548,998.5,160.22251,30.92252
1789867341.167,4696,5.20929,0.59222,3.08505,1.550,1.548,998.5,160.25339,30.92845
1789867341.177,4697,5.19593,0.58475,3.03832,1.550,1.548,998.5,160.28380,30.93430
1789867341.187,4698,5.19593,0.60842,3.16131,1.551,1.548,998.5,160.31544,30.94039
1789867341.197,4699,5.19593,0.58824,3.05645,1.551,1.548,998.5,160.34604,30.94628
1789867341.207,4700,5.19593,0.61091,3.17425,1.551,1.548,998.5,160.37758,30.95235
1789867341.217,4701,5.20804,0.58724,3.05837,1.551,1.548,998.5,160.40798,30.95819
1789867341.227,4702,5.20804,0.59895,3.11936,1.551,1.548,998.5,160.43898,30.96414
1789867341.237,4703,5.19593,0.63241,3.28596,1.551,1.548,998.5,160.47164,30.97043
1789867341.247,4704,5.20679,0.59596,3.10304,1.551,1.549,998.5,160.50267,30.97639
1789867341.257,4705,5.19593,0.61539,3.19752,1.550,1.548,998.5,160.53465,30.98254
1789867341.267,4706,5.20929,0.58375,3.04092,1.551,1.548,998.5,160.56507,30.98838
1789867341.277,4707,5.19706,0.58674,3.04932,1.551,1.548,998.5,160.59557,30.99425
1789867341.287,4708,5.19706,0.62739,3.26058,1.551,1.548,998.5,160.62818,31.00052
1789867341.297,4709,5.19706,0.58375,3.03378,1.552,1.548,998.5,160.65853,31.00636
1789867341.307,4710,5.19706,0.61091,3.17494,1.551,1.548,998.5,160.69029,31.01247
1789867341.317,4711,5.19706,0.59995,3.11798,1.551,1.548,998.5,160.72148,31.01847
1789867341.327,4712,5.19706,0.62739,3.26058,1.551,1.548,998.5,160.75419,31.02477
1789867341.337,4713,5.19706,0.62739,3.26058,1.551,1.548,998.5,160.78691,31.03107
1789867341.347,4714,5.19706,0.59197,3.07650,1.551,1.548,998.5,160.81778,31.03701
1789867341.357,4715,5.19706,0.60891,3.16454,1.550,1.548,998.5,160.84954,31.04312
1789867341.367,4716,5.19839,0.58375,3.03456,1.552,1.548,998.5,160.87992,31.04896
1789867341.377,4717,5.19839,0.59048,3.06955,1.552,1.548,998.5,160.91065,31.05487
1789867341.387,4718,5.19839,0.62248,3.23589,1.552,1.548,998.5,160.94305,31.06110
1789867341.397,4719,5.19839,0.58799,3.05660,1.552,1.548,998.5,160.97365,31.06699
1789867341.407,4720,5.19839,0.62248,3.23589,1.551,1.548,998.5,161.00595,31.07320
1789867341.417,4721,5.19839,0.59122,3.07339,1.551,1.548,998.5,161.03662,31.07910
1789867341.427,4722,5.19839,0.62248,3.23589,1.551,1.548,998.5,161.06891,31.08532
1789867341.437,4723,5.19839,0.63856,3.31948,1.551,1.548,998.5,161.10204,31.09169
1789867341.447,4724,5.19839,0.59098,3.07214,1.551,1.548,998.5,161.13283,31.09761
1789867341.457,4725,5.19839,0.61041,3.17315,1.551,1.548,998.5,161.16463,31.10373
1789867341.467,4726,5.21054,0.59372,3.09360,1.552,1.549,998.5,161.19563,31.10968
1789867341.477,4727,5.19940,0.58749,3.05460,1.552,1.548,998.5,161.22624,31.11557
1789867341.487,4728,5.19940,0.61735,3.20985,1.551,1.548,998.5,161.25824,31.12172
1789867341.497,4729,5.19940,0.59471,3.09214,1.551,1.548,998.5,161.28906,31.12765
1789867341.507,4730,5.19940,0.61735,3.20985,1.551,1.548,998.5,161.32106,31.13380
1789867341.517,4731,5.19940,0.58475,3.04035,1.551,1.548,998.5,161.35137,31.13963
1789867341.527,4732,5.19940,0.58898,3.06234,1.551,1.548,998.5,161.38210,31.14554
1789867341.537,4733,5.19940,0.61735,3.20985,1.551,1.548,998.5,161.41432,31.15174
1789867341.547,4734,5.19940,0.59521,3.09473,1.551,1.548,998.5,161.44538,31.15771
1789867341.557,4735,5.19940,0.63632,3.30848,1.551,1.548,998.5,161.47858,31.16410
1789867341.567,4736,5.20058,0.61219,3.18374,1.551,1.548,998.5,161.51037,31.17021
1789867341.577,4737,5.20058,0.57902,3.01124,1.550,1.548,998.5,161.54043,31.17599
1789867341.587,4738,5.20058,0.60094,3.12524,1.550,1.548,998.5,161.57163,31.18199
1789867341.597,4739,5.20058,0.58674,3.05139,1.550,1.548,998.5,161.60209,31.18785
1789867341.607,4740,5.20058,0.61219,3.18374,1.550,1.548,998.5,161.63391,31.19397
1789867341.617,4741,5.18930,0.63981,3.32017,1.550,1.548,998.5,161.66708,31.20036
1789867341.627,4742,5.20058,0.59397,3.08899,1.550,1.548,998.5,161.69795,31.20629
1789867341.637,4743,5.18430,0.67021,3.47457,1.550,1.548,998.5,161.73268,31.21299
1789867341.647,4744,5.20058,0.61219,3.18374,1.550,1.548,998.5,161.76456,31.21912
1789867341.657,4745,5.20058,0.58749,3.05529,1.550,1.548,998.5,161.79516,31.22501
1789867341.667,4746,5.20147,0.60901,3.16775,1.550,1.548,998.5,161.82689,31.23111
1789867341.677,4747,5.20147,0.62287,3.23984,1.550,1.548,998.5,161.85933,31.23734
1789867341.687,4748,5.20147,0.59421,3.09077,1.552,1.548,998.5,161.89026,31.24329
1789867341.697,4749,5.20147,0.60901,3.16775,1.552,1.549,998.5,161.92196,31.24939
1789867341.707,4750,5.20147,0.58425,3.03896,1.552,1.548,998.5,161.95237,31.25523
1789867341.717,4751,5.20147,0.60901,3.16775,1.552,1.549,998.5,161.98407,31.26133
1789867341.727,4752,5.20147,0.62611,3.25669,1.552,1.549,998.5,162.01668,31.26759
1789867341.737,4753,5.20147,0.63134,3.28390,1.552,1.549,998.5,162.04956,31.27392
1789867341.747,4754,5.20147,0.62212,3.23594,1.551,1.548,998.5,162.08196,31.28015
1789867341.757,4755,5.20147,0.59122,3.07521,1.550,1.548,998.5,162.11275,31.28606
1789867341.767,4756,5.20167,0.59521,3.09609,1.551,1.548,998.5,162.14360,31.29200
1789867341.777,4757,5.20167,0.62361,3.24381,1.550,1.548,998.5,162.17593,31.29821
1789867341.787,4758,5.20167,0.58948,3.06628,1.550,1.548,998.5,162.20648,31.30408
1789867341.797,4759,5.20167,0.58624,3.04943,1.550,1.548,998.5,162.23687,31.30993
1789867341.807,4760,5.20167,0.60871,3.16631,1.550,1.548,998.5,162.26855,31.31602
1789867341.817,4761,5.20167,0.58699,3.05333,1.550,1.548,998.5,162.29910,31.32189
1789867341.827,4762,5.20167,0.60871,3.16631,1.550,1.548,998.5,162.33079,31.32798
1789867341.837,4763,5.20167,0.60871,3.16631,1.550,1.548,998.5,162.36247,31.33407
1789867341.847,4764,5.20167,0.60871,3.16631,1.551,1.548,998.5,162.39408,31.34015
1789867341.857,4765,5.20167,0.62237,3.23736,1.550,1.548,998.5,162.42640,31.34636
1789867341.867,4766,5.20155,0.59247,3.08176,1.551,1.548,998.5,162.45717,31.35228
1789867341.877,4767,5.20155,0.58275,3.03120,1.551,1.548,998.5,162.48744,31.35810
1789867341.887,4768,5.20155,0.60860,3.16566,1.551,1.548,998.5,162.51909,31.36418
1789867341.897,4769,5.20155,0.59272,3.08306,1.551,1.548,998.5,162.54992,31.37011
1789867341.907,4770,5.20155,0.59247,3.08176,1.551,1.548,998.5,162.58073,31.37603
1789867341.917,4771,5.20155,0.60860,3.16566,1.551,1.548,998.5,162.61239,31.38212
1789867341.927,4772,5.20155,0.58824,3.05976,1.551,1.548,998.5,162.64297,31.38800
1789867341.937,4773,5.20155,0.60860,3.16566,1.551,1.548,998.5,162.67461,31.39408
1789867341.947,4774,5.20155,0.63782,3.31765,1.551,1.548,998.5,162.70778,31.40046
1789867341.957,4775,5.20155,0.59397,3.08956,1.551,1.548,998.5,162.73866,31.40639
1789867341.967,4776,5.20214,0.62237,3.23766,1.551,1.548,998.5,162.77108,31.41263
1789867341.977,4777,5.20214,0.58973,3.06786,1.551,1.548,998.5,162.80181,31.41853
1789867341.987,4778,5.20214,0.62162,3.23375,1.551,1.548,998.5,162.83419,31.42476
1789867341.997,4779,5.20214,0.59471,3.09376,1.551,1.548,998.5,162.86518,31.43071
1789867342.007,4780,5.20214,0.58226,3.02900,1.551,1.548,998.5,162.89539,31.43652
1789867342.017,4781,5.20214,0.61888,3.21950,1.551,1.548,998.5,162.92750,31.44269
1789867342.027,4782,5.20214,0.59122,3.07561,1.551,1.548,998.5,162.95817,31.44859
1789867342.037,4783,5.20214,0.58649,3.05100,1.551,1.548,998.5,162.98860,31.45444
1789867342.047,4784,5.18305,0.64679,3.35234,1.551,1.548,998.5,163.02223,31.46093
1789867342.057,4785,5.20214,0.65276,3.39575,1.551,1.548,998.5,163.05628,31.46747
1789867342.067,4786,5.20237,0.59421,3.09130,1.551,1.548,998.5,163.08728,31.47343
1789867342.077,4787,5.20237,0.65351,3.39980,1.550,1.548,998.5,163.12138,31.47999
1789867342.087,4788,5.20237,0.58873,3.06279,1.550,1.548,998.5,163.15201,31.48588
1789867342.097,4789,5.20237,0.60606,3.15295,1.551,1.548,998.5,163.18354,31.49194
1789867342.107,4790,5.20237,0.58425,3.03948,1.550,1.548,998.5,163.21394,31.49778
1789867342.117,4791,5.20237,0.59546,3.09780,1.551,1.548,998.5,163.24492,31.50373
1789867342.127,4792,5.19180,0.64554,3.35151,1.551,1.548,998.5,163.27851,31.51020
1789867342.137,4793,5.20237,0.60606,3.15295,1.551,1.548,998.5,163.31010,31.51628
1789867342.147,4794,5.18930,0.66697,3.46111,1.551,1.548,998.5,163.34479,31.52296
1789867342.157,4795,5.19055,0.64305,3.33778,1.550,1.548,998.5,163.37824,31.52941
1789867342.167,4796,5.18680,0.64031,3.32116,1.552,1.548,998.5,163.41137,31.53579
1789867342.177,4797,5.20210,0.65252,3.39447,1.551,1.548,998.5,163.44524,31.54230
1789867342.187,4798,5.20210,0.59023,3.07044,1.551,1.548,998.5,163.47587,31.54819
1789867342.197,4799,5.20210,0.62262,3.23893,1.551,1.548,998.5,163.50818,31.55440
1789867342.207,4800,5.20210,0.62835,3.26874,1.552,1.548,998.5,163.54084,31.56068
1789867342.217,4801,5.20210,0.59596,3.10024,1.551,1.548,998.5,163.57182,31.56664
1789867342.227,4802,5.20210,0.68042,3.53961,1.551,1.548,998.5,163.60719,31.57344
1789867342.237,4803,5.20210,0.60745,3.16002,1.551,1.548,998.5,163.63876,31.57951
1789867342.247,4804,5.17680,0.65575,3.39469,1.551,1.548,998.5,163.67282,31.58608
1789867342.257,4805,5.17430,0.71381,3.69347,1.551,1.548,998.5,163.70987,31.59324
1789867342.267,4806,5.20155,0.65974,3.43167,1.551,1.548,998.5,163.74429,31.59986
1789867342.277,4807,5.18555,0.69587,3.60847,1.551,1.548,998.5,163.78049,31.60684
1789867342.287,4808,5.20155,0.66198,3.44332,1.551,1.548,998.5,163.81477,31.61343
1789867342.297,4809,5.18555,0.67868,3.51933,1.551,1.548,998.5,163.84980,31.62019
1789867342.307,4810,5.20155,0.58923,3.06491,1.551,1.548,998.5,163.88031,31.62605
1789867342.317,4811,5.20155,0.62361,3.24374,1.551,1.548,998.5,163.91260,31.63226
1789867342.327,4812,5.18180,0.67394,3.49222,1.550,1.548,998.5,163.94769,31.63903
1789867342.337,4813,5.20155,0.63483,3.30210,1.551,1.548,998.5,163.98088,31.64541
1789867342.347,4814,5.18680,0.68017,3.52791,1.551,1.548,998.5,164.01633,31.65225
1789867342.357,4815,5.16806,0.76090,3.93238,1.551,1.548,998.5,164.05585,31.65990
1789867342.367,4816,5.18430,0.69412,3.59853,1.551,1.548,998.5,164.09169,31.66681
1789867342.377,4817,5.20022,0.63408,3.29736,1.551,1.548,998.5,164.12454,31.67313
1789867342.387,4818,5.18430,0.67768,3.51330,1.551,1.549,998.5,164.15954,31.67988
1789867342.397,4819,5.20022,0.63084,3.28051,1.551,1.549,998.5,164.19222,31.68616
1789867342.407,4820,5.18680,0.75342,3.90784,1.551,1.548,998.5,164.23137,31.69371
1789867342.417,4821,5.20022,0.62934,3.27271,1.551,1.549,998.5,164.26416,31.70001
1789867342.427,4822,5.18430,0.66572,3.45129,1.551,1.548,998.5,164.29874,31.70668
1789867342.437,4823,5.20022,0.63159,3.28441,1.551,1.548,998.5,164.33164,31.71301
1789867342.447,4824,5.17680,0.70708,3.66041,1.551,1.549,998.5,164.36830,31.72009
1789867342.457,4825,5.20022,0.63557,3.30510,1.550,1.548,998.5,164.40141,31.72646
1789867342.467,4826,5.18430,0.71156,3.68894,1.551,1.548,998.5,164.43835,31.73359
1789867342.477,4827,5.19913,0.63134,3.28242,1.551,1.548,998.5,164.47123,31.73991
1789867342.487,4828,5.15931,0.62033,3.20047,1.552,1.549,998.5,164.50304,31.74607
1789867342.497,4829,5.19913,0.62033,3.22518,1.552,1.549,998.5,164.53509,31.75224
1789867342.507,4830,5.18680,0.76314,3.95825,1.552,1.549,998.5,164.57443,31.75982
1789867342.517,4831,5.19913,0.63258,3.28887,1.552,1.549,998.5,164.60711,31.76611
1789867342.527,4832,5.18305,0.63557,3.29419,1.552,1.549,998.5,164.64026,31.77251
1789867342.537,4833,5.19913,0.63383,3.29536,1.552,1.549,998.5,164.67341,31.77888
1789867342.547,4834,5.17056,0.69512,3.59416,1.552,1.548,998.5,164.70958,31.78588
1789867342.557,4835,5.19913,0.64479,3.35235,1.552,1.548,998.5,164.74331,31.79236
1789867342.567,4836,5.19804,0.63682,3.31022,1.551,1.548,998.5,164.77637,31.79873
1789867342.577,4837,5.19804,0.63532,3.30242,1.551,1.548,998.5,164.80936,31.80507
1789867342.587,4838,5.16556,0.62523,3.22966,1.550,1.548,998.5,164.84163,31.81132
1789867342.597,4839,5.19804,0.63757,3.31411,1.550,1.548,998.5,164.87473,31.81769
1789867342.607,4840,5.19804,0.62523,3.24997,1.550,1.548,998.5,164.90726,31.82394
1789867342.617,4841,5.19804,0.62523,3.24997,1.550,1.548,998.5,164.93979,31.83020
1789867342.627,4842,5.19804,0.63657,3.30892,1.550,1.548,998.5,164.97290,31.83657
1789867342.637,4843,5.19804,0.63831,3.31796,1.550,1.548,998.5,165.00611,31.84296
1789867342.647,4844,5.19804,0.62523,3.24997,1.551,1.548,998.5,165.03848,31.84919
1789867342.657,4845,5.19804,0.64380,3.34650,1.551,1.548,998.5,165.07181,31.85560
1789867342.667,4846,5.19683,0.62995,3.27374,1.551,1.548,998.5,165.10442,31.86188
1789867342.677,4847,5.19683,0.62995,3.27374,1.552,1.548,998.5,165.13703,31.86815
1789867342.687,4848,5.19683,0.65202,3.38844,1.552,1.548,998.5,165.17080,31.87465
1789867342.697,4849,5.18430,0.62995,3.26585,1.551,1.548,998.5,165.20335,31.88093
1789867342.707,4850,5.19683,0.62995,3.27374,1.551,1.548,998.5,165.23597,31.88721
1789867342.717,4851,5.18680,0.62995,3.26742,1.551,1.548,998.5,165.26854,31.89348
1789867342.727,4852,5.19683,0.62995,3.27374,1.551,1.548,998.5,165.30135,31.89980
1789867342.737,4853,5.18430,0.62995,3.26585,1.551,1.548,998.5,165.33409,31.90611
1789867342.747,4854,5.19683,0.62995,3.27374,1.552,1.548,998.5,165.36690,31.91243
1789867342.757,4855,5.17930,0.67145,3.47764,1.552,1.548,998.5,165.40176,31.91916
1789867342.767,4856,5.19534,0.63554,3.30185,1.552,1.549,998.5,165.43477,31.92551
1789867342.777,4857,5.19534,0.69163,3.59325,1.552,1.548,998.5,165.47070,31.93243
1789867342.787,4858,5.19534,0.63554,3.30185,1.552,1.549,998.5,165.50371,31.93878
1789867342.797,4859,5.19534,0.67818,3.52338,1.552,1.549,998.5,165.53894,31.94556
1789867342.807,4860,5.19534,0.63554,3.30185,1.552,1.549,998.5,165.57198,31.95192
1789867342.817,4861,5.19534,0.66647,3.46254,1.552,1.549,998.5,165.60663,31.95859
1789867342.827,4862,5.19534,0.63554,3.30185,1.551,1.548,998.5,165.63967,31.96495
1789867342.837,4863,5.19534,0.68266,3.54665,1.551,1.548,998.5,165.67517,31.97178
1789867342.847,4864,5.19534,0.63554,3.30185,1.551,1.548,998.5,165.70816,31.97813
1789867342.857,4865,5.19534,0.65152,3.38487,1.551,1.548,998.5,165.74198,31.98464
1789867342.867,4866,5.19448,0.64049,3.32701,1.551,1.548,998.5,165.77523,31.99104
1789867342.877,4867,5.18305,0.67693,3.50856,1.550,1.548,998.5,165.81029,31.99781
1789867342.887,4868,5.19448,0.64049,3.32701,1.551,1.548,998.5,165.84355,32.00421
1789867342.897,4869,5.18430,0.66547,3.45000,1.552,1.548,998.5,165.87804,32.01086
1789867342.907,4870,5.19448,0.62137,3.22769,1.551,1.548,998.5,165.91030,32.01707
1789867342.917,4871,5.19448,0.67270,3.49433,1.551,1.548,998.5,165.94523,32.02380
1789867342.927,4872,5.19448,0.62984,3.27169,1.551,1.548,998.5,165.97796,32.03010
1789867342.937,4873,5.18430,0.67843,3.51718,1.551,1.548,998.5,166.01314,32.03689
1789867342.947,4874,5.19448,0.64049,3.32701,1.551,1.548,998.5,166.04642,32.04329
1789867342.957,4875,5.19448,0.68192,3.54222,1.550,1.548,998.5,166.08185,32.05011
1789867342.967,4876,5.16806,0.75492,3.90147,1.550,1.548,998.5,166.12079,32.05765
1789867342.977,4877,5.18180,0.67544,3.49999,1.551,1.548,998.5,166.15573,32.06439
1789867342.987,4878,5.19339,0.63433,3.29432,1.551,1.548,998.5,166.18861,32.07072
1789867342.997,4879,5.17430,0.67992,3.51811,1.551,1.548,998.5,166.22372,32.07751
1789867343.007,4880,5.19339,0.63109,3.27750,1.551,1.548,998.5,166.25650,32.08382
1789867343.017,4881,5.19339,0.68017,3.53239,1.551,1.548,998.5,166.29182,32.09062
1789867343.027,4882,5.19339,0.62710,3.25677,1.551,1.548,998.5,166.32439,32.09689
1789867343.037,4883,5.16306,0.66472,3.43199,1.552,1.548,998.5,166.35871,32.10354
1789867343.047,4884,5.19339,0.64487,3.34906,1.552,1.548,998.5,166.39229,32.11000
1789867343.057,4885,5.19339,0.67295,3.49489,1.551,1.548,998.5,166.42734,32.11675
1789867343.067,4886,5.19226,0.63906,3.31817,1.551,1.548,998.5,166.46061,32.12316
1789867343.077,4887,5.17430,0.71381,3.69347,1.551,1.548,998.5,166.49765,32.13032
1789867343.087,4888,5.19226,0.63159,3.27938,1.551,1.548,998.5,166.53042,32.13663
1789867343.097,4889,5.17680,0.68216,3.53141,1.551,1.548,998.5,166.56572,32.14345
1789867343.107,4890,5.19226,0.63233,3.28322,1.551,1.548,998.5,166.59853,32.14977
1789867343.117,4891,5.19226,0.76015,3.94690,1.551,1.548,998.5,166.63798,32.15737
1789867343.127,4892,5.19226,0.63084,3.27549,1.551,1.548,998.5,166.67081,32.16369
1789867343.137,4893,5.15931,0.67344,3.47449,1.551,1.548,998.5,166.70564,32.17044
1789867343.147,4894,5.19226,0.62436,3.24184,1.551,1.548,998.5,166.73813,32.17670
1789867343.157,4895,5.19226,0.67519,3.50576,1.551,1.548,998.5,166.77327,32.18347
1789867343.167,4896,5.19128,0.65392,3.39468,1.551,1.548,998.5,166.80718,32.19000
1789867343.177,4897,5.17306,0.72003,3.72476,1.551,1.548,998.5,166.84439,32.19719
1789867343.187,4898,5.19128,0.64031,3.32403,1.552,1.548,998.5,166.87760,32.20359
1789867343.197,4899,5.19128,0.63732,3.30851,1.552,1.548,998.5,166.91065,32.20995
1789867343.207,4900,5.19128,0.62586,3.24901,1.552,1.548,998.5,166.94320,32.21622
1789867343.217,4901,5.19128,0.76189,3.95518,1.552,1.548,998.5,166.98282,32.22386
1789867343.227,4902,5.19128,0.62237,3.23090,1.551,1.548,998.5,167.01519,32.23009
1789867343.237,4903,5.19128,0.62710,3.25545,1.551,1.548,998.5,167.04780,32.23637
1789867343.247,4904,5.19128,0.63159,3.27876,1.551,1.548,998.5,167.08051,32.24267
1789867343.257,4905,5.19128,0.62461,3.24253,1.551,1.548,998.5,167.11286,32.24891
1789867343.267,4906,5.19058,0.62984,3.26923,1.551,1.548,998.5,167.14548,32.25519
1789867343.277,4907,5.19058,0.64081,3.32618,1.551,1.548,998.5,167.17866,32.26158
1789867343.287,4908,5.17930,0.63134,3.26990,1.552,1.548,998.5,167.21133,32.26789
1789867343.297,4909,5.19058,0.63084,3.27443,1.552,1.549,998.5,167.24405,32.27419
1789867343.307,4910,5.19058,0.65672,3.40876,1.552,1.549,998.5,167.27811,32.28076
1789867343.317,4911,5.19058,0.61988,3.21754,1.552,1.549,998.5,167.31025,32.28695
1789867343.327,4912,5.19058,0.66846,3.46970,1.552,1.549,998.5,167.34493,32.29363
1789867343.337,4913,5.19058,0.63034,3.27183,1.552,1.549,998.5,167.37764,32.29993
1789867343.347,4914,5.19058,0.67519,3.50463,1.552,1.549,998.5,167.41267,32.30668
1789867343.357,4915,5.19058,0.62835,3.26150,1.550,1.548,998.5,167.44527,32.31296
1789867343.367,4916,5.19074,0.67992,3.52929,1.550,1.548,998.5,167.48063,32.31977
1789867343.377,4917,5.19074,0.63508,3.29654,1.551,1.548,998.5,167.51365,32.32613
1789867343.387,4918,5.19074,0.67344,3.49565,1.550,1.548,998.5,167.54867,32.33288
1789867343.397,4919,5.19074,0.63433,3.29264,1.551,1.548,998.5,167.58165,32.33923
1789867343.407,4920,5.19074,0.65627,3.40653,1.550,1.548,998.5,167.61572,32.34580
1789867343.417,4921,5.19074,0.62586,3.24868,1.551,1.548,998.5,167.64821,32.35206
1789867343.427,4922,5.19074,0.67917,3.52539,1.551,1.548,998.5,167.68346,32.35885
1789867343.437,4923,5.19074,0.63059,3.27323,1.551,1.548,998.5,167.71620,32.36515
1789867343.447,4924,5.19074,0.65627,3.40653,1.551,1.548,998.5,167.75038,32.37174
1789867343.457,4925,5.19074,0.63258,3.28356,1.551,1.548,998.5,167.78332,32.37809
1789867343.467,4926,5.17805,0.67818,3.51165,1.552,1.548,998.5,167.81856,32.38489
1789867343.477,4927,5.19101,0.63408,3.29152,1.551,1.548,998.5,167.85158,32.39125
1789867343.487,4928,5.19101,0.68067,3.53336,1.552,1.549,998.5,167.88690,32.39806
1789867343.497,4929,5.19101,0.63159,3.27859,1.552,1.548,998.5,167.91968,32.40437
1789867343.507,4930,5.19101,0.68715,3.56700,1.552,1.548,998.5,167.95533,32.41124
1789867343.517,4931,5.19101,0.63458,3.29411,1.552,1.549,998.5,167.98826,32.41758
1789867343.527,4932,5.19101,0.67743,3.51655,1.552,1.549,998.5,168.02330,32.42433
1789867343.537,4933,5.19101,0.63383,3.29022,1.552,1.548,998.5,168.05607,32.43065
1789867343.547,4934,5.19101,0.67494,3.50362,1.551,1.548,998.5,168.09098,32.43737
1789867343.557,4935,5.19101,0.62486,3.24365,1.551,1.548,998.5,168.12329,32.44360
1789867343.567,4936,5.19093,0.67021,3.47901,1.551,1.548,998.5,168.15811,32.45030
1789867343.577,4937,5.19093,0.64280,3.33673,1.551,1.548,998.5,168.19151,32.45674
1789867343.587,4938,5.16931,0.68017,3.51601,1.551,1.548,998.5,168.22670,32.46354
1789867343.597,4939,5.19093,0.63532,3.29790,1.551,1.548,998.5,168.25970,32.46990
1789867343.607,4940,5.19093,0.69238,3.59410,1.551,1.548,998.5,168.29556,32.47681
1789867343.617,4941,5.19093,0.63009,3.27075,1.551,1.548,998.5,168.32820,32.48310
1789867343.627,4942,5.18055,0.70708,3.66306,1.551,1.548,998.5,168.36474,32.49015
1789867343.637,4943,5.19093,0.63184,3.27984,1.551,1.548,998.5,168.39746,32.49646
1789867343.647,4944,5.17430,0.68067,3.52199,1.551,1.548,998.5,168.43263,32.50325
1789867343.657,4945,5.19093,0.65644,3.40753,1.551,1.548,998.5,168.46664,32.50980
1789867343.667,4946,5.19093,0.80325,4.16961,1.552,1.548,998.5,168.50827,32.51782
1789867343.677,4947,5.19093,0.65735,3.41226,1.551,1.548,998.5,168.54234,32.52439
1789867343.687,4948,5.15056,0.70808,3.64701,1.551,1.548,998.5,168.57923,32.53155
1789867343.697,4949,5.19093,0.68117,3.53591,1.552,1.548,998.5,168.61499,32.53844
1789867343.707,4950,5.19093,0.73797,3.83075,1.552,1.549,998.5,168.65374,32.54590
1789867343.717,4951,5.19093,0.65735,3.41226,1.551,1.548,998.5,168.68825,32.55255
1789867343.727,4952,5.17306,0.76015,3.93230,1.551,1.548,998.5,168.72732,32.56010
1789867343.737,4953,5.19093,0.65735,3.41226,1.552,1.549,998.5,168.76121,32.56663
1789867343.747,4954,5.19093,0.62386,3.23841,1.551,1.549,998.5,168.79338,32.57283
1789867343.757,4955,5.19093,0.63383,3.29017,1.550,1.548,998.5,168.82607,32.57913
1789867343.767,4956,5.19027,0.76214,3.95571,1.550,1.548,998.5,168.86560,32.58674
1789867343.777,4957,5.19027,0.63233,3.28196,1.551,1.548,998.5,168.89840,32.59306
1789867343.787,4958,5.16056,0.76687,3.95748,1.550,1.548,998.5,168.93795,32.60073
1789867343.797,4959,5.19027,0.63358,3.28845,1.550,1.548,998.5,168.97082,32.60706
1789867343.807,4960,5.19027,0.70832,3.67637,1.550,1.548,998.5,169.00764,32.61415
1789867343.817,4961,5.19027,0.62885,3.26390,1.550,1.547,998.5,169.04033,32.62045
1789867343.827,4962,5.19027,0.62860,3.26260,1.550,1.548,998.5,169.07301,32.62675
1789867343.837,4963,5.19027,0.62611,3.24968,1.550,1.548,998.5,169.10555,32.63302
1789867343.847,4964,5.19027,0.63433,3.29234,1.551,1.548,998.5,169.13852,32.63937
1789867343.857,4965,5.19027,0.64654,3.35572,1.551,1.548,998.5,169.17213,32.64585
1789867343.867,4966,5.20054,0.63084,3.28071,1.551,1.548,998.5,169.20498,32.65216
1789867343.877,4967,5.19011,0.67544,3.50561,1.552,1.548,998.5,169.24008,32.65893
1789867343.887,4968,5.19011,0.62685,3.25342,1.552,1.548,998.5,169.27249,32.66517
1789867343.897,4969,5.16056,0.82841,4.27506,1.551,1.548,998.5,169.31507,32.67342
1789867343.907,4970,5.19011,0.63258,3.28316,1.551,1.548,998.5,169.34778,32.67972
1789867343.917,4971,5.19011,0.68715,3.56638,1.551,1.548,998.5,169.38330,32.68657
1789867343.927,4972,5.20179,0.63134,3.28410,1.551,1.548,998.5,169.41623,32.69290
1789867343.937,4973,5.19011,0.68167,3.53794,1.551,1.548,998.5,169.45170,32.69973
1789867343.947,4974,5.19011,0.62660,3.25212,1.551,1.548,998.5,169.48431,32.70602
1789867343.957,4975,5.19011,0.65919,3.42127,1.551,1.548,998.5,169.51861,32.71262
1789867343.967,4976,5.18980,0.62860,3.26231,1.552,1.548,998.5,169.55114,32.71889
1789867343.977,4977,5.18980,0.67270,3.49118,1.551,1.548,998.5,169.58596,32.72560
1789867343.987,4978,5.18980,0.62885,3.26361,1.551,1.548,998.5,169.61850,32.73187
1789867343.997,4979,5.18980,0.66106,3.43077,1.550,1.548,998.5,169.65271,32.73846
1789867344.007,4980,5.18980,0.62785,3.25842,1.550,1.548,998.5,169.68524,32.74473
1789867344.017,4981,5.18980,0.68515,3.55579,1.551,1.548,998.5,169.72074,32.75157
1789867344.027,4982,5.20054,0.63632,3.30921,1.550,1.548,998.5,169.75378,32.75792
1789867344.037,4983,5.18980,0.68216,3.54027,1.551,1.548,998.5,169.78912,32.76473
1789867344.047,4984,5.20054,0.63059,3.27941,1.551,1.548,998.5,169.82210,32.77108
1789867344.057,4985,5.18980,0.68391,3.54936,1.551,1.548,998.5,169.85778,32.77795
1789867344.067,4986,5.18988,0.61988,3.21710,1.551,1.548,998.5,169.89013,32.78418
1789867344.077,4987,5.18988,0.67917,3.52481,1.551,1.548,998.5,169.92557,32.79101
1789867344.087,4988,5.18988,0.63308,3.28561,1.551,1.548,998.5,169.95831,32.79732
1789867344.097,4989,5.18988,0.68690,3.56493,1.551,1.548,998.5,169.99383,32.80417
1789867344.107,4990,5.18988,0.63508,3.29599,1.552,1.549,998.5,170.02668,32.81049
1789867344.117,4991,5.18988,0.68864,3.57396,1.552,1.549,998.5,170.06229,32.81736
1789867344.127,4992,5.18988,0.62934,3.26620,1.551,1.548,998.5,170.09507,32.82367
1789867344.137,4993,5.18988,0.68490,3.55455,1.551,1.548,998.5,170.13076,32.83055
1789867344.147,4994,5.18988,0.62910,3.26495,1.551,1.548,998.5,170.16353,32.83686
1789867344.157,4995,5.18988,0.67544,3.50545,1.550,1.548,998.5,170.19872,32.84364
1789867344.167,4996,5.18992,0.62635,3.25071,1.550,1.548,998.5,170.23119,32.84990
1789867344.177,4997,5.18992,0.70135,3.63995,1.551,1.548,998.5,170.26755,32.85691
1789867344.187,4998,5.18992,0.62785,3.25849,1.551,1.548,998.5,170.30009,32.86318
1789867344.197,4999,5.15681,0.69014,3.55892,1.551,1.548,998.5,170.33564,32.87007
1789867344.207,5000,5.18992,0.63806,3.31148,1.551,1.548,998.5,170.36872,32.87644
1789867344.217,5001,5.18992,0.76812,3.98648,1.551,1.548,998.5,170.40854,32.88412
1789867344.227,5002,5.18992,0.63458,3.29342,1.550,1.548,998.5,170.44144,32.89046
1789867344.237,5003,5.16431,0.66074,3.41227,1.551,1.548,998.5,170.47553,32.89706
1789867344.247,5004,5.18992,0.62934,3.26622,1.551,1.548,998.5,170.50826,32.90336
1789867344.257,5005,5.20054,0.69836,3.63185,1.552,1.548,998.5,170.54465,32.91036
1789867344.267,5006,5.18992,0.62361,3.23649,1.552,1.548,998.5,170.57708,32.91661
1789867344.277,5007,5.17930,0.70857,3.66990,1.552,1.548,998.5,170.61386,32.92371
1789867344.287,5008,5.18992,0.63856,3.31408,1.552,1.549,998.5,170.64716,32.93013
1789867344.297,5009,5.16306,0.79403,4.09962,1.552,1.548,998.5,170.68836,32.93811
1789867344.307,5010,5.20054,0.63881,3.32216,1.552,1.549,998.5,170.72175,32.94453
1789867344.317,5011,5.18992,0.76962,3.99427,1.552,1.549,998.5,170.76189,32.95226
1789867344.327,5012,5.18992,0.63059,3.27271,1.552,1.549,998.5,170.79435,32.95852
1789867344.337,5013,5.18992,0.63034,3.27141,1.552,1.549,998.5,170.82679,32.96477
1789867344.347,5014,5.18992,0.62411,3.23908,1.552,1.548,998.5,170.85892,32.97096
1789867344.357,5015,5.18992,0.68466,3.55333,1.552,1.549,998.5,170.89416,32.97775
1789867344.367,5016,5.19003,0.63059,3.27278,1.551,1.549,998.5,170.92686,32.98405
1789867344.377,5017,5.20054,0.64679,3.36366,1.551,1.548,998.5,170.96047,32.99051
1789867344.387,5018,5.19003,0.62785,3.25856,1.551,1.548,998.5,170.99303,32.99678
1789867344.397,5019,5.19003,0.66131,3.43222,1.550,1.548,998.5,171.02732,33.00339
1789867344.407,5020,5.19003,0.64504,3.34778,1.550,1.548,998.5,171.06076,33.00983
1789867344.417,5021,5.19003,0.63383,3.28960,1.550,1.548,998.5,171.09361,33.01616
1789867344.427,5022,5.19003,0.67469,3.50166,1.550,1.548,998.5,171.12859,33.02290
1789867344.437,5023,5.19003,0.63657,3.30382,1.550,1.548,998.5,171.16159,33.02926
1789867344.447,5024,5.19003,0.66131,3.43222,1.551,1.548,998.5,171.19601,33.03589
1789867344.457,5025,5.20054,0.63483,3.30146,1.551,1.548,998.5,171.22913,33.04226
1789867344.467,5026,5.20054,0.68765,3.57615,1.551,1.548,998.5,171.26499,33.04916
1789867344.477,5027,5.18996,0.63184,3.27922,1.551,1.548,998.5,171.29789,33.05550
1789867344.487,5028,5.18996,0.70259,3.64641,1.552,1.548,998.5,171.33434,33.06252
1789867344.497,5029,5.20179,0.63856,3.32166,1.552,1.548,998.5,171.36756,33.06891
1789867344.507,5030,5.18996,0.64679,3.35681,1.551,1.548,998.5,171.40112,33.07537
1789867344.517,5031,5.18996,0.63383,3.28955,1.552,1.548,998.5,171.43401,33.08171
1789867344.527,5032,5.18996,0.67818,3.51973,1.551,1.548,998.5,171.46914,33.08848
1789867344.537,5033,5.18996,0.63383,3.28955,1.551,1.548,998.5,171.50197,33.09480
1789867344.547,5034,5.18996,0.66102,3.43067,1.551,1.548,998.5,171.53621,33.10140
1789867344.557,5035,5.20179,0.63806,3.31905,1.550,1.548,998.5,171.56933,33.10777
1789867344.567,5036,5.18999,0.67569,3.50682,1.550,1.548,998.5,171.60455,33.11456
1789867344.577,5037,5.18999,0.62760,3.25724,1.550,1.548,998.5,171.63726,33.12086
1789867344.587,5038,5.18999,0.67768,3.51715,1.550,1.548,998.5,171.67259,33.12766
1789867344.597,5039,5.18999,0.63682,3.30509,1.550,1.548,998.5,171.70578,33.13406
1789867344.607,5040,5.18999,0.67818,3.51975,1.551,1.548,998.5,171.74093,33.14083
1789867344.617,5041,5.18999,0.63981,3.32061,1.551,1.548,998.5,171.77409,33.14722
1789867344.627,5042,5.18999,0.67843,3.52104,1.551,1.548,998.5,171.80926,33.15400
1789867344.637,5043,5.18999,0.63383,3.28957,1.551,1.548,998.5,171.84211,33.16033
1789867344.647,5044,5.18999,0.68067,3.53267,1.552,1.548,998.5,171.87747,33.16714
1789867344.657,5045,5.18999,0.63233,3.28179,1.551,1.548,998.5,171.91033,33.17347
1789867344.667,5046,5.18988,0.68366,3.54811,1.551,1.548,998.5,171.94584,33.18032
1789867344.677,5047,5.18988,0.62910,3.26495,1.550,1.548,998.5,171.97853,33.18661
1789867344.687,5048,5.18988,0.66103,3.43067,1.551,1.548,998.5,172.01283,33.19322
1789867344.697,5049,5.18988,0.63931,3.31794,1.550,1.548,998.5,172.04601,33.19961
1789867344.707,5050,5.18988,0.67992,3.52870,1.550,1.548,998.5,172.08129,33.20641
1789867344.717,5051,5.18988,0.63333,3.28691,1.551,1.548,998.5,172.11415,33.21275
1789867344.727,5052,5.18988,0.70509,3.65933,1.551,1.548,998.5,172.15075,33.21980
1789867344.737,5053,5.18988,0.64056,3.32443,1.552,1.549,998.5,172.18400,33.22620
1789867344.747,5054,5.18988,0.68167,3.53779,1.552,1.549,998.5,172.21939,33.23302
1789867344.757,5055,5.18988,0.63233,3.28172,1.551,1.549,998.5,172.25221,33.23935
1789867344.767,5056,5.19066,0.74744,3.87971,1.551,1.548,998.5,172.29097,33.24681
1789867344.777,5057,5.19066,0.62187,3.22792,1.551,1.548,998.5,172.32322,33.25303
1789867344.787,5058,5.19066,0.66996,3.47753,1.551,1.548,998.5,172.35796,33.25972
1789867344.797,5059,5.19066,0.62910,3.26544,1.551,1.548,998.5,172.39059,33.26601
1789867344.807,5060,5.17680,0.71754,3.71456,1.551,1.548,998.5,172.42773,33.27318
1789867344.817,5061,5.19066,0.63931,3.31844,1.551,1.548,998.5,172.46091,33.27957
1789867344.827,5062,5.19066,0.70832,3.67665,1.551,1.548,998.5,172.49767,33.28666
1789867344.837,5063,5.19066,0.63184,3.27967,1.551,1.548,998.5,172.53047,33.29297
1789867344.847,5064,5.16306,0.63632,3.28536,1.551,1.548,998.5,172.56328,33.29933
1789867344.857,5065,5.19066,0.63034,3.27188,1.550,1.548,998.5,172.59595,33.30562
1789867344.867,5066,5.19081,0.75242,3.90567,1.550,1.548,998.5,172.63496,33.31314
1789867344.877,5067,5.19081,0.62835,3.26165,1.550,1.548,998.5,172.66753,33.31941
1789867344.887,5068,5.19081,0.62984,3.26938,1.550,1.548,998.5,172.70030,33.32573
1789867344.897,5069,5.19081,0.63532,3.29783,1.551,1.548,998.5,172.73335,33.33209
1789867344.907,5070,5.19081,0.68042,3.53193,1.552,1.548,998.5,172.76875,33.33891
1789867344.917,5071,5.19081,0.64205,3.33276,1.551,1.548,998.5,172.80215,33.34535
1789867344.927,5072,5.19081,0.63209,3.28106,1.552,1.548,998.5,172.83496,33.35167
1789867344.937,5073,5.19081,0.63059,3.27327,1.552,1.548,998.5,172.86769,33.35797
1789867344.947,5074,5.16431,0.63109,3.25914,1.552,1.548,998.5,172.90029,33.36428
1789867344.957,5075,5.19081,0.62212,3.22931,1.552,1.548,998.5,172.93258,33.37051
1789867344.967,5076,5.19113,0.62835,3.26185,1.551,1.548,998.5,172.96515,33.37678
1789867344.977,5077,5.19113,0.63333,3.28770,1.552,1.548,998.5,172.99798,33.38310
1789867344.987,5078,5.18055,0.62959,3.26162,1.552,1.548,998.5,173.03054,33.38939
1789867344.997,5079,5.19113,0.63159,3.27867,1.551,1.548,998.5,173.06328,33.39570
1789867345.007,5080,5.19113,0.63084,3.27477,1.551,1.548,998.5,173.09608,33.40201
1789867345.017,5081,5.19113,0.63283,3.28510,1.551,1.548,998.5,173.12898,33.40835
1789867345.027,5082,5.19113,0.63233,3.28251,1.551,1.548,998.5,173.16186,33.41469
1789867345.037,5083,5.19113,0.63358,3.28900,1.552,1.548,998.5,173.19480,33.42103
1789867345.047,5084,5.19113,0.62586,3.24892,1.552,1.548,998.5,173.22730,33.42729
1789867345.057,5085,5.19113,0.62785,3.25925,1.552,1.548,998.5,173.25990,33.43357
1789867345.067,5086,5.20304,0.62660,3.26022,1.552,1.548,998.5,173.29251,33.43984
1789867345.077,5087,5.19136,0.63034,3.27232,1.552,1.548,998.5,173.32525,33.44615
1789867345.087,5088,5.19136,0.63134,3.27751,1.552,1.548,998.5,173.35798,33.45245
1789867345.097,5089,5.19136,0.64255,3.33571,1.551,1.548,998.5,173.39130,33.45887
1789867345.107,5090,5.19136,0.62710,3.25550,1.551,1.548,998.5,173.42381,33.46513
1789867345.117,5091,5.19136,0.74968,3.89186,1.551,1.548,998.5,173.46268,33.47262
1789867345.127,5092,5.19136,0.62934,3.26713,1.550,1.548,998.5,173.49535,33.47891
1789867345.137,5093,5.19136,0.68167,3.53879,1.550,1.548,998.5,173.53074,33.48573
1789867345.147,5094,5.19136,0.63059,3.27362,1.550,1.548,998.5,173.56347,33.49203
1789867345.157,5095,5.19136,0.67668,3.51289,1.550,1.548,998.5,173.59860,33.49880
1789867345.167,5096,5.19152,0.62785,3.25950,1.550,1.548,998.5,173.63101,33.50504
1789867345.177,5097,5.19152,0.67070,3.48195,1.550,1.548,998.5,173.66564,33.51171
1789867345.187,5098,5.19152,0.63134,3.27761,1.551,1.548,998.5,173.69824,33.51799
1789867345.197,5099,5.19152,0.67344,3.49618,1.551,1.548,998.5,173.73301,33.52469
1789867345.207,5100,5.19152,0.63059,3.27372,1.551,1.548,998.5,173.76589,33.53102
1789867345.217,5101,5.15181,0.65537,3.37634,1.551,1.548,998.5,173.79979,33.53761
1789867345.227,5102,5.19152,0.62586,3.24916,1.551,1.548,998.5,173.83242,33.54389
1789867345.237,5103,5.19152,0.68042,3.53241,1.551,1.548,998.5,173.86790,33.55072
1789867345.247,5104,5.19152,0.63084,3.27502,1.551,1.548,998.5,173.90071,33.55705
1789867345.257,5105,5.19152,0.67768,3.51819,1.551,1.548,998.5,173.93597,33.56384
1789867345.267,5106,5.20179,0.63557,3.30610,1.552,1.548,998.5,173.96909,33.57020
1789867345.277,5107,5.19144,0.68989,3.58152,1.552,1.548,998.5,174.00498,33.57712
1789867345.287,5108,5.19144,0.62611,3.25041,1.552,1.548,998.5,174.03756,33.58339
1789867345.297,5109,5.19144,0.68416,3.55178,1.552,1.548,998.5,174.07316,33.59025
1789867345.307,5110,5.19144,0.62611,3.25041,1.552,1.549,998.5,174.10574,33.59653
1789867345.317,5111,5.19144,0.75915,3.94108,1.551,1.548,998.5,174.14524,33.60413
1789867345.327,5112,5.19144,0.63557,3.29952,1.550,1.548,998.5,174.17806,33.61046
1789867345.337,5113,5.19144,0.67917,3.52587,1.551,1.548,998.5,174.21312,33.61721
1789867345.347,5114,5.19144,0.63408,3.29179,1.551,1.548,998.5,174.24586,33.62352
1789867345.357,5115,5.19144,0.72352,3.75611,1.551,1.548,998.5,174.28321,33.63071
1789867345.367,5116,5.19140,0.63034,3.27235,1.549,1.548,998.5,174.31592,33.63701
1789867345.377,5117,5.19140,0.70284,3.64872,1.550,1.548,998.5,174.35240,33.64404
1789867345.387,5118,5.19140,0.62785,3.25942,1.550,1.548,998.5,174.38498,33.65031
1789867345.397,5119,5.16056,0.63532,3.27861,1.550,1.548,998.5,174.41776,33.65667
1789867345.407,5120,5.19140,0.62611,3.25039,1.550,1.548,998.5,174.45037,33.66295
1789867345.417,5121,5.19140,0.67544,3.50648,1.550,1.548,998.5,174.48556,33.66973
1789867345.427,5122,5.19140,0.63258,3.28398,1.551,1.548,998.5,174.51851,33.67607
1789867345.437,5123,5.17680,0.64305,3.32894,1.551,1.548,998.5,174.55191,33.68253
1789867345.447,5124,5.19140,0.63806,3.31242,1.552,1.548,998.5,174.58505,33.68891
1789867345.457,5125,5.17306,0.71082,3.67711,1.552,1.548,998.5,174.62184,33.69602
1789867345.467,5126,5.19148,0.63009,3.27110,1.552,1.548,998.5,174.65456,33.70232
1789867345.477,5127,5.19148,0.62635,3.25168,1.552,1.548,998.5,174.68709,33.70859
1789867345.487,5128,5.19148,0.62934,3.26721,1.552,1.549,998.5,174.71977,33.71488
1789867345.497,5129,5.16056,0.64230,3.31463,1.552,1.548,998.5,174.75292,33.72131
1789867345.507,5130,5.19148,0.62660,3.25298,1.552,1.548,998.5,174.78546,33.72758
1789867345.517,5131,5.16806,0.62212,3.21515,1.552,1.548,998.5,174.81762,33.73380
1789867345.527,5132,5.16806,0.75990,3.92721,1.551,1.548,998.5,174.85682,33.74138
1789867345.537,5133,5.14182,0.69811,3.58956,1.551,1.548,998.5,174.89265,33.74835
1789867345.547,5134,5.19148,0.63358,3.28922,1.551,1.548,998.5,174.92549,33.75468
1789867345.557,5135,5.19148,0.63333,3.28792,1.551,1.548,998.5,174.95831,33.76100
1789867345.567,5136,5.19120,0.62810,3.26059,1.551,1.548,998.5,174.99083,33.76726
1789867345.577,5137,5.19120,0.62112,3.22436,1.552,1.548,998.5,175.02298,33.77346
1789867345.587,5138,5.19120,0.62760,3.25800,1.552,1.549,998.5,175.05547,33.77972
1789867345.597,5139,5.19120,0.62984,3.26963,1.552,1.549,998.5,175.08807,33.78600
1789867345.607,5140,5.19120,0.62685,3.25410,1.551,1.548,998.5,175.12070,33.79228
1789867345.617,5141,5.19120,0.63557,3.29937,1.551,1.548,998.5,175.15378,33.79865
1789867345.627,5142,5.16931,0.64180,3.31766,1.551,1.548,998.5,175.18704,33.80509
1789867345.637,5143,5.16681,0.76737,3.96485,1.550,1.548,998.5,175.22679,33.81278
1789867345.647,5144,5.17930,0.63308,3.27891,1.551,1.548,998.5,175.25962,33.81912
1789867345.657,5145,5.19120,0.62461,3.24248,1.550,1.548,998.5,175.29209,33.82537
1789867345.667,5146,5.19109,0.64180,3.33164,1.551,1.548,998.5,175.32545,33.83180
1789867345.677,5147,5.19109,0.62660,3.25274,1.552,1.548,998.5,175.35802,33.83807
1789867345.687,5148,5.19109,0.67195,3.48815,1.552,1.548,998.5,175.39276,33.84477
1789867345.697,5149,5.19109,0.62760,3.25793,1.552,1.549,998.5,175.42522,33.85102
1789867345.707,5150,5.19109,0.67818,3.52049,1.552,1.549,998.5,175.46029,33.85778
1789867345.717,5151,5.19109,0.63159,3.27864,1.552,1.549,998.5,175.49295,33.86407
1789867345.727,5152,5.19109,0.69637,3.61492,1.552,1.549,998.5,175.52910,33.87103
1789867345.737,5153,5.19109,0.63856,3.31482,1.552,1.549,998.5,175.56226,33.87742
1789867345.747,5154,5.19109,0.67768,3.51790,1.552,1.549,998.5,175.59744,33.88420
1789867345.757,5155,5.19109,0.62934,3.26696,1.551,1.548,998.5,175.63012,33.89049
1789867345.767,5156,5.19105,0.65717,3.41140,1.550,1.548,998.5,175.66436,33.89709
1789867345.777,5157,5.19105,0.62536,3.24628,1.551,1.548,998.5,175.69694,33.90336
1789867345.787,5158,5.19105,0.67394,3.49846,1.551,1.548,998.5,175.73205,33.91013
1789867345.797,5159,5.19105,0.63483,3.29543,1.551,1.548,998.5,175.76513,33.91650
1789867345.807,5160,5.19105,0.66821,3.46871,1.551,1.548,998.5,175.79982,33.92318
1789867345.817,5161,5.19105,0.64654,3.35622,1.551,1.548,998.5,175.83338,33.92965
1789867345.827,5162,5.19105,0.67569,3.50754,1.550,1.548,998.5,175.86846,33.93641
1789867345.837,5163,5.19105,0.63233,3.28246,1.551,1.548,998.5,175.90129,33.94273
1789867345.847,5164,5.19105,0.67843,3.52176,1.551,1.548,998.5,175.93645,33.94950
1789867345.857,5165,5.19105,0.63782,3.31096,1.551,1.548,998.5,175.96950,33.95587
1789867345.867,5166,5.19089,0.68042,3.53199,1.551,1.548,998.5,176.00475,33.96266
1789867345.877,5167,5.19089,0.63433,3.29274,1.551,1.548,998.5,176.03762,33.96899
1789867345.887,5168,5.19089,0.68042,3.53199,1.552,1.548,998.5,176.07290,33.97579
1789867345.897,5169,5.19089,0.63159,3.27851,1.552,1.548,998.5,176.10565,33.98210
1789867345.907,5170,5.17930,0.67494,3.49572,1.551,1.548,998.5,176.14056,33.98884
1789867345.917,5171,5.19089,0.63557,3.29917,1.551,1.548,998.5,176.17352,33.99519
1789867345.927,5172,5.19089,0.67070,3.48153,1.551,1.548,998.5,176.20844,34.00192
1789867345.937,5173,5.19089,0.63657,3.30436,1.550,1.548,998.5,176.24158,34.00830
1789867345.947,5174,5.16556,0.67893,3.50705,1.550,1.548,998.5,176.27675,34.01511
1789867345.957,5175,5.19089,0.63308,3.28625,1.550,1.548,998.5,176.30971,34.02146
1789867345.967,5176,5.19074,0.68167,3.53837,1.550,1.548,998.5,176.34503,34.02826
1789867345.977,5177,5.19074,0.63009,3.27063,1.550,1.548,998.5,176.37767,34.03455
1789867345.987,5178,5.17680,0.70334,3.64105,1.550,1.548,998.5,176.41401,34.04157
1789867345.997,5179,5.19074,0.63209,3.28101,1.551,1.548,998.5,176.44675,34.04788
1789867346.007,5180,5.17555,0.67444,3.49060,1.551,1.548,998.5,176.48176,34.05464
1789867346.017,5181,5.19074,0.62586,3.24868,1.551,1.548,998.5,176.51433,34.06092
1789867346.027,5182,5.19074,0.76538,3.97289,1.552,1.548,998.5,176.55417,34.06859
1789867346.037,5183,5.19074,0.75492,3.91859,1.552,1.548,998.5,176.59347,34.07616
1789867346.047,5184,5.15806,0.67768,3.49551,1.552,1.549,998.5,176.62832,34.08292
1789867346.057,5185,5.19074,0.64305,3.33791,1.551,1.548,998.5,176.66161,34.08933
1789867346.067,5186,5.19062,0.69587,3.61200,1.552,1.549,998.5,176.69763,34.09627
1789867346.077,5187,5.19062,0.62910,3.26542,1.551,1.548,998.5,176.73019,34.10255
1789867346.087,5188,5.17805,0.71455,3.69998,1.551,1.548,998.5,176.76719,34.10969
1789867346.097,5189,5.19062,0.62287,3.23308,1.551,1.548,998.5,176.79953,34.11592
1789867346.107,5190,5.19062,0.62436,3.24082,1.552,1.548,998.5,176.83194,34.12216
1789867346.117,5191,5.19062,0.63233,3.28218,1.552,1.548,998.5,176.86476,34.12849
1789867346.127,5192,5.17805,0.63582,3.29231,1.551,1.548,998.5,176.89779,34.13487
1789867346.137,5193,5.19062,0.65660,3.40816,1.552,1.548,998.5,176.93197,34.14145
1789867346.147,5194,5.19062,0.64105,3.32745,1.552,1.548,998.5,176.96535,34.14788
1789867346.157,5195,5.19062,0.63109,3.27575,1.552,1.548,998.5,176.99821,34.15421
1789867346.167,5196,5.19050,0.68939,3.57828,1.550,1.548,998.5,177.03388,34.16109
1789867346.177,5197,5.19050,0.62860,3.26275,1.551,1.548,998.5,177.06641,34.16735
1789867346.187,5198,5.19050,0.62984,3.26918,1.551,1.548,998.5,177.09900,34.17363
1789867346.197,5199,5.19050,0.62810,3.26015,1.551,1.548,998.5,177.13149,34.17989
1789867346.207,5200,5.19050,0.63557,3.29893,1.551,1.548,998.5,177.16434,34.18622
1789867346.217,5201,5.19050,0.65633,3.40668,1.550,1.548,998.5,177.19825,34.19275
1789867346.227,5202,5.19050,0.62386,3.23815,1.551,1.548,998.5,177.23049,34.19896
1789867346.237,5203,5.19050,0.67369,3.49679,1.551,1.548,998.5,177.26530,34.20567
1789867346.247,5204,5.14931,0.77634,3.99762,1.551,1.548,998.5,177.30550,34.21348
1789867346.257,5205,5.19050,0.67917,3.52523,1.551,1.548,998.5,177.34095,34.22031
1789867346.267,5206,5.19027,0.63358,3.28845,1.551,1.548,998.5,177.37402,34.22668
1789867346.277,5207,5.19027,0.69213,3.59234,1.551,1.548,998.5,177.41015,34.23364
1789867346.287,5208,5.20054,0.63009,3.27681,1.551,1.548,998.5,177.44285,34.23993
1789867346.297,5209,5.19027,0.67818,3.51994,1.551,1.548,998.5,177.47797,34.24670
1789867346.307,5210,5.19027,0.62835,3.26131,1.551,1.548,998.5,177.51052,34.25297
1789867346.317,5211,5.19027,0.65708,3.41042,1.551,1.548,998.5,177.54455,34.25952
1789867346.327,5212,5.19027,0.62885,3.26390,1.551,1.548,998.5,177.57717,34.26581
1789867346.337,5213,5.19027,0.67967,3.52767,1.551,1.548,998.5,177.61243,34.27260
1789867346.347,5214,5.16056,0.78681,4.06038,1.551,1.548,998.5,177.65301,34.28046
1789867346.357,5215,5.19027,0.66846,3.46949,1.551,1.548,998.5,177.68769,34.28715
1789867346.367,5216,5.18996,0.63557,3.29858,1.551,1.549,998.5,177.72077,34.29352
1789867346.377,5217,5.18996,0.69338,3.59861,1.551,1.548,998.5,177.75686,34.30047
1789867346.387,5218,5.18996,0.62860,3.26241,1.551,1.548,998.5,177.78957,34.30678
1789867346.397,5219,5.18996,0.67519,3.50421,1.551,1.548,998.5,177.82472,34.31355
1789867346.407,5220,5.18996,0.62959,3.26755,1.550,1.548,998.5,177.85733,34.31983
1789867346.417,5221,5.18996,0.67992,3.52876,1.550,1.548,998.5,177.89255,34.32662
1789867346.427,5222,5.18996,0.65833,3.41671,1.550,1.548,998.5,177.92666,34.33319
1789867346.437,5223,5.17805,0.72577,3.75807,1.550,1.548,998.5,177.96417,34.34043
1789867346.447,5224,5.18996,0.68341,3.54687,1.551,1.548,998.5,177.99983,34.34731
1789867346.457,5225,5.17930,0.72626,3.76152,1.550,1.548,998.5,178.03765,34.35461
1789867346.467,5226,5.18956,0.67743,3.51556,1.551,1.548,998.5,178.07300,34.36142
1789867346.477,5227,5.17555,0.72477,3.75108,1.551,1.548,998.5,178.11072,34.36871
1789867346.487,5228,5.18956,0.67195,3.48712,1.551,1.548,998.5,178.14552,34.37541
1789867346.497,5229,5.15931,0.71829,3.70588,1.551,1.548,998.5,178.18251,34.38258
1789867346.507,5230,5.18956,0.66063,3.42838,1.551,1.548,998.5,178.21673,34.38918
1789867346.517,5231,5.18956,0.67868,3.52205,1.551,1.549,998.5,178.25188,34.39595
1789867346.527,5232,5.20054,0.64504,3.35456,1.550,1.548,998.5,178.28539,34.40239
1789867346.537,5233,5.17555,0.70185,3.63246,1.551,1.548,998.5,178.32166,34.40940
1789867346.547,5234,5.18956,0.64180,3.33066,1.550,1.548,998.5,178.35493,34.41581
1789867346.557,5235,5.18956,0.68416,3.55049,1.550,1.548,998.5,178.39039,34.42265
1789867346.567,5236,5.18945,0.62835,3.26079,1.550,1.548,998.5,178.42290,34.42891
1789867346.577,5237,5.18945,0.76289,3.95898,1.550,1.548,998.5,178.46238,34.43652
1789867346.587,5238,5.18945,0.62536,3.24527,1.550,1.548,998.5,178.49474,34.44275
1789867346.597,5239,5.16306,0.66169,3.41635,1.550,1.548,998.5,178.52881,34.44935
1789867346.607,5240,5.18945,0.63333,3.28663,1.551,1.548,998.5,178.56172,34.45569
1789867346.617,5241,5.18945,0.70509,3.65903,1.551,1.548,998.5,178.59836,34.46276
1789867346.627,5242,5.18945,0.62910,3.26468,1.551,1.548,998.5,178.63106,34.46906
1789867346.637,5243,5.18945,0.64006,3.32156,1.551,1.548,998.5,178.66432,34.47546
1789867346.647,5244,5.18945,0.62386,3.23749,1.551,1.548,998.5,178.69670,34.48170
1789867346.657,5245,5.18945,0.66169,3.43381,1.551,1.548,998.5,178.73104,34.48832
1789867346.667,5246,5.18956,0.63632,3.30222,1.551,1.548,998.5,178.76407,34.49469
1789867346.677,5247,5.18956,0.77609,4.02757,1.551,1.548,998.5,178.80435,34.50245
1789867346.687,5248,5.18956,0.63084,3.27378,1.552,1.548,998.5,178.83709,34.50876
1789867346.697,5249,5.20054,0.63956,3.32606,1.552,1.548,998.5,178.87035,34.51515
1789867346.707,5250,5.18956,0.62959,3.26730,1.551,1.548,998.5,178.90302,34.52145
1789867346.717,5251,5.18956,0.69985,3.63191,1.551,1.548,998.5,178.93933,34.52845
1789867346.727,5252,5.18956,0.63009,3.26989,1.551,1.548,998.5,178.97208,34.53476
1789867346.737,5253,5.18956,0.63233,3.28151,1.552,1.548,998.5,179.00494,34.54109
1789867346.747,5254,5.18956,0.62710,3.25437,1.551,1.548,998.5,179.03754,34.54737
1789867346.757,5255,5.16431,0.82841,4.27817,1.550,1.548,998.5,179.08038,34.55566
1789867346.767,5256,5.18953,0.63931,3.31772,1.551,1.548,998.5,179.11345,34.56204
1789867346.777,5257,5.18953,0.63408,3.29058,1.551,1.548,998.5,179.14626,34.56836
1789867346.787,5258,5.18953,0.66057,3.42805,1.551,1.548,998.5,179.18043,34.57494
1789867346.797,5259,5.18953,0.62511,3.24403,1.551,1.548,998.5,179.21277,34.58118
1789867346.807,5260,5.18953,0.66057,3.42805,1.551,1.548,998.5,179.24707,34.58779
1789867346.817,5261,5.18953,0.63233,3.28150,1.551,1.549,998.5,179.27990,34.59411
1789867346.827,5262,5.18953,0.67718,3.51425,1.551,1.548,998.5,179.31506,34.60089
1789867346.837,5263,5.18953,0.62735,3.25565,1.550,1.548,998.5,179.34764,34.60716
1789867346.847,5264,5.18953,0.67893,3.52333,1.550,1.548,998.5,179.38302,34.61398
1789867346.857,5265,5.16056,0.63632,3.28377,1.550,1.548,998.5,179.41600,34.62037
1789867346.867,5266,5.18960,0.64330,3.33847,1.550,1.548,998.5,179.44953,34.62684
1789867346.877,5267,5.18960,0.63233,3.28154,1.550,1.548,998.5,179.48249,34.63319
1789867346.887,5268,5.18960,0.67793,3.51819,1.550,1.548,998.5,179.51754,34.63994
1789867346.897,5269,5.18960,0.62436,3.24018,1.550,1.548,998.5,179.54982,34.64616
1789867346.907,5270,5.18960,0.66080,3.42929,1.551,1.548,998.5,179.58399,34.65274
1789867346.917,5271,5.18960,0.62885,3.26348,1.552,1.548,998.5,179.61650,34.65901
1789867346.927,5272,5.18960,0.67344,3.49488,1.550,1.548,998.5,179.65150,34.66575
1789867346.937,5273,5.18960,0.62635,3.25051,1.551,1.548,998.5,179.68406,34.67203
1789867346.947,5274,5.18960,0.71630,3.71731,1.551,1.548,998.5,179.72129,34.67920
1789867346.957,5275,5.18960,0.62710,3.25440,1.550,1.548,998.5,179.75389,34.68548
1789867346.967,5276,5.18960,0.67967,3.52722,1.549,1.548,998.5,179.78911,34.69227
1789867346.977,5277,5.18960,0.63209,3.28029,1.549,1.548,998.5,179.82186,34.69858
1789867346.987,5278,5.18960,0.69612,3.61258,1.549,1.548,998.5,179.85793,34.70553
1789867346.997,5279,5.20054,0.63209,3.28721,1.549,1.548,998.5,179.89076,34.71184
1789867347.007,5280,5.18960,0.68117,3.53500,1.549,1.548,998.5,179.92611,34.71866
1789867347.017,5281,5.18960,0.62436,3.24018,1.550,1.548,998.5,179.95852,34.72490
1789867347.027,5282,5.18960,0.67270,3.49104,1.550,1.548,998.5,179.99344,34.73163
1789867347.037,5283,5.18960,0.62411,3.23888,1.550,1.548,998.5,180.02583,34.73787
1789867347.047,5284,5.18960,0.68789,3.56987,1.551,1.548,998.5,180.06159,34.74476
1789867347.057,5285,5.18960,0.63508,3.29581,1.550,1.548,998.5,180.09460,34.75112
1789867347.067,5286,5.13182,0.84934,4.35866,1.551,1.548,998.5,180.13825,34.75963
1789867347.077,5287,5.18949,0.63034,3.27114,1.551,1.548,998.5,180.17101,34.76594
1789867347.087,5288,5.18949,0.69761,3.62024,1.551,1.548,998.5,180.20712,34.77290
1789867347.097,5289,5.18949,0.63009,3.26985,1.551,1.548,998.5,180.23973,34.77918
1789867347.107,5290,5.18949,0.67768,3.51681,1.551,1.548,998.5,180.27481,34.78594
1789867347.117,5291,5.18949,0.63059,3.27244,1.551,1.548,998.5,180.30745,34.79223
1789867347.127,5292,5.18949,0.74495,3.86591,1.551,1.548,998.5,180.34616,34.79969
1789867347.137,5293,5.18949,0.62735,3.25563,1.551,1.548,998.5,180.37875,34.80597
1789867347.147,5294,5.18949,0.67917,3.52455,1.551,1.548,998.5,180.41404,34.81277
1789867347.157,5295,5.18949,0.63084,3.27374,1.551,1.548,998.5,180.44682,34.81909
1789867347.167,5296,5.17680,0.73748,3.81779,1.552,1.548,998.5,180.48496,34.82646
1789867347.177,5297,5.18925,0.64355,3.33954,1.551,1.548,998.5,180.51833,34.83289
1789867347.187,5298,5.18925,0.69886,3.62656,1.551,1.548,998.5,180.55456,34.83987
1789867347.197,5299,5.18925,0.62436,3.23996,1.551,1.548,998.5,180.58693,34.84611
1789867347.207,5300,5.16306,0.63607,3.28407,1.551,1.548,998.5,180.61997,34.85250
1789867347.217,5301,5.18925,0.63109,3.27488,1.551,1.548,998.5,180.65291,34.85885
1789867347.227,5302,5.18925,0.76663,3.97823,1.551,1.548,998.5,180.69293,34.86656
1789867347.237,5303,5.18925,0.63532,3.29683,1.551,1.548,998.5,180.72609,34.87296
1789867347.247,5304,5.20054,0.63283,3.29106,1.551,1.548,998.5,180.75886,34.87926
1789867347.257,5305,5.18925,0.62486,3.24255,1.551,1.548,998.5,180.79115,34.88548
1789867347.267,5306,5.18917,0.72028,3.73766,1.551,1.548,998.5,180.82837,34.89265
1789867347.277,5307,5.18917,0.63184,3.27873,1.551,1.548,998.5,180.86102,34.89894
1789867347.287,5308,5.18917,0.63582,3.29938,1.551,1.548,998.5,180.89401,34.90530
1789867347.297,5309,5.18917,0.62337,3.23477,1.551,1.548,998.5,180.92636,34.91153
1789867347.307,5310,5.20054,0.63981,3.32736,1.551,1.548,998.5,180.95963,34.91793
1789867347.317,5311,5.22429,0.54713,2.85837,1.552,1.549,998.5,180.98822,34.92340
1789867347.327,5312,5.20429,0.59048,3.07303,1.552,1.548,998.5,181.01891,34.92930
1789867347.337,5313,5.21304,0.54887,2.86128,1.552,1.549,998.5,181.04750,34.93479
1789867347.347,5314,5.21179,0.54787,2.85538,1.552,1.549,998.5,181.07602,34.94026
1789867347.357,5315,5.20804,0.58574,3.05056,1.552,1.548,998.5,181.10649,34.94611
1789867347.367,5316,5.21554,0.59671,3.11216,1.551,1.548,998.5,181.13762,34.95208
1789867347.377,5317,5.21679,0.57104,2.97900,1.550,1.548,998.5,181.16741,34.95779
1789867347.387,5318,5.20429,0.59197,3.08078,1.551,1.548,998.5,181.19822,34.96371
1789867347.397,5319,5.21304,0.54463,2.83918,1.550,1.548,998.5,181.22661,34.96915
1789867347.407,5320,5.20804,0.55435,2.88708,1.550,1.548,998.5,181.25550,34.97470
1789867347.417,5321,5.19054,0.63258,3.28343,1.550,1.548,998.5,181.28836,34.98103
1789867347.427,5322,5.20554,0.58126,3.02577,1.550,1.548,998.5,181.31863,34.98685
1789867347.437,5323,5.19054,0.60916,3.16187,1.550,1.548,998.5,181.35027,34.99294
1789867347.447,5324,5.20804,0.61988,3.22836,1.550,1.548,998.5,181.38258,34.99915
1789867347.457,5325,5.19054,0.61265,3.17998,1.551,1.548,998.5,181.41441,35.00528
1789867347.467,5326,5.19230,0.64822,3.36575,1.551,1.548,998.5,181.44809,35.01176
1789867347.477,5327,5.20679,0.59023,3.07320,1.552,1.548,998.5,181.47884,35.01767
1789867347.487,5328,5.19230,0.61265,3.18106,1.552,1.549,998.5,181.51060,35.02379
1789867347.497,5329,5.20429,0.59347,3.08859,1.552,1.549,998.5,181.54143,35.02971
1789867347.507,5330,5.20554,0.58450,3.04264,1.552,1.548,998.5,181.57180,35.03555
1789867347.517,5331,5.19230,0.60044,3.11766,1.551,1.548,998.5,181.60292,35.04154
1789867347.527,5332,5.19230,0.63607,3.30267,1.551,1.548,998.5,181.63584,35.04788
1789867347.537,5333,5.20804,0.58624,3.05316,1.551,1.548,998.5,181.66628,35.05372
1789867347.547,5334,5.19230,0.61714,3.20438,1.551,1.548,998.5,181.69822,35.05988
1789867347.557,5335,5.20929,0.59571,3.10323,1.551,1.548,998.5,181.72916,35.06582
1789867347.567,5336,5.19413,0.59745,3.10323,1.551,1.548,998.5,181.76030,35.07181
1789867347.577,5337,5.18180,0.62237,3.22500,1.551,1.548,998.5,181.79266,35.07805
1789867347.587,5338,5.20679,0.59347,3.09007,1.551,1.548,998.5,181.82366,35.08401
1789867347.597,5339,5.19413,0.61166,3.17704,1.551,1.548,998.5,181.85554,35.09015
1789867347.607,5340,5.20679,0.59147,3.07966,1.551,1.548,998.5,181.88640,35.09607
1789867347.617,5341,5.19413,0.61838,3.21195,1.552,1.548,998.5,181.91858,35.10227
1789867347.627,5342,5.20929,0.58973,3.07207,1.551,1.548,998.5,181.94936,35.10818
1789867347.637,5343,5.20804,0.59222,3.08431,1.552,1.548,998.5,181.98027,35.11411
1789867347.647,5344,5.19413,0.61066,3.17185,1.552,1.548,998.5,182.01194,35.12021
1789867347.657,5345,5.20679,0.58076,3.02390,1.552,1.548,998.5,182.04213,35.12601
1789867347.667,5346,5.19519,0.60817,3.15956,1.552,1.548,998.5,182.07368,35.13208
1789867347.677,5347,5.20804,0.60767,3.16477,1.552,1.548,998.5,182.10528,35.13815
1789867347.687,5348,5.19519,0.63561,3.30211,1.551,1.548,998.5,182.13826,35.14450
1789867347.697,5349,5.19519,0.62287,3.23593,1.551,1.548,998.5,182.17059,35.15072
1789867347.707,5350,5.20679,0.59297,3.08747,1.552,1.548,998.5,182.20143,35.15664
1789867347.717,5351,5.20679,0.58599,3.05113,1.552,1.549,998.5,182.23190,35.16250
1789867347.727,5352,5.19519,0.60991,3.16860,1.552,1.548,998.5,182.26360,35.16860
1789867347.737,5353,5.20679,0.59222,3.08357,1.552,1.548,998.5,182.29445,35.17452
1789867347.747,5354,5.19519,0.58674,3.04823,1.552,1.548,998.5,182.32495,35.18039
1789867347.757,5355,5.19519,0.61415,3.19063,1.552,1.548,998.5,182.35687,35.18654
1789867347.767,5356,5.20679,0.59696,3.10825,1.551,1.548,998.5,182.38797,35.19251
1789867347.777,5357,5.19605,0.63126,3.28006,1.550,1.547,998.5,182.42079,35.19883
1789867347.787,5358,5.19605,0.64728,3.36330,1.551,1.548,998.5,182.45444,35.20530
1789867347.797,5359,5.20804,0.59720,3.11024,1.551,1.548,998.5,182.48556,35.21128
1789867347.807,5360,5.19605,0.61714,3.20669,1.550,1.548,998.5,182.51768,35.21746
1789867347.817,5361,5.19605,0.58824,3.05652,1.550,1.548,998.5,182.54829,35.22335
1789867347.827,5362,5.19605,0.63126,3.28006,1.550,1.548,998.5,182.58114,35.22967
1789867347.837,5363,5.20804,0.58998,3.07264,1.550,1.548,998.5,182.61192,35.23558
1789867347.847,5364,5.20679,0.58624,3.05243,1.550,1.548,998.5,182.64237,35.24143
1789867347.857,5365,5.19605,0.63126,3.28006,1.550,1.548,998.5,182.67510,35.24773
1789867347.867,5366,5.19718,0.58475,3.03905,1.551,1.548,998.5,182.70542,35.25356
1789867347.877,5367,5.19718,0.61016,3.17111,1.551,1.548,998.5,182.73707,35.25965
1789867347.887,5368,5.19718,0.64031,3.32781,1.551,1.548,998.5,182.77035,35.26606
1789867347.897,5369,5.19718,0.59197,3.07657,1.551,1.548,998.5,182.80112,35.27198
1789867347.907,5370,5.19718,0.62672,3.25718,1.550,1.548,998.5,182.83369,35.27824
1789867347.917,5371,5.20929,0.59372,3.09286,1.550,1.548,998.5,182.86463,35.28418
1789867347.927,5372,5.19718,0.58674,3.04939,1.550,1.548,998.5,182.89513,35.29005
1789867347.937,5373,5.19718,0.60543,3.14653,1.550,1.548,998.5,182.92660,35.29611
1789867347.947,5374,5.20804,0.58774,3.06097,1.550,1.548,998.5,182.95722,35.30199
1789867347.957,5375,5.19718,0.59073,3.07013,1.550,1.548,998.5,182.98793,35.30790
1789867347.967,5376,5.19831,0.62244,3.23564,1.551,1.548,998.5,183.02031,35.31412
1789867347.977,5377,5.19831,0.60717,3.15626,1.551,1.548,998.5,183.05189,35.32020
1789867347.987,5378,5.19831,0.67070,3.48651,1.551,1.548,998.5,183.08678,35.32691
1789867347.997,5379,5.19831,0.59770,3.10703,1.552,1.549,998.5,183.11788,35.33289
1789867348.007,5380,5.19831,0.59272,3.08114,1.551,1.548,998.5,183.14862,35.33881
1789867348.017,5381,5.19831,0.62244,3.23564,1.552,1.549,998.5,183.18091,35.34502
1789867348.027,5382,5.19831,0.58026,3.01637,1.551,1.548,998.5,183.21101,35.35081
1789867348.037,5383,5.19831,0.62244,3.23564,1.552,1.548,998.5,183.24330,35.35702
1789867348.047,5384,5.19831,0.62244,3.23564,1.552,1.549,998.5,183.27570,35.36325
1789867348.057,5385,5.20929,0.58699,3.05780,1.551,1.548,998.5,183.30631,35.36913
1789867348.067,5386,5.19948,0.61694,3.20777,1.551,1.548,998.5,183.33843,35.37531
1789867348.077,5387,5.19948,0.59696,3.10388,1.551,1.548,998.5,183.36950,35.38128
1789867348.087,5388,5.19948,0.67893,3.53008,1.550,1.548,998.5,183.40484,35.38808
1789867348.097,5389,5.18305,0.64454,3.34068,1.550,1.548,998.5,183.43829,35.39453
1789867348.107,5390,5.19948,0.58948,3.06499,1.551,1.548,998.5,183.46897,35.40043
1789867348.117,5391,5.19948,0.61694,3.20777,1.552,1.548,998.5,183.50108,35.40661
1789867348.127,5392,5.19948,0.64355,3.34613,1.551,1.548,998.5,183.53454,35.41304
1789867348.137,5393,5.19948,0.59297,3.08314,1.552,1.548,998.5,183.56536,35.41897
1789867348.147,5394,5.19948,0.59571,3.09738,1.552,1.548,998.5,183.59633,35.42493
1789867348.157,5395,5.19948,0.61694,3.20777,1.551,1.548,998.5,183.62840,35.43110
1789867348.167,5396,5.20089,0.58824,3.05937,1.550,1.548,998.5,183.65895,35.43697
1789867348.177,5397,5.20089,0.61113,3.17842,1.549,1.548,998.5,183.69069,35.44307
1789867348.187,5398,5.20089,0.61113,3.17842,1.550,1.548,998.5,183.72243,35.44918
1789867348.197,5399,5.20089,0.62511,3.25113,1.550,1.548,998.5,183.75490,35.45542
1789867348.207,5400,5.20089,0.63233,3.28868,1.550,1.548,998.5,183.78766,35.46172
1789867348.217,5401,5.20089,0.61113,3.17842,1.550,1.548,998.5,183.81932,35.46781
1789867348.227,5402,5.20089,0.61113,3.17842,1.551,1.548,998.5,183.85098,35.47389
1789867348.237,5403,5.20089,0.58300,3.03212,1.551,1.548,998.5,183.88118,35.47970
1789867348.247,5404,5.20089,0.58300,3.03212,1.551,1.548,998.5,183.91166,35.48556
1789867348.257,5405,5.20089,0.61113,3.17842,1.552,1.548,998.5,183.94361,35.49170
1789867348.267,5406,5.20202,0.59172,3.07814,1.552,1.548,998.5,183.97456,35.49765
1789867348.277,5407,5.20202,0.59372,3.08854,1.551,1.548,998.5,184.00561,35.50362
1789867348.287,5408,5.20202,0.62038,3.22723,1.551,1.548,998.5,184.03784,35.50982
1789867348.297,5409,5.20202,0.59521,3.09629,1.552,1.548,998.5,184.06876,35.51576
1789867348.307,5410,5.20202,0.58749,3.05613,1.551,1.548,998.5,184.09929,35.52163
1789867348.317,5411,5.20202,0.60659,3.15549,1.551,1.548,998.5,184.13080,35.52769
1789867348.327,5412,5.20202,0.57976,3.01592,1.551,1.548,998.5,184.16096,35.53349
1789867348.337,5413,5.20202,0.59397,3.08984,1.551,1.548,998.5,184.19186,35.53942
1789867348.347,5414,5.20202,0.60659,3.15549,1.551,1.548,998.5,184.22341,35.54549
1789867348.357,5415,5.20202,0.58799,3.05874,1.551,1.548,998.5,184.25399,35.55137
1789867348.367,5416,5.20272,0.62087,3.23021,1.551,1.548,998.5,184.28628,35.55758
1789867348.377,5417,5.20272,0.59122,3.07595,1.550,1.548,998.5,184.31703,35.56349
1789867348.387,5418,5.20272,0.58674,3.05264,1.550,1.548,998.5,184.34755,35.56935
1789867348.397,5419,5.20272,0.61639,3.20690,1.550,1.548,998.5,184.37961,35.57551
1789867348.407,5420,5.20272,0.58948,3.06690,1.550,1.548,998.5,184.41033,35.58142
1789867348.417,5421,5.20272,0.60384,3.14161,1.550,1.548,998.5,184.44179,35.58747
1789867348.427,5422,5.20272,0.62087,3.23021,1.550,1.548,998.5,184.47415,35.59368
1789867348.437,5423,5.20272,0.60384,3.14161,1.549,1.548,998.5,184.50561,35.59973
1789867348.447,5424,5.20272,0.58549,3.04614,1.550,1.548,998.5,184.53599,35.60557
1789867348.457,5425,5.20272,0.60384,3.14161,1.549,1.548,998.5,184.56732,35.61159
1789867348.467,5426,5.20226,0.58599,3.04847,1.550,1.548,998.5,184.59772,35.61744
1789867348.477,5427,5.20226,0.60687,3.15710,1.550,1.548,998.5,184.62921,35.62349
1789867348.487,5428,5.20226,0.58824,3.06018,1.551,1.548,998.5,184.65987,35.62938
1789867348.497,5429,5.19180,0.63806,3.31268,1.551,1.548,998.5,184.69305,35.63578
1789867348.507,5430,5.20226,0.63433,3.29995,1.551,1.548,998.5,184.72612,35.64213
1789867348.517,5431,5.20226,0.59272,3.08348,1.552,1.548,998.5,184.75701,35.64807
1789867348.527,5432,5.20226,0.60687,3.15710,1.552,1.548,998.5,184.78862,35.65415
1789867348.537,5433,5.20226,0.60687,3.15710,1.552,1.549,998.5,184.82022,35.66022
1789867348.547,5434,5.20226,0.58226,3.02907,1.552,1.549,998.5,184.85055,35.66605
1789867348.557,5435,5.20226,0.59347,3.08739,1.551,1.548,998.5,184.88146,35.67199
1789867348.567,5436,5.20214,0.60704,3.15791,1.551,1.548,998.5,184.91297,35.67805
1789867348.577,5437,5.20214,0.59048,3.07176,1.550,1.548,998.5,184.94362,35.68394
1789867348.587,5438,5.20214,0.63831,3.32058,1.551,1.548,998.5,184.97675,35.69031
1789867348.597,5439,5.18805,0.59272,3.07506,1.550,1.548,998.5,185.00744,35.69622
1789867348.607,5440,5.20214,0.60704,3.15791,1.551,1.548,998.5,185.03907,35.70231
1789867348.617,5441,5.20214,0.64330,3.34654,1.551,1.548,998.5,185.07260,35.70875
1789867348.627,5442,5.20214,0.58749,3.05621,1.551,1.548,998.5,185.10322,35.71464
1789867348.637,5443,5.20214,0.62337,3.24286,1.551,1.548,998.5,185.13571,35.72088
1789867348.647,5444,5.20214,0.64255,3.34264,1.551,1.548,998.5,185.16913,35.72731
1789867348.657,5445,5.20214,0.58948,3.06656,1.551,1.548,998.5,185.19978,35.73320
1789867348.667,5446,5.20222,0.60682,3.15681,1.551,1.548,998.5,185.23134,35.73926
1789867348.677,5447,5.20222,0.58873,3.06270,1.550,1.548,998.5,185.26195,35.74515
1789867348.687,5448,5.20222,0.60682,3.15681,1.550,1.548,998.5,185.29349,35.75121
1789867348.697,5449,5.18680,0.60682,3.14745,1.551,1.548,998.5,185.32492,35.75727
1789867348.707,5450,5.20222,0.59446,3.09251,1.551,1.548,998.5,185.35581,35.76321
1789867348.717,5451,5.20222,0.62287,3.24031,1.551,1.548,998.5,185.38818,35.76943
1789867348.727,5452,5.20222,0.59122,3.07566,1.551,1.548,998.5,185.41896,35.77535
1789867348.737,5453,5.20222,0.60682,3.15681,1.551,1.548,998.5,185.45055,35.78142
1789867348.747,5454,5.20222,0.58998,3.06921,1.551,1.548,998.5,185.48127,35.78732
1789867348.757,5455,5.20222,0.58176,3.02644,1.550,1.548,998.5,185.51155,35.79315
1789867348.767,5456,5.20229,0.60626,3.15394,1.551,1.548,998.5,185.54307,35.79920
1789867348.777,5457,5.20229,0.58574,3.04719,1.551,1.548,998.5,185.57351,35.80506
1789867348.787,5458,5.20229,0.61838,3.21699,1.551,1.548,998.5,185.60566,35.81124
1789867348.797,5459,5.20229,0.60626,3.15394,1.550,1.548,998.5,185.63717,35.81729
1789867348.807,5460,5.20229,0.64031,3.33108,1.550,1.548,998.5,185.67049,35.82370
1789867348.817,5461,5.20229,0.60626,3.15394,1.550,1.548,998.5,185.70205,35.82976
1789867348.827,5462,5.20229,0.59247,3.08220,1.550,1.548,998.5,185.73288,35.83569
1789867348.837,5463,5.20229,0.59297,3.08480,1.550,1.548,998.5,185.76374,35.84162
1789867348.847,5464,5.20229,0.60626,3.15394,1.550,1.548,998.5,185.79534,35.84770
1789867348.857,5465,5.20229,0.58475,3.04204,1.550,1.548,998.5,185.82582,35.85356
1789867348.867,5466,5.20245,0.58799,3.05899,1.551,1.548,998.5,185.85646,35.85945
1789867348.877,5467,5.20245,0.61863,3.21839,1.550,1.548,998.5,185.88870,35.86564
1789867348.887,5468,5.20245,0.59546,3.09785,1.551,1.548,998.5,185.91961,35.87158
1789867348.897,5469,5.20245,0.60592,3.15227,1.550,1.548,998.5,185.95107,35.87763
1789867348.907,5470,5.20245,0.60592,3.15227,1.551,1.548,998.5,185.98252,35.88368
1789867348.917,5471,5.20245,0.58923,3.06544,1.552,1.548,998.5,186.01310,35.88956
1789867348.927,5472,5.20245,0.62038,3.22750,1.551,1.548,998.5,186.04542,35.89577
1789867348.937,5473,5.20245,0.59446,3.09265,1.551,1.548,998.5,186.07638,35.90172
1789867348.947,5474,5.20245,0.61838,3.21709,1.551,1.548,998.5,186.10859,35.90791
1789867348.957,5475,5.20245,0.59098,3.07454,1.551,1.548,998.5,186.13937,35.91383
1789867348.967,5476,5.20237,0.58774,3.05764,1.551,1.548,998.5,186.16990,35.91969
1789867348.977,5477,5.20237,0.60562,3.15066,1.549,1.548,998.5,186.20136,35.92574
1789867348.987,5478,5.20237,0.58599,3.04854,1.550,1.548,998.5,186.23180,35.93159
1789867348.997,5479,5.20237,0.60562,3.15066,1.550,1.548,998.5,186.26326,35.93764
1789867349.007,5480,5.20237,0.60562,3.15066,1.550,1.548,998.5,186.29486,35.94371
1789867349.017,5481,5.20237,0.60562,3.15066,1.550,1.548,998.5,186.32647,35.94979
1789867349.027,5482,5.20237,0.62361,3.24425,1.550,1.548,998.5,186.35901,35.95604
1789867349.037,5483,5.20237,0.58998,3.06929,1.550,1.548,998.5,186.38979,35.96196
1789867349.047,5484,5.20237,0.59147,3.07705,1.550,1.548,998.5,186.42047,35.96786
1789867349.057,5485,5.20237,0.60562,3.15066,1.550,1.548,998.5,186.45187,35.97389
1789867349.067,5486,5.20229,0.58176,3.02648,1.551,1.548,998.5,186.48204,35.97969
1789867349.077,5487,5.20229,0.59023,3.07055,1.551,1.548,998.5,186.51265,35.98558
1789867349.087,5488,5.20229,0.63557,3.30642,1.551,1.548,998.5,186.54578,35.99195
1789867349.097,5489,5.20229,0.59147,3.07700,1.551,1.548,998.5,186.57662,35.99787
1789867349.107,5490,5.20229,0.61714,3.21054,1.551,1.548,998.5,186.60879,36.00406
1789867349.117,5491,5.20229,0.59446,3.09255,1.551,1.548,998.5,186.63979,36.01002
1789867349.127,5492,5.20229,0.58549,3.04589,1.551,1.548,998.5,186.67017,36.01586
1789867349.137,5493,5.20229,0.63408,3.29867,1.550,1.548,998.5,186.70306,36.02218
1789867349.147,5494,5.20229,0.58151,3.02518,1.550,1.548,998.5,186.73324,36.02798
1789867349.157,5495,5.20229,0.58450,3.04074,1.550,1.548,998.5,186.76356,36.03381
1789867349.167,5496,5.20237,0.62137,3.23260,1.551,1.548,998.5,186.79589,36.04002
1789867349.177,5497,5.20237,0.59098,3.07450,1.551,1.548,998.5,186.82664,36.04593
1789867349.187,5498,5.20237,0.60552,3.15014,1.551,1.548,998.5,186.85814,36.05199
1789867349.197,5499,5.20237,0.67270,3.49963,1.551,1.548,998.5,186.89314,36.05872
1789867349.207,5500,5.20237,0.65675,3.41666,1.551,1.548,998.5,186.92720,36.06526
1789867349.217,5501,5.18180,0.69512,3.60197,1.551,1.548,998.5,186.96310,36.07219
1789867349.227,5502,5.20237,0.63233,3.28961,1.551,1.548,998.5,186.99588,36.07849
1789867349.237,5503,5.19055,0.65102,3.37915,1.551,1.548,998.5,187.02956,36.08498
1789867349.247,5504,5.18930,0.62660,3.25162,1.551,1.548,998.5,187.06221,36.09127
1789867349.257,5505,5.20237,0.65850,3.42576,1.551,1.548,998.5,187.09661,36.09789
1789867349.267,5506,5.18805,0.67594,3.50681,1.551,1.548,998.5,187.13183,36.10467
1789867349.277,5507,5.20183,0.61963,3.22321,1.551,1.548,998.5,187.16420,36.11090
1789867349.287,5508,5.20183,0.60815,3.16349,1.550,1.548,998.5,187.19585,36.11698
1789867349.297,5509,5.20183,0.59172,3.07803,1.550,1.548,998.5,187.22666,36.12290
1789867349.307,5510,5.20183,0.60815,3.16349,1.551,1.548,998.5,187.25832,36.12899
1789867349.317,5511,5.18930,0.65301,3.38866,1.552,1.548,998.5,187.29223,36.13552
1789867349.327,5512,5.20183,0.59795,3.11043,1.551,1.548,998.5,187.32330,36.14150
1789867349.337,5513,5.20183,0.60815,3.16349,1.551,1.548,998.5,187.35491,36.14757
1789867349.347,5514,5.20183,0.59048,3.07158,1.551,1.548,998.5,187.38560,36.15347
1789867349.357,5515,5.20183,0.60815,3.16349,1.551,1.548,998.5,187.41720,36.15955
1789867349.367,5516,5.20151,0.58525,3.04418,1.550,1.548,998.5,187.44769,36.16541
1789867349.377,5517,5.20151,0.58724,3.05453,1.549,1.548,998.5,187.47828,36.17129
1789867349.387,5518,5.20151,0.60913,3.16840,1.550,1.548,998.5,187.51000,36.17739
1789867349.397,5519,5.20151,0.58176,3.02603,1.551,1.548,998.5,187.54031,36.18322
1789867349.407,5520,5.20151,0.58948,3.06619,1.551,1.548,998.5,187.57098,36.18911
1789867349.417,5521,5.20151,0.68167,3.54571,1.551,1.548,998.5,187.60645,36.19593
1789867349.427,5522,5.20151,0.59646,3.10249,1.551,1.548,998.5,187.63749,36.20190
1789867349.437,5523,5.20151,0.60913,3.16840,1.551,1.548,998.5,187.66919,36.20799
1789867349.447,5524,5.20151,0.61988,3.22431,1.552,1.548,998.5,187.70135,36.21418
1789867349.457,5525,5.20151,0.58275,3.03118,1.551,1.548,998.5,187.73159,36.21999
1789867349.467,5526,5.20144,0.60911,3.16825,1.551,1.548,998.5,187.76319,36.22607
1789867349.477,5527,5.20144,0.58475,3.04154,1.551,1.548,998.5,187.79353,36.23190
1789867349.487,5528,5.20144,0.58375,3.03634,1.551,1.548,998.5,187.82393,36.23774
1789867349.497,5529,5.20144,0.60911,3.16825,1.551,1.548,998.5,187.85565,36.24384
1789867349.507,5530,5.20144,0.59596,3.09985,1.551,1.548,998.5,187.88669,36.24981
1789867349.517,5531,5.20144,0.61988,3.22427,1.551,1.548,998.5,187.91898,36.25602
1789867349.527,5532,5.20144,0.58923,3.06484,1.551,1.548,998.5,187.94959,36.26190
1789867349.537,5533,5.20144,0.58898,3.06354,1.551,1.548,998.5,187.98020,36.26779
1789867349.547,5534,5.20144,0.60911,3.16825,1.551,1.548,998.5,188.01185,36.27387
1789867349.557,5535,5.20144,0.58848,3.06094,1.551,1.548,998.5,188.04243,36.27975
1789867349.567,5536,5.20151,0.60898,3.16762,1.551,1.548,998.5,188.07407,36.28583
1789867349.577,5537,5.20151,0.58525,3.04418,1.551,1.548,998.5,188.10447,36.29168
1789867349.587,5538,5.20151,0.58774,3.05714,1.551,1.548,998.5,188.13500,36.29755
1789867349.597,5539,5.20151,0.62860,3.26967,1.551,1.548,998.5,188.16765,36.30383
1789867349.607,5540,5.20151,0.58500,3.04288,1.551,1.548,998.5,188.19803,36.30967
1789867349.617,5541,5.20151,0.60898,3.16762,1.550,1.548,998.5,188.22964,36.31574
1789867349.627,5542,5.20151,0.59197,3.07914,1.550,1.548,998.5,188.26038,36.32165
1789867349.637,5543,5.20151,0.58873,3.06228,1.551,1.548,998.5,188.29095,36.32753
1789867349.647,5544,5.20151,0.62386,3.24501,1.551,1.548,998.5,188.32349,36.33379
1789867349.657,5545,5.20151,0.59147,3.07654,1.551,1.548,998.5,188.35434,36.33972
1789867349.667,5546,5.20136,0.60894,3.16732,1.551,1.548,998.5,188.38610,36.34582
1789867349.677,5547,5.20136,0.59073,3.07260,1.551,1.548,998.5,188.41691,36.35175
1789867349.687,5548,5.20136,0.58649,3.05055,1.552,1.548,998.5,188.44746,36.35762
1789867349.697,5549,5.20136,0.62735,3.26307,1.551,1.548,998.5,188.48014,36.36390
1789867349.707,5550,5.20136,0.58201,3.02724,1.552,1.548,998.5,188.51046,36.36973
1789867349.717,5551,5.20136,0.62287,3.23977,1.552,1.549,998.5,188.54290,36.37597
1789867349.727,5552,5.20136,0.64330,3.34603,1.552,1.549,998.5,188.57634,36.38240
1789867349.737,5553,5.20136,0.61913,3.22032,1.552,1.549,998.5,188.60853,36.38859
1789867349.747,5554,5.20136,0.63981,3.32788,1.552,1.549,998.5,188.64178,36.39498
1789867349.757,5555,5.20136,0.58998,3.06870,1.552,1.548,998.5,188.67245,36.40088
1789867349.767,5556,5.20147,0.58574,3.04671,1.552,1.549,998.5,188.70283,36.40672
1789867349.777,5557,5.20147,0.63557,3.30590,1.551,1.548,998.5,188.73579,36.41305
1789867349.787,5558,5.20147,0.58325,3.03376,1.551,1.548,998.5,188.76604,36.41887
1789867349.797,5559,5.20147,0.60872,3.16624,1.551,1.548,998.5,188.79762,36.42494
1789867349.807,5560,5.20147,0.61913,3.22039,1.550,1.548,998.5,188.82993,36.43115
1789867349.817,5561,5.20147,0.60872,3.16624,1.550,1.548,998.5,188.86171,36.43726
1789867349.827,5562,5.17930,0.63283,3.27762,1.551,1.548,998.5,188.89460,36.44361
1789867349.837,5563,5.20147,0.59372,3.08822,1.551,1.548,998.5,188.92559,36.44957
1789867349.847,5564,5.20147,0.60872,3.16624,1.550,1.548,998.5,188.95720,36.45565
1789867349.857,5565,5.20147,0.59322,3.08562,1.551,1.548,998.5,188.98801,36.46157
1789867349.867,5566,5.20151,0.60848,3.16501,1.551,1.548,998.5,189.01962,36.46765
1789867349.877,5567,5.20151,0.62013,3.22561,1.551,1.548,998.5,189.05183,36.47384
1789867349.887,5568,5.20151,0.58450,3.04028,1.551,1.548,998.5,189.08221,36.47968
1789867349.897,5569,5.20151,0.62162,3.23336,1.551,1.548,998.5,189.11453,36.48589
1789867349.907,5570,5.20151,0.58450,3.04028,1.551,1.548,998.5,189.14492,36.49174
1789867349.917,5571,5.20151,0.60848,3.16501,1.551,1.548,998.5,189.17655,36.49782
1789867349.927,5572,5.20151,0.63806,3.31888,1.550,1.548,998.5,189.20971,36.50419
1789867349.937,5573,5.20151,0.59147,3.07654,1.550,1.548,998.5,189.24045,36.51010
1789867349.947,5574,5.20151,0.61963,3.22301,1.551,1.548,998.5,189.27265,36.51629
1789867349.957,5575,5.20151,0.60848,3.16501,1.550,1.548,998.5,189.30428,36.52237
1789867349.967,5576,5.20163,0.60846,3.16498,1.550,1.548,998.5,189.33596,36.52846
1789867349.977,5577,5.20163,0.58923,3.06496,1.550,1.548,998.5,189.36664,36.53436
1789867349.987,5578,5.20163,0.58525,3.04425,1.550,1.548,998.5,189.39712,36.54022
1789867349.997,5579,5.20163,0.60846,3.16498,1.550,1.548,998.5,189.42880,36.54631
1789867350.007,5580,5.20163,0.58300,3.03255,1.550,1.548,998.5,189.45913,36.55214
1789867350.017,5581,5.20163,0.59023,3.07016,1.550,1.548,998.5,189.48982,36.55804
1789867350.027,5582,5.20163,0.62013,3.22569,1.550,1.548,998.5,189.52208,36.56425
1789867350.037,5583,5.20163,0.59845,3.11292,1.550,1.548,998.5,189.55320,36.57023
1789867350.047,5584,5.20163,0.59347,3.08701,1.551,1.548,998.5,189.58409,36.57617
1789867350.057,5585,5.20163,0.60846,3.16498,1.551,1.548,998.5,189.61576,36.58226
1789867350.067,5586,5.20171,0.58051,3.01964,1.551,1.548,998.5,189.64597,36.58806
1789867350.077,5587,5.20171,0.60854,3.16545,1.551,1.548,998.5,189.67765,36.59415
1789867350.087,5588,5.20171,0.59571,3.09871,1.550,1.548,998.5,189.70866,36.60011
1789867350.097,5589,5.20171,0.58973,3.06760,1.550,1.548,998.5,189.73935,36.60602
1789867350.107,5590,5.20171,0.61938,3.22184,1.550,1.548,998.5,189.77159,36.61221
1789867350.117,5591,5.20171,0.58848,3.06110,1.551,1.548,998.5,189.80223,36.61810
1789867350.127,5592,5.20171,0.60854,3.16545,1.551,1.548,998.5,189.83393,36.62420
1789867350.137,5593,5.20171,0.59696,3.10521,1.551,1.548,998.5,189.86503,36.63018
1789867350.147,5594,5.20171,0.59546,3.09741,1.551,1.548,998.5,189.89606,36.63614
1789867350.157,5595,5.20171,0.60854,3.16545,1.551,1.548,998.5,189.92776,36.64224
1789867350.167,5596,5.20171,0.58724,3.05465,1.552,1.548,998.5,189.95823,36.64809
1789867350.177,5597,5.20171,0.61963,3.22314,1.551,1.548,998.5,189.99038,36.65427
1789867350.187,5598,5.20171,0.58649,3.05075,1.551,1.548,998.5,190.02081,36.66012
1789867350.197,5599,5.20171,0.58774,3.05725,1.551,1.548,998.5,190.05130,36.66598
1789867350.207,5600,5.20171,0.60833,3.16436,1.551,1.548,998.5,190.08293,36.67207
1789867350.217,5601,5.20171,0.58699,3.05335,1.551,1.548,998.5,190.11345,36.67793
1789867350.227,5602,5.19055,0.63159,3.27830,1.551,1.548,998.5,190.14622,36.68425
1789867350.237,5603,5.20171,0.60833,3.16436,1.551,1.548,998.5,190.17784,36.69033
1789867350.247,5604,5.20171,0.59372,3.08836,1.551,1.548,998.5,190.20881,36.69628
1789867350.257,5605,5.20171,0.64828,3.37216,1.551,1.548,998.5,190.24262,36.70278
1789867350.267,5606,5.20202,0.58923,3.06519,1.552,1.548,998.5,190.27335,36.70869
1789867350.277,5607,5.20202,0.58226,3.02893,1.551,1.548,998.5,190.30372,36.71452
1789867350.287,5608,5.20202,0.60662,3.15565,1.551,1.548,998.5,190.33529,36.72059
1789867350.297,5609,5.20202,0.58898,3.06389,1.551,1.548,998.5,190.36594,36.72648
1789867350.307,5610,5.20202,0.59272,3.08334,1.551,1.548,998.5,190.39678,36.73241
1789867350.317,5611,5.20202,0.64180,3.33866,1.551,1.548,998.5,190.43018,36.73883
1789867350.327,5612,5.20202,0.58873,3.06259,1.551,1.548,998.5,190.46077,36.74472
1789867350.337,5613,5.20202,0.60662,3.15565,1.551,1.548,998.5,190.49230,36.75078
1789867350.347,5614,5.20202,0.58799,3.05874,1.550,1.548,998.5,190.52285,36.75665
1789867350.357,5615,5.20202,0.60662,3.15565,1.550,1.548,998.5,190.55438,36.76271
1789867350.367,5616,5.20245,0.58500,3.04343,1.550,1.548,998.5,190.58478,36.76855
1789867350.377,5617,5.20245,0.62486,3.25080,1.550,1.548,998.5,190.61726,36.77480
1789867350.387,5618,5.20245,0.63682,3.31302,1.550,1.548,998.5,190.65037,36.78116
1789867350.397,5619,5.20245,0.58674,3.05249,1.550,1.548,998.5,190.68087,36.78702
1789867350.407,5620,5.20245,0.61913,3.22099,1.550,1.548,998.5,190.71311,36.79322
1789867350.417,5621,5.20245,0.58973,3.06804,1.551,1.548,998.5,190.74382,36.79912
1789867350.427,5622,5.20245,0.60500,3.14748,1.551,1.548,998.5,190.77533,36.80518
1789867350.437,5623,5.20245,0.63831,3.32078,1.550,1.548,998.5,190.80857,36.81157
1789867350.447,5624,5.20245,0.59197,3.07969,1.551,1.548,998.5,190.83936,36.81749
1789867350.457,5625,5.20245,0.62162,3.23395,1.550,1.548,998.5,190.87169,36.82370
1789867350.467,5626,5.20253,0.60510,3.14805,1.551,1.548,998.5,190.90317,36.82975
1789867350.477,5627,5.20253,0.60510,3.14805,1.551,1.548,998.5,190.93464,36.83580
1789867350.487,5628,5.20253,0.60510,3.14805,1.551,1.548,998.5,190.96611,36.84185
1789867350.497,5629,5.20253,0.63806,3.31953,1.551,1.548,998.5,190.99930,36.84823
1789867350.507,5630,5.20253,0.58275,3.03177,1.551,1.548,998.5,191.02961,36.85406
1789867350.517,5631,5.20253,0.60510,3.14805,1.551,1.548,998.5,191.06109,36.86011
1789867350.527,5632,5.20253,0.59197,3.07974,1.551,1.548,998.5,191.09191,36.86603
1789867350.537,5633,5.20253,0.60510,3.14805,1.551,1.548,998.5,191.12341,36.87209
1789867350.547,5634,5.18680,0.66522,3.45036,1.551,1.548,998.5,191.15794,36.87874
1789867350.557,5635,5.20253,0.63831,3.32083,1.551,1.548,998.5,191.19117,36.88513
1789867350.567,5636,5.18805,0.66796,3.46541,1.552,1.548,998.5,191.22575,36.89180
1789867350.577,5637,5.20241,0.59297,3.08487,1.551,1.548,998.5,191.25652,36.89771
1789867350.587,5638,5.20241,0.59023,3.07062,1.551,1.548,998.5,191.28715,36.90360
1789867350.597,5639,5.20241,0.62137,3.23262,1.551,1.548,998.5,191.31940,36.90980
1789867350.607,5640,5.20241,0.58649,3.05116,1.551,1.548,998.5,191.34990,36.91566
1789867350.617,5641,5.20241,0.58948,3.06672,1.551,1.548,998.5,191.38055,36.92155
1789867350.627,5642,5.20241,0.61739,3.21192,1.551,1.548,998.5,191.41266,36.92772
1789867350.637,5643,5.20241,0.58599,3.04856,1.551,1.548,998.5,191.44313,36.93358
1789867350.647,5644,5.18305,0.62910,3.26066,1.551,1.548,998.5,191.47583,36.93989
1789867350.657,5645,5.20241,0.61589,3.20411,1.551,1.548,998.5,191.50796,36.94607
1789867350.667,5646,5.20241,0.59446,3.09262,1.552,1.548,998.5,191.53898,36.95203
1789867350.677,5647,5.20241,0.62660,3.25983,1.551,1.548,998.5,191.57167,36.95831
1789867350.687,5648,5.20241,0.59247,3.08227,1.551,1.548,998.5,191.60250,36.96424
1789867350.697,5649,5.20241,0.60618,3.15360,1.552,1.548,998.5,191.63403,36.97030
1789867350.707,5650,5.20241,0.59322,3.08617,1.552,1.548,998.5,191.66490,36.97623
1789867350.717,5651,5.20241,0.58973,3.06802,1.551,1.548,998.5,191.69558,36.98213
1789867350.727,5652,5.20241,0.60618,3.15360,1.550,1.548,998.5,191.72709,36.98819
1789867350.737,5653,5.20241,0.59247,3.08227,1.550,1.548,998.5,191.75789,36.99411
1789867350.747,5654,5.20241,0.63308,3.29354,1.550,1.548,998.5,191.79080,37.00043
1789867350.757,5655,5.20241,0.60618,3.15360,1.550,1.548,998.5,191.82231,37.00649
1789867350.767,5656,5.20233,0.59471,3.09388,1.549,1.548,998.5,191.85322,37.01243
1789867350.777,5657,5.20233,0.60640,3.15469,1.549,1.548,998.5,191.88473,37.01849
1789867350.787,5658,5.20233,0.58275,3.03166,1.549,1.548,998.5,191.91502,37.02431
1789867350.797,5659,5.20233,0.60640,3.15469,1.550,1.548,998.5,191.94654,37.03037
1789867350.807,5660,5.20233,0.58724,3.05502,1.549,1.548,998.5,191.97702,37.03623
1789867350.817,5661,5.20233,0.58973,3.06797,1.550,1.548,998.5,192.00764,37.04211
1789867350.827,5662,5.20233,0.64105,3.33495,1.550,1.548,998.5,192.04092,37.04851
1789867350.837,5663,5.20233,0.58998,3.06927,1.550,1.548,998.5,192.07155,37.05440
1789867350.847,5664,5.20233,0.62810,3.26758,1.551,1.548,998.5,192.10432,37.06070
1789867350.857,5665,5.20233,0.58674,3.05242,1.551,1.548,998.5,192.13493,37.06658
1789867350.867,5666,5.20229,0.59272,3.08350,1.551,1.548,998.5,192.16586,37.07253
1789867350.877,5667,5.20229,0.64654,3.36349,1.551,1.548,998.5,192.19959,37.07901
1789867350.887,5668,5.20229,0.60667,3.15607,1.551,1.548,998.5,192.23108,37.08506
1789867350.897,5669,5.20229,0.60667,3.15607,1.551,1.548,998.5,192.26256,37.09112
1789867350.907,5670,5.20229,0.58176,3.02648,1.550,1.548,998.5,192.29275,37.09692
1789867350.917,5671,5.20229,0.58226,3.02909,1.551,1.548,998.5,192.32297,37.10273
1789867350.927,5672,5.20229,0.60667,3.15607,1.551,1.548,998.5,192.35461,37.10881
1789867350.937,5673,5.19180,0.58425,3.03331,1.551,1.548,998.5,192.38502,37.11467
1789867350.947,5674,5.20229,0.63134,3.28441,1.551,1.548,998.5,192.41794,37.12099
1789867350.957,5675,5.20229,0.59621,3.10166,1.550,1.548,998.5,192.44903,37.12697
1789867350.967,5676,5.20218,0.60673,3.15632,1.550,1.548,998.5,192.48058,37.13304
1789867350.977,5677,5.20218,0.63258,3.29080,1.549,1.548,998.5,192.51347,37.13936
1789867350.987,5678,5.20218,0.60673,3.15632,1.550,1.548,998.5,192.54502,37.14542
1789867350.997,5679,5.19180,0.63383,3.29072,1.550,1.548,998.5,192.57791,37.15176
1789867351.007,5680,5.20218,0.58475,3.04197,1.550,1.548,998.5,192.60834,37.15761
1789867351.017,5681,5.20218,0.61888,3.21953,1.550,1.548,998.5,192.64054,37.16380
1789867351.027,5682,5.20218,0.58998,3.06918,1.550,1.548,998.5,192.67124,37.16970
1789867351.037,5683,5.20218,0.60673,3.15632,1.550,1.548,998.5,192.70281,37.17577
1789867351.047,5684,5.20218,0.63258,3.29080,1.551,1.548,998.5,192.73576,37.18210
1789867351.057,5685,5.18930,0.64903,3.36801,1.550,1.547,998.5,192.76949,37.18860
1789867351.067,5686,5.20206,0.60670,3.15609,1.550,1.548,998.5,192.80109,37.19468
1789867351.077,5687,5.20206,0.59571,3.09892,1.550,1.548,998.5,192.83213,37.20064
1789867351.087,5688,5.20206,0.58375,3.03670,1.551,1.548,998.5,192.86244,37.20647
1789867351.097,5689,5.20206,0.60670,3.15609,1.551,1.548,998.5,192.89394,37.21252
1789867351.107,5690,5.20206,0.59621,3.10152,1.551,1.548,998.5,192.92490,37.21847
1789867351.117,5691,5.20206,0.58549,3.04575,1.551,1.548,998.5,192.95530,37.22432
1789867351.127,5692,5.20206,0.60670,3.15609,1.551,1.548,998.5,192.98689,37.23039
1789867351.137,5693,5.20206,0.58674,3.05226,1.550,1.548,998.5,193.01744,37.23626
1789867351.147,5694,5.20206,0.62162,3.23370,1.550,1.548,998.5,193.04981,37.24249
1789867351.157,5695,5.20206,0.60670,3.15609,1.549,1.548,998.5,193.08140,37.24856
1789867351.167,5696,5.20194,0.59671,3.10405,1.549,1.548,998.5,193.11242,37.25452
1789867351.177,5697,5.20194,0.61888,3.21938,1.549,1.548,998.5,193.14459,37.26071
1789867351.187,5698,5.20194,0.59272,3.08329,1.550,1.548,998.5,193.17540,37.26663
1789867351.197,5699,5.20194,0.58724,3.05479,1.550,1.548,998.5,193.20592,37.27250
1789867351.207,5700,5.20194,0.60684,3.15675,1.551,1.548,998.5,193.23743,37.27855
1789867351.217,5701,5.20194,0.58176,3.02628,1.551,1.548,998.5,193.26763,37.28436
1789867351.227,5702,5.20194,0.58973,3.06774,1.551,1.548,998.5,193.29825,37.29025
1789867351.237,5703,5.20194,0.64205,3.33991,1.551,1.548,998.5,193.33158,37.29665
1789867351.247,5704,5.20194,0.58873,3.06254,1.551,1.548,998.5,193.36235,37.30257
1789867351.257,5705,5.20194,0.62038,3.22718,1.550,1.548,998.5,193.39478,37.30880
1789867351.267,5706,5.20194,0.59596,3.10015,1.551,1.548,998.5,193.42593,37.31479
1789867351.277,5707,5.20194,0.58774,3.05739,1.550,1.548,998.5,193.45665,37.32070
1789867351.287,5708,5.20194,0.62361,3.24398,1.550,1.548,998.5,193.48896,37.32691
1789867351.297,5709,5.20194,0.59222,3.08069,1.551,1.548,998.5,193.51965,37.33281
1789867351.307,5710,5.20194,0.58549,3.04568,1.550,1.548,998.5,193.54999,37.33864
1789867351.317,5711,5.20194,0.60694,3.15727,1.552,1.548,998.5,193.58145,37.34469
1789867351.327,5712,5.20194,0.59147,3.07679,1.552,1.548,998.5,193.61216,37.35059
1789867351.337,5713,5.20194,0.58350,3.03533,1.551,1.548,998.5,193.64246,37.35642
1789867351.347,5714,5.20194,0.60694,3.15727,1.552,1.548,998.5,193.67398,37.36248
1789867351.357,5715,5.20194,0.59197,3.07939,1.551,1.548,998.5,193.70473,37.36839
1789867351.367,5716,5.18555,0.66746,3.46115,1.551,1.548,998.5,193.73940,37.37507
1789867351.377,5717,5.20194,0.64105,3.33470,1.550,1.548,998.5,193.77280,37.38149
1789867351.387,5718,5.20194,0.59446,3.09235,1.551,1.548,998.5,193.80377,37.38745
1789867351.397,5719,5.20194,0.63159,3.28549,1.552,1.548,998.5,193.83668,37.39377
1789867351.407,5720,5.20194,0.58848,3.06124,1.551,1.548,998.5,193.86719,37.39964
1789867351.417,5721,5.20194,0.58574,3.04698,1.552,1.548,998.5,193.89756,37.40548
1789867351.427,5722,5.20194,0.60674,3.15623,1.551,1.548,998.5,193.92902,37.41152
1789867351.437,5723,5.20194,0.58599,3.04828,1.551,1.548,998.5,193.95940,37.41736
1789867351.447,5724,5.20194,0.59272,3.08329,1.550,1.548,998.5,193.99039,37.42332
1789867351.457,5725,5.18930,0.61739,3.20382,1.550,1.548,998.5,194.02259,37.42953
1789867351.467,5726,5.20159,0.60737,3.15929,1.551,1.548,998.5,194.05435,37.43563
1789867351.477,5727,5.20159,0.65102,3.38634,1.550,1.548,998.5,194.08839,37.44218
1789867351.487,5728,5.20159,0.58948,3.06623,1.551,1.548,998.5,194.11906,37.44807
1789867351.497,5729,5.20159,0.62411,3.24636,1.551,1.548,998.5,194.15152,37.45431
1789867351.507,5730,5.20159,0.62959,3.27487,1.551,1.548,998.5,194.18428,37.46061
1789867351.517,5731,5.20159,0.60737,3.15929,1.551,1.548,998.5,194.21588,37.46669
1789867351.527,5732,5.20159,0.64803,3.37079,1.550,1.548,998.5,194.24956,37.47316
1789867351.537,5733,5.20159,0.59197,3.07919,1.550,1.548,998.5,194.28033,37.47908
1789867351.547,5734,5.20159,0.60737,3.15929,1.551,1.548,998.5,194.31190,37.48515
1789867351.557,5735,5.20159,0.58699,3.05328,1.551,1.548,998.5,194.34241,37.49101
1789867351.567,5736,5.20136,0.63283,3.29158,1.551,1.548,998.5,194.37527,37.49733
1789867351.577,5737,5.18055,0.68466,3.54692,1.550,1.548,998.5,194.41067,37.50416
1789867351.587,5738,5.20136,0.64230,3.34083,1.550,1.548,998.5,194.44402,37.51057
1789867351.597,5739,5.18930,0.66921,3.47273,1.551,1.548,998.5,194.47868,37.51725
1789867351.607,5740,5.20136,0.58674,3.05185,1.550,1.548,998.5,194.50934,37.52315
1789867351.617,5741,5.20136,0.59745,3.10755,1.550,1.548,998.5,194.54056,37.52915
1789867351.627,5742,5.20136,0.60772,3.16097,1.550,1.548,998.5,194.57232,37.53526
1789867351.637,5743,5.19055,0.60772,3.15440,1.551,1.548,998.5,194.60401,37.54136
1789867351.647,5744,5.20136,0.58375,3.03629,1.551,1.548,998.5,194.63427,37.54718
1789867351.657,5745,5.20136,0.61963,3.22292,1.551,1.548,998.5,194.66639,37.55335
1789867351.667,5746,5.20116,0.60827,3.16371,1.551,1.548,998.5,194.69792,37.55942
1789867351.677,5747,5.20116,0.63383,3.29665,1.551,1.548,998.5,194.73078,37.56573
1789867351.687,5748,5.20116,0.60827,3.16371,1.551,1.548,998.5,194.76225,37.57178
1789867351.697,5749,5.20116,0.59546,3.09708,1.551,1.548,998.5,194.79305,37.57771
1789867351.707,5750,5.20116,0.60827,3.16371,1.550,1.548,998.5,194.82452,37.58376
1789867351.717,5751,5.20116,0.58973,3.06728,1.552,1.548,998.5,194.85503,37.58962
1789867351.727,5752,5.20116,0.61863,3.21759,1.552,1.548,998.5,194.88736,37.59584
1789867351.737,5753,5.20116,0.60827,3.16371,1.551,1.548,998.5,194.91915,37.60195
1789867351.747,5754,5.20116,0.59621,3.10098,1.552,1.548,998.5,194.95031,37.60794
1789867351.757,5755,5.20116,0.62262,3.23835,1.551,1.548,998.5,194.98285,37.61420
1789867351.767,5756,5.20104,0.58998,3.06851,1.552,1.548,998.5,195.01351,37.62009
1789867351.777,5757,5.20104,0.64404,3.34968,1.551,1.548,998.5,195.04699,37.62653
1789867351.787,5758,5.18430,0.66697,3.45777,1.551,1.548,998.5,195.08155,37.63320
1789867351.797,5759,5.20104,0.59546,3.09701,1.551,1.548,998.5,195.11250,37.63915
1789867351.807,5760,5.20104,0.59122,3.07496,1.551,1.548,998.5,195.14332,37.64507
1789867351.817,5761,5.20104,0.60837,3.16416,1.551,1.548,998.5,195.17504,37.65117
1789867351.827,5762,5.20104,0.58824,3.05946,1.551,1.548,998.5,195.20570,37.65707
1789867351.837,5763,5.20104,0.60837,3.16416,1.551,1.548,998.5,195.23741,37.66316
1789867351.847,5764,5.20104,0.58176,3.02576,1.551,1.548,998.5,195.26767,37.66898
1789867351.857,5765,5.20104,0.58549,3.04516,1.551,1.548,998.5,195.29812,37.67484
1789867351.867,5766,5.20085,0.60878,3.16617,1.551,1.548,998.5,195.32978,37.68092
1789867351.877,5767,5.20085,0.64554,3.35736,1.551,1.548,998.5,195.36335,37.68738
1789867351.887,5768,5.20085,0.64654,3.36256,1.551,1.548,998.5,195.39688,37.69383
1789867351.897,5769,5.20085,0.62212,3.23555,1.551,1.548,998.5,195.42914,37.70003
1789867351.907,5770,5.20085,0.59147,3.07615,1.550,1.548,998.5,195.45982,37.70593
1789867351.917,5771,5.20085,0.58649,3.05025,1.550,1.548,998.5,195.49023,37.71178
1789867351.927,5772,5.20085,0.60878,3.16617,1.550,1.548,998.5,195.52196,37.71788
1789867351.937,5773,5.20085,0.58226,3.02825,1.551,1.548,998.5,195.55231,37.72371
1789867351.947,5774,5.20085,0.60878,3.16617,1.550,1.548,998.5,195.58404,37.72981
1789867351.957,5775,5.20085,0.59446,3.09170,1.550,1.548,998.5,195.61502,37.73577
1789867351.967,5776,5.20058,0.63184,3.28593,1.551,1.548,998.5,195.64790,37.74209
1789867351.977,5777,5.18805,0.65999,3.42406,1.551,1.548,998.5,195.68217,37.74870
1789867351.987,5778,5.20058,0.63258,3.28978,1.551,1.548,998.5,195.71509,37.75503
1789867351.997,5779,5.20058,0.64280,3.34293,1.551,1.548,998.5,195.74854,37.76146
1789867352.007,5780,5.18930,0.65102,3.37834,1.551,1.548,998.5,195.78233,37.76797
1789867352.017,5781,5.20058,0.62685,3.25998,1.552,1.548,998.5,195.81493,37.77424
1789867352.027,5782,5.20058,0.63034,3.27813,1.551,1.548,998.5,195.84772,37.78054
1789867352.037,5783,5.18305,0.68192,3.53443,1.552,1.548,998.5,195.88306,37.78736
1789867352.047,5784,5.20058,0.59696,3.10454,1.551,1.548,998.5,195.91404,37.79332
1789867352.057,5785,5.20058,0.62611,3.25614,1.552,1.548,998.5,195.94654,37.79957
1789867352.067,5786,5.19995,0.57927,3.01218,1.552,1.548,998.5,195.97660,37.80535
1789867352.077,5787,5.19995,0.61286,3.18684,1.551,1.548,998.5,196.00840,37.81147
1789867352.087,5788,5.19995,0.63458,3.29978,1.551,1.548,998.5,196.04140,37.81781
1789867352.097,5789,5.19995,0.58649,3.04972,1.551,1.548,998.5,196.07190,37.82368
1789867352.107,5790,5.19995,0.59546,3.09636,1.551,1.548,998.5,196.10286,37.82963
1789867352.117,5791,5.19995,0.63831,3.31918,1.551,1.548,998.5,196.13606,37.83601
1789867352.127,5792,5.19995,0.58250,3.02897,1.552,1.548,998.5,196.16636,37.84184
1789867352.137,5793,5.19995,0.61286,3.18684,1.552,1.548,998.5,196.19824,37.84797
1789867352.147,5794,5.19995,0.62810,3.26609,1.552,1.548,998.5,196.23091,37.85426
1789867352.157,5795,5.19995,0.59696,3.10416,1.552,1.548,998.5,196.26197,37.86023
1789867352.167,5796,5.19999,0.63059,3.27906,1.552,1.548,998.5,196.29477,37.86654
1789867352.177,5797,5.19999,0.58799,3.05754,1.552,1.548,998.5,196.32536,37.87242
1789867352.187,5798,5.19999,0.61263,3.18567,1.551,1.548,998.5,196.35723,37.87855
1789867352.197,5799,5.19999,0.60169,3.12878,1.552,1.548,998.5,196.38853,37.88457
1789867352.207,5800,5.19999,0.59322,3.08474,1.551,1.548,998.5,196.41933,37.89049
1789867352.217,5801,5.19999,0.59671,3.10289,1.551,1.548,998.5,196.45032,37.89645
1789867352.227,5802,5.19999,0.62984,3.27516,1.550,1.548,998.5,196.48302,37.90274
1789867352.237,5803,5.19999,0.58574,3.04584,1.550,1.548,998.5,196.51343,37.90859
1789867352.247,5804,5.19999,0.61263,3.18567,1.550,1.548,998.5,196.54536,37.91473
1789867352.257,5805,5.21054,0.59546,3.10267,1.550,1.547,998.5,196.57647,37.92070
1789867352.267,5806,5.20026,0.61195,3.18230,1.550,1.548,998.5,196.60837,37.92683
1789867352.277,5807,5.20026,0.59646,3.10175,1.551,1.548,998.5,196.63946,37.93281
1789867352.287,5808,5.20026,0.63906,3.32328,1.551,1.548,998.5,196.67265,37.93919
1789867352.297,5809,5.20026,0.61195,3.18230,1.552,1.548,998.5,196.70442,37.94530
1789867352.307,5810,5.20026,0.59073,3.07195,1.552,1.548,998.5,196.73510,37.95120
1789867352.317,5811,5.20026,0.59372,3.08750,1.552,1.548,998.5,196.76593,37.95713
1789867352.327,5812,5.20026,0.61195,3.18230,1.552,1.548,998.5,196.79770,37.96324
1789867352.337,5813,5.20026,0.59621,3.10045,1.551,1.548,998.5,196.82867,37.96919
1789867352.347,5814,5.20026,0.58500,3.04215,1.551,1.548,998.5,196.85905,37.97504
1789867352.357,5815,5.20026,0.61195,3.18230,1.551,1.548,998.5,196.89083,37.98115
1789867352.367,5816,5.20011,0.58126,3.02262,1.552,1.548,998.5,196.92112,37.98697
1789867352.377,5817,5.20011,0.63358,3.29469,1.551,1.548,998.5,196.95414,37.99332
1789867352.387,5818,5.20011,0.64903,3.37503,1.550,1.548,998.5,196.98796,37.99983
1789867352.397,5819,5.20011,0.58973,3.06666,1.550,1.548,998.5,197.01869,38.00574
1789867352.407,5820,5.20011,0.61217,3.18335,1.550,1.548,998.5,197.05055,38.01186
1789867352.417,5821,5.21054,0.60169,3.13513,1.550,1.547,998.5,197.08194,38.01789
1789867352.427,5822,5.20011,0.58574,3.04591,1.550,1.547,998.5,197.11242,38.02375
1789867352.437,5823,5.20011,0.61217,3.18335,1.550,1.547,998.5,197.14429,38.02988
1789867352.447,5824,5.20011,0.58350,3.03426,1.550,1.548,998.5,197.17463,38.03571
1789867352.457,5825,5.20011,0.58250,3.02906,1.551,1.548,998.5,197.20492,38.04154
1789867352.467,5826,5.20050,0.61127,3.17891,1.550,1.548,998.5,197.23672,38.04765
1789867352.477,5827,5.20050,0.60019,3.12129,1.550,1.548,998.5,197.26793,38.05365
1789867352.487,5828,5.20050,0.61127,3.17891,1.550,1.548,998.5,197.29962,38.05975
1789867352.497,5829,5.20050,0.59546,3.09669,1.551,1.548,998.5,197.33048,38.06568
1789867352.507,5830,5.20050,0.59870,3.11354,1.550,1.548,998.5,197.36152,38.07165
1789867352.517,5831,5.20050,0.61127,3.17891,1.551,1.548,998.5,197.39321,38.07774
1789867352.527,5832,5.20050,0.57976,3.01504,1.551,1.548,998.5,197.42339,38.08355
1789867352.537,5833,5.20050,0.61127,3.17891,1.552,1.548,998.5,197.45522,38.08967
1789867352.547,5834,5.20050,0.58275,3.03059,1.552,1.548,998.5,197.48556,38.09550
1789867352.557,5835,5.20050,0.58724,3.05394,1.552,1.548,998.5,197.51614,38.10138
1789867352.567,5836,5.20069,0.63757,3.31580,1.552,1.548,998.5,197.54933,38.10776
1789867352.577,5837,5.20069,0.58848,3.06050,1.551,1.548,998.5,197.57996,38.11365
1789867352.587,5838,5.20069,0.61099,3.17757,1.551,1.548,998.5,197.61176,38.11977
1789867352.597,5839,5.20069,0.63856,3.32095,1.551,1.548,998.5,197.64500,38.12616
1789867352.607,5840,5.20069,0.59272,3.08255,1.550,1.548,998.5,197.67584,38.13209
1789867352.617,5841,5.20069,0.63508,3.30285,1.550,1.548,998.5,197.70888,38.13844
1789867352.627,5842,5.20069,0.58176,3.02555,1.551,1.548,998.5,197.73914,38.14426
1789867352.637,5843,5.20069,0.58898,3.06310,1.551,1.548,998.5,197.76979,38.15015
1789867352.647,5844,5.20069,0.62785,3.26525,1.550,1.548,998.5,197.80238,38.15642
1789867352.657,5845,5.20069,0.58525,3.04370,1.550,1.548,998.5,197.83277,38.16226
1789867352.667,5846,5.20112,0.60925,3.16878,1.551,1.548,998.5,197.86440,38.16834
1789867352.677,5847,5.20112,0.62735,3.26292,1.551,1.548,998.5,197.89697,38.17461
1789867352.687,5848,5.20112,0.60925,3.16878,1.551,1.548,998.5,197.92861,38.18069
1789867352.697,5849,5.18805,0.66323,3.44087,1.551,1.548,998.5,197.96296,38.18731
1789867352.707,5850,5.20112,0.59147,3.07631,1.552,1.548,998.5,197.99367,38.19322
1789867352.717,5851,5.20112,0.60925,3.16878,1.552,1.548,998.5,198.02531,38.19930
1789867352.727,5852,5.20112,0.59322,3.08541,1.552,1.548,998.5,198.05616,38.20523
1789867352.737,5853,5.20112,0.61963,3.22277,1.552,1.548,998.5,198.08839,38.21143
1789867352.747,5854,5.20112,0.63433,3.29923,1.551,1.548,998.5,198.12138,38.21777
1789867352.757,5855,5.20112,0.59023,3.06986,1.551,1.548,998.5,198.15207,38.22367
1789867352.767,5856,5.20128,0.60891,3.16711,1.551,1.548,998.5,198.18387,38.22978
1789867352.777,5857,5.20128,0.59023,3.06995,1.551,1.548,998.5,198.21469,38.23571
1789867352.787,5858,5.20128,0.60891,3.16711,1.551,1.548,998.5,198.24648,38.24182
1789867352.797,5859,5.18430,0.66298,3.43709,1.551,1.548,998.5,198.28099,38.24848
1789867352.807,5860,5.20128,0.59098,3.07385,1.551,1.548,998.5,198.31170,38.25438
1789867352.817,5861,5.20128,0.60891,3.16711,1.550,1.548,998.5,198.34335,38.26047
1789867352.827,5862,5.20128,0.58574,3.04660,1.550,1.548,998.5,198.37378,38.26632
1789867352.837,5863,5.20128,0.60891,3.16711,1.550,1.548,998.5,198.40543,38.27240
1789867352.847,5864,5.20128,0.58998,3.06865,1.550,1.548,998.5,198.43614,38.27831
1789867352.857,5865,5.20128,0.58599,3.04790,1.550,1.548,998.5,198.46665,38.28417
1789867352.867,5866,5.20151,0.60781,3.16153,1.550,1.548,998.5,198.49830,38.29026
1789867352.877,5867,5.20151,0.58799,3.05844,1.550,1.548,998.5,198.52891,38.29614
1789867352.887,5868,5.20151,0.60781,3.16153,1.550,1.548,998.5,198.56044,38.30221
1789867352.897,5869,5.18805,0.65077,3.37623,1.550,1.548,998.5,198.59411,38.30870
1789867352.907,5870,5.20151,0.59023,3.07009,1.550,1.548,998.5,198.62473,38.31458
1789867352.917,5871,5.20151,0.60781,3.16153,1.551,1.548,998.5,198.65627,38.32064
1789867352.927,5872,5.20151,0.59322,3.08564,1.551,1.548,998.5,198.68716,38.32658
1789867352.937,5873,5.20151,0.58848,3.06098,1.551,1.548,998.5,198.71781,38.33248
1789867352.947,5874,5.20151,0.60781,3.16153,1.552,1.548,998.5,198.74946,38.33856
1789867352.957,5875,5.20151,0.58001,3.01693,1.552,1.548,998.5,198.77967,38.34437
1789867352.967,5876,5.20175,0.58574,3.04687,1.552,1.548,998.5,198.81024,38.35025
1789867352.977,5877,5.20175,0.60696,3.15725,1.551,1.548,998.5,198.84191,38.35634
1789867352.987,5878,5.20175,0.58201,3.02747,1.550,1.548,998.5,198.87229,38.36217
1789867352.997,5879,5.20175,0.62038,3.22706,1.551,1.548,998.5,198.90466,38.36840
1789867353.007,5880,5.20175,0.64380,3.34889,1.550,1.547,998.5,198.93810,38.37483
1789867353.017,5881,5.20175,0.63333,3.29442,1.550,1.547,998.5,198.97099,38.38115
1789867353.027,5882,5.20175,0.60696,3.15725,1.550,1.547,998.5,199.00252,38.38721
1789867353.037,5883,5.20175,0.58799,3.05858,1.550,1.548,998.5,199.03306,38.39308
1789867353.047,5884,5.20175,0.57976,3.01577,1.551,1.548,998.5,199.06312,38.39886
1789867353.057,5885,5.20175,0.60696,3.15725,1.550,1.548,998.5,199.09460,38.40491
1789867353.067,5886,5.20229,0.59098,3.07445,1.551,1.548,998.5,199.12524,38.41080
1789867353.077,5887,5.20229,0.58549,3.04589,1.551,1.548,998.5,199.15561,38.41664
1789867353.087,5888,5.20229,0.60454,3.14499,1.551,1.548,998.5,199.18709,38.42269
1789867353.097,5889,5.20229,0.59122,3.07570,1.551,1.548,998.5,199.21789,38.42861
1789867353.107,5890,5.20229,0.60454,3.14499,1.550,1.548,998.5,199.24937,38.43466
1789867353.117,5891,5.20229,0.59098,3.07445,1.551,1.548,998.5,199.28016,38.44058
1789867353.127,5892,5.20229,0.60454,3.14499,1.551,1.548,998.5,199.31158,38.44662
1789867353.137,5893,5.20229,0.60454,3.14499,1.551,1.548,998.5,199.34300,38.45266
1789867353.147,5894,5.20229,0.59247,3.08220,1.551,1.548,998.5,199.37379,38.45858
1789867353.157,5895,5.20229,0.60454,3.14499,1.551,1.548,998.5,199.40521,38.46462
1789867353.167,5896,5.20229,0.57976,3.01608,1.551,1.548,998.5,199.43532,38.47041
1789867353.177,5897,5.20229,0.58176,3.02648,1.550,1.548,998.5,199.46553,38.47621
1789867353.187,5898,5.20229,0.63159,3.28571,1.551,1.548,998.5,199.49833,38.48252
1789867353.197,5899,5.20229,0.59247,3.08220,1.551,1.548,998.5,199.52910,38.48843
1789867353.207,5900,5.20229,0.65351,3.39975,1.551,1.548,998.5,199.56313,38.49498
1789867353.217,5901,5.20229,0.64479,3.35438,1.551,1.548,998.5,199.59671,38.50143
1789867353.227,5902,5.20229,0.58948,3.06665,1.551,1.548,998.5,199.62741,38.50733
1789867353.237,5903,5.19180,0.63109,3.27649,1.551,1.548,998.5,199.66021,38.51365
1789867353.247,5904,5.20229,0.58475,3.04204,1.551,1.548,998.5,199.69068,38.51951
1789867353.257,5905,5.20229,0.58425,3.03944,1.550,1.548,998.5,199.72113,38.52536
1789867353.267,5906,5.20210,0.60535,3.14909,1.550,1.548,998.5,199.75268,38.53142
1789867353.277,5907,5.20210,0.59172,3.07819,1.550,1.548,998.5,199.78352,38.53735
1789867353.287,5908,5.20210,0.62137,3.23243,1.550,1.548,998.5,199.81575,38.54355
1789867353.297,5909,5.20210,0.64155,3.33741,1.551,1.548,998.5,199.84902,38.54994
1789867353.307,5910,5.20210,0.63308,3.29335,1.550,1.548,998.5,199.88185,38.55625
1789867353.317,5911,5.17805,0.67270,3.48327,1.551,1.548,998.5,199.91658,38.56296
1789867353.327,5912,5.20210,0.58724,3.05488,1.552,1.548,998.5,199.94715,38.56884
1789867353.337,5913,5.20210,0.62137,3.23243,1.551,1.548,998.5,199.97949,38.57505
1789867353.347,5914,5.20210,0.59446,3.09244,1.551,1.548,998.5,200.01044,38.58100
1789867353.357,5915,5.20210,0.62586,3.25579,1.551,1.548,998.5,200.04302,38.58727
1789867353.367,5916,5.20206,0.63806,3.31923,1.551,1.548,998.5,200.07632,38.59367
1789867353.377,5917,5.20206,0.58749,3.05616,1.551,1.548,998.5,200.10698,38.59956
1789867353.387,5918,5.20206,0.60584,3.15162,1.550,1.548,998.5,200.13859,38.60564
1789867353.397,5919,5.20206,0.59172,3.07816,1.552,1.548,998.5,200.16947,38.61157
1789867353.407,5920,5.20206,0.60584,3.15162,1.551,1.548,998.5,200.20099,38.61763
1789867353.417,5921,5.20206,0.70085,3.64586,1.551,1.548,998.5,200.23745,38.62464
1789867353.427,5922,5.20206,0.60584,3.15162,1.551,1.548,998.5,200.26897,38.63070
1789867353.437,5923,5.20206,0.62087,3.22980,1.551,1.548,998.5,200.30127,38.63691
1789867353.447,5924,5.20206,0.58400,3.03800,1.550,1.548,998.5,200.33163,38.64275
1789867353.457,5925,5.20206,0.60584,3.15162,1.550,1.548,998.5,200.36313,38.64880
1789867353.467,5926,5.20202,0.58973,3.06779,1.550,1.548,998.5,200.39380,38.65470
1789867353.477,5927,5.20202,0.58250,3.03018,1.550,1.548,998.5,200.42408,38.66052
1789867353.487,5928,5.20202,0.60633,3.15414,1.550,1.548,998.5,200.45554,38.66657
1789867353.497,5929,5.20202,0.58948,3.06649,1.550,1.548,998.5,200.48612,38.67244
1789867353.507,5930,5.20202,0.60633,3.15414,1.550,1.548,998.5,200.51758,38.67849
1789867353.517,5931,5.20202,0.60633,3.15414,1.550,1.548,998.5,200.54903,38.68454
1789867353.527,5932,5.20202,0.59098,3.07429,1.550,1.548,998.5,200.57982,38.69046
1789867353.537,5933,5.20202,0.60633,3.15414,1.550,1.548,998.5,200.61141,38.69653
1789867353.547,5934,5.20202,0.58724,3.05483,1.550,1.548,998.5,200.64200,38.70241
1789867353.557,5935,5.20202,0.60633,3.15414,1.550,1.547,998.5,200.67359,38.70848
1789867353.567,5936,5.20202,0.58873,3.06259,1.550,1.548,998.5,200.70417,38.71436
1789867353.577,5937,5.20202,0.59122,3.07554,1.550,1.548,998.5,200.73488,38.72026
1789867353.587,5938,5.20202,0.60617,3.15331,1.550,1.548,998.5,200.76637,38.72632
1789867353.597,5939,5.20202,0.58649,3.05093,1.551,1.548,998.5,200.79683,38.73217
1789867353.607,5940,5.20202,0.60617,3.15331,1.551,1.548,998.5,200.82844,38.73825
1789867353.617,5941,5.20202,0.60617,3.15331,1.551,1.548,998.5,200.86005,38.74433
1789867353.627,5942,5.20202,0.58973,3.06779,1.551,1.548,998.5,200.89080,38.75024
1789867353.637,5943,5.20202,0.60617,3.15331,1.551,1.548,998.5,200.92241,38.75631
1789867353.647,5944,5.20202,0.58998,3.06909,1.551,1.548,998.5,200.95304,38.76220
1789867353.657,5945,5.20202,0.58624,3.04963,1.551,1.548,998.5,200.98348,38.76805
1789867353.667,5946,5.20210,0.60596,3.15226,1.551,1.548,998.5,201.01493,38.77410
1789867353.677,5947,5.20210,0.58624,3.04968,1.551,1.548,998.5,201.04537,38.77995
1789867353.687,5948,5.20210,0.58226,3.02897,1.551,1.548,998.5,201.07569,38.78578
1789867353.697,5949,5.20210,0.62212,3.23633,1.551,1.548,998.5,201.10810,38.79201
1789867353.707,5950,5.20210,0.58624,3.04968,1.550,1.548,998.5,201.13863,38.79788
1789867353.717,5951,5.20210,0.61888,3.21948,1.550,1.548,998.5,201.17086,38.80407
1789867353.727,5952,5.20210,0.58973,3.06783,1.551,1.548,998.5,201.20151,38.80997
1789867353.737,5953,5.20210,0.60596,3.15226,1.550,1.548,998.5,201.23300,38.81602
1789867353.747,5954,5.20210,0.62312,3.24153,1.550,1.548,998.5,201.26538,38.82224
1789867353.757,5955,5.20210,0.58425,3.03933,1.550,1.548,998.5,201.29574,38.82808
1789867353.767,5956,5.20222,0.58325,3.03419,1.550,1.548,998.5,201.32609,38.83391
1789867353.777,5957,5.20222,0.60550,3.14994,1.550,1.548,998.5,201.35759,38.83997
1789867353.787,5958,5.20222,0.58898,3.06400,1.549,1.548,998.5,201.38824,38.84586
1789867353.797,5959,5.20222,0.60550,3.14994,1.550,1.548,998.5,201.41974,38.85192
1789867353.807,5960,5.20222,0.63483,3.30253,1.550,1.548,998.5,201.45278,38.85827
1789867353.817,5961,5.20222,0.60550,3.14994,1.550,1.548,998.5,201.48430,38.86433
1789867353.827,5962,5.20222,0.60550,3.14994,1.550,1.548,998.5,201.51581,38.87038
1789867353.837,5963,5.20222,0.59147,3.07696,1.551,1.548,998.5,201.54660,38.87630
1789867353.847,5964,5.20222,0.58624,3.04975,1.550,1.548,998.5,201.57714,38.88217
1789867353.857,5965,5.20222,0.60550,3.14994,1.550,1.547,998.5,201.60868,38.88823
1789867353.867,5966,5.20222,0.60550,3.14994,1.551,1.548,998.5,201.64023,38.89430
1789867353.877,5967,5.20222,0.63483,3.30253,1.550,1.548,998.5,201.67330,38.90066
1789867353.887,5968,5.20222,0.57677,3.00048,1.550,1.548,998.5,201.70327,38.90642
1789867353.897,5969,5.20222,0.60550,3.14994,1.551,1.548,998.5,201.73473,38.91246
1789867353.907,5970,5.20222,0.60550,3.14994,1.551,1.548,998.5,201.76619,38.91851
1789867353.917,5971,5.20222,0.60550,3.14994,1.551,1.548,998.5,201.79765,38.92456
1789867353.927,5972,5.18430,0.68092,3.53009,1.550,1.547,998.5,201.83298,38.93137
1789867353.937,5973,5.20222,0.59372,3.08866,1.550,1.548,998.5,201.86388,38.93731
1789867353.947,5974,5.20222,0.61739,3.21180,1.551,1.548,998.5,201.89602,38.94349
1789867353.957,5975,5.20222,0.60550,3.14994,1.550,1.548,998.5,201.92754,38.94955
1789867353.967,5976,5.20214,0.59521,3.09637,1.550,1.548,998.5,201.95847,38.95550
1789867353.977,5977,5.19055,0.60551,3.14293,1.550,1.548,998.5,201.98986,38.96154
1789867353.987,5978,5.20214,0.58500,3.04325,1.550,1.548,998.5,202.02026,38.96739
1789867353.997,5979,5.20214,0.60551,3.14995,1.551,1.548,998.5,202.05172,38.97344
1789867354.007,5980,5.20214,0.58724,3.05490,1.550,1.548,998.5,202.08225,38.97930
1789867354.017,5981,5.20214,0.62486,3.25061,1.550,1.548,998.5,202.11474,38.98555
1789867354.027,5982,5.20214,0.67843,3.52929,1.551,1.548,998.5,202.15001,38.99233
1789867354.037,5983,5.20214,0.58724,3.05490,1.551,1.548,998.5,202.18055,38.99820
1789867354.047,5984,5.20214,0.60551,3.14995,1.551,1.548,998.5,202.21208,39.00426
1789867354.057,5985,5.20214,0.59197,3.07951,1.550,1.548,998.5,202.24292,39.01019
1789867354.067,5986,5.20233,0.58475,3.04206,1.550,1.548,998.5,202.27338,39.01604
1789867354.077,5987,5.20233,0.61514,3.20016,1.550,1.548,998.5,202.30542,39.02220
1789867354.087,5988,5.21304,0.58799,3.06522,1.550,1.548,998.5,202.33605,39.02808
1789867354.097,5989,5.20233,0.58624,3.04981,1.549,1.548,998.5,202.36653,39.03394
1789867354.107,5990,5.20233,0.60476,3.14616,1.549,1.547,998.5,202.39797,39.03998
1789867354.117,5991,5.20233,0.60476,3.14616,1.550,1.548,998.5,202.42941,39.04603
1789867354.127,5992,5.20233,0.60476,3.14616,1.551,1.548,998.5,202.46097,39.05209
1789867354.137,5993,5.19055,0.60476,3.13904,1.551,1.548,998.5,202.49246,39.05816
1789867354.147,5994,5.20233,0.60476,3.14616,1.551,1.548,998.5,202.52402,39.06422
1789867354.157,5995,5.20233,0.61763,3.21312,1.551,1.548,998.5,202.55625,39.07042
1789867354.167,5996,5.20229,0.58275,3.03163,1.551,1.548,998.5,202.58643,39.07622
1789867354.177,5997,5.20229,0.60449,3.14473,1.551,1.548,998.5,202.61775,39.08224
1789867354.187,5998,5.20229,0.58300,3.03294,1.550,1.548,998.5,202.64795,39.08805
1789867354.197,5999,5.20229,0.57927,3.01353,1.550,1.548,998.5,202.67795,39.09381
1789867354.207,6000,5.20229,0.60449,3.14473,1.550,1.548,998.5,202.70940,39.09986
1789867354.217,6001,5.20229,0.58475,3.04204,1.551,1.548,998.5,202.73982,39.10571
1789867354.227,6002,5.20229,0.60449,3.14473,1.550,1.548,998.5,202.77127,39.11175
1789867354.237,6003,5.20229,0.60449,3.14473,1.550,1.548,998.5,202.80271,39.11780
1789867354.247,6004,5.20229,0.59247,3.08220,1.550,1.548,998.5,202.83364,39.12374
1789867354.257,6005,5.20229,0.60449,3.14473,1.551,1.548,998.5,202.86519,39.12981
1789867354.267,6006,5.20233,0.58201,3.02781,1.551,1.548,998.5,202.89557,39.13565
1789867354.277,6007,5.20233,0.60389,3.14164,1.551,1.548,998.5,202.92710,39.14171
1789867354.287,6008,5.20233,0.58599,3.04851,1.551,1.548,998.5,202.95749,39.14755
1789867354.297,6009,5.20233,0.58948,3.06667,1.551,1.548,998.5,202.98806,39.15342
1789867354.307,6010,5.20233,0.60389,3.14164,1.551,1.548,998.5,203.01938,39.15944
1789867354.317,6011,5.20233,0.58649,3.05111,1.552,1.549,998.5,203.04979,39.16529
1789867354.327,6012,5.20233,0.60389,3.14164,1.551,1.548,998.5,203.08119,39.17132
1789867354.337,6013,5.20233,0.58948,3.06667,1.551,1.548,998.5,203.11183,39.17722
1789867354.347,6014,5.20233,0.58774,3.05762,1.551,1.549,998.5,203.14239,39.18309
1789867354.357,6015,5.20233,0.63931,3.32590,1.551,1.548,998.5,203.17562,39.18948
1789867354.367,6016,5.20245,0.59222,3.08099,1.551,1.549,998.5,203.20652,39.19542
1789867354.377,6017,5.20245,0.58549,3.04598,1.551,1.548,998.5,203.23707,39.20129
1789867354.387,6018,5.20245,0.60313,3.13775,1.551,1.548,998.5,203.26854,39.20734
1789867354.397,6019,5.20245,0.58724,3.05509,1.551,1.548,998.5,203.29918,39.21323
1789867354.407,6020,5.20245,0.58176,3.02658,1.551,1.548,998.5,203.32945,39.21904
1789867354.417,6021,5.20245,0.62860,3.27026,1.550,1.548,998.5,203.36215,39.22533
1789867354.427,6022,5.20245,0.59147,3.07709,1.550,1.547,998.5,203.39292,39.23125
1789867354.437,6023,5.18680,0.63383,3.28755,1.550,1.548,998.5,203.42579,39.23758
1789867354.447,6024,5.20245,0.59297,3.08490,1.551,1.548,998.5,203.45665,39.24352
1789867354.457,6025,5.20245,0.62561,3.25470,1.550,1.548,998.5,203.48921,39.24977
1789867354.467,6026,5.20237,0.63383,3.29742,1.551,1.548,998.5,203.52220,39.25611
1789867354.477,6027,5.20237,0.61788,3.21444,1.551,1.548,998.5,203.55436,39.26230
1789867354.487,6028,5.20237,0.60238,3.13380,1.550,1.548,998.5,203.58573,39.26833
1789867354.497,6029,5.20237,0.58599,3.04854,1.550,1.548,998.5,203.61624,39.27419
1789867354.507,6030,5.20237,0.60238,3.13380,1.550,1.548,998.5,203.64761,39.28022
1789867354.517,6031,5.20237,0.60238,3.13380,1.551,1.548,998.5,203.67897,39.28625
1789867354.527,6032,5.20237,0.60238,3.13380,1.551,1.548,998.5,203.71029,39.29227
1789867354.537,6033,5.18430,0.65650,3.40349,1.551,1.548,998.5,203.74431,39.29883
1789867354.547,6034,5.20237,0.60238,3.13380,1.551,1.548,998.5,203.77563,39.30485
1789867354.557,6035,5.20237,0.61415,3.19504,1.551,1.548,998.5,203.80756,39.31099
1789867354.567,6036,5.20237,0.58475,3.04209,1.551,1.548,998.5,203.83798,39.31684
1789867354.577,6037,5.20237,0.60252,3.13453,1.551,1.548,998.5,203.86932,39.32286
1789867354.587,6038,5.20237,0.59197,3.07965,1.551,1.548,998.5,203.90011,39.32878
1789867354.597,6039,5.20237,0.58873,3.06279,1.551,1.548,998.5,203.93073,39.33466
1789867354.607,6040,5.20237,0.60252,3.13453,1.551,1.548,998.5,203.96210,39.34070
1789867354.617,6041,5.20237,0.58500,3.04339,1.551,1.548,998.5,203.99256,39.34655
1789867354.627,6042,5.20237,0.60252,3.13453,1.551,1.548,998.5,204.02394,39.35258
1789867354.637,6043,5.20237,0.58948,3.06669,1.550,1.548,998.5,204.05463,39.35848
1789867354.647,6044,5.20237,0.59147,3.07705,1.550,1.548,998.5,204.08541,39.36440
1789867354.657,6045,5.20237,0.61265,3.18723,1.550,1.547,998.5,204.11728,39.37052
1789867354.667,6046,5.20226,0.60235,3.13358,1.550,1.548,998.5,204.14862,39.37655
1789867354.677,6047,5.20226,0.58799,3.05888,1.550,1.548,998.5,204.17921,39.38243
1789867354.687,6048,5.20226,0.60235,3.13358,1.551,1.548,998.5,204.21041,39.38843
1789867354.697,6049,5.20226,0.58076,3.02126,1.551,1.548,998.5,204.24049,39.39421
1789867354.707,6050,5.20226,0.58425,3.03942,1.551,1.548,998.5,204.27076,39.40003
1789867354.717,6051,5.20226,0.61340,3.19107,1.551,1.548,998.5,204.30253,39.40613
1789867354.727,6052,5.20226,0.59147,3.07698,1.551,1.548,998.5,204.33330,39.41205
1789867354.737,6053,5.19180,0.65102,3.37997,1.551,1.548,998.5,204.36709,39.41856
1789867354.747,6054,5.19055,0.62411,3.23947,1.551,1.548,998.5,204.39948,39.42480
1789867354.757,6055,5.20226,0.62337,3.24293,1.551,1.548,998.5,204.43190,39.43103
1789867354.767,6056,5.18930,0.65002,3.37315,1.551,1.548,998.5,204.46565,39.43753
1789867354.777,6057,5.20190,0.62561,3.25436,1.551,1.548,998.5,204.49820,39.44379
1789867354.787,6058,5.20190,0.62262,3.23881,1.551,1.548,998.5,204.53060,39.45002
1789867354.797,6059,5.19180,0.65227,3.38646,1.551,1.548,998.5,204.56447,39.45654
1789867354.807,6060,5.20190,0.62436,3.24786,1.551,1.548,998.5,204.59698,39.46279
1789867354.817,6061,5.20190,0.58051,3.01975,1.551,1.548,998.5,204.62722,39.46860
1789867354.827,6062,5.20190,0.60391,3.14148,1.550,1.548,998.5,204.65867,39.47465
1789867354.837,6063,5.20190,0.58076,3.02106,1.550,1.548,998.5,204.68891,39.48046
1789867354.847,6064,5.19055,0.61464,3.19032,1.551,1.548,998.5,204.72086,39.48662
1789867354.857,6065,5.20190,0.60391,3.14148,1.551,1.548,998.5,204.75233,39.49267
1789867354.867,6066,5.20147,0.59048,3.07136,1.551,1.548,998.5,204.78309,39.49858
1789867354.877,6067,5.20147,0.60561,3.15006,1.551,1.548,998.5,204.81465,39.50465
1789867354.887,6068,5.20147,0.58599,3.04801,1.551,1.548,998.5,204.84512,39.51051
1789867354.897,6069,5.20147,0.60561,3.15006,1.551,1.548,998.5,204.87661,39.51656
1789867354.907,6070,5.20147,0.58250,3.02986,1.551,1.548,998.5,204.90690,39.52239
1789867354.917,6071,5.20147,0.59098,3.07396,1.551,1.548,998.5,204.93763,39.52829
1789867354.927,6072,5.20147,0.63856,3.32145,1.551,1.548,998.5,204.97079,39.53467
1789867354.937,6073,5.20147,0.58674,3.05191,1.552,1.549,998.5,205.00126,39.54053
1789867354.947,6074,5.20147,0.67095,3.48993,1.552,1.549,998.5,205.03610,39.54722
1789867354.957,6075,5.20147,0.58599,3.04801,1.552,1.548,998.5,205.06653,39.55307
1789867354.967,6076,5.20151,0.59122,3.07524,1.552,1.549,998.5,205.09732,39.55900
1789867354.977,6077,5.20151,0.64305,3.34483,1.552,1.548,998.5,205.13082,39.56543
1789867354.987,6078,5.20151,0.60588,3.15149,1.551,1.548,998.5,205.16237,39.57150
1789867354.997,6079,5.20151,0.60588,3.15149,1.551,1.548,998.5,205.19393,39.57757
1789867355.007,6080,5.20151,0.58699,3.05323,1.550,1.548,998.5,205.22449,39.58344
1789867355.017,6081,5.20151,0.58151,3.02473,1.550,1.548,998.5,205.25477,39.58927
1789867355.027,6082,5.20151,0.60588,3.15149,1.550,1.548,998.5,205.28632,39.59533
1789867355.037,6083,5.20151,0.58549,3.04543,1.551,1.548,998.5,205.31681,39.60119
1789867355.047,6084,5.20151,0.62312,3.24116,1.551,1.548,998.5,205.34921,39.60742
1789867355.057,6085,5.20151,0.60588,3.15149,1.550,1.548,998.5,205.38071,39.61348
1789867355.067,6086,5.20159,0.59421,3.09084,1.551,1.548,998.5,205.41161,39.61942
1789867355.077,6087,5.20159,0.60582,3.15123,1.551,1.548,998.5,205.44311,39.62547
1789867355.087,6088,5.20159,0.58176,3.02608,1.551,1.548,998.5,205.47327,39.63127
1789867355.097,6089,5.20159,0.62162,3.23341,1.551,1.548,998.5,205.50550,39.63747
1789867355.107,6090,5.20159,0.63209,3.28787,1.551,1.548,998.5,205.53827,39.64377
1789867355.117,6091,5.20159,0.58724,3.05458,1.552,1.548,998.5,205.56872,39.64962
1789867355.127,6092,5.20159,0.62536,3.25287,1.551,1.548,998.5,205.60136,39.65590
1789867355.137,6093,5.20159,0.59172,3.07788,1.551,1.548,998.5,205.63225,39.66183
1789867355.147,6094,5.20159,0.60582,3.15123,1.551,1.548,998.5,205.66387,39.66791
1789867355.157,6095,5.20159,0.63508,3.30343,1.551,1.548,998.5,205.69702,39.67429
1789867355.167,6096,5.20171,0.58848,3.06110,1.551,1.548,998.5,205.72754,39.68016
1789867355.177,6097,5.20171,0.61664,3.20758,1.551,1.548,998.5,205.75953,39.68630
1789867355.187,6098,5.20171,0.59372,3.08836,1.551,1.548,998.5,205.79034,39.69223
1789867355.197,6099,5.20171,0.60575,3.15094,1.551,1.548,998.5,205.82176,39.69827
1789867355.207,6100,5.20171,0.58325,3.03390,1.551,1.548,998.5,205.85225,39.70413
1789867355.217,6101,5.20171,0.58126,3.02355,1.551,1.548,998.5,205.88263,39.70997
1789867355.227,6102,5.20171,0.60575,3.15094,1.551,1.548,998.5,205.91429,39.71606
1789867355.237,6103,5.20171,0.58500,3.04300,1.550,1.548,998.5,205.94487,39.72193
1789867355.247,6104,5.20171,0.60575,3.15094,1.550,1.548,998.5,205.97628,39.72797
1789867355.257,6105,5.17555,0.65152,3.37197,1.551,1.548,998.5,206.00990,39.73447
1789867355.267,6106,5.20163,0.64031,3.33066,1.551,1.548,998.5,206.04310,39.74085
1789867355.277,6107,5.20163,0.60609,3.15266,1.551,1.548,998.5,206.07453,39.74689
1789867355.287,6108,5.20163,0.59372,3.08831,1.551,1.548,998.5,206.10536,39.75282
1789867355.297,6109,5.20163,0.58824,3.05981,1.551,1.548,998.5,206.13590,39.75869
1789867355.307,6110,5.20163,0.60609,3.15266,1.551,1.548,998.5,206.16738,39.76474
1789867355.317,6111,5.20163,0.59347,3.08701,1.551,1.548,998.5,206.19819,39.77067
1789867355.327,6112,5.20163,0.58624,3.04940,1.552,1.548,998.5,206.22889,39.77657
1789867355.337,6113,5.20163,0.60609,3.15266,1.552,1.548,998.5,206.26063,39.78267
1789867355.347,6114,5.20163,0.60609,3.15266,1.552,1.548,998.5,206.29236,39.78877
1789867355.357,6115,5.17430,0.60609,3.13609,1.551,1.548,998.5,206.32393,39.79487
1789867355.367,6116,5.20151,0.58774,3.05714,1.551,1.548,998.5,206.35437,39.80072
1789867355.377,6117,5.20151,0.59671,3.10379,1.551,1.548,998.5,206.38527,39.80667
1789867355.387,6118,5.20151,0.60688,3.15669,1.550,1.548,998.5,206.41670,39.81271
1789867355.397,6119,5.20151,0.58549,3.04543,1.550,1.548,998.5,206.44702,39.81854
1789867355.407,6120,5.20151,0.59048,3.07139,1.550,1.548,998.5,206.47769,39.82443
1789867355.417,6121,5.20151,0.60688,3.15669,1.550,1.548,998.5,206.50920,39.83049
1789867355.427,6122,5.20151,0.58599,3.04803,1.551,1.548,998.5,206.53964,39.83634
1789867355.437,6123,5.20151,0.58425,3.03898,1.551,1.548,998.5,206.56998,39.84218
1789867355.447,6124,5.20151,0.60688,3.15669,1.551,1.548,998.5,206.60156,39.84825
1789867355.457,6125,5.20151,0.60688,3.15669,1.551,1.548,998.5,206.63315,39.85432
1789867355.467,6126,5.20163,0.61739,3.21143,1.551,1.548,998.5,206.66528,39.86050
1789867355.477,6127,5.20163,0.60665,3.15557,1.551,1.548,998.5,206.69685,39.86657
1789867355.487,6128,5.20163,0.59048,3.07146,1.550,1.548,998.5,206.72753,39.87246
1789867355.497,6129,5.20163,0.60665,3.15557,1.550,1.548,998.5,206.75904,39.87852
1789867355.507,6130,5.20163,0.58574,3.04680,1.550,1.548,998.5,206.78947,39.88437
1789867355.517,6131,5.20163,0.60665,3.15557,1.551,1.548,998.5,206.82099,39.89043
1789867355.527,6132,5.20163,0.58749,3.05591,1.550,1.548,998.5,206.85163,39.89632
1789867355.537,6133,5.20163,0.59446,3.09216,1.550,1.548,998.5,206.88263,39.90228
1789867355.547,6134,5.20163,0.62586,3.25549,1.551,1.548,998.5,206.91527,39.90856
1789867355.557,6135,5.20163,0.63333,3.29435,1.550,1.548,998.5,206.94830,39.91491
1789867355.567,6136,5.19055,0.66173,3.43474,1.550,1.548,998.5,206.98258,39.92151
1789867355.577,6137,5.20163,0.59272,3.08311,1.550,1.548,998.5,207.01335,39.92743
1789867355.587,6138,5.20163,0.60685,3.15661,1.551,1.548,998.5,207.04486,39.93348
1789867355.597,6139,5.19055,0.58873,3.05583,1.551,1.548,998.5,207.07535,39.93936
1789867355.607,6140,5.20163,0.60685,3.15661,1.551,1.548,998.5,207.10691,39.94543
1789867355.617,6141,5.19055,0.64953,3.37142,1.551,1.548,998.5,207.14062,39.95192
1789867355.627,6142,5.20163,0.59122,3.07531,1.551,1.548,998.5,207.17137,39.95783
1789867355.637,6143,5.20163,0.60685,3.15661,1.551,1.548,998.5,207.20293,39.96390
1789867355.647,6144,5.20163,0.60685,3.15661,1.551,1.548,998.5,207.23451,39.96997
1789867355.657,6145,5.20163,0.60685,3.15661,1.550,1.548,998.5,207.26610,39.97604
1789867355.667,6146,5.18930,0.63358,3.28784,1.550,1.548,998.5,207.29899,39.98238
1789867355.677,6147,5.20155,0.59446,3.09211,1.551,1.548,998.5,207.32993,39.98833
1789867355.687,6148,5.20155,0.59696,3.10512,1.551,1.548,998.5,207.36093,39.99429
1789867355.697,6149,5.20155,0.60722,3.15849,1.551,1.548,998.5,207.39245,40.00035
1789867355.707,6150,5.20155,0.59023,3.07011,1.551,1.548,998.5,207.42310,40.00624
1789867355.717,6151,5.20155,0.60722,3.15849,1.551,1.548,998.5,207.45462,40.01230
1789867355.727,6152,5.20155,0.63433,3.29950,1.552,1.548,998.5,207.48769,40.01866
1789867355.737,6153,5.20155,0.59098,3.07401,1.552,1.549,998.5,207.51849,40.02458
1789867355.747,6154,5.20155,0.60722,3.15849,1.552,1.548,998.5,207.55014,40.03067
1789867355.757,6155,5.20155,0.58375,3.03640,1.552,1.548,998.5,207.58057,40.03652
1789867355.767,6156,5.17930,0.60698,3.14373,1.552,1.548,998.5,207.61201,40.04259
1789867355.777,6157,5.20175,0.59571,3.09873,1.552,1.548,998.5,207.64300,40.04854
1789867355.787,6158,5.20175,0.59546,3.09743,1.551,1.548,998.5,207.67398,40.05450
1789867355.797,6159,5.20175,0.62038,3.22706,1.551,1.548,998.5,207.70626,40.06070
1789867355.807,6160,5.20175,0.59147,3.07668,1.551,1.548,998.5,207.73704,40.06662
1789867355.817,6161,5.20175,0.60698,3.15736,1.551,1.548,998.5,207.76863,40.07269
1789867355.827,6162,5.20175,0.57902,3.01192,1.551,1.548,998.5,207.79876,40.07849
1789867355.837,6163,5.20175,0.58749,3.05598,1.552,1.548,998.5,207.82933,40.08436
1789867355.847,6164,5.20175,0.60698,3.15736,1.551,1.548,998.5,207.86094,40.09044
1789867355.857,6165,5.20175,0.58799,3.05858,1.550,1.547,998.5,207.89155,40.09633
1789867355.867,6166,5.20233,0.62785,3.26628,1.550,1.547,998.5,207.92424,40.10261
1789867355.877,6167,5.20233,0.60439,3.14424,1.551,1.548,998.5,207.95572,40.10866
1789867355.887,6168,5.20233,0.58824,3.06022,1.551,1.548,998.5,207.98627,40.11453
1789867355.897,6169,5.20233,0.61464,3.19756,1.550,1.548,998.5,208.01820,40.12067
1789867355.907,6170,5.20233,0.58250,3.03036,1.551,1.548,998.5,208.04845,40.12649
1789867355.917,6171,5.20233,0.60439,3.14424,1.551,1.548,998.5,208.07985,40.13252
1789867355.927,6172,5.20233,0.58948,3.06667,1.550,1.548,998.5,208.11050,40.13841
1789867355.937,6173,5.20233,0.58948,3.06667,1.550,1.548,998.5,208.14114,40.14430
1789867355.947,6174,5.20233,0.60439,3.14424,1.551,1.548,998.5,208.17257,40.15034
1789867355.957,6175,5.20233,0.59297,3.08483,1.551,1.548,998.5,208.20340,40.15627
1789867355.967,6176,5.20226,0.61639,3.20662,1.551,1.548,998.5,208.23549,40.16244
1789867355.977,6177,5.20226,0.63433,3.29995,1.551,1.548,998.5,208.26851,40.16879
1789867355.987,6178,5.20226,0.60434,3.14393,1.551,1.548,998.5,208.29997,40.17483
1789867355.997,6179,5.20226,0.60434,3.14393,1.551,1.548,998.5,208.33143,40.18088
1789867356.007,6180,5.20226,0.58724,3.05498,1.551,1.548,998.5,208.36197,40.18675
1789867356.017,6181,5.20226,0.62062,3.22863,1.550,1.548,998.5,208.39425,40.19296
1789867356.027,6182,5.20226,0.59297,3.08478,1.550,1.548,998.5,208.42509,40.19888
1789867356.037,6183,5.20226,0.58400,3.03812,1.551,1.548,998.5,208.45546,40.20472
1789867356.047,6184,5.20226,0.60434,3.14393,1.551,1.548,998.5,208.48689,40.21076
1789867356.057,6185,5.20226,0.59122,3.07568,1.551,1.548,998.5,208.51765,40.21668
1789867356.067,6186,5.20222,0.60512,3.14797,1.551,1.548,998.5,208.54912,40.22273
1789867356.077,6187,5.18930,0.64529,3.34860,1.551,1.548,998.5,208.58260,40.22918
1789867356.087,6188,5.20222,0.65027,3.38285,1.552,1.548,998.5,208.61639,40.23567
1789867356.097,6189,5.18680,0.69338,3.59642,1.552,1.548,998.5,208.65232,40.24260
1789867356.107,6190,5.20222,0.64554,3.35824,1.551,1.548,998.5,208.68587,40.24905
1789867356.117,6191,5.20222,0.64355,3.34789,1.552,1.548,998.5,208.71931,40.25548
1789867356.127,6192,5.20222,0.60512,3.14797,1.552,1.549,998.5,208.75075,40.26152
1789867356.137,6193,5.20222,0.58051,3.01994,1.552,1.549,998.5,208.78091,40.26732
1789867356.147,6194,5.20222,0.58923,3.06530,1.551,1.548,998.5,208.81153,40.27320
1789867356.157,6195,5.20222,0.63732,3.31548,1.551,1.548,998.5,208.84464,40.27957
1789867356.167,6196,5.20163,0.58674,3.05200,1.551,1.548,998.5,208.87527,40.28546
1789867356.177,6197,5.20163,0.62785,3.26584,1.552,1.548,998.5,208.90805,40.29176
1789867356.187,6198,5.20163,0.58824,3.05981,1.551,1.548,998.5,208.93876,40.29766
1789867356.197,6199,5.20163,0.63458,3.30085,1.551,1.548,998.5,208.97189,40.30403
1789867356.207,6200,5.20163,0.60738,3.15937,1.551,1.548,998.5,209.00338,40.31009
1789867356.217,6201,5.20163,0.62287,3.23994,1.551,1.548,998.5,209.03567,40.31629
1789867356.227,6202,5.20163,0.66074,3.43693,1.551,1.548,998.5,209.06993,40.32288
1789867356.237,6203,5.20163,0.60738,3.15937,1.551,1.548,998.5,209.10141,40.32893
1789867356.247,6204,5.20163,0.61913,3.22049,1.551,1.548,998.5,209.13358,40.33512
1789867356.257,6205,5.20163,0.60738,3.15937,1.551,1.548,998.5,209.16513,40.34118
1789867356.267,6206,5.20144,0.64280,3.34349,1.552,1.548,998.5,209.19852,40.34760
1789867356.277,6207,5.20144,0.60818,3.16341,1.551,1.548,998.5,209.23011,40.35368
1789867356.287,6208,5.20144,0.62287,3.23982,1.551,1.548,998.5,209.26246,40.35989
1789867356.297,6209,5.20144,0.59621,3.10115,1.552,1.548,998.5,209.29341,40.36585
1789867356.307,6210,5.20144,0.62361,3.24367,1.551,1.548,998.5,209.32579,40.37207
1789867356.316,6211,5.20144,0.62635,3.25792,1.552,1.548,998.5,209.35832,40.37832
1789867356.327,6212,5.20144,0.58674,3.05189,1.551,1.548,998.5,209.38896,40.38421
1789867356.337,6213,5.20144,0.60818,3.16341,1.551,1.548,998.5,209.42072,40.39032
1789867356.347,6214,5.20144,0.58300,3.03244,1.552,1.549,998.5,209.45117,40.39618
1789867356.357,6215,5.20144,0.60818,3.16341,1.551,1.548,998.5,209.48293,40.40228
1789867356.367,6216,5.20140,0.63308,3.29290,1.551,1.548,998.5,209.51587,40.40861
1789867356.377,6217,5.20140,0.58300,3.03242,1.551,1.548,998.5,209.54620,40.41444
1789867356.387,6218,5.18930,0.66896,3.47143,1.551,1.548,998.5,209.58091,40.42113
1789867356.397,6219,5.20140,0.60811,3.16302,1.551,1.548,998.5,209.61255,40.42722
1789867356.407,6220,5.20140,0.59297,3.08427,1.550,1.548,998.5,209.64346,40.43316
1789867356.417,6221,5.20140,0.60811,3.16302,1.551,1.548,998.5,209.67515,40.43925
1789867356.427,6222,5.20140,0.59222,3.08037,1.551,1.548,998.5,209.70602,40.44519
1789867356.437,6223,5.20140,0.58076,3.02077,1.551,1.548,998.5,209.73629,40.45101
1789867356.447,6224,5.20140,0.60811,3.16302,1.551,1.548,998.5,209.76790,40.45708
1789867356.457,6225,5.20140,0.58624,3.04927,1.551,1.548,998.5,209.79839,40.46294
1789867356.467,6226,5.20132,0.60821,3.16349,1.550,1.548,998.5,209.83001,40.46902
1789867356.477,6227,5.20132,0.59496,3.09458,1.550,1.548,998.5,209.86094,40.47497
1789867356.487,6228,5.20132,0.65675,3.41597,1.550,1.548,998.5,209.89506,40.48153
1789867356.497,6229,5.20132,0.60821,3.16349,1.550,1.548,998.5,209.92666,40.48761
1789867356.507,6230,5.20132,0.58799,3.05832,1.550,1.548,998.5,209.95721,40.49348
1789867356.517,6231,5.20132,0.59646,3.10238,1.551,1.548,998.5,209.98820,40.49944
1789867356.527,6232,5.20132,0.60821,3.16349,1.552,1.548,998.5,210.01989,40.50553
1789867356.537,6233,5.20132,0.58624,3.04922,1.552,1.548,998.5,210.05043,40.51140
1789867356.547,6234,5.20132,0.58549,3.04532,1.552,1.548,998.5,210.08093,40.51727
1789867356.557,6235,5.20132,0.60821,3.16349,1.551,1.548,998.5,210.11262,40.52336
1789867356.567,6236,5.20116,0.59147,3.07633,1.551,1.548,998.5,210.14335,40.52927
1789867356.577,6237,5.20116,0.60842,3.16449,1.551,1.548,998.5,210.17495,40.53534
1789867356.587,6238,5.20116,0.64006,3.32905,1.550,1.548,998.5,210.20821,40.54174
1789867356.597,6239,5.20116,0.59446,3.09188,1.550,1.548,998.5,210.23909,40.54767
1789867356.607,6240,5.20116,0.62536,3.25260,1.550,1.548,998.5,210.27161,40.55393
1789867356.617,6241,5.20116,0.59372,3.08803,1.550,1.548,998.5,210.30248,40.55986
1789867356.627,6242,5.20116,0.58898,3.06338,1.550,1.548,998.5,210.33311,40.56575
1789867356.637,6243,5.20116,0.60842,3.16449,1.550,1.548,998.5,210.36475,40.57183
1789867356.647,6244,5.20116,0.58375,3.03618,1.551,1.548,998.5,210.39506,40.57766
1789867356.657,6245,5.20116,0.57902,3.01158,1.550,1.548,998.5,210.42512,40.58344
1789867356.667,6246,5.20132,0.62760,3.26435,1.550,1.548,998.5,210.45771,40.58971
1789867356.677,6247,5.20132,0.59297,3.08423,1.550,1.548,998.5,210.48849,40.59563
1789867356.687,6248,5.20132,0.60827,3.16381,1.550,1.548,998.5,210.52014,40.60171
1789867356.697,6249,5.20132,0.64554,3.35766,1.551,1.548,998.5,210.55373,40.60817
1789867356.707,6250,5.20132,0.64504,3.35506,1.550,1.548,998.5,210.58729,40.61462
1789867356.717,6251,5.20132,0.63458,3.30065,1.550,1.548,998.5,210.62031,40.62097
1789867356.727,6252,5.20132,0.58500,3.04277,1.551,1.548,998.5,210.65093,40.62686
1789867356.737,6253,5.20132,0.58076,3.02072,1.550,1.548,998.5,210.68133,40.63270
1789867356.747,6254,5.20132,0.62212,3.23585,1.550,1.548,998.5,210.71389,40.63896
1789867356.757,6255,5.20132,0.58599,3.04792,1.550,1.548,998.5,210.74456,40.64486
1789867356.767,6256,5.20104,0.62013,3.22532,1.551,1.548,998.5,210.77666,40.65103
1789867356.777,6257,5.20104,0.63358,3.29527,1.551,1.548,998.5,210.80945,40.65733
1789867356.787,6258,5.20104,0.63632,3.30953,1.551,1.548,998.5,210.84238,40.66367
1789867356.797,6259,5.18805,0.64654,3.35428,1.552,1.548,998.5,210.87576,40.67010
1789867356.807,6260,5.20104,0.58799,3.05816,1.551,1.548,998.5,210.90633,40.67598
1789867356.817,6261,5.20104,0.62187,3.23437,1.551,1.548,998.5,210.93865,40.68219
1789867356.827,6262,5.20104,0.58973,3.06721,1.551,1.548,998.5,210.96930,40.68808
1789867356.837,6263,5.20104,0.62062,3.22787,1.550,1.548,998.5,211.00156,40.69429
1789867356.847,6264,5.19055,0.60892,3.16063,1.550,1.548,998.5,211.03320,40.70038
1789867356.857,6265,5.20104,0.59496,3.09441,1.550,1.548,998.5,211.06418,40.70634
1789867356.867,6266,5.20104,0.60923,3.16863,1.550,1.548,998.5,211.09589,40.71244
1789867356.877,6267,5.20104,0.58624,3.04906,1.550,1.548,998.5,211.12642,40.71830
1789867356.887,6268,5.20104,0.60923,3.16863,1.550,1.548,998.5,211.15807,40.72439
1789867356.897,6269,5.20104,0.65974,3.43133,1.550,1.548,998.5,211.19234,40.73098
1789867356.907,6270,5.20104,0.59272,3.08276,1.551,1.548,998.5,211.22314,40.73690
1789867356.917,6271,5.20104,0.62087,3.22917,1.551,1.548,998.5,211.25539,40.74310
1789867356.927,6272,5.20104,0.58525,3.04391,1.552,1.548,998.5,211.28585,40.74896
1789867356.937,6273,5.20104,0.60923,3.16863,1.552,1.549,998.5,211.31756,40.75506
1789867356.947,6274,5.20104,0.58599,3.04776,1.552,1.548,998.5,211.34806,40.76092
1789867356.957,6275,5.20104,0.58151,3.02446,1.552,1.548,998.5,211.37833,40.76674
1789867356.967,6276,5.20104,0.60938,3.16941,1.552,1.548,998.5,211.41004,40.77284
1789867356.977,6277,5.20104,0.58599,3.04776,1.552,1.548,998.5,211.44054,40.77870
1789867356.987,6278,5.20104,0.60938,3.16941,1.551,1.548,998.5,211.47226,40.78480
1789867356.997,6279,5.20104,0.60938,3.16941,1.549,1.547,998.5,211.50398,40.79090
1789867357.007,6280,5.20104,0.63931,3.32508,1.551,1.548,998.5,211.53722,40.79729
1789867357.017,6281,5.20104,0.60938,3.16941,1.550,1.548,998.5,211.56891,40.80338
1789867357.027,6282,5.20104,0.58973,3.06721,1.550,1.548,998.5,211.59957,40.80928
1789867357.037,6283,5.20104,0.58649,3.05036,1.551,1.548,998.5,211.63007,40.81514
1789867357.047,6284,5.20104,0.60938,3.16941,1.551,1.548,998.5,211.66169,40.82122
1789867357.057,6285,5.20104,0.58300,3.03221,1.551,1.548,998.5,211.69194,40.82704
1789867357.067,6286,5.20101,0.58873,3.06199,1.551,1.548,998.5,211.72248,40.83291
1789867357.077,6287,5.20101,0.60938,3.16939,1.551,1.548,998.5,211.75410,40.83899
1789867357.087,6288,5.20101,0.59048,3.07109,1.551,1.548,998.5,211.78498,40.84493
1789867357.097,6289,5.20101,0.63757,3.31601,1.551,1.548,998.5,211.81832,40.85134
1789867357.107,6290,5.20101,0.63782,3.31731,1.550,1.548,998.5,211.85167,40.85775
1789867357.117,6291,5.20101,0.58549,3.04514,1.551,1.548,998.5,211.88228,40.86363
1789867357.127,6292,5.20101,0.60938,3.16939,1.550,1.548,998.5,211.91384,40.86970
1789867357.137,6293,5.20101,0.59048,3.07109,1.551,1.548,998.5,211.94441,40.87558
1789867357.147,6294,5.20101,0.60938,3.16939,1.551,1.548,998.5,211.97597,40.88165
1789867357.157,6295,5.20101,0.59172,3.07754,1.551,1.548,998.5,212.00661,40.88754
1789867357.167,6296,5.20144,0.58898,3.06354,1.552,1.548,998.5,212.03729,40.89344
1789867357.177,6297,5.20144,0.60742,3.15946,1.551,1.548,998.5,212.06893,40.89952
1789867357.187,6298,5.20144,0.58525,3.04414,1.551,1.548,998.5,212.09941,40.90538
1789867357.197,6299,5.20144,0.60742,3.15946,1.551,1.548,998.5,212.13105,40.91146
1789867357.207,6300,5.20144,0.59222,3.08040,1.552,1.548,998.5,212.16177,40.91737
1789867357.217,6301,5.20144,0.59720,3.10630,1.552,1.548,998.5,212.19275,40.92332
1789867357.227,6302,5.20144,0.62685,3.26052,1.551,1.548,998.5,212.22527,40.92958
1789867357.237,6303,5.20144,0.58300,3.03244,1.551,1.548,998.5,212.25551,40.93539
1789867357.247,6304,5.20144,0.60742,3.15946,1.552,1.548,998.5,212.28719,40.94148
1789867357.257,6305,5.20144,0.58400,3.03764,1.551,1.548,998.5,212.31764,40.94734
1789867357.267,6306,5.20147,0.57902,3.01176,1.550,1.548,998.5,212.34784,40.95314
1789867357.277,6307,5.20147,0.60688,3.15667,1.550,1.548,998.5,212.37949,40.95923
1789867357.287,6308,5.20147,0.58400,3.03766,1.550,1.548,998.5,212.40978,40.96505
1789867357.297,6309,5.20147,0.60688,3.15667,1.550,1.548,998.5,212.44125,40.97110
1789867357.307,6310,5.20147,0.59646,3.10247,1.550,1.548,998.5,212.47219,40.97705
1789867357.317,6311,5.20147,0.59272,3.08302,1.550,1.548,998.5,212.50293,40.98296
1789867357.327,6312,5.19055,0.63209,3.28089,1.550,1.548,998.5,212.53583,40.98930
1789867357.337,6313,5.20147,0.58026,3.01820,1.551,1.548,998.5,212.56610,40.99512
1789867357.347,6314,5.20147,0.61788,3.21388,1.550,1.548,998.5,212.59832,41.00131
1789867357.357,6315,5.20147,0.58375,3.03636,1.551,1.548,998.5,212.62877,41.00717
1789867357.367,6316,5.20175,0.60594,3.15195,1.551,1.548,998.5,212.66036,41.01324
1789867357.377,6317,5.20175,0.63806,3.31903,1.551,1.548,998.5,212.69363,41.01963
1789867357.387,6318,5.20175,0.62461,3.24907,1.551,1.548,998.5,212.72620,41.02589
1789867357.397,6319,5.20175,0.60594,3.15195,1.550,1.548,998.5,212.75779,41.03197
1789867357.407,6320,5.20175,0.64728,3.36699,1.551,1.548,998.5,212.79139,41.03843
1789867357.417,6321,5.18430,0.65127,3.37638,1.550,1.548,998.5,212.82509,41.04493
1789867357.427,6322,5.20175,0.60594,3.15195,1.550,1.548,998.5,212.85654,41.05097
1789867357.437,6323,5.20175,0.59297,3.08448,1.550,1.548,998.5,212.88732,41.05689
1789867357.447,6324,5.20175,0.60594,3.15195,1.550,1.548,998.5,212.91891,41.06296
1789867357.457,6325,5.20175,0.64629,3.36184,1.549,1.547,998.5,212.95260,41.06944
1789867357.467,6326,5.20163,0.59272,3.08311,1.550,1.548,998.5,212.98350,41.07538
1789867357.477,6327,5.20163,0.60657,3.15515,1.550,1.548,998.5,213.01512,41.08146
1789867357.487,6328,5.20163,0.58076,3.02090,1.550,1.548,998.5,213.04514,41.08723
1789867357.497,6329,5.20163,0.60657,3.15515,1.551,1.548,998.5,213.07650,41.09326
1789867357.507,6330,5.18055,0.69338,3.59209,1.551,1.548,998.5,213.11221,41.10015
1789867357.517,6331,5.18305,0.69661,3.61056,1.552,1.548,998.5,213.14809,41.10708
1789867357.527,6332,5.20163,0.66124,3.43953,1.551,1.548,998.5,213.18265,41.11372
1789867357.537,6333,5.20163,0.63084,3.28140,1.551,1.548,998.5,213.21561,41.12006
1789867357.547,6334,5.18930,0.65227,3.38482,1.552,1.548,998.5,213.24962,41.12661
1789867357.557,6335,5.20163,0.62885,3.27105,1.551,1.548,998.5,213.28248,41.13293
1789867357.567,6336,5.20093,0.62337,3.24210,1.552,1.548,998.5,213.31480,41.13914
1789867357.577,6337,5.19055,0.65127,3.38045,1.552,1.548,998.5,213.34849,41.14563
1789867357.587,6338,5.20093,0.59247,3.08139,1.551,1.548,998.5,213.37921,41.15154
1789867357.597,6339,5.20093,0.60996,3.17236,1.551,1.548,998.5,213.41084,41.15762
1789867357.607,6340,5.20093,0.60996,3.17236,1.550,1.548,998.5,213.44261,41.16373
1789867357.617,6341,5.20093,0.60996,3.17236,1.551,1.548,998.5,213.47438,41.16984
1789867357.627,6342,5.20093,0.62137,3.23170,1.550,1.548,998.5,213.50675,41.17606
1789867357.637,6343,5.20093,0.58923,3.06454,1.550,1.548,998.5,213.53745,41.18196
1789867357.647,6344,5.20093,0.60996,3.17236,1.550,1.548,998.5,213.56915,41.18806
1789867357.657,6345,5.20093,0.58774,3.05679,1.551,1.548,998.5,213.59970,41.19393
1789867357.667,6346,5.20089,0.58848,3.06062,1.551,1.548,998.5,213.63029,41.19981
1789867357.677,6347,5.20089,0.61056,3.17546,1.551,1.548,998.5,213.66202,41.20592
1789867357.687,6348,5.20089,0.59048,3.07102,1.551,1.548,998.5,213.69268,41.21181
1789867357.697,6349,5.20089,0.61056,3.17546,1.551,1.548,998.5,213.72438,41.21791
1789867357.707,6350,5.20089,0.59247,3.08137,1.551,1.548,998.5,213.75514,41.22382
1789867357.717,6351,5.20089,0.64230,3.34053,1.551,1.548,998.5,213.78848,41.23023
1789867357.727,6352,5.20089,0.61056,3.17546,1.552,1.548,998.5,213.82031,41.23635
1789867357.737,6353,5.20089,0.58948,3.06582,1.552,1.549,998.5,213.85103,41.24226
1789867357.747,6354,5.20089,0.58873,3.06192,1.552,1.549,998.5,213.88172,41.24816
1789867357.757,6355,5.20089,0.61056,3.17546,1.551,1.548,998.5,213.91355,41.25428
1789867357.767,6356,5.20104,0.58973,3.06721,1.551,1.548,998.5,213.94422,41.26018
1789867357.777,6357,5.20104,0.58574,3.04646,1.551,1.548,998.5,213.97469,41.26603
1789867357.787,6358,5.20104,0.59920,3.11646,1.551,1.548,998.5,214.00586,41.27203
1789867357.797,6359,5.20104,0.58848,3.06071,1.550,1.548,998.5,214.03647,41.27791
1789867357.807,6360,5.20104,0.61041,3.17477,1.551,1.548,998.5,214.06833,41.28404
1789867357.817,6361,5.20104,0.64654,3.36268,1.551,1.548,998.5,214.10209,41.29053
1789867357.827,6362,5.20104,0.64728,3.36653,1.552,1.548,998.5,214.13588,41.29703
1789867357.837,6363,5.18680,0.69960,3.62869,1.552,1.548,998.5,214.17230,41.30405
1789867357.847,6364,5.20104,0.64280,3.34323,1.552,1.548,998.5,214.20560,41.31045
1789867357.857,6365,5.20104,0.59023,3.06981,1.551,1.548,998.5,214.23617,41.31633
1789867357.867,6366,5.20081,0.61205,3.18316,1.551,1.548,998.5,214.26788,41.32242
1789867357.877,6367,5.20081,0.58151,3.02432,1.551,1.548,998.5,214.29800,41.32822
1789867357.887,6368,5.20081,0.58973,3.06707,1.551,1.548,998.5,214.32863,41.33411
1789867357.897,6369,5.20081,0.64529,3.35603,1.551,1.548,998.5,214.36214,41.34055
1789867357.907,6370,5.20081,0.59147,3.07612,1.550,1.548,998.5,214.39286,41.34646
1789867357.917,6371,5.18430,0.69886,3.62310,1.552,1.548,998.5,214.42905,41.35344
1789867357.927,6372,5.17805,0.67295,3.48457,1.551,1.548,998.5,214.46395,41.36018
1789867357.937,6373,5.20081,0.60094,3.12537,1.551,1.548,998.5,214.49526,41.36620
1789867357.947,6374,5.20081,0.59596,3.09947,1.551,1.548,998.5,214.52631,41.37217
1789867357.957,6375,5.19055,0.61205,3.17688,1.552,1.548,998.5,214.55813,41.37830
1789867357.967,6376,5.20050,0.61355,3.19077,1.551,1.548,998.5,214.59000,41.38443
1789867357.977,6377,5.20050,0.59845,3.11224,1.552,1.548,998.5,214.62109,41.39040
1789867357.987,6378,5.20050,0.62685,3.25993,1.552,1.548,998.5,214.65366,41.39667
1789867357.997,6379,5.20050,0.59197,3.07854,1.552,1.548,998.5,214.68441,41.40258
1789867358.007,6380,5.20050,0.61355,3.19077,1.551,1.548,998.5,214.71637,41.40873
1789867358.017,6381,5.20050,0.59845,3.11224,1.551,1.548,998.5,214.74755,41.41472
1789867358.027,6382,5.18805,0.68939,3.57659,1.551,1.548,998.5,214.78338,41.42163
1789867358.037,6383,5.17306,0.71480,3.69770,1.551,1.548,998.5,214.82043,41.42879
1789867358.047,6384,5.20050,0.60219,3.13169,1.551,1.548,998.5,214.85170,41.43480
1789867358.057,6385,5.20050,0.61355,3.19077,1.551,1.548,998.5,214.88357,41.44093
1789867358.067,6386,5.20026,0.58176,3.02530,1.550,1.548,998.5,214.91378,41.44674
1789867358.077,6387,5.20026,0.61522,3.19930,1.550,1.548,998.5,214.94573,41.45288
1789867358.087,6388,5.20026,0.61522,3.19930,1.549,1.548,998.5,214.97766,41.45902
1789867358.097,6389,5.20026,0.59172,3.07710,1.549,1.548,998.5,215.00837,41.46493
1789867358.107,6390,5.20026,0.61522,3.19930,1.549,1.548,998.5,215.04030,41.47107
1789867358.117,6391,5.20026,0.59571,3.09785,1.549,1.548,998.5,215.07121,41.47701
1789867358.127,6392,5.20026,0.61522,3.19930,1.549,1.547,998.5,215.10328,41.48318
1789867358.137,6393,5.20026,0.60094,3.12504,1.550,1.548,998.5,215.13461,41.48920
1789867358.147,6394,5.20026,0.58824,3.05900,1.550,1.548,998.5,215.16527,41.49510
1789867358.157,6395,5.20026,0.61522,3.19930,1.550,1.548,998.5,215.19734,41.50127
1789867358.167,6396,5.21054,0.59521,3.10137,1.550,1.548,998.5,215.22832,41.50721
1789867358.177,6397,5.20038,0.61503,3.19839,1.550,1.548,998.5,215.26027,41.51336
1789867358.187,6398,5.20038,0.58624,3.04867,1.550,1.548,998.5,215.29072,41.51921
1789867358.197,6399,5.20038,0.59122,3.07457,1.549,1.547,998.5,215.32144,41.52512
1789867358.207,6400,5.20038,0.60443,3.14327,1.550,1.548,998.5,215.35287,41.53116
1789867358.217,6401,5.20038,0.58799,3.05777,1.550,1.548,998.5,215.38345,41.53704
1789867358.227,6402,5.20038,0.61503,3.19839,1.550,1.548,998.5,215.41544,41.54320
1789867358.237,6403,5.20038,0.59272,3.08237,1.550,1.548,998.5,215.44627,41.54912
1789867358.247,6404,5.20038,0.59122,3.07457,1.551,1.548,998.5,215.47710,41.55505
1789867358.257,6405,5.20038,0.61503,3.19839,1.550,1.548,998.5,215.50916,41.56122
1789867358.267,6406,5.20042,0.58525,3.04355,1.551,1.548,998.5,215.53967,41.56708
1789867358.277,6407,5.20042,0.60293,3.13549,1.551,1.548,998.5,215.57111,41.57313
1789867358.287,6408,5.20042,0.58774,3.05649,1.552,1.548,998.5,215.60154,41.57898
1789867358.297,6409,5.20042,0.58525,3.04355,1.552,1.548,998.5,215.63185,41.58481
1789867358.307,6410,5.20042,0.61528,3.19971,1.552,1.548,998.5,215.66370,41.59093
1789867358.317,6411,5.20042,0.60044,3.12254,1.552,1.549,998.5,215.69479,41.59691
1789867358.327,6412,5.20042,0.64479,3.35318,1.552,1.549,998.5,215.72844,41.60338
1789867358.337,6413,5.20042,0.58674,3.05129,1.552,1.549,998.5,215.75907,41.60927
1789867358.347,6414,5.20042,0.58948,3.06554,1.552,1.549,998.5,215.78983,41.61519
1789867358.357,6415,5.20042,0.61528,3.19971,1.551,1.548,998.5,215.82194,41.62136
1789867358.367,6416,5.20030,0.58774,3.05642,1.552,1.548,998.5,215.85249,41.62724
1789867358.377,6417,5.20030,0.61558,3.20120,1.551,1.548,1024.1,215.88448,41.63339
1789867358.387,6418,5.20030,0.58973,3.06677,1.550,1.548,1024.1,215.91513,41.63928
1789867358.397,6419,5.20030,0.58325,3.03307,1.550,1.548,998.5,215.94544,41.64511
1789867358.407,6420,5.20030,0.61558,3.20120,1.550,1.548,998.5,215.97748,41.65127
1789867358.417,6421,5.20030,0.58425,3.03828,1.550,1.548,1024.1,216.00789,41.65712
1789867358.427,6422,5.20030,0.62611,3.25596,1.550,1.548,1024.1,216.04047,41.66339
1789867358.437,6423,5.20030,0.64529,3.35570,1.551,1.548,998.5,216.07405,41.66984
1789867358.447,6424,5.20030,0.64479,3.35310,1.551,1.548,998.5,216.10756,41.67629
1789867358.457,6425,5.20030,0.63806,3.31810,1.550,1.548,998.5,216.14071,41.68266
1789867358.467,6426,5.20022,0.58201,3.02658,1.551,1.548,998.5,216.17095,41.68848
1789867358.477,6427,5.20022,0.58226,3.02788,1.551,1.548,998.5,216.20120,41.69429
1789867358.487,6428,5.20022,0.61585,3.20256,1.551,1.548,998.5,216.23321,41.70045
1789867358.497,6429,5.21179,0.58774,3.06318,1.551,1.548,998.5,216.26383,41.70632
1789867358.507,6430,5.20022,0.59421,3.09002,1.551,1.548,998.5,216.29471,41.71226
1789867358.517,6431,5.20022,0.61585,3.20256,1.552,1.548,998.5,216.32672,41.71842
1789867358.527,6432,5.20022,0.59197,3.07837,1.551,1.548,998.5,216.35743,41.72432
1789867358.537,6433,5.18680,0.70484,3.65586,1.551,1.548,998.5,216.39390,41.73135
1789867358.547,6434,5.20022,0.65575,3.41004,1.551,1.548,998.5,216.42792,41.73790
1789867358.557,6435,5.20022,0.61585,3.20256,1.551,1.548,998.5,216.45986,41.74404
1789867358.567,6436,5.20065,0.65052,3.38313,1.551,1.548,998.5,216.49382,41.75057
1789867358.577,6437,5.20065,0.61428,3.19466,1.550,1.548,998.5,216.52589,41.75673
1789867358.587,6438,5.20065,0.59970,3.11883,1.551,1.548,998.5,216.55719,41.76275
1789867358.597,6439,5.20065,0.59496,3.09418,1.550,1.548,998.5,216.58825,41.76872
1789867358.607,6440,5.20065,0.61428,3.19466,1.550,1.548,998.5,216.62021,41.77487
1789867358.617,6441,5.20065,0.58325,3.03328,1.550,1.548,998.5,216.65055,41.78071
1789867358.627,6442,5.20065,0.61428,3.19466,1.549,1.547,998.5,216.68251,41.78685
1789867358.637,6443,5.18680,0.69886,3.62485,1.549,1.547,998.5,216.71878,41.79384
1789867358.647,6444,5.20065,0.65027,3.38183,1.549,1.547,998.5,216.75244,41.80032
1789867358.657,6445,5.20065,0.61428,3.19466,1.548,1.546,998.5,216.78425,41.80643
1789867358.667,6446,5.20077,0.58649,3.05020,1.549,1.547,998.5,216.81462,41.81227
1789867358.677,6447,5.20077,0.60144,3.12795,1.549,1.547,998.5,216.84576,41.81826
1789867358.687,6448,5.20077,0.58549,3.04500,1.550,1.547,998.5,216.87629,41.82413
1789867358.697,6449,5.20077,0.58574,3.04630,1.550,1.548,998.5,216.90683,41.83000
1789867358.707,6450,5.20077,0.61374,3.19192,1.550,1.548,998.5,216.93883,41.83615
1789867358.717,6451,5.20077,0.59222,3.08000,1.551,1.548,998.5,216.96971,41.84209
1789867358.727,6452,5.20077,0.61374,3.19192,1.551,1.548,998.5,217.00161,41.84823
1789867358.737,6453,5.20077,0.65675,3.41561,1.551,1.548,998.5,217.03575,41.85479
1789867358.747,6454,5.20077,0.59347,3.08650,1.551,1.548,998.5,217.06659,41.86072
1789867358.757,6455,5.20077,0.61374,3.19192,1.551,1.548,998.5,217.09849,41.86685
1789867358.767,6456,5.20073,0.58500,3.04243,1.551,1.548,998.5,217.12894,41.87271
1789867358.777,6457,5.20073,0.61345,3.19039,1.551,1.548,998.5,217.16088,41.87885
1789867358.787,6458,5.20073,0.58500,3.04243,1.551,1.548,998.5,217.19133,41.88470
1789867358.797,6459,5.20073,0.58549,3.04498,1.551,1.548,998.5,217.22180,41.89056
1789867358.807,6460,5.20073,0.61345,3.19039,1.551,1.548,998.5,217.25374,41.89670
1789867358.817,6461,5.20073,0.58574,3.04628,1.551,1.548,998.5,217.28422,41.90257
1789867358.827,6462,5.20073,0.61345,3.19039,1.551,1.548,998.5,217.31616,41.90871
1789867358.837,6463,5.20073,0.59845,3.11238,1.551,1.548,998.5,217.34731,41.91470
1789867358.847,6464,5.20073,0.58674,3.05148,1.552,1.548,998.5,217.37767,41.92053
1789867358.857,6465,5.20073,0.61345,3.19039,1.551,1.548,998.5,217.40942,41.92664
1789867358.867,6466,5.20089,0.59546,3.09692,1.551,1.548,998.5,217.44024,41.93257
1789867358.877,6467,5.20089,0.61184,3.18211,1.551,1.548,998.5,217.47191,41.93865
1789867358.887,6468,5.20089,0.58574,3.04637,1.551,1.548,998.5,217.50244,41.94452
1789867358.897,6469,5.20089,0.58525,3.04382,1.551,1.548,998.5,217.53294,41.95039
1789867358.907,6470,5.20089,0.61184,3.18211,1.551,1.548,998.5,217.56483,41.95652
1789867358.917,6471,5.20089,0.58126,3.02307,1.551,1.548,998.5,217.59513,41.96235
1789867358.927,6472,5.20089,0.61184,3.18211,1.551,1.548,1024.1,217.62693,41.96846
1789867358.937,6473,5.20089,0.59098,3.07362,1.552,1.548,998.5,217.65765,41.97437
1789867358.947,6474,5.20089,0.64031,3.33018,1.551,1.548,998.5,217.69093,41.98077
1789867358.957,6475,5.20089,0.61184,3.18211,1.551,1.548,998.5,217.72273,41.98688
1789867358.967,6476,5.20128,0.59247,3.08160,1.552,1.548,998.5,217.75356,41.99281
1789867358.977,6477,5.20128,0.58051,3.01940,1.551,1.548,998.5,217.78376,41.99862
1789867358.987,6478,5.20128,0.61047,3.17523,1.551,1.548,998.5,217.81552,42.00472
1789867358.997,6479,5.20128,0.58549,3.04530,1.551,1.548,998.5,217.84599,42.01058
1789867359.007,6480,5.20128,0.58873,3.06215,1.551,1.548,998.5,217.87670,42.01648
1789867359.017,6481,5.20128,0.61047,3.17523,1.551,1.548,998.5,217.90855,42.02261
1789867359.027,6482,5.20128,0.58848,3.06085,1.551,1.548,998.5,217.93925,42.02851
1789867359.037,6483,5.20128,0.58275,3.03105,1.551,1.548,998.5,217.96966,42.03436
1789867359.047,6484,5.18430,0.66846,3.46550,1.551,1.548,998.5,218.00436,42.04105
1789867359.057,6485,5.20128,0.59073,3.07255,1.551,1.548,998.5,218.03513,42.04696
1789867359.067,6486,5.20167,0.59671,3.10389,1.551,1.548,998.5,218.06621,42.05294
1789867359.077,6487,5.20167,0.64006,3.32938,1.551,1.548,998.5,218.09955,42.05935
1789867359.087,6488,5.20167,0.60833,3.16433,1.551,1.548,998.5,218.13112,42.06542
1789867359.097,6489,5.20167,0.60833,3.16433,1.551,1.548,998.5,218.16269,42.07149
1789867359.107,6490,5.20167,0.59297,3.08443,1.550,1.548,998.5,218.19346,42.07740
1789867359.117,6491,5.20167,0.58475,3.04168,1.551,1.548,998.5,218.22381,42.08324
1789867359.127,6492,5.19055,0.60833,3.15757,1.550,1.548,998.5,218.25544,42.08933
1789867359.137,6493,5.20167,0.59023,3.07018,1.550,1.548,998.5,218.28620,42.09525
1789867359.147,6494,5.20167,0.64679,3.36439,1.550,1.548,998.5,218.31991,42.10173
1789867359.157,6495,5.20167,0.63931,3.32548,1.550,1.548,998.5,218.35323,42.10813
1789867359.167,6496,5.18930,0.67021,3.47792,1.551,1.548,998.5,218.38796,42.11482
1789867359.177,6497,5.20136,0.68540,3.56501,1.550,1.548,998.5,218.42357,42.12167
1789867359.187,6498,5.20136,0.58201,3.02724,1.550,1.548,998.5,218.45381,42.12748
1789867359.197,6499,5.20136,0.60850,3.16503,1.550,1.548,1024.1,218.48542,42.13356
1789867359.207,6500,5.20136,0.63358,3.29548,1.550,1.548,998.5,218.51830,42.13988
1789867359.217,6501,5.20136,0.58973,3.06740,1.551,1.548,998.5,218.54890,42.14577
1789867359.227,6502,5.20136,0.62262,3.23847,1.551,1.548,998.5,218.58120,42.15198
1789867359.237,6503,5.20136,0.59770,3.10885,1.551,1.548,998.5,218.61222,42.15794
1789867359.247,6504,5.20136,0.62262,3.23847,1.551,1.548,998.5,218.64466,42.16418
1789867359.257,6505,5.20136,0.59471,3.09330,1.551,1.548,998.5,218.67565,42.17013
1789867359.267,6506,5.20124,0.60941,3.16969,1.551,1.548,998.5,218.70741,42.17624
1789867359.277,6507,5.20124,0.62586,3.25525,1.550,1.547,998.5,218.74002,42.18251
1789867359.287,6508,5.20124,0.58873,3.06213,1.550,1.548,998.5,218.77060,42.18839
1789867359.297,6509,5.20124,0.60941,3.16969,1.550,1.548,998.5,218.80226,42.19448
1789867359.307,6510,5.20124,0.59446,3.09193,1.550,1.548,998.5,218.83314,42.20041
1789867359.317,6511,5.21304,0.57079,2.97555,1.550,1.548,998.5,218.86286,42.20611
1789867359.327,6512,5.22054,0.55111,2.87709,1.550,1.548,998.5,218.89170,42.21164
1789867359.337,6513,5.21429,0.53641,2.79700,1.551,1.548,998.5,218.91975,42.21702
1789867359.347,6514,5.20124,0.56706,2.94942,1.551,1.548,998.5,218.94932,42.22270
1789867359.357,6515,5.22054,0.58151,3.03580,1.551,1.548,998.5,218.97975,42.22853
1789867359.367,6516,5.21804,0.54538,2.84581,1.552,1.548,998.5,219.00818,42.23398
1789867359.377,6517,5.20175,0.56955,2.96266,1.552,1.548,998.5,219.03777,42.23967
1789867359.387,6518,5.21804,0.54488,2.84321,1.552,1.548,998.5,219.06617,42.24511
1789867359.397,6519,5.21804,0.54164,2.82630,1.551,1.548,998.5,219.09440,42.25052
1789867359.407,6520,5.20175,0.56183,2.92250,1.551,1.548,998.5,219.12359,42.25613
1789867359.417,6521,5.20175,0.58400,3.03782,1.551,1.548,998.5,219.15394,42.26197
1789867359.427,6522,5.20175,0.58250,3.03002,1.550,1.548,998.5,219.18421,42.26779
1789867359.437,6523,5.20175,0.60744,3.15975,1.551,1.548,998.5,219.21577,42.27386
1789867359.447,6524,5.20175,0.58948,3.06633,1.551,1.548,998.5,219.24651,42.27976
1789867359.457,6525,5.20175,0.61938,3.22186,1.550,1.548,998.5,219.27880,42.28597
1789867359.467,6526,5.20229,0.58898,3.06404,1.551,1.548,998.5,219.30951,42.29188
1789867359.477,6527,5.20229,0.58649,3.05109,1.551,1.548,998.5,219.34010,42.29775
1789867359.487,6528,5.20229,0.60488,3.14676,1.551,1.548,998.5,219.37146,42.30378
1789867359.497,6529,5.20229,0.58325,3.03424,1.552,1.548,998.5,219.40171,42.30960
1789867359.507,6530,5.20229,0.60488,3.14676,1.551,1.548,998.5,219.43307,42.31563
1789867359.517,6531,5.20229,0.58948,3.06665,1.552,1.548,998.5,219.46364,42.32150
1789867359.527,6532,5.20229,0.58624,3.04979,1.552,1.548,998.5,219.49409,42.32736
1789867359.537,6533,5.20229,0.60488,3.14676,1.552,1.548,998.5,219.52550,42.33339
1789867359.547,6534,5.20229,0.59347,3.08740,1.552,1.548,998.5,219.55632,42.33932
1789867359.557,6535,5.20229,0.61614,3.20534,1.551,1.548,1024.1,219.58832,42.34547
1789867359.567,6536,5.20241,0.58948,3.06672,1.551,1.548,1024.1,219.61911,42.35139
1789867359.577,6537,5.20241,0.59172,3.07837,1.551,1.548,998.5,219.65002,42.35733
1789867359.587,6538,5.20241,0.62386,3.24558,1.550,1.548,998.5,219.68261,42.36359
1789867359.597,6539,5.20241,0.58599,3.04856,1.551,1.548,998.5,219.71322,42.36948
1789867359.607,6540,5.20241,0.61415,3.19506,1.550,1.548,998.5,219.74511,42.37561
1789867359.617,6541,5.20241,0.58599,3.04856,1.550,1.548,998.5,219.77554,42.38146
1789867359.627,6542,5.20241,0.58400,3.03821,1.550,1.548,998.5,219.80587,42.38729
1789867359.637,6543,5.20241,0.62934,3.27408,1.551,1.548,998.5,219.83856,42.39357
1789867359.647,6544,5.20241,0.58500,3.04341,1.551,1.548,998.5,219.86904,42.39943
1789867359.657,6545,5.20241,0.69313,3.60595,1.551,1.548,998.5,219.90515,42.40637
1789867359.667,6546,5.20253,0.60273,3.13572,1.551,1.548,998.5,219.93656,42.41241
1789867359.677,6547,5.20253,0.62312,3.24180,1.551,1.548,998.5,219.96902,42.41865
1789867359.687,6548,5.20253,0.63806,3.31953,1.551,1.548,998.5,220.00223,42.42503
1789867359.697,6549,5.20253,0.61464,3.19768,1.550,1.548,998.5,220.03423,42.43118
1789867359.707,6550,5.20253,0.61290,3.18863,1.550,1.548,998.5,220.06613,42.43731
1789867359.717,6551,5.20253,0.58923,3.06549,1.551,1.548,998.5,220.09680,42.44321
1789867359.727,6552,5.20253,0.60273,3.13572,1.551,1.548,998.5,220.12814,42.44923
1789867359.737,6553,5.20253,0.58774,3.05773,1.551,1.548,998.5,220.15871,42.45511
1789867359.747,6554,5.20253,0.62187,3.23530,1.552,1.548,998.5,220.19106,42.46132
1789867359.757,6555,5.20253,0.64305,3.34549,1.551,1.548,998.5,220.22450,42.46775
1789867359.767,6556,5.20268,0.63707,3.31447,1.551,1.548,998.5,220.25761,42.47412
1789867359.777,6557,5.20268,0.61988,3.22504,1.551,1.548,998.5,220.28983,42.48031
1789867359.787,6558,5.20268,0.60216,3.13285,1.551,1.548,998.5,220.32113,42.48633
1789867359.797,6559,5.20268,0.58375,3.03706,1.550,1.548,998.5,220.35147,42.49216
1789867359.807,6560,5.20268,0.60216,3.13285,1.550,1.547,1024.1,220.38280,42.49818
1789867359.817,6561,5.20268,0.61265,3.18742,1.550,1.548,1024.1,220.41468,42.50431
1789867359.827,6562,5.20268,0.58973,3.06818,1.550,1.547,1024.1,220.44536,42.51020
1789867359.837,6563,5.20268,0.60216,3.13285,1.550,1.548,1024.1,220.47669,42.51623
1789867359.847,6564,5.20268,0.58873,3.06297,1.550,1.548,1024.1,220.50733,42.52212
1789867359.857,6565,5.20268,0.61464,3.19778,1.550,1.547,1024.1,220.53932,42.52826
1789867359.867,6566,5.20272,0.67643,3.51928,1.550,1.548,1024.1,220.57453,42.53503
1789867359.877,6567,5.20272,0.60231,3.13365,1.550,1.548,1024.1,220.60588,42.54106
1789867359.887,6568,5.20272,0.62087,3.23021,1.550,1.548,1024.1,220.63814,42.54726
1789867359.897,6569,5.20272,0.59098,3.07470,1.551,1.548,1024.1,220.66884,42.55316
1789867359.907,6570,5.20272,0.58873,3.06300,1.551,1.548,1024.1,220.69943,42.55904
1789867359.917,6571,5.20272,0.60231,3.13365,1.552,1.548,1024.1,220.73072,42.56505
1789867359.927,6572,5.20272,0.57877,3.01118,1.552,1.548,1024.1,220.76080,42.57083
1789867359.937,6573,5.20272,0.58649,3.05134,1.552,1.548,1024.1,220.79129,42.57669
1789867359.947,6574,5.20272,0.60231,3.13365,1.552,1.548,1024.1,220.82259,42.58271
1789867359.957,6575,5.20272,0.58649,3.05134,1.551,1.548,1024.1,220.85308,42.58857
1789867359.967,6576,5.18180,0.64778,3.35667,1.551,1.548,1024.1,220.88672,42.59506
1789867359.977,6577,5.20272,0.60186,3.13131,1.551,1.548,1024.1,220.91811,42.60110
1789867359.987,6578,5.20272,0.58649,3.05134,1.551,1.548,998.5,220.94869,42.60697
1789867359.997,6579,5.20272,0.61539,3.20170,1.551,1.548,998.5,220.98078,42.61314
1789867360.007,6580,5.20272,0.58450,3.04099,1.551,1.548,998.5,221.01113,42.61898
1789867360.017,6581,5.20272,0.60186,3.13131,1.551,1.548,998.5,221.04237,42.62498
1789867360.027,6582,5.20272,0.59073,3.07340,1.551,1.548,998.5,221.07304,42.63088
1789867360.037,6583,5.20272,0.58799,3.05915,1.551,1.548,998.5,221.10357,42.63674
1789867360.047,6584,5.20272,0.60186,3.13131,1.551,1.548,1024.1,221.13494,42.64277
1789867360.057,6585,5.20272,0.58873,3.06300,1.550,1.548,1024.1,221.16563,42.64867
1789867360.067,6586,5.19055,0.61763,3.20584,1.550,1.548,1024.1,221.19775,42.65486
1789867360.077,6587,5.20276,0.61290,3.18877,1.550,1.548,1024.1,221.22971,42.66100
1789867360.087,6588,5.20276,0.58923,3.06562,1.550,1.548,1024.1,221.26035,42.66689
1789867360.097,6589,5.20276,0.59147,3.07728,1.550,1.548,1024.1,221.29111,42.67281
1789867360.107,6590,5.20276,0.60182,3.13113,1.550,1.548,998.5,221.32242,42.67882
1789867360.117,6591,5.20276,0.59172,3.07858,1.551,1.548,998.5,221.35319,42.68474
1789867360.127,6592,5.20276,0.61290,3.18877,1.551,1.548,998.5,221.38506,42.69086
1789867360.137,6593,5.20276,0.58275,3.03191,1.552,1.548,998.5,221.41535,42.69668
1789867360.147,6594,5.20276,0.58201,3.02806,1.552,1.548,998.5,221.44561,42.70250
1789867360.157,6595,5.20276,0.62212,3.23674,1.551,1.548,998.5,221.47795,42.70872
1789867360.167,6596,5.20292,0.58325,3.03460,1.552,1.548,998.5,221.50837,42.71456
1789867360.177,6597,5.20292,0.61564,3.20313,1.551,1.548,998.5,221.54047,42.72073
1789867360.187,6598,5.20292,0.60158,3.12997,1.551,1.548,998.5,221.57185,42.72676
1789867360.197,6599,5.20292,0.59048,3.07222,1.550,1.548,998.5,221.60264,42.73268
1789867360.207,6600,5.20292,0.61788,3.21478,1.550,1.547,998.5,221.63473,42.73885
1789867360.217,6601,5.20292,0.58450,3.04111,1.550,1.548,998.5,221.66509,42.74468
1789867360.227,6602,5.20292,0.60158,3.12997,1.550,1.548,998.5,221.69634,42.75069
1789867360.237,6603,5.20292,0.58574,3.04756,1.550,1.548,998.5,221.72677,42.75654
1789867360.247,6604,5.20292,0.58749,3.05666,1.550,1.548,998.5,221.75731,42.76241
1789867360.257,6605,5.20292,0.62934,3.27441,1.550,1.548,998.5,221.79002,42.76870
1789867360.267,6606,5.19180,0.59973,3.11368,1.551,1.548,998.5,221.82113,42.77469
1789867360.277,6607,5.20331,0.67917,3.53393,1.550,1.548,998.5,221.85644,42.78147
1789867360.287,6608,5.20331,0.63009,3.27855,1.550,1.548,998.5,221.88927,42.78778
1789867360.297,6609,5.20331,0.66024,3.43543,1.550,1.548,998.5,221.92366,42.79439
1789867360.307,6610,5.19305,0.66846,3.47135,1.550,1.548,998.5,221.95842,42.80109
1789867360.317,6611,5.20331,0.65276,3.39651,1.551,1.548,1024.1,221.99243,42.80762
1789867360.327,6612,5.18555,0.65501,3.39659,1.550,1.548,998.5,222.02637,42.81417
1789867360.337,6613,5.20331,0.63258,3.29151,1.550,1.548,998.5,222.05926,42.82049
1789867360.347,6614,5.19180,0.64205,3.33340,1.551,1.548,998.5,222.09258,42.82691
1789867360.357,6615,5.20331,0.59973,3.12058,1.551,1.548,1024.1,222.12376,42.83290
1789867360.367,6616,5.20241,0.62586,3.25598,1.551,1.548,998.5,222.15634,42.83916
1789867360.377,6617,5.20241,0.66522,3.46075,1.551,1.548,1024.1,222.19096,42.84582
1789867360.387,6618,5.20241,0.63881,3.32335,1.551,1.548,998.5,222.22421,42.85221
1789867360.397,6619,5.18555,0.66572,3.45212,1.551,1.548,998.5,222.25875,42.85887
1789867360.407,6620,5.20241,0.65924,3.42964,1.550,1.548,1024.1,222.29305,42.86546
1789867360.417,6621,5.20241,0.58923,3.06542,1.551,1.548,998.5,222.32371,42.87135
1789867360.427,6622,5.20241,0.61440,3.19636,1.550,1.548,998.5,222.35568,42.87750
1789867360.437,6623,5.20241,0.60339,3.13908,1.551,1.548,998.5,222.38708,42.88354
1789867360.447,6624,5.20241,0.58998,3.06932,1.551,1.548,998.5,222.41781,42.88944
1789867360.457,6625,5.20241,0.61489,3.19891,1.551,1.548,998.5,222.44984,42.89560
1789867360.467,6626,5.20136,0.59297,3.08425,1.552,1.548,998.5,222.48072,42.90154
1789867360.477,6627,5.20136,0.62611,3.25662,1.551,1.548,1024.1,222.51333,42.90780
1789867360.487,6628,5.18930,0.67544,3.50506,1.551,1.548,1024.1,222.54834,42.91455
1789867360.497,6629,5.20136,0.60797,3.16227,1.551,1.548,1024.1,222.57993,42.92063
1789867360.507,6630,5.20136,0.62486,3.25012,1.550,1.548,1024.1,222.61240,42.92687
1789867360.517,6631,5.20136,0.59621,3.10110,1.550,1.548,1024.1,222.64338,42.93282
1789867360.527,6632,5.20136,0.60797,3.16227,1.550,1.548,1024.1,222.67498,42.93890
1789867360.537,6633,5.19055,0.60797,3.15570,1.551,1.548,1024.1,222.70651,42.94497
1789867360.547,6634,5.20136,0.59048,3.07130,1.551,1.548,1024.1,222.73720,42.95087
1789867360.557,6635,5.20136,0.60797,3.16227,1.550,1.548,1024.1,222.76880,42.95695
1789867360.567,6636,5.20116,0.59222,3.08023,1.551,1.548,998.5,222.79957,42.96287
1789867360.577,6637,5.20116,0.62112,3.23054,1.551,1.548,998.5,222.83184,42.96907
1789867360.587,6638,5.20116,0.59745,3.10743,1.550,1.548,998.5,222.86288,42.97504
1789867360.597,6639,5.20116,0.59073,3.07248,1.550,1.548,998.5,222.89358,42.98094
1789867360.607,6640,5.20116,0.60895,3.16725,1.549,1.547,998.5,222.92525,42.98703
1789867360.617,6641,5.20116,0.58201,3.02713,1.550,1.548,998.5,222.95552,42.99285
1789867360.627,6642,5.20116,0.60895,3.16725,1.550,1.548,998.5,222.98719,42.99894
1789867360.637,6643,5.20116,0.58873,3.06208,1.550,1.548,998.5,223.01781,43.00483
1789867360.647,6644,5.20116,0.58275,3.03098,1.550,1.548,998.5,223.04818,43.01066
1789867360.657,6645,5.20116,0.60895,3.16725,1.550,1.547,998.5,223.07991,43.01676
1789867360.667,6646,5.20120,0.60892,3.16711,1.550,1.548,998.5,223.11164,43.02287
1789867360.677,6647,5.20120,0.60892,3.16711,1.549,1.548,998.5,223.14337,43.02897
1789867360.687,6648,5.20120,0.59197,3.07895,1.550,1.548,1024.1,223.17410,43.03488
1789867360.697,6649,5.20120,0.58898,3.06340,1.550,1.548,998.5,223.20468,43.04075
1789867360.707,6650,5.20120,0.62112,3.23057,1.550,1.548,998.5,223.23693,43.04695
1789867360.717,6651,5.20120,0.58076,3.02065,1.551,1.548,998.5,223.26709,43.05275
1789867360.727,6652,5.20120,0.60892,3.16711,1.551,1.548,998.5,223.29879,43.05885
1789867360.737,6653,5.20120,0.59073,3.07250,1.551,1.548,998.5,223.32954,43.06476
1789867360.747,6654,5.20120,0.58400,3.03750,1.551,1.548,998.5,223.35994,43.07061
1789867360.757,6655,5.20120,0.62162,3.23317,1.551,1.548,998.5,223.39230,43.07683
1789867360.767,6656,5.20120,0.60853,3.16509,1.552,1.548,998.5,223.42396,43.08291
1789867360.777,6657,5.20120,0.60853,3.16509,1.551,1.548,1024.1,223.45561,43.08900
1789867360.787,6658,5.20120,0.66547,3.46124,1.551,1.548,998.5,223.49023,43.09565
1789867360.797,6659,5.19055,0.64130,3.32870,1.551,1.548,998.5,223.52352,43.10207
1789867360.807,6660,5.20120,0.63034,3.27852,1.551,1.548,998.5,223.55629,43.10837
1789867360.817,6661,5.20120,0.59646,3.10231,1.551,1.548,998.5,223.58731,43.11433
1789867360.827,6662,5.20120,0.60853,3.16509,1.551,1.548,998.5,223.61894,43.12041
1789867360.837,6663,5.20120,0.60853,3.16509,1.551,1.548,998.5,223.65058,43.12650
1789867360.847,6664,5.20120,0.58699,3.05305,1.551,1.548,998.5,223.68113,43.13237
1789867360.857,6665,5.20120,0.58500,3.04270,1.550,1.548,998.5,223.71158,43.13822
1789867360.867,6666,5.20104,0.58325,3.03351,1.550,1.548,998.5,223.74193,43.14406
1789867360.877,6667,5.20104,0.59820,3.11126,1.551,1.548,998.5,223.77306,43.15005
1789867360.887,6668,5.18305,0.65924,3.41687,1.550,1.548,1024.1,223.80723,43.15664
1789867360.897,6669,5.20104,0.58948,3.06591,1.551,1.548,1024.1,223.83789,43.16253
1789867360.907,6670,5.20104,0.62212,3.23567,1.551,1.548,998.5,223.87026,43.16876
1789867360.917,6671,5.20104,0.60944,3.16972,1.551,1.548,1024.1,223.90196,43.17485
1789867360.927,6672,5.19055,0.59122,3.06876,1.551,1.548,998.5,223.93260,43.18076
1789867360.937,6673,5.20104,0.62586,3.25512,1.551,1.548,1024.1,223.96511,43.18701
1789867360.947,6674,5.20104,0.58176,3.02576,1.552,1.549,998.5,223.99533,43.19282
1789867360.957,6675,5.20104,0.60944,3.16972,1.551,1.548,998.5,224.02699,43.19890
1789867360.967,6676,5.20101,0.59247,3.08144,1.551,1.548,998.5,224.05778,43.20482
1789867360.977,6677,5.20101,0.60938,3.16939,1.551,1.548,998.5,224.08945,43.21091
1789867360.987,6678,5.18680,0.62013,3.21649,1.550,1.548,998.5,224.12159,43.21711
1789867360.997,6679,5.20101,0.58898,3.06329,1.550,1.548,998.5,224.15220,43.22299
1789867361.007,6680,5.20101,0.60938,3.16939,1.549,1.547,998.5,224.18397,43.22910
1789867361.017,6681,5.20101,0.58774,3.05684,1.550,1.548,998.5,224.21461,43.23499
1789867361.027,6682,5.20101,0.58574,3.04644,1.550,1.548,998.5,224.24515,43.24087
1789867361.037,6683,5.20101,0.60938,3.16939,1.549,1.547,998.5,224.27692,43.24697
1789867361.047,6684,5.20101,0.58898,3.06329,1.550,1.548,998.5,224.30750,43.25285
1789867361.057,6685,5.20101,0.58500,3.04259,1.550,1.548,998.5,224.33786,43.25869
1789867361.067,6686,5.20116,0.60888,3.16688,1.550,1.548,998.5,224.36947,43.26477
1789867361.077,6687,5.20116,0.58325,3.03358,1.549,1.547,998.5,224.39975,43.27059
1789867361.087,6688,5.20116,0.60888,3.16688,1.550,1.547,998.5,224.43144,43.27668
1789867361.097,6689,5.20116,0.66074,3.43661,1.550,1.548,1024.1,224.46584,43.28330
1789867361.107,6690,5.20116,0.63383,3.29665,1.550,1.548,1024.1,224.49883,43.28964
1789867361.117,6691,5.19055,0.65999,3.42571,1.550,1.548,1024.1,224.53311,43.29625
1789867361.127,6692,5.20116,0.59247,3.08153,1.551,1.548,1024.1,224.56395,43.30217
1789867361.137,6693,5.20116,0.59197,3.07893,1.551,1.548,1024.1,224.59476,43.30810
1789867361.147,6694,5.20116,0.60888,3.16688,1.551,1.548,1024.1,224.62644,43.31419
1789867361.157,6695,5.20116,0.59098,3.07378,1.551,1.548,1024.1,224.65720,43.32010
1789867361.167,6696,5.20085,0.58649,3.05025,1.551,1.548,1024.1,224.68771,43.32597
1789867361.177,6697,5.20085,0.61065,3.17590,1.552,1.548,1024.1,224.71948,43.33208
1789867361.187,6698,5.20085,0.59845,3.11245,1.551,1.548,1024.1,224.75062,43.33806
1789867361.197,6699,5.20085,0.62087,3.22905,1.551,1.548,1024.1,224.78292,43.34428
1789867361.207,6700,5.20085,0.59995,3.12025,1.551,1.548,1024.1,224.81403,43.35026
1789867361.217,6701,5.20085,0.59870,3.11375,1.551,1.548,998.5,224.84508,43.35623
1789867361.227,6702,5.20085,0.61065,3.17590,1.551,1.548,998.5,224.87675,43.36232
1789867361.237,6703,5.20085,0.58026,3.01785,1.551,1.548,998.5,224.90685,43.36810
1789867361.247,6704,5.20085,0.61065,3.17590,1.551,1.548,998.5,224.93869,43.37423
1789867361.257,6705,5.20085,0.58973,3.06710,1.551,1.548,998.5,224.96944,43.38014
1789867361.267,6706,5.20081,0.58923,3.06447,1.551,1.548,998.5,225.00016,43.38605
1789867361.277,6707,5.20081,0.61127,3.17910,1.551,1.548,1024.1,225.03203,43.39217
1789867361.287,6708,5.20081,0.58649,3.05022,1.551,1.548,1024.1,225.06252,43.39804
1789867361.297,6709,5.20081,0.61127,3.17910,1.550,1.548,1024.1,225.09430,43.40415
1789867361.307,6710,5.20081,0.63981,3.32753,1.551,1.548,1024.1,225.12756,43.41054
1789867361.317,6711,5.20081,0.58998,3.06837,1.551,1.548,1024.1,225.15823,43.41644
1789867361.327,6712,5.20081,0.61127,3.17910,1.551,1.548,1024.1,225.19001,43.42255
1789867361.337,6713,5.20081,0.59098,3.07357,1.551,1.548,1024.1,225.22074,43.42846
1789867361.347,6714,5.20081,0.61127,3.17910,1.551,1.548,1024.1,225.25252,43.43457
1789867361.357,6715,5.20081,0.58574,3.04632,1.551,1.548,1024.1,225.28297,43.44042
1789867361.367,6716,5.20128,0.58848,3.06085,1.551,1.548,1024.1,225.31362,43.44632
1789867361.377,6717,5.18930,0.60900,3.16028,1.550,1.548,1024.1,225.34527,43.45242
1789867361.387,6718,5.20128,0.58724,3.05440,1.550,1.548,998.5,225.37585,43.45830
1789867361.397,6719,5.20128,0.60900,3.16758,1.550,1.548,998.5,225.40757,43.46439
1789867361.407,6720,5.20128,0.58649,3.05050,1.549,1.547,998.5,225.43804,43.47025
1789867361.417,6721,5.20128,0.59048,3.07125,1.549,1.547,998.5,225.46872,43.47615
1789867361.427,6722,5.19055,0.65027,3.37526,1.549,1.547,998.5,225.50243,43.48264
1789867361.437,6723,5.20128,0.59347,3.08680,1.550,1.547,998.5,225.53326,43.48857
1789867361.447,6724,5.20128,0.60900,3.16758,1.550,1.548,1024.1,225.56496,43.49467
1789867361.457,6725,5.20128,0.58026,3.01809,1.549,1.547,1024.1,225.59515,43.50047
1789867361.467,6726,5.20163,0.60713,3.15807,1.550,1.547,1024.1,225.62675,43.50655
1789867361.477,6727,5.20163,0.63209,3.28790,1.551,1.548,1024.1,225.65965,43.51287
1789867361.487,6728,5.20163,0.62561,3.25419,1.551,1.548,1024.1,225.69212,43.51911
1789867361.497,6729,5.20163,0.62162,3.23344,1.551,1.548,1024.1,225.72438,43.52532
1789867361.507,6730,5.20163,0.58873,3.06236,1.551,1.548,1024.1,225.75493,43.53119
1789867361.517,6731,5.20163,0.60713,3.15807,1.551,1.548,1024.1,225.78644,43.53725
1789867361.527,6732,5.20163,0.59671,3.10386,1.552,1.548,1024.1,225.81755,43.54323
1789867361.537,6733,5.20163,0.57827,3.00795,1.551,1.548,1024.1,225.84769,43.54902
1789867361.547,6734,5.20163,0.59571,3.09866,1.551,1.548,1024.1,225.87875,43.55499
1789867361.557,6735,5.20163,0.63607,3.30860,1.550,1.548,1024.1,225.91190,43.56137
1789867361.567,6736,5.20190,0.58500,3.04311,1.550,1.548,1024.1,225.94234,43.56722
1789867361.577,6737,5.20190,0.60635,3.15417,1.550,1.548,1024.1,225.97389,43.57328
1789867361.587,6738,5.20190,0.59023,3.07032,1.550,1.548,1024.1,226.00460,43.57919
1789867361.597,6739,5.20190,0.60635,3.15417,1.550,1.548,1024.1,226.03615,43.58525
1789867361.607,6740,5.18055,0.63657,3.29778,1.550,1.548,1024.1,226.06909,43.59161
1789867361.617,6741,5.20190,0.59147,3.07677,1.550,1.548,1024.1,226.09982,43.59752
1789867361.627,6742,5.20190,0.60635,3.15417,1.550,1.548,1024.1,226.13133,43.60357
1789867361.637,6743,5.20190,0.59098,3.07422,1.551,1.548,1024.1,226.16203,43.60948
1789867361.647,6744,5.20190,0.61788,3.21415,1.551,1.548,1024.1,226.19422,43.61566
1789867361.657,6745,5.20190,0.58973,3.06772,1.551,1.548,1024.1,226.22494,43.62157
1789867361.667,6746,5.20194,0.58674,3.05219,1.551,1.548,1024.1,226.25550,43.62745
1789867361.677,6747,5.20194,0.60642,3.15456,1.551,1.548,1024.1,226.28709,43.63352
1789867361.687,6748,5.20194,0.58101,3.02238,1.551,1.548,1024.1,226.31731,43.63933
1789867361.697,6749,5.20194,0.60642,3.15456,1.550,1.548,1024.1,226.34886,43.64539
1789867361.707,6750,5.20194,0.60642,3.15456,1.550,1.548,1024.1,226.38040,43.65145
1789867361.717,6751,5.20194,0.63233,3.28934,1.550,1.548,1024.1,226.41329,43.65778
1789867361.727,6752,5.20194,0.60642,3.15456,1.549,1.548,1024.1,226.44481,43.66384
1789867361.737,6753,5.20194,0.59621,3.10145,1.550,1.547,1024.1,226.47579,43.66979
1789867361.747,6754,5.20194,0.58898,3.06384,1.551,1.548,1024.1,226.50641,43.67568
1789867361.757,6755,5.20194,0.60642,3.15456,1.551,1.548,998.5,226.53793,43.68174
1789867361.767,6756,5.20183,0.58475,3.04177,1.551,1.548,998.5,226.56837,43.68759
1789867361.777,6757,5.20183,0.58325,3.03397,1.551,1.548,1024.1,226.59874,43.69343
1789867361.787,6758,5.20183,0.60716,3.15834,1.551,1.548,998.5,226.63035,43.69951
1789867361.797,6759,5.20183,0.59372,3.08843,1.551,1.548,998.5,226.66127,43.70545
1789867361.807,6760,5.20183,0.62984,3.27632,1.549,1.547,1024.1,226.69392,43.71173
1789867361.817,6761,5.20183,0.60716,3.15834,1.551,1.548,1024.1,226.72540,43.71778
1789867361.827,6762,5.20183,0.59646,3.10268,1.551,1.548,1024.1,226.75632,43.72372
1789867361.837,6763,5.20183,0.60716,3.15834,1.551,1.548,1024.1,226.78780,43.72977
1789867361.847,6764,5.20183,0.57752,3.00416,1.551,1.548,1024.1,226.81795,43.73557
1789867361.857,6765,5.20183,0.58624,3.04952,1.551,1.548,1024.1,226.84856,43.74145
1789867361.867,6766,5.20198,0.60628,3.15386,1.551,1.548,998.5,226.88021,43.74754
1789867361.877,6767,5.20198,0.58873,3.06256,1.550,1.548,1024.1,226.91095,43.75345
1789867361.887,6768,5.20198,0.60628,3.15386,1.551,1.548,1024.1,226.94243,43.75950
1789867361.897,6769,5.20198,0.62561,3.25441,1.551,1.548,1024.1,226.97491,43.76574
1789867361.907,6770,5.20198,0.58226,3.02890,1.551,1.548,1024.1,227.00515,43.77155
1789867361.917,6771,5.19055,0.60628,3.14693,1.550,1.548,1024.1,227.03656,43.77761
1789867361.927,6772,5.20198,0.58824,3.06001,1.551,1.548,1024.1,227.06717,43.78349
1789867361.937,6773,5.20198,0.58674,3.05221,1.551,1.548,1024.1,227.09770,43.78936
1789867361.947,6774,5.20198,0.62635,3.25826,1.550,1.548,1024.1,227.13030,43.79563
1789867361.957,6775,5.20198,0.58948,3.06646,1.550,1.548,1024.1,227.16097,43.80152
1789867361.967,6776,5.20194,0.60642,3.15456,1.550,1.548,1024.1,227.19247,43.80758
1789867361.977,6777,5.20194,0.59297,3.08459,1.550,1.548,1024.1,227.22328,43.81350
1789867361.987,6778,5.20194,0.58201,3.02758,1.550,1.548,1024.1,227.25351,43.81931
1789867361.997,6779,5.20194,0.62461,3.24918,1.550,1.548,1024.1,227.28596,43.82555
1789867362.007,6780,5.20194,0.59322,3.08589,1.550,1.548,1024.1,227.31680,43.83148
1789867362.017,6781,5.20194,0.63483,3.30235,1.551,1.548,1024.1,227.34981,43.83782
1789867362.027,6782,5.20194,0.59272,3.08329,1.551,1.548,1024.1,227.38063,43.84375
1789867362.037,6783,5.20194,0.62635,3.25824,1.551,1.548,1024.1,227.41319,43.85001
1789867362.047,6784,5.20194,0.63458,3.30105,1.552,1.548,1024.1,227.44626,43.85637
1789867362.057,6785,5.20194,0.61888,3.21938,1.551,1.548,1024.1,227.47852,43.86257
1789867362.067,6786,5.20190,0.60671,3.15604,1.551,1.548,1024.1,227.51014,43.86865
1789867362.077,6787,5.20190,0.58475,3.04181,1.550,1.548,1024.1,227.54061,43.87450
1789867362.087,6788,5.20190,0.60671,3.15604,1.550,1.548,1024.1,227.57222,43.88058
1789867362.097,6789,5.20190,0.59247,3.08197,1.550,1.548,1024.1,227.60309,43.88651
1789867362.107,6790,5.20190,0.63582,3.30747,1.550,1.548,1024.1,227.63622,43.89288
1789867362.117,6791,5.19055,0.70060,3.63650,1.550,1.548,1024.1,227.67264,43.89990
1789867362.127,6792,5.20190,0.63582,3.30747,1.551,1.548,1024.1,227.70567,43.90625
1789867362.137,6793,5.20190,0.61788,3.21415,1.551,1.548,1024.1,227.73777,43.91242
1789867362.147,6794,5.20190,0.59247,3.08197,1.552,1.548,1024.1,227.76855,43.91834
1789867362.157,6795,5.20190,0.61838,3.21675,1.551,1.548,1024.1,227.80067,43.92451
1789867362.167,6796,5.20210,0.64654,3.36337,1.551,1.548,1024.1,227.83422,43.93096
1789867362.177,6797,5.20210,0.58799,3.05878,1.551,1.548,1024.1,227.86472,43.93682
1789867362.187,6798,5.20210,0.61614,3.20522,1.551,1.548,1024.1,227.89669,43.94297
1789867362.197,6799,5.20210,0.59322,3.08599,1.552,1.548,998.5,227.92747,43.94889
1789867362.207,6800,5.20210,0.60597,3.15232,1.551,1.548,998.5,227.95938,43.95502
1789867362.217,6801,5.20210,0.62137,3.23243,1.551,1.548,1024.1,227.99211,43.96131
1789867362.227,6802,5.20210,0.59397,3.08989,1.551,1.548,1024.1,228.02339,43.96732
1789867362.237,6803,5.20210,0.61838,3.21687,1.551,1.548,1024.1,228.05595,43.97358
1789867362.247,6804,5.20210,0.59421,3.09114,1.551,1.548,1024.1,228.08659,43.97947
1789867362.257,6805,5.20210,0.59122,3.07559,1.550,1.548,1024.1,228.11707,43.98533
1789867362.267,6806,5.20210,0.60533,3.14899,1.550,1.548,1024.1,228.14827,43.99133
1789867362.277,6807,5.20210,0.58799,3.05878,1.550,1.548,1024.1,228.17859,43.99716
1789867362.287,6808,5.20210,0.58848,3.06133,1.550,1.548,1024.1,228.20907,44.00302
1789867362.297,6809,5.20210,0.60533,3.14899,1.550,1.548,1024.1,228.24042,44.00905
1789867362.307,6810,5.20210,0.58724,3.05488,1.551,1.548,1024.1,228.27084,44.01489
1789867362.316,6811,5.20210,0.61564,3.20262,1.551,1.548,1024.1,228.30273,44.02102
1789867362.327,6812,5.20210,0.64180,3.33871,1.551,1.548,1024.1,228.33626,44.02747
1789867362.337,6813,5.19180,0.64479,3.34762,1.551,1.548,1024.1,228.36989,44.03395
1789867362.347,6814,5.20210,0.62760,3.26484,1.551,1.548,1024.1,228.40268,44.04025
1789867362.357,6815,5.20210,0.58250,3.03022,1.551,1.548,1024.1,228.43312,44.04610
1789867362.367,6816,5.20190,0.60600,3.15235,1.550,1.548,1024.1,228.46465,44.05216
1789867362.377,6817,5.20190,0.59372,3.08847,1.550,1.548,1024.1,228.49553,44.05810
1789867362.387,6818,5.20190,0.59073,3.07292,1.549,1.548,1024.1,228.52626,44.06401
1789867362.397,6819,5.20190,0.60600,3.15235,1.550,1.548,1024.1,228.55779,44.07007
1789867362.407,6820,5.20190,0.58749,3.05606,1.550,1.548,1024.1,228.58834,44.07594
1789867362.417,6821,5.20190,0.60600,3.15235,1.550,1.548,1024.1,228.61985,44.08200
1789867362.427,6822,5.20190,0.59222,3.08067,1.551,1.548,1024.1,228.65064,44.08792
1789867362.437,6823,5.20190,0.60600,3.15235,1.551,1.548,1024.1,228.68215,44.09397
1789867362.447,6824,5.20190,0.62087,3.22970,1.551,1.548,1024.1,228.71443,44.10018
1789867362.457,6825,5.20190,0.59322,3.08587,1.550,1.548,1024.1,228.74528,44.10611
1789867362.467,6826,5.20198,0.60587,3.15172,1.550,1.548,1024.1,228.77678,44.11216
1789867362.477,6827,5.20198,0.58325,3.03405,1.550,1.548,1024.1,228.80711,44.11799
1789867362.487,6828,5.20198,0.58425,3.03926,1.551,1.548,1024.1,228.83743,44.12382
1789867362.497,6829,5.20198,0.62436,3.24791,1.551,1.548,1024.1,228.86984,44.13005
1789867362.507,6830,5.20198,0.59098,3.07427,1.551,1.548,1024.1,228.90051,44.13595
1789867362.517,6831,5.20198,0.60587,3.15172,1.552,1.548,1024.1,228.93196,44.14199
1789867362.527,6832,5.20198,0.65874,3.42675,1.552,1.548,1024.1,228.96632,44.14860
1789867362.537,6833,5.20198,0.58724,3.05481,1.551,1.548,1024.1,228.99696,44.15449
1789867362.547,6834,5.20198,0.61614,3.20515,1.552,1.548,1024.1,229.02910,44.16067
1789867362.557,6835,5.20198,0.59197,3.07942,1.551,1.548,1024.1,229.05998,44.16661
1789867362.567,6836,5.20202,0.58873,3.06259,1.551,1.548,1024.1,229.09055,44.17248
1789867362.577,6837,5.20202,0.60577,3.15123,1.551,1.548,1024.1,229.12201,44.17853
1789867362.587,6838,5.20202,0.58699,3.05353,1.551,1.548,1024.1,229.15250,44.18439
1789867362.597,6839,5.20202,0.57951,3.01462,1.551,1.548,1024.1,229.18259,44.19018
1789867362.607,6840,5.20202,0.62984,3.27644,1.550,1.548,1024.1,229.21536,44.19648
1789867362.617,6841,5.20202,0.60577,3.15123,1.550,1.548,1024.1,229.24688,44.20253
1789867362.627,6842,5.20202,0.62386,3.24533,1.550,1.548,1024.1,229.27934,44.20877
1789867362.637,6843,5.20202,0.63981,3.32830,1.550,1.548,1024.1,229.31263,44.21517
1789867362.647,6844,5.20202,0.60577,3.15123,1.550,1.548,1024.1,229.34416,44.22123
1789867362.657,6845,5.20202,0.62038,3.22723,1.550,1.548,1024.1,229.37646,44.22744
1789867362.667,6846,5.20186,0.60635,3.15415,1.550,1.548,1024.1,229.40802,44.23351
1789867362.677,6847,5.20186,0.63856,3.32170,1.550,1.548,1024.1,229.44125,44.23990
1789867362.687,6848,5.20186,0.58026,3.01843,1.550,1.548,1024.1,229.47147,44.24571
1789867362.697,6849,5.20186,0.60635,3.15415,1.550,1.548,1024.1,229.50304,44.25178
1789867362.707,6850,5.20186,0.59073,3.07289,1.550,1.548,1024.1,229.53380,44.25769
1789867362.717,6851,5.20186,0.60635,3.15415,1.550,1.548,1024.1,229.56538,44.26376
1789867362.727,6852,5.18930,0.60635,3.14653,1.550,1.548,1024.1,229.59680,44.26982
1789867362.737,6853,5.20186,0.59073,3.07289,1.550,1.548,1024.1,229.62748,44.27571
1789867362.747,6854,5.20186,0.60635,3.15415,1.550,1.548,1024.1,229.65898,44.28177
1789867362.757,6855,5.20186,0.59073,3.07289,1.550,1.547,1024.1,229.68966,44.28767
1789867362.767,6856,5.20194,0.58749,3.05609,1.550,1.548,1024.1,229.72025,44.29355
1789867362.777,6857,5.20194,0.60579,3.15128,1.550,1.548,1024.1,229.75180,44.29961
1789867362.787,6858,5.20194,0.58948,3.06644,1.550,1.548,1024.1,229.78250,44.30551
1789867362.797,6859,5.20194,0.58873,3.06254,1.550,1.548,1024.1,229.81316,44.31141
1789867362.807,6860,5.20194,0.60579,3.15128,1.551,1.548,1024.1,229.84464,44.31746
1789867362.817,6861,5.20194,0.57976,3.01588,1.551,1.548,1024.1,229.87478,44.32325
1789867362.827,6862,5.20194,0.62586,3.25569,1.551,1.548,1024.1,229.90731,44.32951
1789867362.837,6863,5.20194,0.59571,3.09885,1.551,1.548,1024.1,229.93827,44.33546
1789867362.847,6864,5.20194,0.60579,3.15128,1.552,1.548,1024.1,229.96982,44.34152
1789867362.857,6865,5.20194,0.61913,3.22068,1.551,1.548,1024.1,230.00206,44.34772
1789867362.867,6866,5.20202,0.58375,3.03668,1.551,1.548,1024.1,230.03246,44.35356
1789867362.877,6867,5.20202,0.60529,3.14873,1.551,1.548,1024.1,230.06398,44.35962
1789867362.887,6868,5.20202,0.58350,3.03538,1.551,1.548,1024.1,230.09428,44.36545
1789867362.897,6869,5.20202,0.58574,3.04703,1.551,1.548,1024.1,230.12469,44.37130
1789867362.907,6870,5.20202,0.60529,3.14873,1.551,1.548,1024.1,230.15612,44.37734
1789867362.917,6871,5.20202,0.59446,3.09239,1.551,1.548,1024.1,230.18699,44.38327
1789867362.927,6872,5.20202,0.60529,3.14873,1.551,1.548,1024.1,230.21848,44.38932
1789867362.937,6873,5.20202,0.58948,3.06649,1.551,1.548,1024.1,230.24915,44.39522
1789867362.947,6874,5.20202,0.64031,3.33091,1.552,1.548,1024.1,230.28246,44.40162
1789867362.957,6875,5.18555,0.65725,3.40820,1.551,1.548,1024.1,230.31654,44.40820
1789867362.967,6876,5.20167,0.58574,3.04683,1.551,1.548,1024.1,230.34699,44.41405
1789867362.977,6877,5.20167,0.58774,3.05723,1.551,1.548,1024.1,230.37754,44.41992
1789867362.987,6878,5.20167,0.60647,3.15466,1.551,1.548,1024.1,230.40906,44.42598
1789867362.997,6879,5.20167,0.58649,3.05073,1.551,1.548,998.5,230.43955,44.43184
1789867363.007,6880,5.20167,0.58973,3.06758,1.550,1.548,998.5,230.47029,44.43775
1789867363.017,6881,5.20167,0.60647,3.15466,1.551,1.548,998.5,230.50191,44.44383
1789867363.027,6882,5.20167,0.59147,3.07663,1.551,1.548,998.5,230.53275,44.44976
1789867363.037,6883,5.18055,0.66547,3.44750,1.550,1.548,998.5,230.56730,44.45643
1789867363.047,6884,5.18180,0.68864,3.56839,1.551,1.548,998.5,230.60297,44.46331
1789867363.057,6885,5.20167,0.66223,3.44470,1.551,1.548,1024.1,230.63740,44.46993
1789867363.067,6886,5.19055,0.69113,3.58734,1.551,1.548,998.5,230.67325,44.47684
1789867363.077,6887,5.20108,0.62885,3.27070,1.550,1.548,1024.1,230.70594,44.48313
1789867363.087,6888,5.20108,0.64853,3.37306,1.550,1.548,1024.1,230.73963,44.48960
1789867363.097,6889,5.20108,0.62561,3.25385,1.551,1.548,1024.1,230.77213,44.49585
1789867363.107,6890,5.20108,0.62337,3.24220,1.550,1.548,1024.1,230.80452,44.50208
1789867363.117,6891,5.18055,0.67170,3.47978,1.550,1.548,1024.1,230.83927,44.50879
1789867363.127,6892,5.20108,0.59197,3.07888,1.550,1.548,1024.1,230.87010,44.51472
1789867363.137,6893,5.20108,0.60838,3.16423,1.551,1.548,1024.1,230.90179,44.52081
1789867363.147,6894,5.20108,0.64130,3.33545,1.551,1.548,1024.1,230.93518,44.52723
1789867363.157,6895,5.20108,0.59421,3.09053,1.551,1.548,1024.1,230.96613,44.53318
1789867363.167,6896,5.20054,0.64056,3.33126,1.551,1.548,1024.1,230.99940,44.53958
1789867363.177,6897,5.20054,0.58076,3.02027,1.552,1.549,1024.1,231.02957,44.54538
1789867363.187,6898,5.20054,0.61027,3.17373,1.552,1.548,1024.1,231.06127,44.55147
1789867363.197,6899,5.20054,0.61027,3.17373,1.551,1.548,1024.1,231.09297,44.55757
1789867363.207,6900,5.20054,0.58973,3.06691,1.551,1.548,1024.1,231.12366,44.56347
1789867363.217,6901,5.20054,0.58824,3.05917,1.551,1.548,1024.1,231.15428,44.56936
1789867363.227,6902,5.20054,0.59621,3.10061,1.551,1.548,1024.1,231.18531,44.57532
1789867363.237,6903,5.20054,0.59122,3.07466,1.550,1.548,1024.1,231.21609,44.58124
1789867363.247,6904,5.18680,0.68192,3.53698,1.551,1.548,1024.1,231.25145,44.58806
1789867363.257,6905,5.20054,0.64554,3.35716,1.551,1.548,1024.1,231.28502,44.59452
1789867363.267,6906,5.20038,0.66198,3.44255,1.551,1.548,1024.1,231.31945,44.60113
1789867363.277,6907,5.20038,0.63981,3.32726,1.551,1.548,1024.1,231.35272,44.60753
1789867363.287,6908,5.20038,0.58848,3.06032,1.551,1.548,1024.1,231.38335,44.61342
1789867363.297,6909,5.20038,0.62137,3.23136,1.551,1.548,1024.1,231.41569,44.61964
1789867363.307,6910,5.20038,0.64031,3.32986,1.551,1.548,1024.1,231.44902,44.62605
1789867363.317,6911,5.20038,0.58774,3.05647,1.551,1.548,1024.1,231.47962,44.63193
1789867363.327,6912,5.20038,0.61090,3.17691,1.551,1.548,1024.1,231.51135,44.63804
1789867363.337,6913,5.20038,0.59098,3.07332,1.551,1.548,1024.1,231.54204,44.64394
1789867363.347,6914,5.18305,0.68740,3.56283,1.552,1.548,1024.1,231.57763,44.65080
1789867363.357,6915,5.18305,0.67344,3.49047,1.551,1.548,1024.1,231.61249,44.65753
1789867363.367,6916,5.17680,0.66796,3.45790,1.551,1.548,1024.1,231.64710,44.66422
1789867363.377,6917,5.18680,0.66223,3.43485,1.551,1.548,1024.1,231.68148,44.67084
1789867363.387,6918,5.20011,0.61198,3.18236,1.551,1.548,1024.1,231.71333,44.67697
1789867363.397,6919,5.20011,0.58873,3.06146,1.551,1.548,1024.1,231.74397,44.68286
1789867363.407,6920,5.20011,0.61198,3.18236,1.550,1.548,998.5,231.77576,44.68897
1789867363.417,6921,5.20011,0.59172,3.07701,1.551,1.548,1024.1,231.80650,44.69489
1789867363.427,6922,5.20011,0.59496,3.09386,1.552,1.548,1024.1,231.83740,44.70083
1789867363.437,6923,5.20011,0.61198,3.18236,1.551,1.548,1024.1,231.86919,44.70694
1789867363.447,6924,5.20011,0.59820,3.11071,1.551,1.548,1024.1,231.90034,44.71293
1789867363.457,6925,5.18055,0.68690,3.55852,1.551,1.548,1024.1,231.93596,44.71981
1789867363.467,6926,5.19948,0.59073,3.07149,1.551,1.548,1024.1,231.96671,44.72572
1789867363.477,6927,5.19948,0.59372,3.08704,1.551,1.548,1024.1,231.99762,44.73167
1789867363.487,6928,5.19948,0.61420,3.19352,1.551,1.548,1024.1,232.02951,44.73780
1789867363.497,6929,5.19948,0.59696,3.10388,1.551,1.548,1024.1,232.06052,44.74376
1789867363.507,6930,5.19948,0.61420,3.19352,1.551,1.548,1024.1,232.09242,44.74990
1789867363.517,6931,5.19948,0.59122,3.07404,1.551,1.548,1024.1,232.12312,44.75580
1789867363.527,6932,5.19948,0.59073,3.07149,1.551,1.548,1024.1,232.15390,44.76172
1789867363.537,6933,5.19948,0.61420,3.19352,1.551,1.548,1024.1,232.18589,44.76788
1789867363.547,6934,5.19948,0.59845,3.11163,1.551,1.548,1024.1,232.21707,44.77387
1789867363.557,6935,5.19948,0.62735,3.26189,1.550,1.548,1024.1,232.24976,44.78016
1789867363.567,6936,5.19937,0.59496,3.09342,1.551,1.548,1024.1,232.28067,44.78611
1789867363.577,6937,5.19937,0.58948,3.06492,1.551,1.548,1024.1,232.31131,44.79200
1789867363.587,6938,5.19937,0.61458,3.19543,1.550,1.548,1024.1,232.34325,44.79814
1789867363.597,6939,5.19937,0.58475,3.04033,1.551,1.548,1024.1,232.37364,44.80399
1789867363.607,6940,5.19937,0.61458,3.19543,1.551,1.548,1024.1,232.40559,44.81013
1789867363.617,6941,5.19937,0.58649,3.04938,1.551,1.548,1024.1,232.43608,44.81600
1789867363.627,6942,5.19937,0.58226,3.02739,1.551,1.548,1024.1,232.46635,44.82182
1789867363.637,6943,5.19937,0.61458,3.19543,1.551,1.548,1024.1,232.49831,44.82796
1789867363.647,6944,5.19937,0.61458,3.19543,1.551,1.548,1024.1,232.53020,44.83410
1789867363.657,6945,5.18805,0.66398,3.44476,1.551,1.548,1024.1,232.56459,44.84073
1789867363.667,6946,5.19929,0.63931,3.32396,1.551,1.548,1024.1,232.59777,44.84711
1789867363.677,6947,5.19929,0.63906,3.32266,1.551,1.548,1024.1,232.63094,44.85349
1789867363.687,6948,5.18430,0.66398,3.44227,1.550,1.548,1024.1,232.66533,44.86012
1789867363.697,6949,5.19929,0.58525,3.04288,1.550,1.548,1024.1,232.69572,44.86597
1789867363.707,6950,5.19929,0.58824,3.05843,1.550,1.548,1024.1,232.72628,44.87184
1789867363.717,6951,5.19929,0.61486,3.19684,1.551,1.548,1024.1,232.75821,44.87799
1789867363.727,6952,5.19929,0.58624,3.04803,1.551,1.548,1024.1,232.78876,44.88386
1789867363.737,6953,5.19929,0.61486,3.19684,1.551,1.548,1024.1,232.82080,44.89002
1789867363.747,6954,5.19929,0.63532,3.30321,1.552,1.548,1024.1,232.85391,44.89639
1789867363.757,6955,5.19929,0.70484,3.66467,1.552,1.548,1024.1,232.89064,44.90346
1789867363.767,6956,5.16931,0.73772,3.81350,1.550,1.548,1024.1,232.92864,44.91081
1789867363.777,6957,5.18555,0.67095,3.47924,1.551,1.548,1024.1,232.96331,44.91749
1789867363.787,6958,5.17680,0.68067,3.52369,1.550,1.548,1024.1,232.99842,44.92427
1789867363.796,6959,5.21179,0.59920,3.12290,1.550,1.548,1024.1,233.02953,44.93024
1789867363.807,6960,5.19890,0.61670,3.20616,1.549,1.548,1024.1,233.06169,44.93643
1789867363.817,6961,5.19890,0.59795,3.10868,1.549,1.548,1024.1,233.09287,44.94243
1789867363.827,6962,5.19890,0.61670,3.20616,1.551,1.548,1024.1,233.12502,44.94861
1789867363.837,6963,5.19890,0.58873,3.06075,1.550,1.548,1024.1,233.15572,44.95452
1789867363.847,6964,5.19890,0.61670,3.20616,1.551,1.548,1024.1,233.18778,44.96068
1789867363.857,6965,5.19890,0.67594,3.51414,1.551,1.548,1024.1,233.22293,44.96744
1789867363.867,6966,5.19823,0.59945,3.11608,1.551,1.548,1024.1,233.25409,44.97344
1789867363.877,6967,5.19823,0.61989,3.22233,1.551,1.548,1024.1,233.28632,44.97964
1789867363.887,6968,5.19823,0.61989,3.22233,1.551,1.548,1024.1,233.31861,44.98585
1789867363.897,6969,5.19823,0.59098,3.07205,1.552,1.548,1024.1,233.34940,44.99177
1789867363.907,6970,5.19823,0.59696,3.10314,1.551,1.548,1024.1,233.38049,44.99776
1789867363.917,6971,5.19823,0.59421,3.08884,1.551,1.548,1024.1,233.41145,45.00371
1789867363.927,6972,5.19823,0.58774,3.05521,1.551,1.548,1024.1,233.44181,45.00955
1789867363.937,6973,5.19823,0.61989,3.22233,1.551,1.548,1024.1,233.47382,45.01571
1789867363.947,6974,5.20929,0.60219,3.13698,1.551,1.548,1024.1,233.50499,45.02169
1789867363.956,6975,5.19823,0.61989,3.22233,1.551,1.548,1024.1,233.53701,45.02785
1789867363.966,6976,5.20929,0.68216,3.55357,1.551,1.548,1024.1,233.57271,45.03470
1789867363.977,6977,5.19808,0.59770,3.10689,1.551,1.548,1024.1,233.60392,45.04071
1789867363.987,6978,5.19808,0.62026,3.22416,1.550,1.548,1024.1,233.63631,45.04694
1789867363.997,6979,5.19808,0.58450,3.03828,1.550,1.548,1024.1,233.66683,45.05281
1789867364.007,6980,5.19808,0.62026,3.22416,1.549,1.547,1024.1,233.69909,45.05902
1789867364.017,6981,5.20929,0.59646,3.10713,1.549,1.548,1024.1,233.73019,45.06499
1789867364.027,6982,5.19808,0.58699,3.05122,1.549,1.548,1024.1,233.76072,45.07086
1789867364.037,6983,5.19808,0.62026,3.22416,1.549,1.547,1024.1,233.79299,45.07707
1789867364.047,6984,5.19808,0.58973,3.06546,1.550,1.548,1024.1,233.82361,45.08296
1789867364.057,6985,5.19808,0.60991,3.17036,1.551,1.548,1024.1,233.85529,45.08905
1789867364.067,6986,5.19843,0.64130,3.33375,1.551,1.548,1024.1,233.88859,45.09546
1789867364.077,6987,5.19843,0.59646,3.10066,1.551,1.548,1024.1,233.91957,45.10142
1789867364.087,6988,5.19843,0.61918,3.21876,1.550,1.548,1024.1,233.95177,45.10761
1789867364.097,6989,5.20929,0.58848,3.06556,1.551,1.548,1024.1,233.98243,45.11350
1789867364.107,6990,5.19843,0.58848,3.05917,1.550,1.548,1024.1,234.01303,45.11939
1789867364.117,6991,5.19843,0.61918,3.21876,1.550,1.548,1024.1,234.04523,45.12558
1789867364.127,6992,5.20929,0.58749,3.06041,1.551,1.548,1024.1,234.07584,45.13146
1789867364.137,6993,5.19843,0.58176,3.02424,1.551,1.548,1024.1,234.10609,45.13728
1789867364.147,6994,5.19843,0.60867,3.16413,1.552,1.548,1024.1,234.13774,45.14336
1789867364.157,6995,5.19843,0.59446,3.09026,1.551,1.548,1024.1,234.16865,45.14931
1789867364.167,6996,5.19933,0.61543,3.19982,1.551,1.548,1024.1,234.20055,45.15544
1789867364.177,6997,5.19933,0.59496,3.09339,1.551,1.548,1024.1,234.23138,45.16138
1789867364.187,6998,5.19933,0.59571,3.09729,1.549,1.548,1024.1,234.26226,45.16731
1789867364.197,6999,5.19933,0.61543,3.19982,1.550,1.548,1024.1,234.29416,45.17345
1789867364.207,7000,5.19933,0.58101,3.02086,1.550,1.548,1024.1,234.32444,45.17927
1789867364.217,7001,5.19933,0.61543,3.19982,1.550,1.548,1024.1,234.35651,45.18544
1789867364.227,7002,5.19933,0.58500,3.04161,1.551,1.548,1024.1,234.38700,45.19131
1789867364.237,7003,5.19933,0.58375,3.03511,1.551,1.548,1024.1,234.41743,45.19716
1789867364.247,7004,5.19933,0.61543,3.19982,1.552,1.548,1024.1,234.44946,45.20332
1789867364.257,7005,5.19933,0.58824,3.05845,1.552,1.548,1024.1,234.48008,45.20921
1789867364.267,7006,5.19948,0.62835,3.26709,1.551,1.548,1024.1,234.51279,45.21550
1789867364.277,7007,5.19948,0.63732,3.31373,1.551,1.548,1024.1,234.54596,45.22188
1789867364.287,7008,5.19948,0.59147,3.07534,1.551,1.548,1024.1,234.57664,45.22778
1789867364.297,7009,5.19948,0.63283,3.29039,1.550,1.548,1024.1,234.60947,45.23409
1789867364.307,7010,5.19948,0.58749,3.05464,1.550,1.548,1024.1,234.63994,45.23995
1789867364.317,7011,5.19948,0.58998,3.06759,1.550,1.548,1024.1,234.67054,45.24584
1789867364.327,7012,5.19948,0.61533,3.19940,1.550,1.548,1024.1,234.70253,45.25199
1789867364.337,7013,5.19948,0.59446,3.09088,1.551,1.548,1024.1,234.73343,45.25793
1789867364.347,7014,5.19948,0.59496,3.09348,1.550,1.548,1024.1,234.76436,45.26388
1789867364.357,7015,5.19948,0.63009,3.27614,1.551,1.548,1024.1,234.79711,45.27018
1789867364.367,7016,5.19968,0.60343,3.13764,1.551,1.548,1024.1,234.82857,45.27623
1789867364.377,7017,5.19968,0.64081,3.33201,1.551,1.548,1024.1,234.86197,45.28266
1789867364.387,7018,5.19968,0.60144,3.12730,1.551,1.548,1024.1,234.89333,45.28869
1789867364.397,7019,5.19968,0.62934,3.27237,1.550,1.548,1024.1,234.92614,45.29500
1789867364.407,7020,5.19968,0.64753,3.36695,1.550,1.548,1024.1,234.95971,45.30145
1789867364.417,7021,5.19968,0.61429,3.19411,1.550,1.548,1024.1,234.99156,45.30758
1789867364.427,7022,5.19968,0.61429,3.19411,1.550,1.548,1024.1,235.02341,45.31370
1789867364.437,7023,5.19968,0.58275,3.03011,1.551,1.548,1024.1,235.05363,45.31951
1789867364.447,7024,5.19968,0.60368,3.13894,1.551,1.548,1024.1,235.08506,45.32556
1789867364.457,7025,5.19968,0.59197,3.07805,1.551,1.548,1024.1,235.11589,45.33149
1789867364.467,7026,5.20026,0.61193,3.18220,1.551,1.548,1024.1,235.14776,45.33762
1789867364.477,7027,5.18930,0.61193,3.17549,1.551,1.548,1024.1,235.17956,45.34374
1789867364.487,7028,5.20026,0.64330,3.34533,1.551,1.548,1024.1,235.21306,45.35019
1789867364.497,7029,5.20026,0.59023,3.06935,1.550,1.548,1024.1,235.24380,45.35610
1789867364.507,7030,5.20026,0.61193,3.18220,1.550,1.548,1024.1,235.27568,45.36223
1789867364.517,7031,5.20026,0.59172,3.07710,1.550,1.548,1024.1,235.30650,45.36815
1789867364.527,7032,5.20026,0.61193,3.18220,1.550,1.548,1024.1,235.33828,45.37427
1789867364.537,7033,5.20026,0.61193,3.18220,1.550,1.548,1024.1,235.37006,45.38038
1789867364.547,7034,5.20026,0.58948,3.06545,1.551,1.548,1024.1,235.40068,45.38627
1789867364.557,7035,5.20026,0.61193,3.18220,1.551,1.548,1024.1,235.43246,45.39238
1789867364.567,7036,5.20054,0.59820,3.11096,1.551,1.548,1024.1,235.46360,45.39836
1789867364.577,7037,5.18930,0.59945,3.11073,1.552,1.548,1024.1,235.49473,45.40436
1789867364.587,7038,5.20054,0.61071,3.17602,1.552,1.548,1024.1,235.52652,45.41048
1789867364.597,7039,5.20054,0.64380,3.34811,1.551,1.548,1024.1,235.56003,45.41692
1789867364.607,7040,5.20054,0.59920,3.11616,1.550,1.548,1024.1,235.59113,45.42290
1789867364.617,7041,5.20054,0.61071,3.17602,1.550,1.548,1024.1,235.62281,45.42899
1789867364.627,7042,5.20054,0.59322,3.08506,1.550,1.548,1024.1,235.65360,45.43491
1789867364.637,7043,5.20054,0.61071,3.17602,1.550,1.548,1024.1,235.68528,45.44101
1789867364.647,7044,5.20054,0.59446,3.09151,1.551,1.548,1024.1,235.71629,45.44697
1789867364.657,7045,5.20054,0.58201,3.02677,1.550,1.548,1024.1,235.74665,45.45280
1789867364.667,7046,5.20058,0.61068,3.17589,1.551,1.548,1024.1,235.77850,45.45893
1789867364.677,7047,5.19055,0.65600,3.40500,1.550,1.548,1024.1,235.81265,45.46551
1789867364.687,7048,5.20058,0.61068,3.17589,1.550,1.548,1024.1,235.84436,45.47161
1789867364.697,7049,5.20058,0.59596,3.09934,1.550,1.548,1024.1,235.87532,45.47756
1789867364.707,7050,5.20058,0.58624,3.04879,1.549,1.548,1024.1,235.90576,45.48341
1789867364.717,7051,5.20058,0.61068,3.17589,1.550,1.548,1024.1,235.93748,45.48951
1789867364.727,7052,5.20058,0.58824,3.05919,1.550,1.548,1024.1,235.96805,45.49539
1789867364.737,7053,5.20058,0.61068,3.17589,1.550,1.548,1024.1,235.99979,45.50149
1789867364.747,7054,5.20058,0.58400,3.03714,1.550,1.548,1024.1,236.03014,45.50733
1789867364.757,7055,5.20058,0.59098,3.07344,1.550,1.548,1024.1,236.06086,45.51324
1789867364.767,7056,5.20077,0.61988,3.22385,1.551,1.548,1024.1,236.09309,45.51943
1789867364.777,7057,5.20077,0.60953,3.17003,1.551,1.548,1024.1,236.12479,45.52553
1789867364.787,7058,5.20077,0.61988,3.22385,1.551,1.548,1024.1,236.15702,45.53173
1789867364.797,7059,5.20077,0.59197,3.07870,1.551,1.548,1024.1,236.18781,45.53765
1789867364.807,7060,5.20077,0.58749,3.05540,1.550,1.548,1024.1,236.21833,45.54351
1789867364.817,7061,5.20077,0.60953,3.17003,1.550,1.548,1024.1,236.24999,45.54960
1789867364.827,7062,5.20077,0.58599,3.04760,1.550,1.548,1024.1,236.28043,45.55546
1789867364.837,7063,5.20077,0.64429,3.35080,1.549,1.547,1024.1,236.31391,45.56189
1789867364.847,7064,5.20077,0.59621,3.10075,1.549,1.548,1024.1,236.34500,45.56787
1789867364.857,7065,5.20077,0.60953,3.17003,1.550,1.547,1024.1,236.37678,45.57398
1789867364.867,7066,5.20147,0.63557,3.30590,1.550,1.548,1024.1,236.40993,45.58035
1789867364.877,7067,5.20147,0.57752,3.00395,1.550,1.548,1024.1,236.44005,45.58614
1789867364.887,7068,5.20147,0.58824,3.05971,1.550,1.548,1024.1,236.47063,45.59202
1789867364.897,7069,5.20147,0.60680,3.15625,1.551,1.548,1024.1,236.50219,45.59809
1789867364.907,7070,5.20147,0.59023,3.07006,1.550,1.548,1024.1,236.53288,45.60399
1789867364.917,7071,5.20147,0.58824,3.05971,1.551,1.548,1024.1,236.56347,45.60987
1789867364.927,7072,5.20147,0.63283,3.29165,1.551,1.548,1024.1,236.59635,45.61619
1789867364.937,7073,5.20147,0.58450,3.04026,1.551,1.548,1024.1,236.62671,45.62203
1789867364.947,7074,5.20147,0.63682,3.31240,1.551,1.548,1024.1,236.65980,45.62839
1789867364.957,7075,5.20147,0.58051,3.01951,1.551,1.548,1024.1,236.68996,45.63419
1789867364.967,7076,5.20159,0.60590,3.15164,1.551,1.548,1024.1,236.72142,45.64024
1789867364.977,7077,5.20159,0.63856,3.32153,1.551,1.548,1024.1,236.75458,45.64661
1789867364.987,7078,5.20159,0.60590,3.15164,1.551,1.548,1024.1,236.78604,45.65266
1789867364.997,7079,5.20159,0.63134,3.28397,1.551,1.548,1024.1,236.81882,45.65896
1789867365.007,7080,5.20159,0.60590,3.15164,1.551,1.548,1024.1,236.85036,45.66503
1789867365.017,7081,5.20159,0.60590,3.15164,1.551,1.548,1024.1,236.88189,45.67109
1789867365.027,7082,5.20159,0.58549,3.04548,1.551,1.548,1024.1,236.91236,45.67695
1789867365.037,7083,5.20159,0.58500,3.04293,1.551,1.548,1024.1,236.94280,45.68280
1789867365.047,7084,5.20159,0.60590,3.15164,1.550,1.548,1024.1,236.97435,45.68887
1789867365.057,7085,5.20159,0.62536,3.25287,1.550,1.547,1024.1,237.00692,45.69513
1789867365.067,7086,5.20159,0.59048,3.07143,1.551,1.548,1024.1,237.03767,45.70104
1789867365.077,7087,5.20159,0.61888,3.21916,1.551,1.548,1024.1,237.06990,45.70723
1789867365.087,7088,5.18805,0.64081,3.32455,1.551,1.548,1024.1,237.10320,45.71365
1789867365.097,7089,5.20159,0.60561,3.15013,1.551,1.548,1024.1,237.13475,45.71972
1789867365.107,7090,5.19055,0.60561,3.14345,1.551,1.548,1024.1,237.16623,45.72578
1789867365.117,7091,5.20159,0.58275,3.03123,1.552,1.548,1024.1,237.19659,45.73162
1789867365.127,7092,5.20159,0.60561,3.15013,1.552,1.548,1024.1,237.22789,45.73764
1789867365.137,7093,5.20159,0.58774,3.05718,1.552,1.548,1024.1,237.25827,45.74348
1789867365.146,7094,5.20159,0.60561,3.15013,1.552,1.548,1024.1,237.28957,45.74949
1789867365.156,7095,5.20159,0.60561,3.15013,1.551,1.548,1024.1,237.32087,45.75551
1789867365.166,7096,5.20159,0.59397,3.08959,1.551,1.548,1024.1,237.35178,45.76146
1789867365.176,7097,5.20159,0.60572,3.15071,1.551,1.548,1024.1,237.38331,45.76752
1789867365.186,7098,5.20159,0.60572,3.15071,1.551,1.548,1024.1,237.41484,45.77358
1789867365.196,7099,5.18430,0.67195,3.48359,1.550,1.548,1024.1,237.44970,45.78030
1789867365.206,7100,5.20159,0.64056,3.33193,1.550,1.547,1024.1,237.48301,45.78671
1789867365.216,7101,5.20159,0.64753,3.36819,1.550,1.547,1024.1,237.51668,45.79318
1789867365.226,7102,5.20159,0.60572,3.15071,1.550,1.548,1024.1,237.54818,45.79923
1789867365.236,7103,5.20159,0.58375,3.03643,1.550,1.547,1024.1,237.57853,45.80507
1789867365.246,7104,5.20159,0.60572,3.15071,1.550,1.548,1024.1,237.61013,45.81114
1789867365.256,7105,5.20159,0.58699,3.05328,1.551,1.548,1024.1,237.64074,45.81703
1789867365.266,7106,5.20108,0.58475,3.04133,1.551,1.548,1024.1,237.67124,45.82289
1789867365.277,7107,5.20108,0.60762,3.16028,1.551,1.548,1024.1,237.70293,45.82899
1789867365.287,7108,5.20108,0.58624,3.04908,1.551,1.548,1024.1,237.73342,45.83485
1789867365.297,7109,5.17805,0.68964,3.57099,1.551,1.548,1024.1,237.76912,45.84174
1789867365.307,7110,5.18805,0.66921,3.47189,1.550,1.548,1024.1,237.80383,45.84843
1789867365.317,7111,5.18930,0.67145,3.48436,1.550,1.548,1024.1,237.83867,45.85515
1789867365.327,7112,5.20108,0.60762,3.16028,1.551,1.548,1024.1,237.87032,45.86123
1789867365.337,7113,5.20108,0.58749,3.05558,1.551,1.548,1024.1,237.90093,45.86712
1789867365.347,7114,5.20108,0.60762,3.16028,1.551,1.548,1024.1,237.93258,45.87320
1789867365.357,7115,5.20108,0.58475,3.04133,1.552,1.548,1024.1,237.96304,45.87906
1789867365.367,7116,5.20073,0.58848,3.06053,1.551,1.548,1024.1,237.99365,45.88495
1789867365.377,7117,5.20073,0.61988,3.22383,1.552,1.548,1024.1,238.02589,45.89114
1789867365.387,7118,5.20073,0.59147,3.07608,1.551,1.548,1024.1,238.05665,45.89706
1789867365.397,7119,5.18430,0.68765,3.56498,1.551,1.548,1024.1,238.09230,45.90394
1789867365.407,7120,5.20073,0.65551,3.40913,1.550,1.548,1024.1,238.12642,45.91050
1789867365.417,7121,5.18805,0.65252,3.38531,1.550,1.548,1024.1,238.16030,45.91703
1789867365.427,7122,5.18555,0.69786,3.61879,1.550,1.548,1024.1,238.19651,45.92401
1789867365.437,7123,5.20073,0.58948,3.06573,1.550,1.548,1024.1,238.22719,45.92991
1789867365.447,7124,5.20073,0.60938,3.16922,1.549,1.548,1024.1,238.25876,45.93598
1789867365.457,7125,5.20073,0.59023,3.06963,1.550,1.548,1024.1,238.28935,45.94186
1789867365.467,7126,5.20026,0.59397,3.08880,1.550,1.548,1024.1,238.32012,45.94778
1789867365.476,7127,5.20026,0.66173,3.44117,1.550,1.548,1024.1,238.35441,45.95437
1789867365.487,7128,5.20026,0.59496,3.09395,1.551,1.548,1024.1,238.38546,45.96034
1789867365.497,7129,5.17555,0.69861,3.61569,1.551,1.548,1024.1,238.42174,45.96735
1789867365.507,7130,5.18680,0.65600,3.40254,1.551,1.548,1024.1,238.45589,45.97394
1789867365.517,7131,5.20026,0.65052,3.38287,1.550,1.548,1024.1,238.48984,45.98047
1789867365.527,7132,5.18680,0.63956,3.31727,1.551,1.548,1024.1,238.52299,45.98686
1789867365.537,7133,5.20026,0.58973,3.06675,1.551,1.548,1024.1,238.55364,45.99275
1789867365.547,7134,5.20026,0.66124,3.43862,1.550,1.548,1024.1,238.58801,45.99936
1789867365.557,7135,5.20026,0.59621,3.10045,1.550,1.547,1024.1,238.61900,46.00532
1789867365.567,7136,5.19991,0.61281,3.18656,1.550,1.548,1024.1,238.65088,46.01145
1789867365.577,7137,5.19991,0.63308,3.29196,1.549,1.547,1024.1,238.68382,46.01779
1789867365.587,7138,5.19991,0.61281,3.18656,1.549,1.547,1024.1,238.71571,46.02392
1789867365.597,7139,5.17680,0.64230,3.32506,1.549,1.547,1024.1,238.74898,46.03034
1789867365.607,7140,5.19991,0.59446,3.09114,1.550,1.547,1024.1,238.77989,46.03629
1789867365.617,7141,5.19991,0.61281,3.18656,1.550,1.548,1024.1,238.81174,46.04241
1789867365.627,7142,5.19991,0.59496,3.09374,1.551,1.548,1024.1,238.84267,46.04836
1789867365.637,7143,5.19991,0.62611,3.25572,1.551,1.548,1024.1,238.87522,46.05462
1789867365.647,7144,5.19991,0.61281,3.18656,1.551,1.548,1024.1,238.90701,46.06073
1789867365.657,7145,5.19991,0.58300,3.03155,1.551,1.548,1024.1,238.93725,46.06655
1789867365.667,7146,5.19976,0.61304,3.18766,1.550,1.548,1024.1,238.96904,46.07266
1789867365.677,7147,5.19976,0.60019,3.12084,1.550,1.548,1024.1,239.00017,46.07865
1789867365.687,7148,5.19976,0.59546,3.09625,1.551,1.548,1024.1,239.03119,46.08462
1789867365.697,7149,5.19976,0.63508,3.30226,1.551,1.548,1024.1,239.06427,46.09098
1789867365.707,7150,5.19976,0.64479,3.35275,1.551,1.548,1024.1,239.09786,46.09744
1789867365.717,7151,5.19976,0.61304,3.18766,1.551,1.548,1024.1,239.12979,46.10358
1789867365.727,7152,5.19976,0.59795,3.10920,1.552,1.548,1024.1,239.16093,46.10957
1789867365.737,7153,5.19976,0.58848,3.05995,1.551,1.548,1024.1,239.19158,46.11546
1789867365.747,7154,5.19976,0.61304,3.18766,1.551,1.548,1024.1,239.22350,46.12160
1789867365.757,7155,5.19976,0.58724,3.05351,1.551,1.548,1024.1,239.25408,46.12748
1789867365.767,7156,5.19983,0.59571,3.09759,1.550,1.548,1024.1,239.28499,46.13343
1789867365.777,7157,5.19983,0.61285,3.18672,1.550,1.548,1024.1,239.31679,46.13954
1789867365.787,7158,5.19983,0.59222,3.07944,1.550,1.548,1024.1,239.34751,46.14545
1789867365.797,7159,5.19983,0.61285,3.18672,1.550,1.548,1024.1,239.37931,46.15157
1789867365.807,7160,5.18430,0.67893,3.51978,1.550,1.548,1024.1,239.41448,46.15835
1789867365.817,7161,5.18680,0.68540,3.55503,1.549,1.548,1024.1,239.45000,46.16520
1789867365.827,7162,5.18055,0.70110,3.63208,1.550,1.548,1024.1,239.48629,46.17220
1789867365.837,7163,5.18555,0.66547,3.45083,1.550,1.547,1024.1,239.52077,46.17885
1789867365.847,7164,5.18555,0.67120,3.48054,1.550,1.548,1024.1,239.55562,46.18557
1789867365.857,7165,5.19983,0.64953,3.37745,1.550,1.547,1024.1,239.58944,46.19208
1789867365.867,7166,5.19890,0.63408,3.29652,1.550,1.548,1024.1,239.62244,46.19842
1789867365.877,7167,5.19890,0.64056,3.33021,1.550,1.547,1024.1,239.65579,46.20484
1789867365.887,7168,5.19890,0.66373,3.45067,1.549,1.547,1024.1,239.69039,46.21149
1789867365.897,7169,5.19890,0.59646,3.10094,1.550,1.548,1024.1,239.72149,46.21748
1789867365.907,7170,5.19890,0.62685,3.25893,1.550,1.548,1024.1,239.75417,46.22376
1789867365.917,7171,5.19890,0.60019,3.12033,1.550,1.548,1024.1,239.78546,46.22978
1789867365.927,7172,5.17930,0.62984,3.26213,1.551,1.548,1024.1,239.81798,46.23606
1789867365.937,7173,5.19890,0.59671,3.10224,1.551,1.548,1024.1,239.84891,46.24201
1789867365.947,7174,5.19890,0.62885,3.26933,1.551,1.548,1024.1,239.88150,46.24828
1789867365.957,7175,5.19890,0.59297,3.08279,1.551,1.548,1024.1,239.91224,46.25419
1789867365.967,7176,5.19855,0.61860,3.21582,1.551,1.548,1024.1,239.94439,46.26037
1789867365.977,7177,5.19855,0.58624,3.04760,1.550,1.548,1024.1,239.97486,46.26624
1789867365.987,7178,5.19855,0.60543,3.14736,1.550,1.548,1024.1,240.00633,46.27229
1789867365.997,7179,5.19855,0.58948,3.06444,1.551,1.548,1024.1,240.03697,46.27818
1789867366.007,7180,5.19855,0.64654,3.36107,1.550,1.548,1024.1,240.07065,46.28466
1789867366.017,7181,5.19855,0.64355,3.34553,1.550,1.548,1024.1,240.10418,46.29111
1789867366.027,7182,5.19855,0.59147,3.07479,1.550,1.548,1024.1,240.13499,46.29704
1789867366.037,7183,5.19855,0.59845,3.11107,1.550,1.548,1024.1,240.16617,46.30304
1789867366.047,7184,5.19855,0.60667,3.15380,1.550,1.548,1024.1,240.19771,46.30910
1789867366.057,7185,5.19855,0.58525,3.04245,1.550,1.547,1024.1,240.22814,46.31496
1789867366.067,7186,5.19862,0.58574,3.04504,1.550,1.547,1024.1,240.25860,46.32082
1789867366.077,7187,5.19862,0.63084,3.27950,1.550,1.548,1024.1,240.29140,46.32713
1789867366.087,7188,5.19862,0.58051,3.01785,1.550,1.548,1024.1,240.32155,46.33292
1789867366.097,7189,5.19862,0.61871,3.21644,1.551,1.548,1024.1,240.35367,46.33910
1789867366.107,7190,5.19862,0.60842,3.16294,1.550,1.548,1024.1,240.38527,46.34518
1789867366.117,7191,5.19862,0.61871,3.21644,1.551,1.548,1024.1,240.41740,46.35136
1789867366.127,7192,5.19862,0.63956,3.32483,1.550,1.548,1024.1,240.45068,46.35776
1789867366.137,7193,5.19862,0.58375,3.03469,1.550,1.548,1024.1,240.48105,46.36361
1789867366.147,7194,5.19862,0.58151,3.02305,1.551,1.548,1024.1,240.51131,46.36943
1789867366.157,7195,5.19862,0.63757,3.31448,1.551,1.548,1024.1,240.54448,46.37581
1789867366.167,7196,5.19870,0.58674,3.05029,1.550,1.548,1024.1,240.57503,46.38168
1789867366.177,7197,5.19870,0.61867,3.21628,1.550,1.548,1024.1,240.60723,46.38788
1789867366.187,7198,5.21054,0.61867,3.22360,1.551,1.548,1024.1,240.63951,46.39407
1789867366.197,7199,5.19870,0.61867,3.21628,1.551,1.548,1024.1,240.67171,46.40027
1789867366.207,7200,5.19870,0.62885,3.26920,1.551,1.548,1024.1,240.70427,46.40653
1789867366.217,7201,5.19870,0.59471,3.09172,1.551,1.548,1024.1,240.73505,46.41245
1789867366.227,7202,5.19870,0.61867,3.21628,1.551,1.548,1024.1,240.76707,46.41861
1789867366.237,7203,5.19870,0.59322,3.08397,1.551,1.548,1024.1,240.79778,46.42452
1789867366.247,7204,5.19870,0.60293,3.13445,1.552,1.548,1024.1,240.82925,46.43057
1789867366.257,7205,5.19870,0.61867,3.21628,1.551,1.548,1024.1,240.86155,46.43678
1789867366.267,7206,5.19917,0.64155,3.33553,1.551,1.548,1024.1,240.89504,46.44323
1789867366.277,7207,5.19917,0.59197,3.07775,1.551,1.548,1024.1,240.92594,46.44917
1789867366.287,7208,5.19917,0.61665,3.20607,1.550,1.548,1024.1,240.95797,46.45533
1789867366.297,7209,5.19917,0.58375,3.03502,1.551,1.548,1024.1,240.98830,46.46116
1789867366.307,7210,5.19917,0.61665,3.20607,1.550,1.548,1024.1,241.02033,46.46732
1789867366.317,7211,5.19917,0.59770,3.10754,1.550,1.548,1024.1,241.05138,46.47330
1789867366.327,7212,5.19917,0.63956,3.32518,1.549,1.548,1024.1,241.08457,46.47968
1789867366.337,7213,5.19917,0.61665,3.20607,1.549,1.547,1024.1,241.11658,46.48584
1789867366.347,7214,5.19917,0.59870,3.11274,1.551,1.548,1024.1,241.14765,46.49181
1789867366.357,7215,5.19917,0.58549,3.04406,1.550,1.548,1024.1,241.17803,46.49766
1789867366.367,7216,5.19960,0.61474,3.19640,1.550,1.548,1024.1,241.21001,46.50381
1789867366.377,7217,5.19960,0.58425,3.03787,1.550,1.548,998.5,241.24041,46.50965
1789867366.387,7218,5.19960,0.58176,3.02492,1.551,1.548,998.5,241.27067,46.51547
1789867366.397,7219,5.19960,0.61474,3.19640,1.551,1.548,998.5,241.30265,46.52162
1789867366.407,7220,5.19960,0.59995,3.11950,1.551,1.548,998.5,241.33385,46.52762
1789867366.417,7221,5.19960,0.62611,3.25552,1.551,1.548,998.5,241.36641,46.53388
1789867366.427,7222,5.19960,0.59322,3.08451,1.551,1.548,1024.1,241.39726,46.53982
1789867366.437,7223,5.19960,0.58948,3.06506,1.551,1.548,1024.1,241.42791,46.54571
1789867366.447,7224,5.19960,0.61474,3.19640,1.550,1.548,1024.1,241.45987,46.55186
1789867366.457,7225,5.19960,0.58824,3.05861,1.551,1.548,998.5,241.49045,46.55774
1789867366.467,7226,5.20015,0.58998,3.06798,1.551,1.548,998.5,241.52113,46.56364
1789867366.477,7227,5.20015,0.61254,3.18530,1.550,1.548,998.5,241.55298,46.56976
1789867366.487,7228,5.20015,0.58998,3.06798,1.551,1.548,998.5,241.58356,46.57565
1789867366.497,7229,5.20015,0.59222,3.07963,1.551,1.548,998.5,241.61426,46.58155
1789867366.506,7230,5.20015,0.61254,3.18530,1.551,1.548,998.5,241.64601,46.58765
1789867366.516,7231,5.20015,0.59073,3.07188,1.551,1.548,1024.1,241.67663,46.59354
1789867366.527,7232,5.20015,0.61254,3.18530,1.551,1.548,1024.1,241.70861,46.59969
1789867366.537,7233,5.20015,0.58699,3.05244,1.551,1.548,998.5,241.73926,46.60559
1789867366.547,7234,5.20015,0.59048,3.07058,1.550,1.548,1024.1,241.77009,46.61152
1789867366.557,7235,5.20015,0.61254,3.18530,1.551,1.548,998.5,241.80207,46.61767
1789867366.567,7236,5.20058,0.59073,3.07214,1.550,1.548,998.5,241.83271,46.62356
1789867366.577,7237,5.20058,0.61069,3.17594,1.550,1.548,998.5,241.86440,46.62965
1789867366.587,7238,5.20058,0.59023,3.06954,1.550,1.548,998.5,241.89502,46.63554
1789867366.597,7239,5.20058,0.58151,3.02419,1.550,1.548,998.5,241.92518,46.64134
1789867366.607,7240,5.20058,0.61069,3.17594,1.550,1.548,998.5,241.95703,46.64746
1789867366.617,7241,5.20058,0.58624,3.04879,1.550,1.548,998.5,241.98759,46.65334
1789867366.627,7242,5.20058,0.66971,3.48288,1.550,1.548,998.5,242.02251,46.66005
1789867366.637,7243,5.20058,0.59197,3.07859,1.551,1.548,998.5,242.05338,46.66599
1789867366.647,7244,5.20058,0.59945,3.11749,1.550,1.548,998.5,242.08450,46.67197
1789867366.657,7245,5.20058,0.63433,3.29888,1.550,1.548,998.5,242.11744,46.67831
1789867366.667,7246,5.20077,0.57902,3.01135,1.550,1.548,998.5,242.14750,46.68409
1789867366.677,7247,5.20077,0.61045,3.17481,1.550,1.548,998.5,242.17920,46.69018
1789867366.687,7248,5.20077,0.58176,3.02560,1.550,1.548,998.5,242.20941,46.69599
1789867366.697,7249,5.20077,0.58350,3.03465,1.550,1.548,998.5,242.23970,46.70182
1789867366.707,7250,5.20077,0.61045,3.17481,1.550,1.548,998.5,242.27140,46.70791
1789867366.716,7251,5.20077,0.61045,3.17481,1.550,1.548,1024.1,242.30309,46.71400
1789867366.727,7252,5.18305,0.65725,3.40656,1.549,1.547,1024.1,242.33722,46.72059
1789867366.737,7253,5.20077,0.59397,3.08910,1.550,1.548,1024.1,242.36818,46.72654
1789867366.747,7254,5.20077,0.58948,3.06575,1.550,1.548,998.5,242.39890,46.73245
1789867366.757,7255,5.20077,0.61045,3.17481,1.550,1.547,998.5,242.43071,46.73857
1789867366.767,7256,5.20073,0.59945,3.11758,1.550,1.548,998.5,242.46183,46.74455
1789867366.777,7257,5.20073,0.63682,3.31193,1.550,1.548,998.5,242.49489,46.75091
1789867366.787,7258,5.20073,0.58549,3.04498,1.550,1.548,998.5,242.52528,46.75675
1789867366.797,7259,5.20073,0.61051,3.17510,1.551,1.548,998.5,242.55697,46.76284
1789867366.807,7260,5.20073,0.58923,3.06443,1.550,1.548,998.5,242.58767,46.76875
1789867366.817,7261,5.20073,0.59297,3.08388,1.550,1.548,998.5,242.61857,46.77469
1789867366.827,7262,5.18805,0.67643,3.50935,1.551,1.548,998.5,242.65372,46.78146
1789867366.837,7263,5.20073,0.59023,3.06963,1.551,1.548,998.5,242.68448,46.78738
1789867366.847,7264,5.20073,0.61051,3.17510,1.551,1.548,998.5,242.71618,46.79347
1789867366.857,7265,5.20073,0.63184,3.28603,1.551,1.548,998.5,242.74899,46.79978
1789867366.867,7266,5.20140,0.59197,3.07907,1.551,1.548,998.5,242.77973,46.80569
1789867366.877,7267,5.20140,0.60758,3.16027,1.551,1.548,998.5,242.81128,46.81176
1789867366.887,7268,5.20140,0.59147,3.07647,1.550,1.548,998.5,242.84217,46.81770
1789867366.897,7269,5.20140,0.58500,3.04282,1.550,1.548,998.5,242.87272,46.82357
1789867366.907,7270,5.20140,0.60758,3.16027,1.550,1.548,998.5,242.90445,46.82967
1789867366.917,7271,5.20140,0.58500,3.04282,1.550,1.548,998.5,242.93499,46.83554
1789867366.927,7272,5.20140,0.60758,3.16027,1.549,1.548,998.5,242.96645,46.84159
1789867366.937,7273,5.20140,0.59122,3.07517,1.550,1.548,998.5,242.99706,46.84747
1789867366.947,7274,5.20140,0.60758,3.16027,1.550,1.548,998.5,243.02851,46.85352
1789867366.956,7275,5.20140,0.60758,3.16027,1.551,1.548,998.5,243.05997,46.85957
1789867366.967,7276,5.20206,0.58375,3.03670,1.551,1.548,998.5,243.09054,46.86545
1789867366.977,7277,5.20206,0.60488,3.14662,1.551,1.548,998.5,243.12222,46.87153
1789867366.987,7278,5.20206,0.58226,3.02895,1.551,1.548,998.5,243.15271,46.87740
1789867366.997,7279,5.20206,0.58649,3.05096,1.551,1.548,998.5,243.18343,46.88330
1789867367.007,7280,5.20206,0.61489,3.19869,1.550,1.548,998.5,243.21538,46.88944
1789867367.017,7281,5.20206,0.59297,3.08467,1.550,1.548,998.5,243.24619,46.89537
1789867367.027,7282,5.20206,0.62386,3.24536,1.550,1.548,998.5,243.27860,46.90160
1789867367.037,7283,5.20206,0.58599,3.04836,1.550,1.548,998.5,243.30905,46.90745
1789867367.047,7284,5.20206,0.59098,3.07431,1.549,1.547,998.5,243.33974,46.91335
1789867367.057,7285,5.20206,0.61788,3.21425,1.549,1.547,998.5,243.37182,46.91952
1789867367.067,7286,5.20206,0.58375,3.03670,1.549,1.548,998.5,243.40213,46.92534
1789867367.077,7287,5.20206,0.60449,3.14459,1.549,1.548,998.5,243.43352,46.93138
1789867367.087,7288,5.20206,0.58724,3.05486,1.550,1.548,998.5,243.46401,46.93724
1789867367.097,7289,5.20206,0.58475,3.04190,1.551,1.548,998.5,243.49437,46.94307
1789867367.107,7290,5.20206,0.60449,3.14459,1.551,1.548,998.5,243.52576,46.94911
1789867367.117,7291,5.20206,0.58076,3.02115,1.551,1.548,998.5,243.55592,46.95490
1789867367.127,7292,5.20206,0.60449,3.14459,1.550,1.548,998.5,243.58742,46.96096
1789867367.137,7293,5.20206,0.64629,3.36204,1.550,1.548,998.5,243.62110,46.96744
1789867367.147,7294,5.20206,0.59222,3.08076,1.551,1.548,998.5,243.65197,46.97337
1789867367.157,7295,5.20206,0.60449,3.14459,1.550,1.548,998.5,243.68348,46.97943
1789867367.167,7296,5.20202,0.58998,3.06909,1.550,1.548,998.5,243.71410,46.98531
1789867367.177,7297,5.20202,0.58375,3.03668,1.551,1.548,998.5,243.74440,46.99114
1789867367.187,7298,5.20202,0.60462,3.14525,1.551,1.548,998.5,243.77578,46.99717
1789867367.197,7299,5.20202,0.58599,3.04833,1.552,1.549,998.5,243.80620,47.00302
1789867367.207,7300,5.20202,0.58300,3.03278,1.551,1.548,998.5,243.83650,47.00884
1789867367.217,7301,5.20202,0.61963,3.22333,1.551,1.548,998.5,243.86871,47.01503
1789867367.227,7302,5.20202,0.59222,3.08074,1.551,1.548,998.5,243.89949,47.02095
1789867367.237,7303,5.18555,0.66497,3.44824,1.550,1.548,998.5,243.93394,47.02759
1789867367.247,7304,5.20202,0.58624,3.04963,1.550,1.548,998.5,243.96451,47.03347
1789867367.257,7305,5.20202,0.58749,3.05613,1.550,1.548,998.5,243.99515,47.03936
1789867367.267,7306,5.20194,0.63009,3.27769,1.550,1.548,998.5,244.02801,47.04568
1789867367.277,7307,5.20194,0.58201,3.02758,1.551,1.548,998.5,244.05837,47.05151
1789867367.287,7308,5.20194,0.62087,3.22973,1.550,1.547,998.5,244.09061,47.05771
1789867367.297,7309,5.20194,0.58923,3.06514,1.551,1.548,998.5,244.12121,47.06359
1789867367.307,7310,5.20194,0.60472,3.14572,1.551,1.548,998.5,244.15262,47.06963
1789867367.317,7311,5.20194,0.63433,3.29975,1.551,1.548,998.5,244.18556,47.07597
1789867367.327,7312,5.20194,0.61564,3.20252,1.551,1.548,998.5,244.21766,47.08213
1789867367.337,7313,5.18930,0.62810,3.25940,1.550,1.548,998.5,244.25032,47.08843
1789867367.347,7314,5.19180,0.63981,3.32177,1.550,1.548,998.5,244.28361,47.09484
1789867367.357,7315,5.18805,0.66373,3.44346,1.551,1.548,998.5,244.31811,47.10149
1789867367.367,7316,5.18805,0.68441,3.55075,1.551,1.548,998.5,244.35362,47.10833
1789867367.377,7317,5.20183,0.60547,3.14955,1.551,1.548,998.5,244.38511,47.11439
1789867367.387,7318,5.20183,0.60547,3.14955,1.551,1.548,998.5,244.41660,47.12044
1789867367.397,7319,5.20183,0.64554,3.35799,1.551,1.548,998.5,244.45017,47.12690
1789867367.407,7320,5.20183,0.59122,3.07543,1.551,1.548,998.5,244.48084,47.13279
1789867367.417,7321,5.20183,0.62237,3.23746,1.550,1.548,998.5,244.51313,47.13900
1789867367.427,7322,5.20183,0.59421,3.09098,1.550,1.548,998.5,244.54396,47.14493
1789867367.437,7323,5.20183,0.60547,3.14955,1.551,1.548,998.5,244.57538,47.15097
1789867367.447,7324,5.20183,0.60547,3.14955,1.551,1.548,998.5,244.60696,47.15704
1789867367.457,7325,5.20183,0.60547,3.14955,1.551,1.548,998.5,244.63854,47.16311
1789867367.467,7326,5.20163,0.62411,3.24639,1.551,1.548,998.5,244.67110,47.16937
1789867367.477,7327,5.20163,0.59122,3.07531,1.551,1.548,998.5,244.70194,47.17530
1789867367.487,7328,5.20163,0.60618,3.15312,1.551,1.548,998.5,244.73354,47.18137
1789867367.497,7329,5.20163,0.62262,3.23864,1.552,1.549,998.5,244.76599,47.18761
1789867367.507,7330,5.20163,0.58649,3.05070,1.552,1.549,998.5,244.79656,47.19349
1789867367.517,7331,5.20163,0.60618,3.15312,1.551,1.548,998.5,244.82815,47.19956
1789867367.527,7332,5.20163,0.59048,3.07146,1.551,1.548,998.5,244.85880,47.20545
1789867367.537,7333,5.20163,0.58799,3.05851,1.550,1.548,998.5,244.88931,47.21132
1789867367.547,7334,5.18555,0.65750,3.40950,1.550,1.548,998.5,244.92332,47.21788
1789867367.557,7335,5.20163,0.60618,3.15312,1.549,1.547,998.5,244.95478,47.22392
1789867367.567,7336,5.20159,0.59297,3.08439,1.549,1.547,998.5,244.98555,47.22984
1789867367.577,7337,5.20159,0.60639,3.15419,1.550,1.548,998.5,245.01702,47.23589
1789867367.587,7338,5.20159,0.59073,3.07274,1.550,1.548,998.5,245.04768,47.24179
1789867367.597,7339,5.20159,0.60639,3.15419,1.552,1.548,998.5,245.07915,47.24784
1789867367.607,7340,5.20159,0.58300,3.03253,1.551,1.548,998.5,245.10948,47.25367
1789867367.617,7341,5.20159,0.57976,3.01567,1.551,1.548,998.5,245.13965,47.25947
1789867367.627,7342,5.20159,0.61739,3.21141,1.551,1.549,998.5,245.17177,47.26564
1789867367.637,7343,5.20159,0.59347,3.08699,1.551,1.548,998.5,245.20264,47.27158
1789867367.647,7344,5.20159,0.60639,3.15419,1.550,1.548,998.5,245.23415,47.27763
1789867367.657,7345,5.20159,0.60639,3.15419,1.550,1.548,998.5,245.26566,47.28369
1789867367.667,7346,5.20163,0.59197,3.07921,1.551,1.548,998.5,245.29641,47.28960
1789867367.676,7347,5.20163,0.60608,3.15260,1.551,1.548,998.5,245.32791,47.29566
1789867367.687,7348,5.20163,0.58475,3.04165,1.550,1.548,998.5,245.35842,47.30152
1789867367.697,7349,5.20163,0.58275,3.03125,1.550,1.548,998.5,245.38883,47.30737
1789867367.707,7350,5.20163,0.60608,3.15260,1.551,1.548,998.5,245.42046,47.31345
1789867367.717,7351,5.20163,0.59048,3.07146,1.551,1.548,998.5,245.45128,47.31938
1789867367.727,7352,5.20163,0.58973,3.06756,1.551,1.548,998.5,245.48194,47.32527
1789867367.737,7353,5.20163,0.60608,3.15260,1.551,1.548,998.5,245.51346,47.33133
1789867367.747,7354,5.20163,0.59521,3.09606,1.551,1.548,998.5,245.54441,47.33728
1789867367.757,7355,5.20163,0.60608,3.15260,1.551,1.548,998.5,245.57592,47.34334
1789867367.767,7356,5.20179,0.59098,3.07415,1.551,1.548,998.5,245.60665,47.34924
1789867367.777,7357,5.20179,0.59546,3.09746,1.551,1.548,998.5,245.63760,47.35520
1789867367.787,7358,5.20179,0.62411,3.24649,1.551,1.548,998.5,245.67005,47.36143
1789867367.797,7359,5.20179,0.58649,3.05080,1.551,1.548,998.5,245.70054,47.36729
1789867367.807,7360,5.20179,0.61664,3.20763,1.551,1.548,998.5,245.73247,47.37343
1789867367.817,7361,5.20179,0.58724,3.05470,1.550,1.548,998.5,245.76289,47.37928
1789867367.826,7362,5.20179,0.58126,3.02359,1.550,1.548,998.5,245.79299,47.38507
1789867367.836,7363,5.20179,0.63184,3.28670,1.550,1.548,998.5,245.82571,47.39136
1789867367.846,7364,5.20179,0.59372,3.08841,1.550,1.548,998.5,245.85665,47.39731
1789867367.856,7365,5.18805,0.69014,3.58048,1.550,1.548,998.5,245.89251,47.40422
1789867367.866,7366,5.20175,0.60615,3.15304,1.550,1.548,998.5,245.92409,47.41029
1789867367.876,7367,5.20175,0.62586,3.25557,1.550,1.548,998.5,245.95670,47.41656
1789867367.886,7368,5.20175,0.63632,3.30998,1.551,1.548,998.5,245.98982,47.42293
1789867367.896,7369,5.20175,0.62062,3.22831,1.552,1.549,998.5,246.02212,47.42913
1789867367.906,7370,5.19055,0.62660,3.25240,1.552,1.548,998.5,246.05466,47.43540
1789867367.916,7371,5.20175,0.58350,3.03522,1.552,1.549,998.5,246.08502,47.44124
1789867367.927,7372,5.20175,0.60615,3.15304,1.551,1.548,998.5,246.11662,47.44732
1789867367.937,7373,5.20175,0.59048,3.07153,1.551,1.548,998.5,246.14741,47.45323
1789867367.947,7374,5.20175,0.62361,3.24386,1.551,1.548,998.5,246.17992,47.45948
1789867367.957,7375,5.20175,0.64828,3.37219,1.551,1.548,998.5,246.21372,47.46598
1789867367.967,7376,5.20175,0.59421,3.09093,1.551,1.548,998.5,246.24456,47.47191
1789867367.977,7377,5.20175,0.61739,3.21151,1.552,1.548,998.5,246.27661,47.47807
1789867367.987,7378,5.20175,0.63109,3.28277,1.552,1.548,998.5,246.30936,47.48437
1789867367.997,7379,5.20175,0.58599,3.04817,1.552,1.549,998.5,246.33978,47.49022
1789867368.007,7380,5.20175,0.59147,3.07668,1.552,1.548,998.5,246.37060,47.49614
1789867368.017,7381,5.20175,0.60654,3.15507,1.552,1.548,998.5,246.40222,47.50222
1789867368.027,7382,5.20175,0.59546,3.09743,1.552,1.548,998.5,246.43325,47.50819
1789867368.037,7383,5.20175,0.60654,3.15507,1.551,1.548,998.5,246.46487,47.51426
1789867368.047,7384,5.20175,0.58973,3.06763,1.551,1.548,998.5,246.49553,47.52016
1789867368.057,7385,5.20175,0.61938,3.22186,1.550,1.548,998.5,246.52774,47.52635
1789867368.067,7386,5.18805,0.70882,3.67739,1.550,1.548,998.5,246.56451,47.53344
1789867368.077,7387,5.20175,0.64404,3.35014,1.550,1.548,998.5,246.59800,47.53988
1789867368.087,7388,5.20175,0.62660,3.25942,1.549,1.548,998.5,246.63051,47.54613
1789867368.097,7389,5.20175,0.58749,3.05598,1.549,1.548,998.5,246.66100,47.55199
1789867368.106,7390,5.20175,0.60658,3.15528,1.549,1.548,998.5,246.69247,47.55804
1789867368.116,7391,5.20175,0.59197,3.07928,1.550,1.548,998.5,246.72319,47.56394
1789867368.126,7392,5.20175,0.58325,3.03392,1.550,1.548,998.5,246.75361,47.56979
1789867368.137,7393,5.20175,0.61988,3.22446,1.550,1.548,998.5,246.78594,47.57601
1789867368.147,7394,5.20175,0.59322,3.08578,1.550,1.548,998.5,246.81689,47.58196
1789867368.157,7395,5.20175,0.66572,3.46291,1.550,1.548,998.5,246.85161,47.58863
1789867368.167,7396,5.20159,0.59322,3.08569,1.551,1.548,998.5,246.88240,47.59455
1789867368.177,7397,5.20159,0.60749,3.15991,1.550,1.548,998.5,246.91394,47.60061
1789867368.187,7398,5.20159,0.60749,3.15991,1.551,1.548,998.5,246.94548,47.60668
1789867368.197,7399,5.20159,0.58674,3.05198,1.551,1.548,998.5,246.97594,47.61253
1789867368.207,7400,5.20159,0.58525,3.04423,1.551,1.548,998.5,247.00639,47.61839
1789867368.217,7401,5.20159,0.60749,3.15991,1.551,1.548,998.5,247.03799,47.62446
1789867368.227,7402,5.20159,0.58749,3.05588,1.550,1.548,998.5,247.06856,47.63034
1789867368.237,7403,5.20159,0.59745,3.10769,1.551,1.548,998.5,247.09964,47.63631
1789867368.247,7404,5.20159,0.60749,3.15991,1.551,1.548,998.5,247.13131,47.64240
1789867368.257,7405,5.20159,0.59621,3.10124,1.551,1.548,998.5,247.16240,47.64838
1789867368.267,7406,5.20167,0.60729,3.15892,1.552,1.548,998.5,247.19407,47.65447
1789867368.277,7407,5.20167,0.58599,3.04813,1.552,1.548,998.5,247.22462,47.66034
1789867368.287,7408,5.20167,0.58749,3.05593,1.552,1.548,998.5,247.25513,47.66621
1789867368.297,7409,5.20167,0.60729,3.15892,1.552,1.549,998.5,247.28667,47.67227
1789867368.307,7410,5.20167,0.58973,3.06758,1.552,1.549,998.5,247.31729,47.67816
1789867368.317,7411,5.20167,0.58848,3.06108,1.551,1.549,998.5,247.34785,47.68403
1789867368.327,7412,5.20167,0.60729,3.15892,1.551,1.548,998.5,247.37943,47.69010
1789867368.337,7413,5.20167,0.58176,3.02612,1.550,1.548,998.5,247.40967,47.69592
1789867368.347,7414,5.20167,0.58176,3.02612,1.550,1.548,998.5,247.43992,47.70173
1789867368.357,7415,5.20167,0.63657,3.31123,1.550,1.548,998.5,247.47301,47.70809
1789867368.367,7416,5.20175,0.61788,3.21406,1.550,1.548,998.5,247.50516,47.71427
1789867368.377,7417,5.20175,0.60715,3.15824,1.551,1.548,998.5,247.53675,47.72035
1789867368.387,7418,5.20175,0.60715,3.15824,1.551,1.548,998.5,247.56834,47.72642
1789867368.397,7419,5.20175,0.58898,3.06373,1.552,1.549,998.5,247.59898,47.73231
1789867368.407,7420,5.20175,0.60715,3.15824,1.552,1.548,998.5,247.63057,47.73838
1789867368.417,7421,5.20175,0.58201,3.02747,1.551,1.548,998.5,247.66085,47.74420
1789867368.427,7422,5.20175,0.60715,3.15824,1.551,1.548,998.5,247.69245,47.75028
1789867368.437,7423,5.20175,0.58201,3.02747,1.551,1.548,998.5,247.72273,47.75610
1789867368.447,7424,5.20175,0.59197,3.07928,1.551,1.548,998.5,247.75353,47.76202
1789867368.457,7425,5.20175,0.63233,3.28922,1.550,1.548,998.5,247.78643,47.76835
1789867368.467,7426,5.20210,0.63582,3.30760,1.551,1.548,998.5,247.81951,47.77471
1789867368.477,7427,5.20210,0.64778,3.36982,1.550,1.548,998.5,247.85322,47.78118
1789867368.487,7428,5.20210,0.59122,3.07559,1.551,1.548,998.5,247.88395,47.78709
1789867368.497,7429,5.20210,0.60534,3.14904,1.550,1.548,998.5,247.91541,47.79314
1789867368.507,7430,5.20210,0.63433,3.29985,1.550,1.548,998.5,247.94838,47.79948
1789867368.517,7431,5.20210,0.59048,3.07174,1.550,1.548,998.5,247.97907,47.80538
1789867368.527,7432,5.20210,0.60534,3.14904,1.551,1.548,998.5,248.01053,47.81142
1789867368.536,7433,5.20210,0.64180,3.33871,1.551,1.548,998.5,248.04388,47.81784
1789867368.546,7434,5.20210,0.58574,3.04708,1.551,1.548,998.5,248.07432,47.82369
1789867368.556,7435,5.20210,0.60534,3.14904,1.552,1.548,998.5,248.10578,47.82973
1789867368.566,7436,5.20202,0.62611,3.25704,1.552,1.549,998.5,248.13844,47.83601
1789867368.577,7437,5.18305,0.64081,3.32135,1.552,1.549,998.5,248.17174,47.84244
1789867368.587,7438,5.18305,0.67967,3.52276,1.552,1.548,998.5,248.20707,47.84925
1789867368.597,7439,5.20202,0.63657,3.31145,1.552,1.549,998.5,248.24027,47.85564
1789867368.607,7440,5.19180,0.65625,3.40712,1.552,1.548,998.5,248.27430,47.86219
1789867368.617,7441,5.20202,0.62062,3.22848,1.551,1.548,998.5,248.30654,47.86839
1789867368.627,7442,5.19055,0.63134,3.27700,1.550,1.548,998.5,248.33927,47.87469
1789867368.637,7443,5.18305,0.62486,3.23868,1.551,1.548,998.5,248.37161,47.88093
1789867368.647,7444,5.20202,0.62361,3.24403,1.552,1.548,998.5,248.40404,47.88717
1789867368.657,7445,5.20202,0.60526,3.14857,1.551,1.548,998.5,248.43551,47.89322
1789867368.667,7446,5.20128,0.59646,3.10236,1.551,1.548,998.5,248.46652,47.89918
1789867368.677,7447,5.20128,0.60857,3.16534,1.552,1.548,998.5,248.49816,47.90526
1789867368.687,7448,5.20128,0.62635,3.25782,1.552,1.548,998.5,248.53073,47.91152
1789867368.697,7449,5.20128,0.59147,3.07640,1.552,1.549,998.5,248.56148,47.91744
1789867368.706,7450,5.20128,0.60857,3.16534,1.552,1.548,998.5,248.59312,47.92352
1789867368.716,7451,5.20128,0.58549,3.04530,1.552,1.549,998.5,248.62356,47.92937
1789867368.727,7452,5.20128,0.60857,3.16534,1.552,1.549,998.5,248.65525,47.93546
1789867368.737,7453,5.20128,0.58375,3.03625,1.551,1.548,998.5,248.68564,47.94131
1789867368.747,7454,5.20128,0.58824,3.05960,1.552,1.549,998.5,248.71626,47.94719
1789867368.757,7455,5.20128,0.60857,3.16534,1.551,1.548,998.5,248.74794,47.95329
1789867368.767,7456,5.20116,0.59023,3.06988,1.551,1.548,998.5,248.77863,47.95919
1789867368.777,7457,5.18805,0.65650,3.40595,1.551,1.548,998.5,248.81268,47.96575
1789867368.787,7458,5.20116,0.64554,3.35756,1.551,1.548,998.5,248.84624,47.97220
1789867368.797,7459,5.20116,0.58948,3.06598,1.552,1.548,998.5,248.87689,47.97809
1789867368.806,7460,5.20116,0.60899,3.16745,1.551,1.548,998.5,248.90848,47.98417
1789867368.816,7461,5.20116,0.59297,3.08413,1.551,1.548,998.5,248.93924,47.99008
1789867368.826,7462,5.20116,0.60899,3.16745,1.551,1.548,998.5,248.97083,47.99616
1789867368.836,7463,5.20116,0.58973,3.06728,1.551,1.548,998.5,249.00143,48.00204
1789867368.846,7464,5.20116,0.58624,3.04913,1.551,1.548,998.5,249.03203,48.00792
1789867368.856,7465,5.20116,0.60899,3.16745,1.551,1.548,998.5,249.06383,48.01404
1789867368.867,7466,5.20108,0.59147,3.07628,1.551,1.548,998.5,249.09471,48.01997
1789867368.877,7467,5.20108,0.63333,3.29400,1.551,1.548,998.5,249.12777,48.02633
1789867368.887,7468,5.20108,0.64280,3.34325,1.551,1.548,998.5,249.16118,48.03275
1789867368.897,7469,5.20108,0.63906,3.32380,1.551,1.548,998.5,249.19440,48.03914
1789867368.907,7470,5.18805,0.64305,3.33618,1.551,1.548,998.5,249.22774,48.04557
1789867368.917,7471,5.20108,0.58549,3.04518,1.551,1.548,998.5,249.25817,48.05142
1789867368.927,7472,5.20108,0.58873,3.06203,1.551,1.548,998.5,249.28878,48.05730
1789867368.937,7473,5.20108,0.60992,3.17224,1.551,1.548,998.5,249.32050,48.06340
1789867368.947,7474,5.20108,0.57802,3.00633,1.551,1.548,998.5,249.35057,48.06918
1789867368.957,7475,5.20108,0.58500,3.04263,1.552,1.548,998.5,249.38099,48.07503
1789867368.967,7476,5.20101,0.64155,3.33671,1.552,1.549,998.5,249.41437,48.08145
1789867368.977,7477,5.20101,0.59222,3.08014,1.552,1.548,998.5,249.44518,48.08737
1789867368.987,7478,5.20101,0.61034,3.17438,1.551,1.548,998.5,249.47693,48.09348
1789867368.997,7479,5.20101,0.59372,3.08794,1.551,1.548,998.5,249.50782,48.09942
1789867369.007,7480,5.20101,0.61034,3.17438,1.551,1.548,998.5,249.53961,48.10553
1789867369.017,7481,5.20101,0.64404,3.34966,1.551,1.548,998.5,249.57315,48.11198
1789867369.027,7482,5.20101,0.62710,3.26155,1.550,1.548,998.5,249.60581,48.11826
1789867369.037,7483,5.20101,0.63134,3.28361,1.550,1.548,998.5,249.63869,48.12458
1789867369.047,7484,5.20101,0.59421,3.09049,1.551,1.548,998.5,249.66952,48.13051
1789867369.057,7485,5.20101,0.59970,3.11905,1.550,1.548,998.5,249.70064,48.13649
1789867369.067,7486,5.20085,0.58699,3.05285,1.551,1.548,998.5,249.73109,48.14235
1789867369.077,7487,5.20085,0.61073,3.17632,1.551,1.548,998.5,249.76278,48.14844
1789867369.087,7488,5.17181,0.71754,3.71098,1.550,1.548,998.5,249.79997,48.15563
1789867369.097,7489,5.20085,0.61073,3.17632,1.551,1.548,998.5,249.83180,48.16175
1789867369.107,7490,5.20085,0.61073,3.17632,1.551,1.548,998.5,249.86363,48.16787
1789867369.117,7491,5.20085,0.62934,3.27310,1.551,1.548,998.5,249.89644,48.17418
1789867369.127,7492,5.20085,0.58699,3.05285,1.551,1.548,998.5,249.92694,48.18004
1789867369.137,7493,5.20085,0.61073,3.17632,1.550,1.548,998.5,249.95867,48.18614
1789867369.147,7494,5.20085,0.62835,3.26795,1.551,1.548,998.5,249.99132,48.19242
1789867369.157,7495,5.20085,0.58201,3.02695,1.551,1.548,998.5,250.02156,48.19824
1789867369.167,7496,5.20116,0.60992,3.17229,1.551,1.548,998.5,250.05320,48.20432
1789867369.177,7497,5.20116,0.59720,3.10613,1.551,1.548,998.5,250.08419,48.21028
1789867369.186,7498,5.18930,0.66099,3.43008,1.550,1.548,998.5,250.11841,48.21687
1789867369.196,7499,5.18680,0.69637,3.61193,1.552,1.548,998.5,250.15444,48.22382
1789867369.206,7500,5.20116,0.65252,3.39386,1.551,1.548,998.5,250.18838,48.23034
1789867369.216,7501,5.18430,0.65202,3.38027,1.550,1.548,998.5,250.22219,48.23687
1789867369.226,7502,5.20116,0.58101,3.02193,1.550,1.548,998.5,250.25241,48.24268
1789867369.236,7503,5.20116,0.59197,3.07893,1.551,1.548,998.5,250.28320,48.24860
1789867369.246,7504,5.20116,0.60992,3.17229,1.551,1.548,998.5,250.31497,48.25470
1789867369.256,7505,5.20116,0.58848,3.06078,1.551,1.548,998.5,250.34562,48.26060
1789867369.267,7506,5.20058,0.59297,3.08379,1.551,1.548,998.5,250.37650,48.26654
1789867369.277,7507,5.20058,0.61197,3.18260,1.550,1.548,998.5,250.40837,48.27266
1789867369.287,7508,5.18930,0.64579,3.35120,1.550,1.548,998.5,250.44196,48.27914
1789867369.297,7509,5.20058,0.62312,3.24059,1.550,1.548,998.5,250.47443,48.28538
1789867369.307,7510,5.20058,0.59397,3.08899,1.551,1.548,998.5,250.50539,48.29133
1789867369.317,7511,5.20058,0.59197,3.07859,1.551,1.548,998.5,250.53624,48.29727
1789867369.327,7512,5.20058,0.62212,3.23538,1.552,1.548,998.5,250.56847,48.30346
1789867369.337,7513,5.20058,0.59347,3.08639,1.552,1.548,998.5,250.59922,48.30938
1789867369.346,7514,5.20058,0.61197,3.18260,1.552,1.549,998.5,250.63093,48.31547
1789867369.356,7515,5.20058,0.59272,3.08249,1.552,1.549,998.5,250.66163,48.32138
1789867369.366,7516,5.20038,0.61272,3.18638,1.553,1.550,998.5,250.69359,48.32752
1789867369.377,7517,5.20038,0.58749,3.05517,1.552,1.549,998.5,250.72422,48.33341
1789867369.387,7518,5.17430,0.69861,3.61482,1.552,1.548,998.5,250.76047,48.34042
1789867369.397,7519,5.20038,0.61272,3.18638,1.552,1.549,998.5,250.79242,48.34656
1789867369.407,7520,5.20038,0.59048,3.07072,1.552,1.548,998.5,250.82313,48.35247
1789867369.417,7521,5.20038,0.61272,3.18638,1.552,1.548,998.5,250.85499,48.35859
1789867369.427,7522,5.20038,0.58699,3.05257,1.550,1.548,998.5,250.88552,48.36446
1789867369.437,7523,5.20038,0.58101,3.02147,1.550,1.548,998.5,250.91573,48.37027
1789867369.447,7524,5.20038,0.61272,3.18638,1.550,1.548,998.5,250.94756,48.37639
1789867369.457,7525,5.20038,0.58749,3.05517,1.549,1.548,998.5,250.97807,48.38226
1789867369.467,7526,5.20038,0.58998,3.06812,1.549,1.548,998.5,251.00872,48.38815
1789867369.477,7527,5.20038,0.61290,3.18731,1.549,1.548,998.5,251.04056,48.39428
1789867369.486,7528,5.20038,0.59596,3.09922,1.549,1.548,998.5,251.07145,48.40022
1789867369.496,7529,5.18805,0.65650,3.40595,1.550,1.548,998.5,251.10541,48.40676
1789867369.506,7530,5.20038,0.63682,3.31171,1.550,1.548,998.5,251.13842,48.41311
1789867369.516,7531,5.20038,0.63831,3.31945,1.550,1.548,998.5,251.17151,48.41947
1789867369.526,7532,5.20038,0.62386,3.24431,1.550,1.548,998.5,251.20409,48.42574
1789867369.536,7533,5.20038,0.58824,3.05907,1.550,1.548,998.5,251.23482,48.43165
1789867369.547,7534,5.20038,0.58774,3.05647,1.551,1.548,998.5,251.26552,48.43755
1789867369.557,7535,5.20038,0.61290,3.18731,1.551,1.548,998.5,251.29753,48.44371
1789867369.567,7536,5.20019,0.59122,3.07446,1.551,1.548,998.5,251.32824,48.44961
1789867369.577,7537,5.20019,0.58599,3.04726,1.551,1.548,998.5,251.35868,48.45547
1789867369.587,7538,5.20019,0.63308,3.29214,1.551,1.548,998.5,251.39157,48.46179
1789867369.597,7539,5.18430,0.64803,3.35958,1.552,1.548,998.5,251.42513,48.46826
1789867369.607,7540,5.18555,0.69512,3.60458,1.551,1.548,998.5,251.46116,48.47521
1789867369.617,7541,5.20019,0.65874,3.42557,1.551,1.548,998.5,251.49539,48.48179
1789867369.627,7542,5.20019,0.61406,3.19323,1.552,1.549,998.5,251.52731,48.48793
1789867369.637,7543,5.20019,0.65052,3.38283,1.551,1.548,998.5,251.56112,48.49443
1789867369.647,7544,5.20019,0.61406,3.19323,1.552,1.548,998.5,251.59309,48.50058
1789867369.657,7545,5.18930,0.61406,3.18654,1.552,1.548,998.5,251.62500,48.50673
1789867369.667,7546,5.20058,0.58898,3.06304,1.552,1.548,998.5,251.65567,48.51263
1789867369.677,7547,5.20058,0.59247,3.08119,1.552,1.548,998.5,251.68653,48.51856
1789867369.686,7548,5.20058,0.59098,3.07344,1.552,1.548,998.5,251.71709,48.52444
1789867369.696,7549,5.18555,0.68466,3.55034,1.552,1.548,998.5,251.75239,48.53125
1789867369.706,7550,5.18930,0.66074,3.42878,1.552,1.548,998.5,251.78649,48.53782
1789867369.716,7551,5.20058,0.58649,3.05009,1.552,1.548,998.5,251.81682,48.54365
1789867369.726,7552,5.20058,0.61317,3.18884,1.551,1.548,998.5,251.84878,48.54979
1789867369.736,7553,5.20058,0.59147,3.07599,1.551,1.548,998.5,251.87961,48.55572
1789867369.746,7554,5.20058,0.60194,3.13044,1.551,1.548,998.5,251.91099,48.56176
1789867369.756,7555,5.20058,0.65252,3.39348,1.551,1.548,998.5,251.94500,48.56830
1789867369.766,7556,5.20046,0.58774,3.05652,1.552,1.550,998.5,251.97567,48.57419
1789867369.776,7557,5.20046,0.61275,3.18658,1.552,1.549,998.5,252.00764,48.58034
1789867369.787,7558,5.20046,0.61275,3.18658,1.551,1.548,998.5,252.03962,48.58649
1789867369.797,7559,5.20046,0.64803,3.37005,1.551,1.548,998.5,252.07343,48.59299
1789867369.807,7560,5.18805,0.61275,3.17898,1.551,1.548,998.5,252.10519,48.59911
1789867369.817,7561,5.20046,0.59596,3.09927,1.551,1.549,998.5,252.13615,48.60507
1789867369.827,7562,5.20046,0.61275,3.18658,1.549,1.548,998.5,252.16798,48.61119
1789867369.837,7563,5.20046,0.61275,3.18658,1.550,1.548,998.5,252.19982,48.61731
1789867369.847,7564,5.20046,0.59098,3.07337,1.550,1.548,998.5,252.23061,48.62323
1789867369.857,7565,5.20046,0.60094,3.12516,1.550,1.548,998.5,252.26192,48.62925
1789867369.867,7566,5.20046,0.58873,3.06167,1.551,1.548,998.5,252.29259,48.63515
1789867369.877,7567,5.20046,0.59172,3.07722,1.551,1.548,998.5,252.32342,48.64108
1789867369.887,7568,5.20046,0.61209,3.18315,1.551,1.548,998.5,252.35520,48.64719
1789867369.897,7569,5.18930,0.64928,3.36931,1.552,1.549,998.5,252.38885,48.65367
1789867369.907,7570,5.20046,0.59646,3.10187,1.552,1.549,998.5,252.41982,48.65963
1789867369.917,7571,5.20046,0.61209,3.18315,1.552,1.549,998.5,252.45160,48.66574
1789867369.927,7572,5.20046,0.58325,3.03317,1.552,1.549,998.5,252.48195,48.67158
1789867369.937,7573,5.20046,0.58624,3.04872,1.550,1.548,998.5,252.51245,48.67744
1789867369.947,7574,5.20046,0.61209,3.18315,1.551,1.548,998.5,252.54429,48.68356
1789867369.957,7575,5.20046,0.58275,3.03057,1.551,1.548,998.5,252.57461,48.68939
1789867369.967,7576,5.20081,0.61066,3.17593,1.551,1.548,998.5,252.60633,48.69549
1789867369.977,7577,5.20081,0.58549,3.04502,1.551,1.548,998.5,252.63674,48.70134
1789867369.987,7578,5.20081,0.58574,3.04632,1.550,1.548,998.5,252.66716,48.70719
1789867369.996,7579,5.20081,0.63009,3.27698,1.551,1.549,998.5,252.69989,48.71348
1789867370.007,7580,5.20081,0.58674,3.05152,1.551,1.548,998.5,252.73045,48.71936
1789867370.017,7581,5.20081,0.61066,3.17593,1.550,1.548,998.5,252.76225,48.72547
1789867370.027,7582,5.20081,0.59995,3.12023,1.551,1.548,998.5,252.79350,48.73148
1789867370.037,7583,5.20081,0.58724,3.05412,1.551,1.548,998.5,252.82409,48.73736
1789867370.047,7584,5.20081,0.61066,3.17593,1.551,1.548,998.5,252.85583,48.74347
1789867370.057,7585,5.21179,0.59073,3.07876,1.551,1.548,998.5,252.88660,48.74937
1789867370.067,7586,5.20081,0.61044,3.17478,1.552,1.548,998.5,252.91834,48.75547
1789867370.077,7587,5.20081,0.58549,3.04502,1.552,1.549,998.5,252.94878,48.76132
1789867370.087,7588,5.20081,0.58450,3.03987,1.551,1.548,998.5,252.97918,48.76717
1789867370.097,7589,5.20081,0.63134,3.28348,1.551,1.548,998.5,253.01202,48.77349
1789867370.107,7590,5.20081,0.63084,3.28088,1.551,1.548,998.5,253.04484,48.77980
1789867370.117,7591,5.20081,0.61044,3.17478,1.551,1.548,998.5,253.07659,48.78590
1789867370.127,7592,5.20081,0.59397,3.08913,1.551,1.548,998.5,253.10745,48.79183
1789867370.137,7593,5.20081,0.58649,3.05022,1.551,1.548,998.5,253.13792,48.79769
1789867370.147,7594,5.20081,0.61044,3.17478,1.551,1.548,998.5,253.16963,48.80379
1789867370.156,7595,5.20081,0.58076,3.02042,1.551,1.548,998.5,253.19980,48.80959
1789867370.166,7596,5.20093,0.58001,3.01659,1.552,1.549,998.5,253.22995,48.81539
1789867370.176,7597,5.20093,0.60953,3.17012,1.551,1.549,998.5,253.26163,48.82148
1789867370.186,7598,5.20093,0.58450,3.03994,1.551,1.548,998.5,253.29201,48.82732
1789867370.196,7599,5.20093,0.60953,3.17012,1.551,1.548,998.5,253.32369,48.83341
1789867370.207,7600,5.18055,0.64380,3.33524,1.550,1.548,998.5,253.35714,48.83987
1789867370.217,7601,5.20093,0.63707,3.31336,1.550,1.548,998.5,253.39036,48.84626
1789867370.227,7602,5.20093,0.60953,3.17012,1.549,1.548,998.5,253.42214,48.85237
1789867370.237,7603,5.20093,0.59446,3.09174,1.549,1.548,998.5,253.45314,48.85833
1789867370.247,7604,5.20093,0.59870,3.11380,1.550,1.548,998.5,253.48427,48.86431
1789867370.257,7605,5.20093,0.59122,3.07489,1.550,1.548,998.5,253.51500,48.87022
1789867370.267,7606,5.20128,0.60794,3.16207,1.551,1.548,998.5,253.54661,48.87630
1789867370.277,7607,5.20128,0.63981,3.32783,1.551,1.548,998.5,253.57988,48.88269
1789867370.287,7608,5.20128,0.58525,3.04405,1.551,1.548,998.5,253.61031,48.88854
1789867370.297,7609,5.20128,0.62262,3.23842,1.551,1.548,998.5,253.64268,48.89477
1789867370.307,7610,5.20128,0.62162,3.23322,1.551,1.548,998.5,253.67501,48.90098
1789867370.317,7611,5.18430,0.62062,3.21748,1.551,1.548,998.5,253.70717,48.90719
1789867370.327,7612,5.20128,0.64230,3.34078,1.551,1.548,998.5,253.74050,48.91360
1789867370.337,7613,5.20128,0.59197,3.07900,1.551,1.548,998.5,253.77122,48.91950
1789867370.346,7614,5.20128,0.60794,3.16207,1.552,1.548,998.5,253.80277,48.92557
1789867370.356,7615,5.20128,0.59023,3.06995,1.552,1.549,998.5,253.83339,48.93146
1789867370.366,7616,5.20132,0.59770,3.10883,1.552,1.549,998.5,253.86454,48.93744
1789867370.377,7617,5.20132,0.58923,3.06477,1.552,1.549,998.5,253.89525,48.94335
1789867370.387,7618,5.20132,0.58525,3.04407,1.552,1.549,998.5,253.92575,48.94921
1789867370.397,7619,5.20132,0.60783,3.16152,1.553,1.550,998.5,253.95743,48.95530
1789867370.407,7620,5.20132,0.58799,3.05832,1.552,1.550,998.5,253.98799,48.96118
1789867370.417,7621,5.20132,0.62137,3.23194,1.552,1.549,998.5,254.02028,48.96739
1789867370.427,7622,5.20132,0.60783,3.16152,1.552,1.548,998.5,254.05186,48.97346
1789867370.437,7623,5.20132,0.59222,3.08033,1.552,1.548,998.5,254.08264,48.97938
1789867370.447,7624,5.20132,0.60783,3.16152,1.552,1.548,998.5,254.11431,48.98546
1789867370.457,7625,5.20132,0.58425,3.03887,1.551,1.548,998.5,254.14476,48.99132
1789867370.467,7626,5.20136,0.60744,3.15951,1.551,1.548,998.5,254.17641,48.99740
1789867370.477,7627,5.20136,0.59048,3.07130,1.551,1.548,998.5,254.20718,49.00332
1789867370.487,7628,5.20136,0.59073,3.07260,1.551,1.548,998.5,254.23774,49.00920
1789867370.496,7629,5.20136,0.60744,3.15951,1.551,1.548,998.5,254.26917,49.01524
1789867370.506,7630,5.20136,0.59172,3.07775,1.551,1.548,998.5,254.29979,49.02112
1789867370.516,7631,5.20136,0.64105,3.33433,1.551,1.548,998.5,254.33296,49.02750
1789867370.526,7632,5.18805,0.66697,3.46027,1.551,1.548,998.5,254.36763,49.03418
1789867370.536,7633,5.20136,0.59172,3.07775,1.552,1.548,998.5,254.39847,49.04011
1789867370.546,7634,5.20136,0.59521,3.09590,1.552,1.548,998.5,254.42950,49.04608
1789867370.556,7635,5.20136,0.60744,3.15951,1.551,1.548,998.5,254.46115,49.05216
1789867370.566,7636,5.20147,0.58500,3.04286,1.552,1.548,998.5,254.49163,49.05802
1789867370.576,7637,5.20147,0.60691,3.15682,1.551,1.548,998.5,254.52326,49.06410
1789867370.587,7638,5.20147,0.58774,3.05711,1.551,1.548,998.5,254.55388,49.06999
1789867370.597,7639,5.20147,0.62760,3.26444,1.551,1.548,998.5,254.58658,49.07628
1789867370.607,7640,5.20147,0.62237,3.23724,1.551,1.548,998.5,254.61942,49.08259
1789867370.617,7641,5.18805,0.62237,3.22889,1.551,1.548,998.5,254.65218,49.08891
1789867370.627,7642,5.20147,0.60691,3.15682,1.550,1.548,998.5,254.68421,49.09506
1789867370.637,7643,5.20147,0.58898,3.06356,1.551,1.548,998.5,254.71530,49.10104
1789867370.647,7644,5.20147,0.59272,3.08302,1.552,1.548,998.5,254.74566,49.10688
1789867370.657,7645,5.20147,0.60691,3.15682,1.551,1.548,998.5,254.77674,49.11285
1789867370.667,7646,5.20171,0.59147,3.07666,1.551,1.548,998.5,254.80703,49.11868
1789867370.676,7647,5.20171,0.58574,3.04685,1.551,1.548,998.5,254.83704,49.12445
1789867370.686,7648,5.20171,0.60505,3.14729,1.551,1.548,998.5,254.86845,49.13048
1789867370.696,7649,5.20171,0.58176,3.02615,1.551,1.548,998.5,254.89865,49.13629
1789867370.706,7650,5.20171,0.58076,3.02095,1.551,1.548,998.5,254.92880,49.14209
1789867370.716,7651,5.20171,0.64953,3.37867,1.551,1.548,998.5,254.96252,49.14857
1789867370.726,7652,5.20171,0.59496,3.09481,1.551,1.548,998.5,254.99360,49.15454
1789867370.736,7653,5.20171,0.58848,3.06110,1.551,1.548,998.5,255.02433,49.16045
1789867370.747,7654,5.20171,0.60505,3.14729,1.551,1.548,998.5,255.05594,49.16653
1789867370.757,7655,5.20171,0.58973,3.06760,1.551,1.548,998.5,255.08674,49.17245
1789867370.767,7656,5.20190,0.58400,3.03791,1.550,1.548,998.5,255.11711,49.17829
1789867370.777,7657,5.20190,0.62959,3.27506,1.551,1.548,998.5,255.14986,49.18458
1789867370.787,7658,5.20190,0.58350,3.03531,1.551,1.548,998.5,255.18021,49.19042
1789867370.797,7659,5.20190,0.60417,3.14283,1.551,1.548,998.5,255.21163,49.19646
1789867370.807,7660,5.20190,0.58724,3.05476,1.551,1.548,998.5,255.24217,49.20233
1789867370.817,7661,5.20190,0.63059,3.28027,1.550,1.548,998.5,255.27497,49.20863
1789867370.827,7662,5.20190,0.63931,3.32563,1.550,1.548,998.5,255.30822,49.21503
1789867370.837,7663,5.20190,0.59122,3.07547,1.550,1.548,998.5,255.33896,49.22094
1789867370.847,7664,5.20190,0.58948,3.06642,1.550,1.548,998.5,255.36965,49.22684
1789867370.857,7665,5.20190,0.63084,3.28157,1.550,1.548,998.5,255.40249,49.23315
1789867370.867,7666,5.20210,0.58176,3.02637,1.551,1.548,998.5,255.43278,49.23897
1789867370.877,7667,5.20210,0.60376,3.14082,1.551,1.548,998.5,255.46421,49.24501
1789867370.887,7668,5.20210,0.62959,3.27519,1.551,1.548,998.5,255.49680,49.25128
1789867370.896,7669,5.20210,0.60376,3.14082,1.551,1.548,998.5,255.52805,49.25728
1789867370.906,7670,5.20210,0.64255,3.34261,1.550,1.548,998.5,255.56131,49.26368
1789867370.916,7671,5.20210,0.58674,3.05228,1.550,1.548,998.5,255.59168,49.26952
1789867370.926,7672,5.18555,0.66223,3.43403,1.550,1.548,998.5,255.62606,49.27615
1789867370.936,7673,5.20210,0.59122,3.07559,1.550,1.548,998.5,255.65685,49.28206
1789867370.946,7674,5.20210,0.60376,3.14082,1.550,1.548,998.5,255.68829,49.28811
1789867370.956,7675,5.20210,0.60376,3.14082,1.550,1.548,998.5,255.71973,49.29415
1789867370.966,7676,5.20198,0.64504,3.35549,1.552,1.548,998.5,255.75338,49.30062
1789867370.976,7677,5.20198,0.58774,3.05741,1.552,1.549,998.5,255.78405,49.30652
1789867370.987,7678,5.20198,0.60402,3.14210,1.552,1.549,998.5,255.81556,49.31257
1789867370.997,7679,5.20198,0.59122,3.07551,1.552,1.549,998.5,255.84641,49.31850
1789867371.007,7680,5.20198,0.60402,3.14210,1.552,1.548,998.5,255.87776,49.32453
1789867371.017,7681,5.20198,0.57902,3.01205,1.552,1.548,998.5,255.90781,49.33031
1789867371.026,7682,5.18555,0.64853,3.36298,1.551,1.548,998.5,255.94136,49.33678
1789867371.036,7683,5.20198,0.64878,3.37494,1.551,1.548,998.5,255.97503,49.34325
1789867371.046,7684,5.20198,0.59122,3.07551,1.551,1.548,998.5,256.00583,49.34917
1789867371.056,7685,5.20198,0.60402,3.14210,1.550,1.548,998.5,256.03730,49.35522
1789867371.067,7686,5.20194,0.60404,3.14218,1.551,1.548,998.5,256.06876,49.36127
1789867371.077,7687,5.20194,0.58226,3.02888,1.550,1.548,998.5,256.09910,49.36710
1789867371.086,7688,5.20194,0.58749,3.05609,1.550,1.548,998.5,256.12956,49.37296
1789867371.096,7689,5.20194,0.60404,3.14218,1.551,1.548,998.5,256.16089,49.37898
1789867371.106,7690,5.20194,0.58350,3.03533,1.552,1.548,998.5,256.19115,49.38480
1789867371.116,7691,5.20194,0.61788,3.21417,1.552,1.549,998.5,256.22319,49.39095
1789867371.126,7692,5.20194,0.66024,3.43453,1.552,1.549,998.5,256.25767,49.39758
1789867371.136,7693,5.20194,0.59372,3.08850,1.552,1.548,998.5,256.28868,49.40355
1789867371.147,7694,5.20194,0.62038,3.22718,1.552,1.548,998.5,256.32109,49.40977
1789867371.157,7695,5.20194,0.58724,3.05479,1.552,1.548,998.5,256.35176,49.41567
1789867371.167,7696,5.20194,0.60412,3.14260,1.551,1.548,998.5,256.38322,49.42172
1789867371.177,7697,5.20194,0.58624,3.04959,1.551,1.548,998.5,256.41375,49.42759
1789867371.187,7698,5.20194,0.58250,3.03013,1.551,1.549,998.5,256.44408,49.43342
1789867371.197,7699,5.20194,0.60412,3.14260,1.552,1.549,998.5,256.47554,49.43947
1789867371.207,7700,5.20194,0.59073,3.07294,1.552,1.550,998.5,256.50612,49.44534
1789867371.217,7701,5.20194,0.61714,3.21033,1.552,1.549,998.5,256.53806,49.45149
1789867371.226,7702,5.20194,0.59197,3.07939,1.551,1.549,998.5,256.56870,49.45738
1789867371.236,7703,5.20194,0.64504,3.35546,1.551,1.548,998.5,256.60209,49.46379
1789867371.246,7704,5.18805,0.66896,3.47060,1.551,1.548,998.5,256.63691,49.47051
1789867371.256,7705,5.20194,0.63308,3.29324,1.551,1.548,998.5,256.66995,49.47686
1789867371.266,7706,5.20171,0.64155,3.33716,1.551,1.548,998.5,256.70343,49.48329
1789867371.277,7707,5.19055,0.66198,3.43604,1.551,1.548,998.5,256.73790,49.48993
1789867371.286,7708,5.20171,0.58425,3.03910,1.551,1.548,998.5,256.76819,49.49576
1789867371.296,7709,5.20171,0.58898,3.06370,1.551,1.549,998.5,256.79873,49.50163
1789867371.306,7710,5.18930,0.65351,3.39126,1.551,1.548,998.5,256.83253,49.50814
1789867371.316,7711,5.20171,0.58699,3.05335,1.551,1.548,998.5,256.86296,49.51399
1789867371.326,7712,5.18805,0.66173,3.43309,1.551,1.548,998.5,256.89739,49.52063
1789867371.336,7713,5.17930,0.71032,3.67896,1.550,1.548,998.5,256.93429,49.52775
1789867371.346,7714,5.17181,0.71954,3.72132,1.550,1.548,998.5,256.97161,49.53497
1789867371.357,7715,5.19055,0.67992,3.52916,1.550,1.548,998.5,257.00701,49.54179
1789867371.367,7716,5.17680,0.67419,3.49015,1.551,1.548,998.5,257.04216,49.54858
1789867371.377,7717,5.18805,0.62810,3.25861,1.551,1.548,998.5,257.07499,49.55491
1789867371.387,7718,5.20089,0.63233,3.28868,1.550,1.548,998.5,257.10811,49.56127
1789867371.397,7719,5.18430,0.62785,3.25496,1.551,1.549,998.5,257.14090,49.56760
1789867371.407,7720,5.20089,0.67594,3.51549,1.552,1.549,998.5,257.17573,49.57430
1789867371.417,7721,5.20089,0.62511,3.25113,1.552,1.549,998.5,257.20795,49.58049
1789867371.427,7722,5.20089,0.60924,3.16859,1.551,1.548,998.5,257.23935,49.58653
1789867371.436,7723,5.20089,0.68441,3.55954,1.551,1.548,998.5,257.27463,49.59331
1789867371.446,7724,5.20089,0.60924,3.16859,1.552,1.549,998.5,257.30640,49.59942
1789867371.457,7725,5.20089,0.65451,3.40403,1.551,1.548,998.5,257.34054,49.60598
1789867371.467,7726,5.20026,0.58549,3.04470,1.551,1.548,998.5,257.37107,49.61186
1789867371.477,7727,5.20026,0.61187,3.18188,1.551,1.548,998.5,257.40298,49.61799
1789867371.487,7728,5.20026,0.58500,3.04215,1.551,1.548,998.5,257.43331,49.62382
1789867371.496,7729,5.20026,0.61187,3.18188,1.551,1.548,998.5,257.46503,49.62992
1789867371.506,7730,5.20026,0.59671,3.10305,1.552,1.548,998.5,257.49596,49.63587
1789867371.516,7731,5.20026,0.59073,3.07195,1.552,1.548,998.5,257.52659,49.64176
1789867371.526,7732,5.20026,0.61187,3.18188,1.551,1.548,998.5,257.55843,49.64788
1789867371.536,7733,5.20026,0.59571,3.09785,1.550,1.548,998.5,257.58942,49.65384
1789867371.546,7734,5.20026,0.63508,3.30258,1.549,1.547,998.5,257.62246,49.66020
1789867371.556,7735,5.20026,0.60119,3.12634,1.549,1.547,998.5,257.65374,49.66621
1789867371.566,7736,5.20026,0.59571,3.09785,1.548,1.546,998.5,257.68479,49.67218
1789867371.577,7737,5.20026,0.59471,3.09265,1.548,1.546,998.5,257.71579,49.67815
1789867371.587,7738,5.20026,0.61199,3.18251,1.549,1.546,998.5,257.74769,49.68428
1789867371.597,7739,5.20026,0.59122,3.07450,1.550,1.547,998.5,257.77851,49.69021
1789867371.607,7740,5.20026,0.59571,3.09785,1.551,1.548,998.5,257.80942,49.69615
1789867371.617,7741,5.18930,0.63682,3.30465,1.550,1.548,998.5,257.84238,49.70250
1789867371.626,7742,5.20026,0.58774,3.05640,1.551,1.548,998.5,257.87288,49.70837
1789867371.636,7743,5.20026,0.61199,3.18251,1.551,1.549,998.5,257.90463,49.71447
1789867371.646,7744,5.20026,0.64380,3.34793,1.552,1.549,998.5,257.93814,49.72092
1789867371.656,7745,5.20026,0.59546,3.09655,1.551,1.549,998.5,257.96914,49.72688
1789867371.666,7746,5.20022,0.61236,3.18441,1.552,1.549,998.5,258.00101,49.73301
1789867371.676,7747,5.20022,0.58624,3.04858,1.552,1.549,998.5,258.03153,49.73887
1789867371.686,7748,5.20022,0.59247,3.08097,1.552,1.549,998.5,258.06224,49.74478
1789867371.696,7749,5.20022,0.61236,3.18441,1.552,1.549,998.5,258.09398,49.75088
1789867371.706,7750,5.20022,0.57927,3.01233,1.551,1.549,998.5,258.12400,49.75666
1789867371.716,7751,5.20022,0.61236,3.18441,1.551,1.548,998.5,258.15574,49.76276
1789867371.726,7752,5.21054,0.59297,3.08969,1.551,1.549,998.5,258.18696,49.76875
1789867371.737,7753,5.20022,0.59098,3.07323,1.551,1.548,998.5,258.21801,49.77472
1789867371.747,7754,5.20022,0.61236,3.18441,1.552,1.549,998.5,258.25018,49.78091
1789867371.757,7755,5.20022,0.59172,3.07707,1.552,1.548,998.5,258.28127,49.78689
1789867371.767,7756,5.20003,0.61277,3.18642,1.552,1.549,998.5,258.31297,49.79298
1789867371.777,7757,5.20003,0.58998,3.06791,1.552,1.549,998.5,258.34350,49.79885
1789867371.787,7758,5.20003,0.58325,3.03292,1.552,1.548,998.5,258.37368,49.80466
1789867371.797,7759,5.20003,0.61277,3.18642,1.552,1.549,998.5,258.40538,49.81076
1789867371.807,7760,5.20003,0.59172,3.07696,1.552,1.548,998.5,258.43612,49.81667
1789867371.817,7761,5.20003,0.61277,3.18642,1.552,1.549,998.5,258.46795,49.82279
1789867371.827,7762,5.20003,0.58525,3.04332,1.552,1.548,998.5,258.49835,49.82863
1789867371.837,7763,5.20003,0.58051,3.01867,1.552,1.548,998.5,258.52850,49.83443
1789867371.847,7764,5.20003,0.61277,3.18642,1.552,1.549,998.5,258.56038,49.84056
1789867371.857,7765,5.20003,0.63383,3.29594,1.552,1.548,998.5,258.59336,49.84690
1789867371.867,7766,5.19972,0.59222,3.07938,1.552,1.548,998.5,258.62416,49.85283
1789867371.877,7767,5.19972,0.61354,3.19024,1.552,1.548,998.5,258.65608,49.85897
1789867371.887,7768,5.19972,0.58300,3.03144,1.551,1.548,998.5,258.68637,49.86479
1789867371.897,7769,5.19972,0.58325,3.03274,1.551,1.548,998.5,258.71667,49.87062
1789867371.907,7770,5.19972,0.63283,3.29054,1.551,1.548,998.5,258.74955,49.87694
1789867371.917,7771,5.19972,0.58201,3.02629,1.551,1.548,998.5,258.77978,49.88276
1789867371.927,7772,5.19972,0.61354,3.19024,1.551,1.548,998.5,258.81172,49.88890
1789867371.937,7773,5.19972,0.59147,3.07548,1.551,1.548,998.5,258.84250,49.89482
1789867371.947,7774,5.19972,0.58923,3.06383,1.550,1.548,998.5,258.87317,49.90072
1789867371.957,7775,5.18055,0.69661,3.60882,1.551,1.548,998.5,258.90929,49.90769
1789867371.967,7776,5.19956,0.65227,3.39152,1.551,1.548,998.5,258.94323,49.91422
1789867371.977,7777,5.18305,0.66323,3.43755,1.551,1.548,998.5,258.97763,49.92085
1789867371.987,7778,5.19956,0.64479,3.35262,1.551,1.548,998.5,259.01117,49.92730
1789867371.997,7779,5.18680,0.64205,3.33018,1.552,1.548,998.5,259.04449,49.93373
1789867372.007,7780,5.19956,0.63109,3.28139,1.552,1.548,998.5,259.07727,49.94003
1789867372.017,7781,5.18180,0.62660,3.24692,1.552,1.549,998.5,259.10971,49.94629
1789867372.027,7782,5.19956,0.63034,3.27749,1.552,1.548,998.5,259.14245,49.95259
1789867372.037,7783,5.18430,0.64878,3.36347,1.552,1.548,998.5,259.17605,49.95907
1789867372.047,7784,5.19956,0.65451,3.40316,1.552,1.549,998.5,259.21010,49.96562
1789867372.057,7785,5.19956,0.68814,3.57803,1.552,1.548,998.5,259.24591,49.97251
1789867372.067,7786,5.19839,0.63184,3.28455,1.552,1.548,998.5,259.27878,49.97883
1789867372.077,7787,5.18305,0.67394,3.49306,1.551,1.548,998.5,259.31374,49.98557
1789867372.087,7788,5.19839,0.61892,3.21739,1.551,1.548,998.5,259.34581,49.99174
1789867372.097,7789,5.19839,0.67394,3.50340,1.551,1.548,998.5,259.38074,49.99846
1789867372.106,7790,5.19839,0.63358,3.29360,1.551,1.548,998.5,259.41357,50.00478
1789867372.116,7791,5.18555,0.67195,3.48443,1.551,1.548,998.5,259.44831,50.01148
1789867372.126,7792,5.19839,0.61892,3.21739,1.551,1.548,998.5,259.48056,50.01768
1789867372.136,7793,5.18305,0.68590,3.55505,1.551,1.548,998.5,259.51620,50.02456
1789867372.147,7794,5.19839,0.61892,3.21739,1.552,1.548,998.5,259.54845,50.03076
1789867372.157,7795,5.18555,0.67594,3.50512,1.552,1.548,998.5,259.58359,50.03754
1789867372.167,7796,5.19714,0.63508,3.30060,1.552,1.549,998.5,259.61665,50.04390
1789867372.177,7797,5.18555,0.67917,3.52187,1.552,1.550,998.5,259.65193,50.05070
1789867372.187,7798,5.19714,0.62393,3.24265,1.552,1.549,998.5,259.68441,50.05695
1789867372.197,7799,5.19714,0.68067,3.53754,1.552,1.549,998.5,259.71985,50.06377
1789867372.207,7800,5.19714,0.62393,3.24265,1.552,1.549,998.5,259.75208,50.06997
1789867372.216,7801,5.18555,0.67021,3.47541,1.552,1.548,998.5,259.78662,50.07664
1789867372.226,7802,5.19714,0.62393,3.24265,1.551,1.548,972.9,259.81885,50.08284
1789867372.236,7803,5.18555,0.72925,3.78156,1.550,1.548,998.5,259.85644,50.09009
1789867372.246,7804,5.19714,0.62393,3.24265,1.551,1.548,998.5,259.88903,50.09636
1789867372.256,7805,5.14681,0.75641,3.89310,1.551,1.548,998.5,259.92815,50.10396
1789867372.267,7806,5.19605,0.62885,3.26754,1.551,1.548,998.5,259.96098,50.11028
1789867372.277,7807,5.17930,0.73748,3.81963,1.551,1.548,998.5,259.99936,50.11769
1789867372.287,7808,5.19605,0.62885,3.26754,1.551,1.548,998.5,260.03187,50.12394
1789867372.296,7809,5.18555,0.66771,3.46244,1.551,1.547,998.5,260.06632,50.13059
1789867372.306,7810,5.19605,0.62885,3.26754,1.552,1.548,998.5,260.09883,50.13684
1789867372.316,7811,5.16306,0.63981,3.30338,1.552,1.548,998.5,260.13169,50.14321
1789867372.326,7812,5.19605,0.62885,3.26754,1.551,1.548,998.5,260.16442,50.14951
1789867372.336,7813,5.19605,0.76289,3.96401,1.551,1.548,998.5,260.20412,50.15715
1789867372.346,7814,5.19605,0.62885,3.26754,1.551,1.548,998.5,260.23685,50.16345
1789867372.356,7815,5.14432,0.71530,3.67973,1.552,1.549,998.5,260.27371,50.17061
1789867372.366,7816,5.19562,0.64330,3.34234,1.552,1.549,998.5,260.30723,50.17706
1789867372.376,7817,5.17680,0.72352,3.74552,1.552,1.549,998.5,260.34479,50.18432
1789867372.387,7818,5.19562,0.63068,3.27677,1.552,1.549,998.5,260.37766,50.19064
1789867372.397,7819,5.17181,0.63068,3.26176,1.552,1.549,998.5,260.41037,50.19697
1789867372.407,7820,5.19562,0.63068,3.27677,1.552,1.550,998.5,260.44308,50.20326
1789867372.417,7821,5.16431,0.63068,3.25703,1.552,1.549,998.5,260.47560,50.20956
1789867372.426,7822,5.19562,0.63068,3.27677,1.551,1.548,998.5,260.50831,50.21586
1789867372.436,7823,5.19562,0.63068,3.27677,1.551,1.548,998.5,260.54103,50.22215
1789867372.447,7824,5.19562,0.63068,3.27677,1.551,1.548,998.5,260.57391,50.22848
1789867372.457,7825,5.17430,0.65675,3.39822,1.552,1.548,998.5,260.60801,50.23507
1789867372.467,7826,5.15681,0.78058,4.02530,1.551,1.548,998.5,260.64840,50.24290
1789867372.477,7827,5.19542,0.63102,3.27841,1.551,1.548,998.5,260.68129,50.24924
1789867372.487,7828,5.19542,0.63102,3.27841,1.551,1.548,998.5,260.71394,50.25552
1789867372.497,7829,5.19542,0.63102,3.27841,1.551,1.548,998.5,260.74658,50.26180
1789867372.506,7830,5.19542,0.63102,3.27841,1.551,1.548,998.5,260.77922,50.26809
1789867372.516,7831,5.19542,0.63102,3.27841,1.551,1.548,998.5,260.81187,50.27437
1789867372.526,7832,5.19542,0.63102,3.27841,1.551,1.548,998.5,260.84472,50.28069
1789867372.536,7833,5.19542,0.63102,3.27841,1.551,1.548,998.5,260.87758,50.28702
1789867372.547,7834,5.19542,0.63102,3.27841,1.551,1.548,998.5,260.91044,50.29334
1789867372.557,7835,5.19542,0.63102,3.27841,1.551,1.548,998.5,260.94329,50.29967
1789867372.567,7836,5.14182,0.77834,4.00208,1.552,1.548,998.5,260.98327,50.30744
1789867372.577,7837,5.19425,0.63648,3.30604,1.552,1.549,998.5,261.01630,50.31380
1789867372.586,7838,5.19425,0.65252,3.38935,1.552,1.548,998.5,261.05015,50.32032
1789867372.596,7839,5.19425,0.63648,3.30604,1.552,1.549,998.5,261.08318,50.32667
1789867372.606,7840,5.19425,0.67544,3.50840,1.552,1.549,998.5,261.11825,50.33343
1789867372.616,7841,5.19425,0.63648,3.30604,1.552,1.549,998.5,261.15129,50.33979
1789867372.626,7842,5.19425,0.66697,3.46441,1.552,1.549,998.5,261.18592,50.34646
1789867372.636,7843,5.19425,0.62337,3.23794,1.550,1.548,998.5,261.21829,50.35269
1789867372.646,7844,5.19425,0.67967,3.53038,1.551,1.548,998.5,261.25359,50.35948
1789867372.656,7845,5.19425,0.63648,3.30604,1.550,1.548,998.5,261.28665,50.36585
1789867372.666,7846,5.14557,0.84162,4.33061,1.551,1.548,998.5,261.32996,50.37426
1789867372.676,7847,5.19327,0.64120,3.32992,1.551,1.548,998.5,261.36325,50.38068
1789867372.686,7848,5.19327,0.65974,3.42621,1.551,1.548,998.5,261.39744,50.38726
1789867372.696,7849,5.19327,0.64120,3.32992,1.551,1.548,998.5,261.43066,50.39365
1789867372.706,7850,5.19327,0.67394,3.49995,1.552,1.548,998.5,261.46558,50.40038
1789867372.716,7851,5.19327,0.62785,3.26059,1.552,1.548,998.5,261.49811,50.40664
1789867372.726,7852,5.18305,0.66572,3.45046,1.552,1.548,998.5,261.53266,50.41331
1789867372.736,7853,5.19327,0.62112,3.22564,1.551,1.548,998.5,261.56495,50.41953
1789867372.746,7854,5.19327,0.67070,3.48313,1.551,1.548,998.5,261.59982,50.42624
1789867372.756,7855,5.19327,0.62760,3.25930,1.551,1.548,998.5,261.63245,50.43252
1789867372.766,7856,5.15181,0.77684,4.00213,1.551,1.548,998.5,261.67256,50.44031
1789867372.776,7857,5.19214,0.64564,3.35225,1.551,1.549,998.5,261.70615,50.44678
1789867372.786,7858,5.19214,0.68241,3.54317,1.551,1.549,998.5,261.74166,50.45362
1789867372.797,7859,5.19214,0.62561,3.24825,1.552,1.549,998.5,261.77421,50.45989
1789867372.807,7860,5.19214,0.66871,3.47204,1.552,1.549,998.5,261.80893,50.46657
1789867372.817,7861,5.19214,0.62461,3.24306,1.552,1.549,998.5,261.84135,50.47282
1789867372.827,7862,5.18180,0.66522,3.44704,1.552,1.548,998.5,261.87581,50.47947
1789867372.837,7863,5.19214,0.62710,3.25599,1.552,1.548,998.5,261.90837,50.48574
1789867372.847,7864,5.19214,0.67494,3.50438,1.552,1.548,998.5,261.94344,50.49249
1789867372.857,7865,5.19214,0.64564,3.35225,1.551,1.548,998.5,261.97699,50.49896
1789867372.867,7866,5.15306,0.81745,4.21237,1.551,1.548,998.5,262.01915,50.50714
1789867372.877,7867,5.19109,0.63258,3.28378,1.551,1.548,998.5,262.05202,50.51347
1789867372.886,7868,5.19109,0.67045,3.48037,1.551,1.548,998.5,262.08667,50.52014
1789867372.896,7869,5.19109,0.62411,3.23981,1.550,1.548,998.5,262.11894,50.52636
1789867372.906,7870,5.17430,0.65071,3.36697,1.550,1.548,998.5,262.15247,50.53284
1789867372.916,7871,5.19109,0.62386,3.23851,1.551,1.548,998.5,262.18472,50.53905
1789867372.926,7872,5.18055,0.67494,3.49656,1.551,1.548,998.5,262.21975,50.54581
1789867372.936,7873,5.19109,0.62860,3.26312,1.551,1.548,998.5,262.25243,50.55211
1789867372.946,7874,5.19109,0.76289,3.96023,1.551,1.548,998.5,262.29211,50.55975
1789867372.956,7875,5.19109,0.65071,3.37789,1.551,1.548,998.5,262.32594,50.56627
1789867372.966,7876,5.15931,0.68192,3.51824,1.552,1.548,998.5,262.36114,50.57309
1789867372.976,7877,5.19031,0.62835,3.26133,1.552,1.550,998.5,262.39377,50.57938
1789867372.986,7878,5.19031,0.71082,3.68938,1.552,1.550,998.5,262.43069,50.58649
1789867372.996,7879,5.19031,0.62561,3.24711,1.552,1.550,998.5,262.46318,50.59275
1789867373.006,7880,5.19031,0.71580,3.71522,1.552,1.550,998.5,262.50024,50.59989
1789867373.016,7881,5.19031,0.63034,3.27166,1.552,1.550,998.5,262.53288,50.60618
1789867373.026,7882,5.19031,0.63707,3.30659,1.552,1.549,998.5,262.56587,50.61254
1789867373.036,7883,5.19031,0.62860,3.26263,1.551,1.548,998.5,262.59842,50.61881
1789867373.046,7884,5.19031,0.76164,3.95315,1.551,1.548,998.5,262.63810,50.62646
1789867373.056,7885,5.19031,0.61788,3.20699,1.551,1.548,998.5,262.67030,50.63266
1789867373.066,7886,5.19035,0.63184,3.27947,1.551,1.548,998.5,262.70322,50.63900
1789867373.077,7887,5.19035,0.63333,3.28720,1.551,1.548,998.5,262.73622,50.64536
1789867373.086,7888,5.19035,0.72228,3.74889,1.550,1.548,998.5,262.77359,50.65256
1789867373.096,7889,5.19035,0.63657,3.30402,1.551,1.548,998.5,262.80653,50.65890
1789867373.106,7890,5.20054,0.63757,3.31571,1.552,1.549,998.5,262.83958,50.66526
1789867373.116,7891,5.19035,0.62237,3.23032,1.552,1.549,998.5,262.87178,50.67146
1789867373.126,7892,5.19035,0.62910,3.26525,1.552,1.549,998.5,262.90442,50.67775
1789867373.136,7893,5.19035,0.63308,3.28591,1.552,1.549,998.5,262.93726,50.68408
1789867373.146,7894,5.19035,0.62087,3.22253,1.551,1.548,998.5,262.96947,50.69029
1789867373.156,7895,5.19035,0.67070,3.48117,1.552,1.548,998.5,263.00427,50.69699
1789867373.166,7896,5.19027,0.63532,3.29748,1.551,1.548,998.5,263.03735,50.70336
1789867373.176,7897,5.19027,0.67868,3.52253,1.551,1.548,998.5,263.07269,50.71017
1789867373.186,7898,5.19027,0.67319,3.49404,1.552,1.549,998.5,263.10775,50.71693
1789867373.197,7899,5.19027,0.69213,3.59234,1.553,1.551,998.5,263.14379,50.72387
1789867373.206,7900,5.19027,0.62860,3.26260,1.555,1.552,998.5,263.17627,50.73013
1789867373.216,7901,5.19027,0.66871,3.47079,1.556,1.553,998.5,263.21082,50.73679
1789867373.226,7902,5.19027,0.61838,3.20956,1.556,1.552,998.5,263.24277,50.74294
1789867373.236,7903,5.19027,0.64155,3.32982,1.556,1.552,998.5,263.27592,50.74933
1789867373.246,7904,5.19027,0.62536,3.24579,1.556,1.552,998.5,263.30857,50.75562
1789867373.256,7905,5.19027,0.67369,3.49663,1.554,1.552,998.5,263.34374,50.76240
1789867373.267,7906,5.19011,0.65554,3.40232,1.554,1.552,998.5,263.37796,50.76899
1789867373.277,7907,5.13932,0.82592,4.24467,1.552,1.550,998.5,263.42065,50.77730
1789867373.287,7908,5.16056,0.73947,3.81608,1.553,1.550,998.5,263.45890,50.78471
1789867373.297,7909,5.19011,0.67045,3.47971,1.555,1.552,998.5,263.49377,50.79143
1789867373.307,7910,5.19011,0.62411,3.23920,1.554,1.552,998.5,263.52624,50.79768
1789867373.317,7911,5.19011,0.66746,3.46419,1.555,1.552,998.5,263.56096,50.80437
1789867373.327,7912,5.19011,0.62910,3.26510,1.555,1.552,998.5,263.59348,50.81064
1789867373.337,7913,5.19011,0.67793,3.51853,1.555,1.552,998.5,263.62852,50.81739
1789867373.347,7914,5.19011,0.62486,3.24309,1.556,1.553,998.5,263.66082,50.82361
1789867373.356,7915,5.19011,0.67045,3.47971,1.554,1.552,998.5,263.69547,50.83029
1789867373.366,7916,5.18964,0.64355,3.33979,1.554,1.552,998.5,263.72890,50.83673
1789867373.377,7917,5.16181,0.67369,3.47746,1.554,1.552,998.5,263.76370,50.84347
1789867373.387,7918,5.18964,0.62785,3.25832,1.552,1.550,998.5,263.79631,50.84976
1789867373.397,7919,5.18964,0.67394,3.49751,1.552,1.550,998.5,263.83131,50.85650
1789867373.407,7920,5.18964,0.62735,3.25572,1.552,1.549,998.5,263.86389,50.86278
1789867373.417,7921,5.16681,0.67070,3.46538,1.551,1.548,998.5,263.89855,50.86949
1789867373.427,7922,5.18964,0.63209,3.28032,1.552,1.548,998.5,263.93137,50.87581
1789867373.437,7923,5.18964,0.67344,3.49491,1.550,1.548,998.5,263.96633,50.88255
1789867373.447,7924,5.18964,0.63109,3.27513,1.551,1.548,998.5,263.99905,50.88885
1789867373.457,7925,5.17430,0.69387,3.59029,1.550,1.548,998.5,264.03491,50.89578
1789867373.467,7926,5.18953,0.62411,3.23884,1.551,1.548,998.5,264.06726,50.90202
1789867373.476,7927,5.17056,0.66846,3.45631,1.551,1.548,998.5,264.10178,50.90869
1789867373.486,7928,5.18953,0.62934,3.26598,1.551,1.548,998.5,264.13447,50.91499
1789867373.497,7929,5.18953,0.74071,3.84394,1.552,1.549,998.5,264.17294,50.92240
1789867373.507,7930,5.18953,0.63408,3.29058,1.552,1.549,998.5,264.20587,50.92875
1789867373.517,7931,5.18953,0.65786,3.41398,1.552,1.550,998.5,264.24003,50.93533
1789867373.526,7932,5.18953,0.63134,3.27636,1.552,1.549,998.5,264.27269,50.94163
1789867373.536,7933,5.18953,0.70534,3.66038,1.552,1.549,998.5,264.30918,50.94866
1789867373.546,7934,5.18953,0.62038,3.21948,1.552,1.549,998.5,264.34128,50.95484
1789867373.556,7935,5.17930,0.72776,3.76929,1.552,1.549,998.5,264.37885,50.96210
1789867373.566,7936,5.18984,0.62660,3.25195,1.552,1.549,998.5,264.41132,50.96835
1789867373.576,7937,5.18984,0.62984,3.26877,1.552,1.549,998.5,264.44396,50.97464
1789867373.586,7938,5.15681,0.77634,4.00344,1.552,1.548,998.5,264.48393,50.98239
1789867373.596,7939,5.18984,0.76663,3.97869,1.552,1.549,998.5,264.52366,50.99005
1789867373.606,7940,5.18984,0.62835,3.26104,1.552,1.549,998.5,264.55641,50.99636
1789867373.616,7941,5.18984,0.62212,3.22870,1.552,1.549,998.5,264.58884,51.00261
1789867373.626,7942,5.18984,0.62785,3.25844,1.552,1.549,998.5,264.62157,51.00891
1789867373.637,7943,5.18984,0.68366,3.54809,1.551,1.548,998.5,264.65720,51.01578
1789867373.647,7944,5.18984,0.62411,3.23903,1.552,1.549,998.5,264.68961,51.02203
1789867373.657,7945,5.18984,0.62760,3.25714,1.552,1.549,998.5,264.72221,51.02831
1789867373.667,7946,5.18968,0.61913,3.21309,1.552,1.549,998.5,264.75436,51.03450
1789867373.677,7947,5.20054,0.63682,3.31181,1.552,1.550,998.5,264.78751,51.04087
1789867373.687,7948,5.18968,0.70808,3.67471,1.552,1.549,998.5,264.82411,51.04793
1789867373.696,7949,5.20054,0.65783,3.42107,1.552,1.550,998.5,264.85818,51.05448
1789867373.706,7950,5.18968,0.67494,3.50272,1.552,1.549,998.5,264.89307,51.06120
1789867373.716,7951,5.18968,0.63059,3.27256,1.552,1.549,998.5,264.92567,51.06748
1789867373.726,7952,5.18968,0.65783,3.41393,1.552,1.549,998.5,264.95987,51.07407
1789867373.736,7953,5.18968,0.62411,3.23893,1.551,1.548,998.5,264.99231,51.08032
1789867373.746,7954,5.18968,0.67668,3.51175,1.551,1.549,998.5,265.02749,51.08710
1789867373.756,7955,5.18968,0.62785,3.25834,1.551,1.548,998.5,265.06013,51.09339
1789867373.766,7956,5.18945,0.67344,3.49478,1.552,1.548,998.5,265.09511,51.10013
1789867373.776,7957,5.18945,0.63084,3.27371,1.553,1.549,998.5,265.12788,51.10645
1789867373.786,7958,5.18945,0.65850,3.41725,1.552,1.549,998.5,265.16208,51.11304
1789867373.796,7959,5.18945,0.63981,3.32026,1.553,1.550,998.5,265.19531,51.11944
1789867373.807,7960,5.18945,0.67245,3.48965,1.553,1.549,998.5,265.23027,51.12618
1789867373.817,7961,5.18945,0.63034,3.27112,1.553,1.550,998.5,265.26305,51.13249
1789867373.827,7962,5.18945,0.65850,3.41725,1.553,1.550,998.5,265.29729,51.13909
1789867373.837,7963,5.18945,0.62710,3.25430,1.552,1.549,998.5,265.32989,51.14538
1789867373.847,7964,5.18945,0.67270,3.49094,1.552,1.549,998.5,265.36479,51.15210
1789867373.857,7965,5.18945,0.63532,3.29696,1.551,1.548,998.5,265.39774,51.15845
1789867373.867,7966,5.18933,0.67220,3.48827,1.551,1.548,998.5,265.43261,51.16517
1789867373.877,7967,5.18933,0.61963,3.21546,1.551,1.548,998.5,265.46475,51.17136
1789867373.887,7968,5.18933,0.67245,3.48956,1.550,1.548,998.5,265.49951,51.17806
1789867373.896,7969,5.18933,0.62810,3.25942,1.551,1.548,998.5,265.53197,51.18432
1789867373.906,7970,5.18933,0.67220,3.48827,1.551,1.548,998.5,265.56672,51.19101
1789867373.916,7971,5.18933,0.63707,3.30597,1.552,1.549,998.5,265.59965,51.19736
1789867373.926,7972,5.18933,0.67095,3.48178,1.552,1.549,998.5,265.63460,51.20409
1789867373.936,7973,5.18933,0.62835,3.26072,1.551,1.548,998.5,265.66733,51.21040
1789867373.947,7974,5.18933,0.67469,3.50119,1.552,1.549,998.5,265.70248,51.21717
1789867373.957,7975,5.18933,0.62436,3.24001,1.552,1.548,998.5,265.73501,51.22344
1789867373.967,7976,5.18921,0.66896,3.47137,1.551,1.548,998.5,265.76969,51.23013
1789867373.977,7977,5.18921,0.62934,3.26578,1.551,1.548,998.5,265.80233,51.23642
1789867373.987,7978,5.18921,0.68192,3.53863,1.551,1.548,998.5,265.83769,51.24323
1789867373.997,7979,5.17056,0.63258,3.27079,1.551,1.548,998.5,265.87038,51.24955
1789867374.007,7980,5.14931,0.84137,4.33247,1.551,1.548,998.5,265.91364,51.25795
1789867374.016,7981,5.19930,0.63383,3.29547,1.551,1.548,998.5,265.94656,51.26428
1789867374.026,7982,5.18921,0.67469,3.50111,1.551,1.549,998.5,265.98152,51.27102
1789867374.036,7983,5.18921,0.62586,3.24772,1.551,1.548,998.5,266.01396,51.27727
1789867374.046,7984,5.18921,0.73673,3.82305,1.551,1.549,998.5,266.05226,51.28465
1789867374.057,7985,5.18921,0.62411,3.23864,1.551,1.548,998.5,266.08472,51.29091
1789867374.067,7986,5.18871,0.66025,3.42585,1.551,1.548,998.5,266.11904,51.29752
1789867374.077,7987,5.18871,0.62685,3.25254,1.551,1.548,998.5,266.15163,51.30381
1789867374.087,7988,5.17805,0.72128,3.73482,1.551,1.548,998.5,266.18883,51.31099
1789867374.096,7989,5.15931,0.76986,3.97195,1.551,1.548,998.5,266.22838,51.31865
1789867374.106,7990,5.18871,0.70733,3.67013,1.551,1.548,998.5,266.26493,51.32570
1789867374.116,7991,5.18871,0.66025,3.42585,1.551,1.548,998.5,266.29904,51.33227
1789867374.126,7992,5.14681,0.67170,3.45711,1.551,1.548,998.5,266.33368,51.33900
1789867374.136,7993,5.18871,0.66025,3.42585,1.550,1.548,998.5,266.36800,51.34562
1789867374.146,7994,5.17555,0.80176,4.14955,1.551,1.548,998.5,266.40957,51.35365
1789867374.156,7995,5.18871,0.66025,3.42585,1.551,1.548,998.5,266.44389,51.36026
1789867374.166,7996,5.18800,0.66225,3.43575,1.552,1.548,998.5,266.47826,51.36689
1789867374.176,7997,5.18800,0.68017,3.52872,1.552,1.548,998.5,266.51356,51.37369
1789867374.186,7998,5.18800,0.74445,3.86221,1.551,1.548,998.5,266.55220,51.38114
1789867374.196,7999,5.18800,0.64255,3.33355,1.552,1.548,998.5,266.58555,51.38757
1789867374.206,8000,5.18800,0.63657,3.30253,1.551,1.548,998.5,266.61849,51.39392
1789867374.216,8001,5.18800,0.63059,3.27150,1.551,1.548,998.5,266.65112,51.40021
1789867374.226,8002,5.19805,0.62660,3.25710,1.551,1.548,998.5,266.68361,51.40646
1789867374.236,8003,5.18800,0.62810,3.25858,1.550,1.548,998.5,266.71611,51.41272
1789867374.246,8004,5.18800,0.62984,3.26761,1.551,1.548,998.5,266.74882,51.41903
1789867374.256,8005,5.18800,0.67245,3.48867,1.551,1.548,998.5,266.78375,51.42576
1789867374.266,8006,5.19930,0.63308,3.29157,1.551,1.548,998.5,266.81670,51.43210
1789867374.276,8007,5.18781,0.66257,3.43729,1.550,1.548,998.5,266.85112,51.43873
1789867374.286,8008,5.18781,0.64056,3.32310,1.550,1.548,998.5,266.88427,51.44512
1789867374.296,8009,5.18781,0.68366,3.54670,1.551,1.548,998.5,266.91966,51.45194
1789867374.306,8010,5.16056,0.78257,4.03850,1.550,1.548,998.5,266.95996,51.45975
1789867374.316,8011,5.18781,0.68615,3.55962,1.551,1.548,998.5,266.99548,51.46660
1789867374.326,8012,5.18781,0.63483,3.29338,1.552,1.548,998.5,267.02857,51.47298
1789867374.336,8013,5.18781,0.64479,3.34505,1.552,1.548,998.5,267.06217,51.47946
1789867374.346,8014,5.20054,0.63831,3.31956,1.552,1.548,998.5,267.09552,51.48587
1789867374.357,8015,5.18781,0.67643,3.50919,1.551,1.548,998.5,267.13077,51.49266
1789867374.366,8016,5.19805,0.63109,3.28044,1.552,1.549,998.5,267.16356,51.49897
1789867374.376,8017,5.18796,0.66142,3.43142,1.551,1.548,998.5,267.19785,51.50558
1789867374.386,8018,5.18796,0.62735,3.25467,1.550,1.548,998.5,267.23038,51.51185
1789867374.396,8019,5.18796,0.66142,3.43142,1.551,1.548,998.5,267.26468,51.51846
1789867374.406,8020,5.19930,0.64629,3.36026,1.551,1.548,998.5,267.29819,51.52491
1789867374.416,8021,5.18796,0.67843,3.51967,1.551,1.548,998.5,267.33329,51.53167
1789867374.426,8022,5.18796,0.63632,3.30120,1.552,1.549,998.5,267.36621,51.53802
1789867374.436,8023,5.18796,0.68241,3.54032,1.552,1.548,998.5,267.40151,51.54482
1789867374.446,8024,5.18796,0.63258,3.28180,1.552,1.549,998.5,267.43441,51.55116
1789867374.456,8025,5.18796,0.67469,3.50026,1.552,1.548,998.5,267.46950,51.55793
1789867374.466,8026,5.19930,0.63009,3.27603,1.552,1.548,998.5,267.50233,51.56424
1789867374.476,8027,5.18812,0.66105,3.42961,1.552,1.548,998.5,267.53671,51.57087
1789867374.486,8028,5.18812,0.62486,3.24185,1.551,1.548,998.5,267.56904,51.57710
1789867374.496,8029,5.18812,0.68241,3.54042,1.551,1.548,998.5,267.60434,51.58390
1789867374.506,8030,5.18812,0.76887,3.98899,1.551,1.548,998.5,267.64411,51.59157
1789867374.516,8031,5.18812,0.67917,3.52362,1.551,1.548,998.5,267.67924,51.59834
1789867374.526,8032,5.19930,0.64255,3.34081,1.551,1.548,998.5,267.71280,51.60480
1789867374.536,8033,5.18812,0.68241,3.54042,1.551,1.548,998.5,267.74835,51.61165
1789867374.546,8034,5.18812,0.62586,3.24704,1.551,1.548,998.5,267.78096,51.61793
1789867374.557,8035,5.18812,0.68092,3.53269,1.551,1.548,998.5,267.81644,51.62477
1789867374.567,8036,5.18812,0.62436,3.23925,1.551,1.548,998.5,267.84883,51.63102
1789867374.577,8037,5.18812,0.66082,3.42841,1.552,1.549,998.5,267.88311,51.63762
1789867374.587,8038,5.18812,0.63408,3.28968,1.552,1.549,998.5,267.91600,51.64396
1789867374.597,8039,5.18812,0.75367,3.91013,1.552,1.549,998.5,267.95509,51.65150
1789867374.606,8040,5.18812,0.73673,3.82224,1.552,1.548,998.5,267.99316,51.65883
1789867374.616,8041,5.18812,0.67195,3.48616,1.551,1.548,998.5,268.02788,51.66553
1789867374.626,8042,5.18812,0.62959,3.26639,1.551,1.548,998.5,268.06040,51.67180
1789867374.636,8043,5.17680,0.71705,3.71202,1.549,1.548,998.5,268.09737,51.67894
1789867374.646,8044,5.18812,0.62486,3.24185,1.550,1.548,998.5,268.12988,51.68520
1789867374.656,8045,5.18812,0.70010,3.63220,1.550,1.548,998.5,268.16631,51.69222
1789867374.666,8046,5.18851,0.62959,3.26663,1.550,1.548,998.5,268.19906,51.69854
1789867374.676,8047,5.16306,0.62835,3.24421,1.550,1.548,998.5,268.23160,51.70484
1789867374.686,8048,5.18851,0.63009,3.26923,1.550,1.548,998.5,268.26421,51.71112
1789867374.696,8049,5.18851,0.76488,3.96859,1.551,1.548,998.5,268.30380,51.71875
1789867374.706,8050,5.18851,0.65958,3.42224,1.551,1.548,998.5,268.33794,51.72533
1789867374.716,8051,5.17306,0.63258,3.27237,1.551,1.548,998.5,268.37058,51.73164
1789867374.726,8052,5.18851,0.63383,3.28863,1.551,1.548,998.5,268.40354,51.73800
1789867374.736,8053,5.17430,0.69437,3.59288,1.551,1.548,998.5,268.43954,51.74495
1789867374.746,8054,5.18851,0.62411,3.23820,1.550,1.548,998.5,268.47199,51.75121
1789867374.756,8055,5.20054,0.63109,3.28201,1.551,1.548,998.5,268.50488,51.75753
1789867374.766,8056,5.18890,0.63009,3.26947,1.551,1.548,998.5,268.53760,51.76384
1789867374.776,8057,5.16431,0.63009,3.25398,1.551,1.548,998.5,268.57017,51.77014
1789867374.786,8058,5.19930,0.63308,3.29157,1.550,1.548,998.5,268.60311,51.77648
1789867374.796,8059,5.19930,0.62386,3.24364,1.551,1.548,998.5,268.63557,51.78272
1789867374.806,8060,5.18890,0.62087,3.22163,1.551,1.548,998.5,268.66771,51.78892
1789867374.816,8061,5.18890,0.63109,3.27466,1.551,1.548,998.5,268.70039,51.79522
1789867374.826,8062,5.18890,0.63408,3.29018,1.551,1.548,998.5,268.73322,51.80154
1789867374.836,8063,5.18890,0.63134,3.27596,1.551,1.548,998.5,268.76592,51.80784
1789867374.846,8064,5.20054,0.63408,3.29756,1.551,1.548,998.5,268.79893,51.81419
1789867374.856,8065,5.20054,0.62635,3.25736,1.551,1.548,998.5,268.83153,51.82046
1789867374.866,8066,5.18890,0.62685,3.25266,1.551,1.548,998.5,268.86409,51.82674
1789867374.876,8067,5.20054,0.63159,3.28461,1.552,1.548,998.5,268.89697,51.83306
1789867374.886,8068,5.18890,0.62386,3.23715,1.551,1.548,998.5,268.92932,51.83929
1789867374.896,8069,5.19930,0.62611,3.25533,1.552,1.549,998.5,268.96184,51.84555
1789867374.906,8070,5.18890,0.63408,3.29018,1.552,1.548,998.5,268.99471,51.85188
1789867374.916,8071,5.18890,0.63059,3.27207,1.551,1.548,998.5,269.02740,51.85818
1789867374.926,8072,5.18890,0.63209,3.27985,1.551,1.548,998.5,269.06026,51.86451
1789867374.936,8073,5.20179,0.63134,3.28410,1.551,1.548,998.5,269.09316,51.87084
1789867374.946,8074,5.18890,0.65816,3.41513,1.552,1.548,998.5,269.12737,51.87743
1789867374.956,8075,5.18890,0.63856,3.31342,1.551,1.548,998.5,269.16056,51.88383
1789867374.966,8076,5.18867,0.67594,3.50723,1.551,1.548,998.5,269.19563,51.89059
1789867374.976,8077,5.18867,0.62536,3.24479,1.552,1.549,998.5,269.22807,51.89684
1789867374.986,8078,5.18867,0.67843,3.52015,1.552,1.549,998.5,269.26327,51.90362
1789867374.996,8079,5.18867,0.62386,3.23700,1.552,1.549,998.5,269.29564,51.90986
1789867375.006,8080,5.18867,0.69088,3.58475,1.552,1.548,998.5,269.33150,51.91677
1789867375.016,8081,5.18867,0.64728,3.35852,1.552,1.548,998.5,269.36509,51.92325
1789867375.026,8082,5.18867,0.68814,3.57053,1.552,1.549,998.5,269.40081,51.93013
1789867375.036,8083,5.18867,0.63109,3.27452,1.550,1.548,998.5,269.43357,51.93644
1789867375.046,8084,5.18867,0.65922,3.42048,1.550,1.548,998.5,269.46781,51.94304
1789867375.057,8085,5.18867,0.62561,3.24608,1.550,1.548,998.5,269.50031,51.94931
1789867375.067,8086,5.18917,0.65785,3.41370,1.549,1.548,998.5,269.53449,51.95589
1789867375.077,8087,5.18917,0.62810,3.25932,1.550,1.548,998.5,269.56712,51.96218
1789867375.086,8088,5.18917,0.67270,3.49075,1.550,1.547,998.5,269.60185,51.96888
1789867375.096,8089,5.18917,0.62361,3.23602,1.550,1.548,998.5,269.63406,51.97508
1789867375.106,8090,5.18917,0.68341,3.54633,1.550,1.548,998.5,269.66934,51.98188
1789867375.116,8091,5.18917,0.64255,3.33430,1.551,1.548,998.5,269.70252,51.98828
1789867375.126,8092,5.18917,0.68117,3.53471,1.552,1.549,998.5,269.73803,51.99512
1789867375.136,8093,5.18917,0.63831,3.31230,1.552,1.549,998.5,269.77131,52.00153
1789867375.146,8094,5.18917,0.68042,3.53082,1.552,1.549,998.5,269.80678,52.00837
1789867375.157,8095,5.18917,0.62187,3.22699,1.552,1.548,998.5,269.83920,52.01462
1789867375.167,8096,5.18976,0.67743,3.51570,1.552,1.549,998.5,269.87432,52.02138
1789867375.176,8097,5.18976,0.62536,3.24547,1.551,1.548,998.5,269.90674,52.02763
1789867375.186,8098,5.18976,0.67070,3.48077,1.551,1.548,998.5,269.94152,52.03433
1789867375.196,8099,5.18976,0.63184,3.27910,1.551,1.548,998.5,269.97427,52.04064
1789867375.206,8100,5.18976,0.70384,3.65276,1.550,1.548,998.5,270.01068,52.04766
1789867375.216,8101,5.18976,0.63134,3.27650,1.550,1.548,998.5,270.04334,52.05395
1789867375.226,8102,5.17056,0.68167,3.52462,1.550,1.548,998.5,270.07846,52.06074
1789867375.236,8103,5.18976,0.62660,3.25190,1.550,1.548,998.5,270.11088,52.06699
1789867375.246,8104,5.18976,0.76040,3.94629,1.550,1.548,998.5,270.15046,52.07462
1789867375.256,8105,5.18976,0.62536,3.24547,1.550,1.548,998.5,270.18302,52.08089
1789867375.266,8106,5.17805,0.62536,3.23815,1.550,1.548,998.5,270.21551,52.08716
1789867375.276,8107,5.19019,0.62984,3.26899,1.550,1.548,998.5,270.24830,52.09348
1789867375.286,8108,5.17805,0.70235,3.63680,1.551,1.548,998.5,270.28452,52.10048
1789867375.296,8109,5.19019,0.62685,3.25347,1.551,1.548,998.5,270.31692,52.10672
1789867375.306,8110,5.19019,0.64056,3.32463,1.551,1.548,998.5,270.35002,52.11310
1789867375.316,8111,5.19019,0.62561,3.24703,1.551,1.548,998.5,270.38236,52.11933
1789867375.326,8112,5.13307,0.81322,4.17432,1.551,1.548,998.5,270.42417,52.12747
1789867375.336,8113,5.19019,0.63383,3.28970,1.551,1.548,998.5,270.45712,52.13382
1789867375.346,8114,5.19019,0.62635,3.25088,1.551,1.548,998.5,270.48968,52.14010
1789867375.356,8115,5.19019,0.62112,3.22373,1.551,1.548,998.5,270.52197,52.14632
1789867375.366,8116,5.19027,0.63184,3.27942,1.551,1.548,998.5,270.55490,52.15266
1789867375.376,8117,5.19027,0.63059,3.27293,1.552,1.548,998.5,270.58777,52.15899
1789867375.386,8118,5.19027,0.62735,3.25612,1.551,1.548,998.5,270.62046,52.16529
1789867375.397,8119,5.19027,0.63034,3.27163,1.551,1.548,998.5,270.65331,52.17162
1789867375.407,8120,5.19027,0.62536,3.24579,1.551,1.548,998.5,270.68578,52.17788
1789867375.417,8121,5.19027,0.61913,3.21345,1.551,1.548,998.5,270.71792,52.18407
1789867375.427,8122,5.15806,0.76862,3.96459,1.551,1.548,998.5,270.75757,52.19176
1789867375.437,8123,5.15056,0.78207,4.02810,1.550,1.547,998.5,270.79786,52.19958
1789867375.447,8124,5.19027,0.62934,3.26644,1.551,1.548,998.5,270.83048,52.20586
1789867375.457,8125,5.19027,0.64105,3.32722,1.551,1.548,998.5,270.86371,52.21227
1789867375.467,8126,5.18996,0.62934,3.26625,1.551,1.548,998.5,270.89632,52.21855
1789867375.476,8127,5.18996,0.62810,3.25981,1.551,1.548,998.5,270.92888,52.22482
1789867375.487,8128,5.18996,0.63184,3.27922,1.552,1.548,998.5,270.96210,52.23122
1789867375.497,8129,5.18996,0.64105,3.32702,1.552,1.548,998.5,270.99581,52.23772
1789867375.507,8130,5.18996,0.62760,3.25722,1.551,1.548,998.5,271.02881,52.24408
1789867375.517,8131,5.18996,0.67095,3.48220,1.551,1.548,998.5,271.06409,52.25088
1789867375.527,8132,5.18996,0.67843,3.52102,1.552,1.548,998.5,271.09883,52.25757
1789867375.537,8133,5.14931,0.82667,4.25678,1.551,1.548,998.5,271.14084,52.26573
1789867375.547,8134,5.18996,0.63333,3.28696,1.551,1.548,998.5,271.17328,52.27198
1789867375.556,8135,5.18996,0.68466,3.55336,1.551,1.548,998.5,271.20834,52.27873
1789867375.566,8136,5.20054,0.63632,3.30921,1.551,1.548,998.5,271.24144,52.28510
1789867375.576,8137,5.18949,0.67344,3.49481,1.551,1.548,998.5,271.27639,52.29183
1789867375.586,8138,5.18949,0.62361,3.23622,1.550,1.548,998.5,271.30876,52.29807
1789867375.596,8139,5.18949,0.64429,3.34354,1.551,1.548,998.5,271.34220,52.30451
1789867375.606,8140,5.18949,0.62187,3.22719,1.551,1.548,998.5,271.37432,52.31070
1789867375.616,8141,5.18949,0.65843,3.41692,1.550,1.548,998.5,271.40833,52.31726
1789867375.626,8142,5.18949,0.64728,3.35905,1.550,1.548,998.5,271.44176,52.32370
1789867375.636,8143,5.18949,0.66871,3.47026,1.550,1.548,998.5,271.47630,52.33036
1789867375.646,8144,5.18949,0.63283,3.28406,1.550,1.548,998.5,271.50920,52.33670
1789867375.656,8145,5.18949,0.68067,3.53233,1.550,1.548,998.5,271.54459,52.34351
1789867375.666,8146,5.18937,0.62835,3.26074,1.550,1.548,998.5,271.57725,52.34981
1789867375.676,8147,5.18937,0.65832,3.41627,1.550,1.548,998.5,271.61148,52.35640
1789867375.686,8148,5.18937,0.62835,3.26074,1.550,1.548,998.5,271.64402,52.36267
1789867375.696,8149,5.18937,0.67120,3.48311,1.550,1.548,998.5,271.67878,52.36937
1789867375.706,8150,5.18937,0.62337,3.23490,1.550,1.548,998.5,271.71106,52.37559
1789867375.716,8151,5.18937,0.67469,3.50122,1.550,1.548,998.5,271.74599,52.38233
1789867375.726,8152,5.18937,0.62860,3.26204,1.550,1.548,998.5,271.77864,52.38862
1789867375.736,8153,5.14307,0.83016,4.26957,1.550,1.548,998.5,271.82137,52.39692
1789867375.746,8154,5.18937,0.64056,3.32410,1.551,1.548,998.5,271.85464,52.40334
1789867375.756,8155,5.18937,0.67693,3.51284,1.551,1.548,998.5,271.88979,52.41011
1789867375.766,8156,5.18925,0.63233,3.28132,1.551,1.548,998.5,271.92270,52.41645
1789867375.776,8157,5.16931,0.65965,3.40994,1.552,1.548,998.5,271.95691,52.42307
1789867375.786,8158,5.18925,0.62312,3.23353,1.552,1.548,998.5,271.98934,52.42932
1789867375.796,8159,5.18925,0.65965,3.42309,1.552,1.548,998.5,272.02367,52.43593
1789867375.806,8160,5.19930,0.62685,3.25918,1.551,1.548,998.5,272.05619,52.44219
1789867375.816,8161,5.17805,0.70534,3.65229,1.551,1.548,998.5,272.09263,52.44923
1789867375.826,8162,5.18925,0.62984,3.26840,1.551,1.548,998.5,272.12523,52.45551
1789867375.836,8163,5.13932,0.83240,4.27797,1.550,1.548,998.5,272.16791,52.46381
1789867375.846,8164,5.19930,0.63557,3.30452,1.550,1.548,998.5,272.20108,52.47019
1789867375.856,8165,5.18925,0.75791,3.93298,1.551,1.548,998.5,272.24055,52.47780
1789867375.866,8166,5.18917,0.62361,3.23602,1.550,1.548,998.5,272.27303,52.48406
1789867375.876,8167,5.15931,0.66143,3.41252,1.551,1.548,998.5,272.30728,52.49070
1789867375.886,8168,5.18917,0.63034,3.27094,1.551,1.548,998.5,272.33985,52.49697
1789867375.896,8169,5.18917,0.68989,3.57996,1.551,1.548,998.5,272.37551,52.50384
1789867375.906,8170,5.18917,0.62486,3.24250,1.551,1.548,998.5,272.40780,52.51007
1789867375.916,8171,5.18917,0.73947,3.83724,1.551,1.548,998.5,272.44601,52.51743
1789867375.926,8172,5.19930,0.62959,3.27343,1.551,1.548,998.5,272.47888,52.52375
1789867375.936,8173,5.18917,0.63209,3.28002,1.551,1.548,998.5,272.51180,52.53010
1789867375.946,8174,5.18917,0.63757,3.30846,1.551,1.548,998.5,272.54502,52.53650
1789867375.956,8175,5.18917,0.75940,3.94066,1.551,1.548,998.5,272.58458,52.54412
1789867375.966,8176,5.18925,0.62835,3.26067,1.552,1.548,998.5,272.61718,52.55041
1789867375.976,8177,5.18925,0.63084,3.27359,1.551,1.548,998.5,272.64992,52.55671
1789867375.986,8178,5.18925,0.62436,3.23996,1.551,1.548,998.5,272.68232,52.56296
1789867375.996,8179,5.18925,0.66041,3.42703,1.551,1.548,1024.1,272.71659,52.56956
1789867376.006,8180,5.18925,0.63159,3.27748,1.551,1.548,998.5,272.74918,52.57584
1789867376.016,8181,5.18925,0.62934,3.26580,1.551,1.548,998.5,272.78165,52.58210
1789867376.026,8182,5.18925,0.62461,3.24126,1.550,1.548,998.5,272.81387,52.58831
1789867376.036,8183,5.20054,0.66041,3.43449,1.551,1.548,998.5,272.84801,52.59487
1789867376.046,8184,5.16431,0.64330,3.32220,1.551,1.548,998.5,272.88141,52.60134
1789867376.056,8185,5.18925,0.62436,3.23996,1.551,1.548,998.5,272.91398,52.60762
1789867376.066,8186,5.18910,0.67843,3.52044,1.551,1.548,998.5,272.94937,52.61444
1789867376.076,8187,5.18910,0.62660,3.25149,1.551,1.548,998.5,272.98206,52.62074
1789867376.086,8188,5.18910,0.65998,3.42470,1.551,1.548,998.5,273.01612,52.62730
1789867376.096,8189,5.19930,0.62959,3.27343,1.551,1.548,998.5,273.04868,52.63356
1789867376.106,8190,5.18910,0.67768,3.51655,1.551,1.548,998.5,273.08366,52.64030
1789867376.116,8191,5.18910,0.62611,3.24895,1.551,1.548,998.5,273.11598,52.64653
1789867376.126,8192,5.18910,0.67369,3.49584,1.552,1.548,998.5,273.15115,52.65331
1789867376.136,8193,5.18910,0.63632,3.30193,1.551,1.548,998.5,273.18436,52.65971
1789867376.146,8194,5.17805,0.78656,4.07285,1.551,1.548,998.5,273.22534,52.66762
1789867376.156,8195,5.15931,0.78631,4.05682,1.551,1.548,998.5,273.26615,52.67553
1789867376.166,8196,5.18874,0.67569,3.50598,1.551,1.548,998.5,273.30118,52.68229
1789867376.176,8197,5.18874,0.63782,3.30948,1.552,1.548,998.5,273.33425,52.68866
1789867376.186,8198,5.18874,0.66222,3.43609,1.552,1.548,998.5,273.36858,52.69528
1789867376.196,8199,5.18874,0.62635,3.24997,1.552,1.548,998.5,273.40106,52.70153
1789867376.206,8200,5.18874,0.67718,3.51371,1.552,1.548,998.5,273.43601,52.70827
1789867376.216,8201,5.18874,0.63458,3.29267,1.552,1.548,998.5,273.46876,52.71458
1789867376.226,8202,5.18874,0.66222,3.43609,1.552,1.548,998.5,273.50294,52.72117
1789867376.236,8203,5.18874,0.64330,3.33792,1.550,1.548,998.5,273.53614,52.72757
1789867376.246,8204,5.18874,0.68490,3.55377,1.550,1.548,998.5,273.57185,52.73445
1789867376.256,8205,5.18874,0.78083,4.05152,1.550,1.548,998.5,273.61256,52.74230
1789867376.266,8206,5.18859,0.68142,3.53561,1.550,1.548,998.5,273.64809,52.74914
1789867376.276,8207,5.18859,0.63732,3.30679,1.551,1.548,998.5,273.68132,52.75555
1789867376.286,8208,5.18859,0.66339,3.44206,1.550,1.548,1024.1,273.71561,52.76216
1789867376.296,8209,5.18859,0.63134,3.27576,1.551,1.548,1024.1,273.74823,52.76844
1789867376.306,8210,5.18859,0.66339,3.44206,1.550,1.548,1024.1,273.78252,52.77505
1789867376.316,8211,5.18859,0.63707,3.30550,1.551,1.548,1024.1,273.81544,52.78140
1789867376.326,8212,5.16931,0.67643,3.49668,1.551,1.548,998.5,273.85049,52.78818
1789867376.336,8213,5.18859,0.62760,3.25636,1.551,1.548,998.5,273.88314,52.79447
1789867376.346,8214,5.18859,0.67868,3.52139,1.551,1.548,998.5,273.91844,52.80127
1789867376.356,8215,5.18859,0.63408,3.28998,1.551,1.548,1024.1,273.95142,52.80763
1789867376.366,8216,5.17306,0.70210,3.63201,1.551,1.548,998.5,273.98772,52.81465
1789867376.376,8217,5.18863,0.64529,3.34817,1.551,1.548,1024.1,274.02118,52.82110
1789867376.386,8218,5.17306,0.67319,3.48245,1.551,1.548,998.5,274.05599,52.82782
1789867376.396,8219,5.18863,0.62561,3.24606,1.551,1.548,1024.1,274.08843,52.83408
1789867376.406,8220,5.18863,0.75641,3.92473,1.551,1.548,1024.1,274.12759,52.84162
1789867376.416,8221,5.18863,0.62237,3.22925,1.551,1.548,1024.1,274.15982,52.84783
1789867376.426,8222,5.16181,0.66262,3.42032,1.551,1.548,1024.1,274.19394,52.85445
1789867376.436,8223,5.18863,0.64380,3.34044,1.551,1.548,1024.1,274.22728,52.86087
1789867376.446,8224,5.18863,0.73125,3.79419,1.551,1.548,1024.1,274.26542,52.86822
1789867376.456,8225,5.18863,0.63508,3.29520,1.551,1.548,1024.1,274.29854,52.87461
1789867376.466,8226,5.17805,0.72577,3.75807,1.551,1.548,1024.1,274.33632,52.88190
1789867376.476,8227,5.18906,0.63782,3.30969,1.551,1.548,1024.1,274.36959,52.88831
1789867376.486,8228,5.18906,0.62785,3.25795,1.551,1.548,998.5,274.40210,52.89458
1789867376.496,8229,5.18906,0.62835,3.26055,1.551,1.548,998.5,274.43464,52.90085
1789867376.506,8230,5.18906,0.75068,3.89532,1.551,1.548,998.5,274.47351,52.90834
1789867376.516,8231,5.18906,0.62486,3.24244,1.551,1.548,998.5,274.50586,52.91457
1789867376.526,8232,5.20054,0.63707,3.31311,1.551,1.548,998.5,274.53908,52.92096
1789867376.536,8233,5.18906,0.63308,3.28509,1.551,1.548,1024.1,274.57201,52.92731
1789867376.546,8234,5.18906,0.71480,3.70914,1.551,1.548,1024.1,274.60919,52.93447
1789867376.556,8235,5.15931,0.78307,4.04010,1.551,1.548,1024.1,274.64969,52.94232
1789867376.566,8236,5.18933,0.63931,3.31759,1.552,1.548,1024.1,274.68284,52.94871
1789867376.576,8237,5.18933,0.62885,3.26331,1.552,1.548,1024.1,274.71544,52.95499
1789867376.586,8238,5.18933,0.76463,3.96792,1.552,1.548,1024.1,274.75509,52.96263
1789867376.596,8239,5.18933,0.62885,3.26331,1.551,1.548,1024.1,274.78769,52.96892
1789867376.606,8240,5.18933,0.62785,3.25812,1.551,1.548,1024.1,274.82007,52.97516
1789867376.616,8241,5.18933,0.65969,3.42335,1.551,1.548,998.5,274.85408,52.98171
1789867376.626,8242,5.18933,0.63532,3.29689,1.551,1.548,998.5,274.88684,52.98802
1789867376.636,8243,5.18933,0.65969,3.42335,1.550,1.548,998.5,274.92085,52.99458
1789867376.646,8244,5.18933,0.63233,3.28137,1.550,1.548,998.5,274.95379,53.00092
1789867376.656,8245,5.18933,0.69138,3.58780,1.551,1.548,998.5,274.98981,53.00786
1789867376.666,8246,5.18933,0.63532,3.29689,1.551,1.548,998.5,275.02290,53.01424
1789867376.676,8247,5.18933,0.67170,3.48567,1.551,1.548,998.5,275.05789,53.02098
1789867376.686,8248,5.18933,0.64056,3.32408,1.551,1.548,998.5,275.09132,53.02743
1789867376.696,8249,5.18933,0.64703,3.35765,1.551,1.548,998.5,275.12508,53.03393
1789867376.707,8250,5.18933,0.63632,3.30207,1.550,1.548,998.5,275.15829,53.04033
1789867376.717,8251,5.18933,0.67444,3.49989,1.549,1.548,998.5,275.19349,53.04711
1789867376.727,8252,5.18933,0.63383,3.28915,1.549,1.548,1024.1,275.22623,53.05342
1789867376.736,8253,5.18933,0.65994,3.42465,1.550,1.548,1024.1,275.26032,53.05999
1789867376.746,8254,5.18933,0.62486,3.24260,1.550,1.548,1024.1,275.29259,53.06621
1789867376.756,8255,5.18933,0.81596,4.23429,1.550,1.548,1024.1,275.33474,53.07433
1789867376.766,8256,5.18929,0.63557,3.29816,1.550,1.548,1024.1,275.36777,53.08070
1789867376.776,8257,5.18929,0.67519,3.50376,1.550,1.548,1024.1,275.40287,53.08746
1789867376.786,8258,5.18929,0.64703,3.35763,1.551,1.548,1024.1,275.43649,53.09394
1789867376.796,8259,5.18929,0.67419,3.49857,1.550,1.548,1024.1,275.47153,53.10069
1789867376.806,8260,5.18929,0.62910,3.26458,1.550,1.548,1024.1,275.50420,53.10699
1789867376.816,8261,5.18929,0.67643,3.51019,1.550,1.548,1024.1,275.53932,53.11376
1789867376.826,8262,5.18929,0.62760,3.25680,1.550,1.548,1024.1,275.57190,53.12004
1789867376.836,8263,5.18929,0.65862,3.41777,1.550,1.548,1024.1,275.60610,53.12663
1789867376.846,8264,5.19930,0.63981,3.32656,1.550,1.548,1024.1,275.63936,53.13302
1789867376.856,8265,5.17680,0.68441,3.54305,1.550,1.547,1024.1,275.67479,53.13987
1789867376.866,8266,5.18953,0.63084,3.27376,1.550,1.548,1024.1,275.70753,53.14618
1789867376.876,8267,5.18953,0.70035,3.63449,1.550,1.548,1024.1,275.74387,53.15318
1789867376.886,8268,5.18953,0.67843,3.52073,1.550,1.548,1024.1,275.77905,53.15996
1789867376.896,8269,5.17805,0.71306,3.69226,1.550,1.548,1024.1,275.81595,53.16708
1789867376.906,8270,5.18953,0.67095,3.48192,1.551,1.548,1024.1,275.85074,53.17379
1789867376.916,8271,5.17805,0.72626,3.76061,1.551,1.548,1024.1,275.88832,53.18105
1789867376.926,8272,5.18953,0.65793,3.41435,1.551,1.548,1024.1,275.92248,53.18763
1789867376.936,8273,5.17680,0.71032,3.67718,1.551,1.548,1024.1,275.95926,53.19473
1789867376.946,8274,5.18953,0.66846,3.46899,1.551,1.548,1024.1,275.99396,53.20142
1789867376.956,8275,5.17680,0.79478,4.11442,1.551,1.548,1024.1,276.03512,53.20937
1789867376.966,8276,5.19930,0.63881,3.32136,1.551,1.548,1024.1,276.06836,53.21576
1789867376.976,8277,5.18886,0.66098,3.42973,1.551,1.548,1024.1,276.10268,53.22238
1789867376.986,8278,5.18886,0.62984,3.26815,1.552,1.548,1024.1,276.13538,53.22868
1789867376.996,8279,5.17805,0.70558,3.65353,1.551,1.548,1024.1,276.17194,53.23574
1789867377.006,8280,5.18886,0.62586,3.24750,1.550,1.548,1024.1,276.20438,53.24199
1789867377.016,8281,5.19930,0.60991,3.17111,1.551,1.548,1024.1,276.23605,53.24808
1789867377.026,8282,5.20804,0.59048,3.07524,1.551,1.548,1024.1,276.26677,53.25398
1789867377.036,8283,5.20554,0.58998,3.07116,1.551,1.548,998.5,276.29745,53.25988
1789867377.046,8284,5.20179,0.61739,3.21153,1.550,1.548,998.5,276.32957,53.26605
1789867377.056,8285,5.21054,0.58948,3.07151,1.551,1.548,1024.1,276.36028,53.27194
1789867377.066,8286,5.20054,0.63258,3.28976,1.551,1.548,998.5,276.39318,53.27827
1789867377.076,8287,5.20554,0.59297,3.08673,1.551,1.548,1024.1,276.42405,53.28420
1789867377.086,8288,5.20554,0.59172,3.08022,1.550,1.548,1024.1,276.45474,53.29010
1789867377.096,8289,5.18953,0.60468,3.13801,1.550,1.548,1024.1,276.48600,53.29612
1789867377.106,8290,5.20429,0.58325,3.03540,1.550,1.548,1024.1,276.51624,53.30193
1789867377.116,8291,5.20679,0.58325,3.03686,1.550,1.548,1024.1,276.54650,53.30774
1789867377.126,8292,5.20054,0.61365,3.19131,1.551,1.548,1024.1,276.57852,53.31390
1789867377.136,8293,5.20804,0.59322,3.08951,1.551,1.548,1024.1,276.60952,53.31985
1789867377.146,8294,5.20804,0.59222,3.08431,1.551,1.548,1024.1,276.64047,53.32580
1789867377.156,8295,5.18953,0.63034,3.27117,1.551,1.548,1024.1,276.67330,53.33212
1789867377.166,8296,5.19058,0.60493,3.13994,1.551,1.548,1024.1,276.70471,53.33817
1789867377.176,8297,5.19058,0.61041,3.16838,1.550,1.548,1024.1,276.73640,53.34428
1789867377.186,8298,5.20429,0.58998,3.07043,1.549,1.548,1024.1,276.76711,53.35018
1789867377.196,8299,5.20554,0.59546,3.09969,1.550,1.548,1024.1,276.79812,53.35613
1789867377.206,8300,5.19058,0.63308,3.28605,1.550,1.547,1024.1,276.83101,53.36247
1789867377.216,8301,5.20554,0.58450,3.04264,1.550,1.548,1024.1,276.86147,53.36832
1789867377.226,8302,5.20179,0.61016,3.17392,1.550,1.548,1024.1,276.89324,53.37443
1789867377.236,8303,5.20929,0.58674,3.05650,1.550,1.548,1024.1,276.92384,53.38030
1789867377.246,8304,5.19058,0.58201,3.02097,1.551,1.548,1024.1,276.95404,53.38612
1789867377.256,8305,5.19058,0.63159,3.27832,1.551,1.548,1024.1,276.98681,53.39244
1789867377.266,8306,5.19214,0.60069,3.11887,1.551,1.548,1024.1,277.01798,53.39844
1789867377.276,8307,5.19214,0.63408,3.29223,1.551,1.548,1024.1,277.05089,53.40478
1789867377.286,8308,5.20679,0.59172,3.08096,1.550,1.548,1024.1,277.08175,53.41071
1789867377.297,8309,5.20679,0.61589,3.20681,1.551,1.548,1024.1,277.11388,53.41687
1789867377.307,8310,5.20304,0.63308,3.29394,1.551,1.548,1024.1,277.14687,53.42322
1789867377.317,8311,5.20929,0.59421,3.09541,1.551,1.548,1024.1,277.17788,53.42917
1789867377.327,8312,5.20429,0.60867,3.16770,1.551,1.548,1024.1,277.20944,53.43523
1789867377.336,8313,5.19214,0.62810,3.26118,1.551,1.548,1024.1,277.24193,53.44149
1789867377.346,8314,5.20554,0.58275,3.03353,1.551,1.548,1024.1,277.27215,53.44730
1789867377.356,8315,5.19214,0.61240,3.17967,1.551,1.548,1024.1,277.30383,53.45340
1789867377.366,8316,5.20804,0.58525,3.04801,1.551,1.548,1024.1,277.33439,53.45927
1789867377.376,8317,5.19366,0.66173,3.43680,1.550,1.548,1024.1,277.36885,53.46590
1789867377.386,8318,5.19366,0.65102,3.38118,1.551,1.548,1024.1,277.40275,53.47243
1789867377.397,8319,5.19366,0.63952,3.32145,1.551,1.548,1024.1,277.43606,53.47884
1789867377.406,8320,5.19366,0.61340,3.18579,1.550,1.548,1024.1,277.46787,53.48497
1789867377.416,8321,5.20679,0.58799,3.06154,1.550,1.548,1024.1,277.49845,53.49084
1789867377.426,8322,5.20429,0.58275,3.03280,1.550,1.548,1024.1,277.52874,53.49666
1789867377.436,8323,5.19366,0.61440,3.19098,1.551,1.548,1024.1,277.56060,53.50279
1789867377.446,8324,5.20804,0.58998,3.07264,1.549,1.548,1024.1,277.59136,53.50870
1789867377.456,8325,5.20554,0.59023,3.07247,1.550,1.548,1024.1,277.62212,53.51461
1789867377.466,8326,5.19456,0.61863,3.21351,1.550,1.548,1024.1,277.65429,53.52080
1789867377.476,8327,5.19456,0.65750,3.41542,1.550,1.548,1024.1,277.68848,53.52738
1789867377.486,8328,5.19456,0.61639,3.20187,1.550,1.548,1024.1,277.72040,53.53353
1789867377.496,8329,5.20679,0.59920,3.11991,1.550,1.548,1024.1,277.75149,53.53950
1789867377.506,8330,5.20554,0.58525,3.04654,1.550,1.548,1024.1,277.78185,53.54533
1789867377.516,8331,5.19456,0.60568,3.14624,1.550,1.548,1024.1,277.81321,53.55137
1789867377.526,8332,5.20804,0.58824,3.06358,1.551,1.548,1024.1,277.84395,53.55727
1789867377.536,8333,5.20554,0.59845,3.11526,1.551,1.548,1024.1,277.87520,53.56328
1789867377.546,8334,5.19456,0.60717,3.15398,1.551,1.548,1024.1,277.90685,53.56937
1789867377.556,8335,5.20804,0.58475,3.04540,1.551,1.548,1024.1,277.93741,53.57523
1789867377.567,8336,5.20679,0.58525,3.04727,1.552,1.548,1024.1,277.96790,53.58109
1789867377.577,8337,5.18055,0.61813,3.20225,1.552,1.548,1024.1,277.99995,53.58728
1789867377.587,8338,5.19562,0.58898,3.06012,1.551,1.548,1024.1,278.03058,53.59317
1789867377.597,8339,5.20679,0.59347,3.09007,1.551,1.548,1024.1,278.06151,53.59911
1789867377.606,8340,5.19562,0.60991,3.16886,1.552,1.548,1024.1,278.09306,53.60519
1789867377.616,8341,5.21054,0.58923,3.07021,1.551,1.548,1024.1,278.12364,53.61105
1789867377.626,8342,5.20804,0.58525,3.04801,1.551,1.548,1024.1,278.15399,53.61688
1789867377.636,8343,5.19562,0.60543,3.14558,1.551,1.548,1024.1,278.18531,53.62291
1789867377.646,8344,5.20804,0.58774,3.06097,1.551,1.548,1024.1,278.21603,53.62881
1789867377.656,8345,5.19562,0.61041,3.17146,1.550,1.548,1024.1,278.24786,53.63493
1789867377.666,8346,5.19694,0.58400,3.03501,1.550,1.548,1024.1,278.27831,53.64080
1789867377.677,8347,5.19694,0.59272,3.08033,1.551,1.548,1024.1,278.30923,53.64674
1789867377.686,8348,5.19694,0.62577,3.25209,1.550,1.548,1024.1,278.34158,53.65297
1789867377.696,8349,5.19694,0.59272,3.08033,1.551,1.548,1024.1,278.37222,53.65886
1789867377.706,8350,5.19694,0.59621,3.09847,1.551,1.548,1024.1,278.40304,53.66479
1789867377.716,8351,5.19694,0.61066,3.17356,1.551,1.548,1024.1,278.43460,53.67087
1789867377.726,8352,5.19694,0.57976,3.01298,1.551,1.548,1024.1,278.46478,53.67668
1789867377.736,8353,5.19694,0.58101,3.01947,1.551,1.548,1024.1,278.49503,53.68250
1789867377.746,8354,5.19694,0.62577,3.25209,1.551,1.548,1024.1,278.52760,53.68876
1789867377.756,8355,5.19694,0.58898,3.06089,1.550,1.548,1024.1,278.55826,53.69466
1789867377.766,8356,5.19823,0.60966,3.16915,1.550,1.548,1024.1,278.59004,53.70078
1789867377.776,8357,5.19823,0.58998,3.06685,1.551,1.548,1024.1,278.62080,53.70669
1789867377.786,8358,5.19823,0.59995,3.11868,1.551,1.548,1024.1,278.65207,53.71271
1789867377.796,8359,5.19823,0.63707,3.31164,1.551,1.548,1024.1,278.68528,53.71910
1789867377.806,8360,5.19823,0.59297,3.08239,1.551,1.548,1024.1,278.71611,53.72503
1789867377.816,8361,5.19823,0.58250,3.02797,1.551,1.548,1024.1,278.74640,53.73086
1789867377.826,8362,5.19823,0.62110,3.22862,1.551,1.548,1024.1,278.77869,53.73707
1789867377.836,8363,5.20929,0.58774,3.06171,1.551,1.548,1024.1,278.80931,53.74295
1789867377.846,8364,5.19823,0.62110,3.22862,1.550,1.548,1024.1,278.84156,53.74915
1789867377.856,8365,5.19823,0.63408,3.29609,1.551,1.548,1024.1,278.87448,53.75548
1789867377.866,8366,5.19940,0.61595,3.20257,1.550,1.548,1024.1,278.90647,53.76163
1789867377.876,8367,5.19940,0.61595,3.20257,1.550,1.548,1024.1,278.93845,53.76779
1789867377.886,8368,5.19940,0.58998,3.06754,1.550,1.548,1024.1,278.96901,53.77366
1789867377.896,8369,5.19940,0.61595,3.20257,1.550,1.548,1024.1,279.00091,53.77980
1789867377.906,8370,5.19940,0.58873,3.06104,1.550,1.547,1024.1,279.03140,53.78566
1789867377.916,8371,5.19940,0.61595,3.20257,1.550,1.548,1024.1,279.06330,53.79180
1789867377.926,8372,5.19940,0.63856,3.32013,1.550,1.548,1024.1,279.09673,53.79823
1789867377.936,8373,5.19940,0.59023,3.06884,1.550,1.548,1024.1,279.12763,53.80417
1789867377.946,8374,5.19940,0.61595,3.20257,1.551,1.548,1024.1,279.15988,53.81037
1789867377.957,8375,5.19940,0.59023,3.06884,1.550,1.548,1024.1,279.19078,53.81632
1789867377.967,8376,5.20120,0.60871,3.16602,1.551,1.548,1024.1,279.22237,53.82239
1789867377.977,8377,5.20120,0.63109,3.28243,1.551,1.548,1024.1,279.25512,53.82869
1789867377.986,8378,5.20120,0.59521,3.09581,1.550,1.548,1024.1,279.28600,53.83462
1789867377.996,8379,5.20120,0.62137,3.23187,1.551,1.548,1024.1,279.31825,53.84082
1789867378.006,8380,5.20120,0.59247,3.08155,1.550,1.548,1024.1,279.34902,53.84674
1789867378.016,8381,5.20120,0.59720,3.10616,1.551,1.548,1024.1,279.38003,53.85270
1789867378.026,8382,5.20120,0.60871,3.16602,1.551,1.548,1024.1,279.41165,53.85878
1789867378.036,8383,5.20120,0.60871,3.16602,1.550,1.548,1024.1,279.44326,53.86486
1789867378.046,8384,5.20120,0.58774,3.05695,1.551,1.548,1024.1,279.47390,53.87075
1789867378.056,8385,5.20120,0.60871,3.16602,1.550,1.548,1024.1,279.50563,53.87685
1789867378.066,8386,5.20218,0.58375,3.03677,1.550,1.548,1024.1,279.53607,53.88270
1789867378.076,8387,5.20218,0.62262,3.23898,1.550,1.548,1024.1,279.56854,53.88894
1789867378.086,8388,5.20218,0.60515,3.14810,1.550,1.548,1024.1,279.59983,53.89496
1789867378.096,8389,5.20218,0.60515,3.14810,1.550,1.548,1024.1,279.63113,53.90097
1789867378.106,8390,5.20218,0.61813,3.21562,1.550,1.548,1024.1,279.66310,53.90712
1789867378.116,8391,5.20218,0.59098,3.07438,1.550,1.548,1024.1,279.69366,53.91300
1789867378.126,8392,5.20218,0.58375,3.03677,1.551,1.548,1024.1,279.72412,53.91885
1789867378.136,8393,5.20218,0.60515,3.14810,1.550,1.548,1024.1,279.75569,53.92492
1789867378.146,8394,5.20218,0.58325,3.03417,1.551,1.548,1024.1,279.78612,53.93077
1789867378.156,8395,5.20218,0.58549,3.04582,1.550,1.548,1024.1,279.81667,53.93664
1789867378.166,8396,5.20218,0.61539,3.20137,1.551,1.548,1024.1,279.84877,53.94281
1789867378.176,8397,5.20218,0.60524,3.14857,1.551,1.548,1024.1,279.88035,53.94888
1789867378.186,8398,5.20218,0.60524,3.14857,1.552,1.548,1024.1,279.91192,53.95495
1789867378.196,8399,5.20218,0.60524,3.14857,1.551,1.548,1024.1,279.94349,53.96102
1789867378.206,8400,5.20218,0.58549,3.04582,1.551,1.548,1024.1,279.97385,53.96685
1789867378.216,8401,5.20218,0.60524,3.14857,1.551,1.548,1024.1,280.00522,53.97289
1789867378.226,8402,5.20218,0.58973,3.06788,1.551,1.548,1024.1,280.03580,53.97876
1789867378.236,8403,5.20218,0.59222,3.08084,1.551,1.548,1024.1,280.06650,53.98466
1789867378.246,8404,5.20218,0.60524,3.14857,1.549,1.548,1024.1,280.09807,53.99073
1789867378.256,8405,5.20218,0.58350,3.03547,1.550,1.548,1024.1,280.12852,53.99659
1789867378.266,8406,5.20233,0.58525,3.04466,1.550,1.548,1024.1,280.15905,54.00246
1789867378.276,8407,5.20233,0.60533,3.14913,1.550,1.548,1024.1,280.19064,54.00853
1789867378.286,8408,5.20233,0.58624,3.04981,1.550,1.548,1024.1,280.22115,54.01439
1789867378.296,8409,5.19055,0.61988,3.21752,1.550,1.548,1024.1,280.25334,54.02060
1789867378.306,8410,5.20233,0.59122,3.07572,1.550,1.548,1024.1,280.28412,54.02651
1789867378.316,8411,5.20233,0.59297,3.08483,1.551,1.548,1024.1,280.31498,54.03244
1789867378.326,8412,5.20233,0.63508,3.30390,1.551,1.548,1024.1,280.34800,54.03879
1789867378.336,8413,5.20233,0.58226,3.02911,1.551,1.548,1024.1,280.37827,54.04461
1789867378.346,8414,5.20233,0.60533,3.14913,1.551,1.548,1024.1,280.40973,54.05066
1789867378.356,8415,5.20233,0.58699,3.05372,1.551,1.548,1024.1,280.44025,54.05652
1789867378.366,8416,5.20233,0.58151,3.02521,1.551,1.548,1024.1,280.47049,54.06233
1789867378.376,8417,5.20233,0.62038,3.22742,1.551,1.548,1024.1,280.50275,54.06854
1789867378.386,8418,5.20233,0.58699,3.05372,1.551,1.548,1024.1,280.53327,54.07440
1789867378.396,8419,5.19055,0.62635,3.25110,1.551,1.548,1024.1,280.56577,54.08066
1789867378.406,8420,5.20233,0.64977,3.38032,1.551,1.548,1024.1,280.59959,54.08716
1789867378.416,8421,5.18930,0.63906,3.31627,1.551,1.548,1024.1,280.63276,54.09356
1789867378.426,8422,5.20233,0.58824,3.06022,1.551,1.548,1024.1,280.66337,54.09944
1789867378.436,8423,5.20233,0.59122,3.07572,1.551,1.548,1024.1,280.69414,54.10536
1789867378.446,8424,5.20233,0.62586,3.25593,1.551,1.548,1024.1,280.72671,54.11162
1789867378.456,8425,5.19055,0.62337,3.23563,1.551,1.548,1024.1,280.75907,54.11785
1789867378.466,8426,5.20229,0.60565,3.15077,1.551,1.548,1024.1,280.79059,54.12391
1789867378.476,8427,5.20229,0.62386,3.24550,1.551,1.548,1024.1,280.82305,54.13015
1789867378.486,8428,5.20229,0.59521,3.09646,1.550,1.548,1024.1,280.85392,54.13608
1789867378.496,8429,5.20229,0.65077,3.38549,1.550,1.548,1024.1,280.88768,54.14257
1789867378.506,8430,5.20229,0.65002,3.38159,1.550,1.548,1024.1,280.92139,54.14905
1789867378.516,8431,5.20229,0.59098,3.07445,1.549,1.547,1024.1,280.95204,54.15494
1789867378.526,8432,5.20229,0.61938,3.22219,1.549,1.548,1024.1,280.98429,54.16114
1789867378.536,8433,5.20229,0.58699,3.05369,1.550,1.548,1024.1,281.01485,54.16702
1789867378.546,8434,5.20229,0.60565,3.15077,1.550,1.548,1024.1,281.04639,54.17308
1789867378.556,8435,5.20229,0.59297,3.08480,1.550,1.548,1024.1,281.07726,54.17901
1789867378.566,8436,5.20237,0.59372,3.08875,1.551,1.548,1024.1,281.10820,54.18496
1789867378.576,8437,5.20237,0.60528,3.14889,1.551,1.548,1024.1,281.13974,54.19102
1789867378.586,8438,5.20237,0.58923,3.06539,1.551,1.548,1024.1,281.17044,54.19693
1789867378.596,8439,5.20237,0.62337,3.24300,1.551,1.548,1024.1,281.20292,54.20317
1789867378.606,8440,5.20237,0.60528,3.14889,1.551,1.548,1024.1,281.23442,54.20922
1789867378.616,8441,5.20237,0.59297,3.08485,1.551,1.548,1024.1,281.26528,54.21515
1789867378.626,8442,5.20237,0.62710,3.26241,1.551,1.548,1024.1,281.29791,54.22143
1789867378.636,8443,5.20237,0.58525,3.04469,1.551,1.548,1024.1,281.32836,54.22728
1789867378.646,8444,5.20237,0.58699,3.05374,1.550,1.548,1024.1,281.35890,54.23315
1789867378.656,8445,5.20237,0.60528,3.14889,1.550,1.548,1024.1,281.39039,54.23920
1789867378.666,8446,5.20249,0.58674,3.05251,1.550,1.548,1024.1,281.42091,54.24507
1789867378.676,8447,5.20249,0.58749,3.05641,1.549,1.548,1024.1,281.45148,54.25095
1789867378.686,8448,5.20249,0.60505,3.14777,1.549,1.548,1024.1,281.48283,54.25697
1789867378.696,8449,5.20249,0.58375,3.03695,1.550,1.548,1024.1,281.51308,54.26279
1789867378.706,8450,5.20249,0.63308,3.29359,1.550,1.548,1024.1,281.54588,54.26909
1789867378.716,8451,5.20249,0.59297,3.08492,1.550,1.548,1024.1,281.57661,54.27500
1789867378.726,8452,5.20249,0.58898,3.06416,1.551,1.548,1024.1,281.60728,54.28089
1789867378.736,8453,5.20249,0.60505,3.14777,1.551,1.548,1024.1,281.63879,54.28695
1789867378.746,8454,5.20249,0.58873,3.06286,1.551,1.548,1024.1,281.66944,54.29284
1789867378.756,8455,5.20249,0.60505,3.14777,1.551,1.548,1024.1,281.70095,54.29890
1789867378.766,8456,5.20245,0.58674,3.05249,1.551,1.548,1024.1,281.73156,54.30478
1789867378.776,8457,5.20245,0.58674,3.05249,1.551,1.548,1024.1,281.76217,54.31067
1789867378.786,8458,5.20245,0.60509,3.14795,1.551,1.548,1024.1,281.79374,54.31673
1789867378.796,8459,5.20245,0.59122,3.07579,1.551,1.548,1024.1,281.82458,54.32266
1789867378.806,8460,5.18055,0.65301,3.38295,1.550,1.548,1024.1,281.85843,54.32920
1789867378.816,8461,5.20245,0.63258,3.29097,1.550,1.548,1024.1,281.89135,54.33552
1789867378.826,8462,5.20245,0.63632,3.31042,1.550,1.548,1024.1,281.92447,54.34189
1789867378.836,8463,5.18555,0.69363,3.59685,1.551,1.548,1024.1,281.96045,54.34883
1789867378.846,8464,5.19180,0.65351,3.39289,1.551,1.548,1024.1,281.99437,54.35536
1789867378.856,8465,5.20245,0.61564,3.20284,1.550,1.548,1024.1,282.02639,54.36152
1789867378.866,8466,5.20179,0.59347,3.08711,1.551,1.548,1024.1,282.05725,54.36745
1789867378.876,8467,5.20179,0.58873,3.06245,1.551,1.548,1024.1,282.08786,54.37334
1789867378.886,8468,5.19055,0.60769,3.15425,1.550,1.548,1024.1,282.11941,54.37941
1789867378.896,8469,5.20179,0.58624,3.04950,1.550,1.548,1024.1,282.14991,54.38528
1789867378.906,8470,5.20179,0.61788,3.21408,1.550,1.548,1024.1,282.18206,54.39146
1789867378.916,8471,5.20179,0.59322,3.08581,1.551,1.548,1024.1,282.21292,54.39739
1789867378.926,8472,5.20179,0.60769,3.16108,1.550,1.548,1024.1,282.24454,54.40347
1789867378.936,8473,5.19055,0.65326,3.39078,1.550,1.548,1024.1,282.27846,54.41000
1789867378.946,8474,5.20179,0.59147,3.07670,1.550,1.548,1024.1,282.30924,54.41592
1789867378.956,8475,5.20179,0.66622,3.46554,1.550,1.548,1024.1,282.34391,54.42259
1789867378.966,8476,5.20163,0.58898,3.06366,1.551,1.548,1024.1,282.37456,54.42848
1789867378.976,8477,5.20163,0.60841,3.16472,1.550,1.548,1024.1,282.40622,54.43456
1789867378.986,8478,5.20163,0.63433,3.29955,1.551,1.548,1024.1,282.43922,54.44091
1789867378.996,8479,5.20163,0.62187,3.23474,1.551,1.548,1024.1,282.47158,54.44713
1789867379.006,8480,5.18305,0.64703,3.35359,1.551,1.548,1024.1,282.50502,54.45358
1789867379.016,8481,5.20163,0.60841,3.16472,1.551,1.548,1024.1,282.53658,54.45965
1789867379.026,8482,5.20163,0.60841,3.16472,1.550,1.548,1024.1,282.56814,54.46572
1789867379.036,8483,5.20163,0.63981,3.32805,1.550,1.548,1024.1,282.60133,54.47210
1789867379.046,8484,5.20163,0.58873,3.06236,1.549,1.548,1024.1,282.63200,54.47799
1789867379.056,8485,5.20163,0.60841,3.16472,1.550,1.547,1024.1,282.66369,54.48408
1789867379.066,8486,5.20163,0.60846,3.16498,1.550,1.548,1024.1,282.69538,54.49018
1789867379.076,8487,5.20163,0.58824,3.05981,1.550,1.548,1024.1,282.72602,54.49607
1789867379.086,8488,5.20163,0.62062,3.22824,1.549,1.548,1024.1,282.75821,54.50226
1789867379.096,8489,5.20163,0.58500,3.04295,1.550,1.548,1024.1,282.78854,54.50809
1789867379.106,8490,5.20163,0.62810,3.26714,1.550,1.548,1024.1,282.82111,54.51435
1789867379.116,8491,5.18430,0.68640,3.55850,1.550,1.548,1024.1,282.85659,54.52119
1789867379.126,8492,5.20163,0.59696,3.10517,1.550,1.548,1024.1,282.88776,54.52718
1789867379.136,8493,5.20163,0.60846,3.16498,1.550,1.548,1024.1,282.91953,54.53329
1789867379.146,8494,5.20163,0.58998,3.06886,1.551,1.548,1024.1,282.95034,54.53921
1789867379.156,8495,5.20163,0.60846,3.16498,1.550,1.548,1024.1,282.98211,54.54532
1789867379.166,8496,5.20151,0.64654,3.36298,1.551,1.548,1024.1,283.01574,54.55179
1789867379.176,8497,5.20151,0.59073,3.07269,1.552,1.548,1024.1,283.04647,54.55770
1789867379.186,8498,5.20151,0.62287,3.23986,1.551,1.548,1024.1,283.07887,54.56393
1789867379.196,8499,5.20151,0.59347,3.08694,1.551,1.548,1024.1,283.10975,54.56986
1789867379.206,8500,5.20151,0.61988,3.22431,1.551,1.548,1024.1,283.14182,54.57603
1789867379.216,8501,5.18805,0.60887,3.15885,1.551,1.548,1024.1,283.17324,54.58208
1789867379.226,8502,5.20151,0.59222,3.08044,1.551,1.548,1024.1,283.20388,54.58797
1789867379.236,8503,5.20151,0.60887,3.16704,1.551,1.548,1024.1,283.23538,54.59403
1789867379.246,8504,5.20151,0.60887,3.16704,1.551,1.548,1024.1,283.26722,54.60015
1789867379.256,8505,5.20151,0.59521,3.09599,1.551,1.548,1024.1,283.29834,54.60613
1789867379.266,8506,5.20155,0.60911,3.16832,1.551,1.548,1024.1,283.33019,54.61226
1789867379.276,8507,5.20155,0.58375,3.03640,1.551,1.548,1024.1,283.36071,54.61813
1789867379.286,8508,5.20155,0.58549,3.04546,1.551,1.548,1024.1,283.39102,54.62395
1789867379.296,8509,5.20155,0.60911,3.16832,1.551,1.548,1024.1,283.42254,54.63001
1789867379.306,8510,5.20155,0.58425,3.03901,1.551,1.548,1024.1,283.45278,54.63583
1789867379.316,8511,5.20155,0.62885,3.27099,1.551,1.548,1024.1,283.48533,54.64208
1789867379.326,8512,5.20155,0.64753,3.36816,1.551,1.548,1024.1,283.51910,54.64857
1789867379.336,8513,5.20155,0.59247,3.08176,1.551,1.548,1024.1,283.54999,54.65451
1789867379.346,8514,5.20155,0.60911,3.16832,1.551,1.548,1024.1,283.58175,54.66062
1789867379.356,8515,5.20155,0.58824,3.05976,1.551,1.548,1024.1,283.61242,54.66652
1789867379.366,8516,5.20151,0.58425,3.03898,1.551,1.548,1024.1,283.64292,54.67238
1789867379.376,8517,5.20151,0.60972,3.17146,1.551,1.548,1024.1,283.67476,54.67850
1789867379.386,8518,5.20151,0.58973,3.06749,1.552,1.548,1024.1,283.70554,54.68442
1789867379.397,8519,5.20151,0.58400,3.03768,1.551,1.548,1024.1,283.73603,54.69028
1789867379.406,8520,5.20151,0.60972,3.17146,1.551,1.548,1024.1,283.76765,54.69636
1789867379.416,8521,5.20151,0.60972,3.17146,1.551,1.548,1024.1,283.79926,54.70244
1789867379.426,8522,5.20151,0.60972,3.17146,1.551,1.548,1024.1,283.83088,54.70852
1789867379.436,8523,5.20151,0.58624,3.04933,1.551,1.548,1024.1,283.86128,54.71436
1789867379.446,8524,5.20151,0.59147,3.07654,1.550,1.548,1024.1,283.89208,54.72028
1789867379.456,8525,5.20151,0.60972,3.17146,1.550,1.548,1024.1,283.92382,54.72638
1789867379.466,8526,5.20183,0.58350,3.03527,1.551,1.548,1024.1,283.95421,54.73223
1789867379.476,8527,5.20183,0.60846,3.16511,1.550,1.548,1024.1,283.98589,54.73832
1789867379.486,8528,5.20183,0.58450,3.04047,1.551,1.548,1024.1,284.01619,54.74414
1789867379.496,8529,5.20183,0.58624,3.04952,1.551,1.548,1024.1,284.04658,54.74998
1789867379.506,8530,5.20183,0.64429,3.35149,1.550,1.547,1024.1,284.07997,54.75640
1789867379.516,8531,5.20183,0.58824,3.05992,1.549,1.547,1024.1,284.11046,54.76226
1789867379.526,8532,5.18680,0.65625,3.40384,1.549,1.547,1024.1,284.14465,54.76886
1789867379.536,8533,5.20183,0.59397,3.08973,1.549,1.547,1024.1,284.17568,54.77482
1789867379.546,8534,5.20183,0.60846,3.16511,1.549,1.547,1024.1,284.20746,54.78093
1789867379.556,8535,5.20183,0.63233,3.28927,1.549,1.547,1024.1,284.24050,54.78728
1789867379.566,8536,5.20183,0.59098,3.07418,1.550,1.548,1024.1,284.27123,54.79319
1789867379.576,8537,5.20183,0.58525,3.04437,1.550,1.548,1024.1,284.30165,54.79904
1789867379.586,8538,5.20183,0.63034,3.27892,1.550,1.548,1024.1,284.33443,54.80534
1789867379.596,8539,5.20183,0.58624,3.04952,1.551,1.548,1024.1,284.36491,54.81120
1789867379.606,8540,5.20183,0.60859,3.16578,1.551,1.548,1024.1,284.39651,54.81727
1789867379.616,8541,5.20183,0.62710,3.26207,1.551,1.548,1024.1,284.42908,54.82353
1789867379.626,8542,5.18430,0.65974,3.42029,1.551,1.548,1024.1,284.46323,54.83012
1789867379.636,8543,5.20183,0.64155,3.33723,1.550,1.548,1024.1,284.49654,54.83653
1789867379.646,8544,5.20183,0.63258,3.29057,1.551,1.548,1024.1,284.52949,54.84286
1789867379.656,8545,5.20183,0.64006,3.32948,1.551,1.548,1024.1,284.56283,54.84927
1789867379.666,8546,5.18305,0.67070,3.47627,1.551,1.548,1024.1,284.59764,54.85598
1789867379.676,8547,5.20151,0.60986,3.17219,1.551,1.548,1024.1,284.62940,54.86209
1789867379.686,8548,5.20151,0.64255,3.34223,1.551,1.548,1024.1,284.66270,54.86849
1789867379.696,8549,5.20151,0.67917,3.53271,1.552,1.548,1024.1,284.69790,54.87526
1789867379.706,8550,5.20151,0.62212,3.23596,1.551,1.548,1024.1,284.73014,54.88146
1789867379.716,8551,5.20151,0.65974,3.43164,1.551,1.548,1024.1,284.76433,54.88803
1789867379.726,8552,5.20151,0.63632,3.30982,1.552,1.548,1024.1,284.79746,54.89440
1789867379.736,8553,5.20151,0.60986,3.17219,1.551,1.548,1024.1,284.82922,54.90051
1789867379.746,8554,5.20151,0.59546,3.09729,1.551,1.548,1024.1,284.86022,54.90647
1789867379.756,8555,5.20151,0.59322,3.08564,1.551,1.548,1024.1,284.89111,54.91241
1789867379.766,8556,5.20101,0.61215,3.18380,1.550,1.548,1024.1,284.92309,54.91855
1789867379.776,8557,5.20101,0.59023,3.06979,1.551,1.548,1024.1,284.95391,54.92448
1789867379.786,8558,5.20101,0.61215,3.18380,1.551,1.548,1024.1,284.98589,54.93063
1789867379.796,8559,5.20101,0.58873,3.06199,1.551,1.548,1024.1,285.01664,54.93654
1789867379.806,8560,5.20101,0.58923,3.06459,1.551,1.548,1024.1,285.04724,54.94242
1789867379.816,8561,5.20101,0.61215,3.18380,1.551,1.548,1024.1,285.07904,54.94854
1789867379.826,8562,5.20101,0.58151,3.02444,1.552,1.548,1024.1,285.10925,54.95435
1789867379.836,8563,5.18680,0.66124,3.42972,1.551,1.548,1024.1,285.14350,54.96095
1789867379.846,8564,5.20101,0.59197,3.07884,1.551,1.548,1024.1,285.17431,54.96687
1789867379.856,8565,5.20101,0.59147,3.07624,1.550,1.548,1024.1,285.20510,54.97279
1789867379.866,8566,5.20144,0.61037,3.17480,1.551,1.548,1024.1,285.23687,54.97890
1789867379.876,8567,5.20144,0.58824,3.05970,1.551,1.548,1024.1,285.26750,54.98479
1789867379.886,8568,5.20144,0.58151,3.02469,1.551,1.548,1024.1,285.29754,54.99057
1789867379.896,8569,5.20144,0.61037,3.17480,1.551,1.548,1024.1,285.32908,54.99663
1789867379.906,8570,5.20144,0.58525,3.04414,1.550,1.548,1024.1,285.35932,55.00244
1789867379.916,8571,5.20144,0.58873,3.06224,1.550,1.548,1024.1,285.38973,55.00829
1789867379.926,8572,5.20144,0.61037,3.17480,1.550,1.548,1024.1,285.42155,55.01441
1789867379.936,8573,5.20144,0.59795,3.11020,1.550,1.548,1024.1,285.45273,55.02040
1789867379.946,8574,5.20144,0.61037,3.17480,1.550,1.548,1024.1,285.48454,55.02652
1789867379.956,8575,5.20144,0.58525,3.04414,1.551,1.548,1024.1,285.51505,55.03238
1789867379.966,8576,5.20159,0.58848,3.06103,1.551,1.548,1024.1,285.54576,55.03829
1789867379.976,8577,5.20159,0.60904,3.16798,1.552,1.548,1024.1,285.57755,55.04440
1789867379.986,8578,5.20159,0.58300,3.03253,1.551,1.548,1024.1,285.60797,55.05025
1789867379.996,8579,5.20159,0.60904,3.16798,1.551,1.548,1024.1,285.63975,55.05636
1789867380.006,8580,5.20159,0.58724,3.05458,1.551,1.548,1024.1,285.67026,55.06222
1789867380.016,8581,5.20159,0.58325,3.03383,1.551,1.548,1024.1,285.70056,55.06805
1789867380.026,8582,5.20159,0.62013,3.22566,1.551,1.548,1024.1,285.73278,55.07424
1789867380.036,8583,5.20159,0.59870,3.11419,1.550,1.548,1024.1,285.76388,55.08022
1789867380.046,8584,5.18805,0.65924,3.42017,1.551,1.548,1024.1,285.79813,55.08682
1789867380.056,8585,5.20159,0.64404,3.35003,1.551,1.548,1024.1,285.83167,55.09327
1789867380.066,8586,5.20132,0.59397,3.08943,1.551,1.548,1024.1,285.86260,55.09922
1789867380.076,8587,5.20132,0.60983,3.17192,1.550,1.548,1024.1,285.89436,55.10532
1789867380.086,8588,5.20132,0.59272,3.08293,1.551,1.548,1024.1,285.92527,55.11127
1789867380.096,8589,5.20132,0.58500,3.04277,1.551,1.548,1024.1,285.95579,55.11713
1789867380.107,8590,5.18680,0.60983,3.16307,1.551,1.548,1024.1,285.98751,55.12325
1789867380.117,8591,5.20132,0.58923,3.06477,1.551,1.548,1024.1,286.01825,55.12916
1789867380.126,8592,5.20132,0.59421,3.09068,1.551,1.548,1024.1,286.04899,55.13507
1789867380.136,8593,5.18555,0.63831,3.30999,1.551,1.548,1024.1,286.08191,55.14142
1789867380.146,8594,5.18930,0.66124,3.43137,1.550,1.548,1024.1,286.11604,55.14799
1789867380.156,8595,5.20132,0.59471,3.09328,1.550,1.548,1024.1,286.14681,55.15391
1789867380.166,8596,5.20116,0.63831,3.31995,1.550,1.548,1024.1,286.18011,55.16031
1789867380.176,8597,5.20116,0.58400,3.03748,1.550,1.548,1024.1,286.21059,55.16617
1789867380.186,8598,5.20116,0.61032,3.17437,1.551,1.548,1024.1,286.24243,55.17229
1789867380.196,8599,5.20116,0.63258,3.29015,1.551,1.548,1024.1,286.27544,55.17864
1789867380.206,8600,5.20116,0.62536,3.25260,1.551,1.548,1024.1,286.30779,55.18486
1789867380.216,8601,5.20116,0.64878,3.37441,1.551,1.548,1024.1,286.34135,55.19131
1789867380.226,8602,5.20116,0.59421,3.09058,1.552,1.548,1024.1,286.37209,55.19722
1789867380.236,8603,5.20116,0.61032,3.17437,1.551,1.548,1024.1,286.40366,55.20329
1789867380.246,8604,5.18055,0.69288,3.58950,1.551,1.548,1024.1,286.43972,55.21025
1789867380.256,8605,5.19055,0.64654,3.35590,1.550,1.547,1024.1,286.47344,55.21675
1789867380.266,8606,5.18180,0.66398,3.44061,1.550,1.548,1024.1,286.50800,55.22342
1789867380.276,8607,5.20081,0.64629,3.36123,1.550,1.548,1024.1,286.54177,55.22991
1789867380.286,8608,5.20081,0.58624,3.04892,1.550,1.548,1024.1,286.57224,55.23577
1789867380.296,8609,5.20081,0.61117,3.17858,1.550,1.548,1024.1,286.60401,55.24188
1789867380.306,8610,5.20081,0.58824,3.05932,1.549,1.548,1024.1,286.63459,55.24776
1789867380.316,8611,5.20081,0.59397,3.08913,1.550,1.548,1024.1,286.66547,55.25370
1789867380.326,8612,5.19055,0.59247,3.07525,1.550,1.548,1024.1,286.69620,55.25962
1789867380.336,8613,5.20081,0.61117,3.17858,1.550,1.548,1024.1,286.72797,55.26573
1789867380.346,8614,5.17930,0.68216,3.53311,1.550,1.548,1024.1,286.76327,55.27254
1789867380.356,8615,5.20081,0.59446,3.09167,1.550,1.548,1024.1,286.79417,55.27848
1789867380.366,8616,5.20065,0.62386,3.24448,1.551,1.548,1024.1,286.82659,55.28472
1789867380.376,8617,5.20065,0.59197,3.07863,1.552,1.548,1024.1,286.85735,55.29063
1789867380.386,8618,5.20065,0.59048,3.07088,1.551,1.548,1024.1,286.88804,55.29653
1789867380.396,8619,5.20065,0.61145,3.17994,1.551,1.548,1024.1,286.91981,55.30264
1789867380.406,8620,5.20065,0.58325,3.03328,1.551,1.548,1024.1,286.95013,55.30847
1789867380.416,8621,5.20065,0.61145,3.17994,1.552,1.548,1024.1,286.98191,55.31458
1789867380.426,8622,5.21179,0.60019,3.12806,1.551,1.548,1024.1,287.01317,55.32058
1789867380.436,8623,5.20065,0.59222,3.07993,1.551,1.548,1024.1,287.04396,55.32650
1789867380.446,8624,5.20065,0.61145,3.17994,1.551,1.548,1024.1,287.07580,55.33262
1789867380.456,8625,5.20065,0.58699,3.05273,1.551,1.548,1024.1,287.10638,55.33850
1789867380.466,8626,5.20062,0.58624,3.04881,1.551,1.548,1024.1,287.13691,55.34437
1789867380.476,8627,5.20062,0.61163,3.18086,1.550,1.548,1024.1,287.16876,55.35050
1789867380.486,8628,5.21304,0.58948,3.07298,1.550,1.548,1024.1,287.19949,55.35639
1789867380.496,8629,5.20062,0.58873,3.06176,1.551,1.548,1024.1,287.23011,55.36228
1789867380.506,8630,5.20062,0.61163,3.18086,1.551,1.548,1024.1,287.26191,55.36840
1789867380.516,8631,5.20062,0.58898,3.06306,1.551,1.548,1024.1,287.29254,55.37429
1789867380.526,8632,5.20062,0.61163,3.18086,1.551,1.548,1024.1,287.32439,55.38041
1789867380.536,8633,5.20062,0.57827,3.00736,1.551,1.548,1024.1,287.35450,55.38620
1789867380.546,8634,5.20062,0.63483,3.30151,1.551,1.548,1024.1,287.38756,55.39256
1789867380.556,8635,5.20062,0.61163,3.18086,1.550,1.548,1024.1,287.41942,55.39868
1789867380.566,8636,5.20077,0.59446,3.09165,1.550,1.548,1024.1,287.45026,55.40461
1789867380.576,8637,5.20077,0.59421,3.09035,1.550,1.548,1024.1,287.48110,55.41054
1789867380.586,8638,5.20077,0.61114,3.17840,1.550,1.548,1024.1,287.51281,55.41664
1789867380.596,8639,5.20077,0.58599,3.04760,1.551,1.548,1024.1,287.54322,55.42249
1789867380.606,8640,5.20077,0.58500,3.04245,1.550,1.548,1024.1,287.57365,55.42834
1789867380.616,8641,5.20077,0.62586,3.25495,1.551,1.548,1024.1,287.60620,55.43460
1789867380.626,8642,5.20077,0.58325,3.03335,1.550,1.548,1024.1,287.63653,55.44043
1789867380.636,8643,5.20077,0.61114,3.17840,1.550,1.548,1024.1,287.66831,55.44654
1789867380.646,8644,5.20077,0.59870,3.11370,1.550,1.548,1024.1,287.69951,55.45254
1789867380.656,8645,5.20077,0.64280,3.34305,1.549,1.547,1024.1,287.73300,55.45898
1789867380.666,8646,5.20081,0.62685,3.26013,1.551,1.548,1024.1,287.76566,55.46526
1789867380.676,8647,5.20081,0.58101,3.02172,1.550,1.548,1024.1,287.79594,55.47108
1789867380.686,8648,5.20081,0.58076,3.02042,1.550,1.548,1024.1,287.82602,55.47686
1789867380.696,8649,5.20081,0.61099,3.17764,1.550,1.548,1024.1,287.85768,55.48295
1789867380.706,8650,5.20081,0.59098,3.07357,1.550,1.548,1024.1,287.88829,55.48884
1789867380.716,8651,5.20081,0.61099,3.17764,1.550,1.548,1024.1,287.91994,55.49492
1789867380.726,8652,5.20081,0.63508,3.30293,1.550,1.548,1024.1,287.95310,55.50130
1789867380.736,8653,5.20081,0.61099,3.17764,1.550,1.548,1024.1,287.98501,55.50743
1789867380.746,8654,5.20081,0.61099,3.17764,1.551,1.548,1024.1,288.01691,55.51357
1789867380.756,8655,5.20081,0.59720,3.10592,1.551,1.548,1024.1,288.04809,55.51956
1789867380.766,8656,5.20155,0.60798,3.16244,1.551,1.548,1024.1,288.07960,55.52562
1789867380.776,8657,5.18930,0.59621,3.09391,1.551,1.548,1024.1,288.11043,55.53156
1789867380.786,8658,5.20155,0.61963,3.22304,1.550,1.548,1024.1,288.14254,55.53774
1789867380.796,8659,5.20155,0.64604,3.36041,1.551,1.548,1024.1,288.17603,55.54417
1789867380.806,8660,5.20155,0.58151,3.02475,1.550,1.548,1024.1,288.20630,55.54999
1789867380.816,8661,5.20155,0.60798,3.16244,1.550,1.548,1024.1,288.23795,55.55608
1789867380.826,8662,5.20155,0.59247,3.08176,1.550,1.548,1024.1,288.26880,55.56201
1789867380.836,8663,5.20155,0.60798,3.16244,1.550,1.548,1024.1,288.30045,55.56809
1789867380.846,8664,5.20155,0.64330,3.34616,1.550,1.548,1024.1,288.33401,55.57454
1789867380.856,8665,5.20155,0.65351,3.39926,1.550,1.548,1024.1,288.36811,55.58110
1789867380.866,8666,5.20147,0.60817,3.16338,1.550,1.548,1024.1,288.39984,55.58720
1789867380.876,8667,5.20147,0.59397,3.08952,1.551,1.548,1024.1,288.43082,55.59316
1789867380.886,8668,5.20147,0.59247,3.08171,1.551,1.548,1024.1,288.46156,55.59907
1789867380.896,8669,5.20147,0.60817,3.16338,1.551,1.548,1024.1,288.49311,55.60513
1789867380.906,8670,5.20147,0.63333,3.29425,1.551,1.548,1024.1,288.52596,55.61145
1789867380.916,8671,5.21179,0.58450,3.04629,1.551,1.548,1024.1,288.55634,55.61728
1789867380.926,8672,5.20147,0.60817,3.16338,1.551,1.548,1024.1,288.58795,55.62335
1789867380.936,8673,5.20147,0.58848,3.06096,1.551,1.548,1024.1,288.61853,55.62923
1789867380.946,8674,5.20147,0.60817,3.16338,1.551,1.548,1024.1,288.65013,55.63531
1789867380.956,8675,5.18305,0.60817,3.15218,1.551,1.548,1024.1,288.68163,55.64138
1789867380.966,8676,5.20163,0.59496,3.09476,1.550,1.548,1024.1,288.71266,55.64735
1789867380.976,8677,5.20163,0.60836,3.16446,1.550,1.548,1024.1,288.74439,55.65345
1789867380.986,8678,5.20163,0.59496,3.09476,1.551,1.548,1024.1,288.77542,55.65942
1789867380.996,8679,5.20163,0.59073,3.07276,1.551,1.548,1024.1,288.80623,55.66534
1789867381.006,8680,5.20163,0.62013,3.22569,1.550,1.548,1024.1,288.83851,55.67154
1789867381.016,8681,5.20163,0.58500,3.04295,1.551,1.548,1024.1,288.86895,55.67740
1789867381.026,8682,5.20163,0.58076,3.02090,1.551,1.548,1024.1,288.89918,55.68321
1789867381.036,8683,5.20163,0.60836,3.16446,1.551,1.548,1024.1,288.93084,55.68930
1789867381.046,8684,5.20163,0.59372,3.08831,1.551,1.548,1024.1,288.96172,55.69523
1789867381.056,8685,5.20163,0.62536,3.25289,1.550,1.547,1024.1,288.99426,55.70149
1789867381.066,8686,5.20171,0.64953,3.37867,1.550,1.547,1024.1,289.02804,55.70798
1789867381.076,8687,5.20171,0.58948,3.06630,1.550,1.547,1024.1,289.05871,55.71388
1789867381.086,8688,5.20171,0.60845,3.16498,1.550,1.547,1024.1,289.09030,55.71995
1789867381.096,8689,5.20171,0.58649,3.05075,1.550,1.548,1024.1,289.12076,55.72581
1789867381.106,8690,5.20171,0.58226,3.02875,1.550,1.547,1024.1,289.15099,55.73162
1789867381.116,8691,5.20171,0.60845,3.16498,1.550,1.547,1024.1,289.18258,55.73769
1789867381.126,8692,5.20171,0.58599,3.04815,1.550,1.548,1024.1,289.21311,55.74356
1789867381.136,8693,5.20171,0.60845,3.16498,1.551,1.548,1024.1,289.24481,55.74966
1789867381.146,8694,5.20171,0.60845,3.16498,1.551,1.548,1024.1,289.27651,55.75575
1789867381.156,8695,5.20171,0.60845,3.16498,1.551,1.548,1024.1,289.30821,55.76184
1789867381.166,8696,5.20210,0.65351,3.39962,1.551,1.548,1024.1,289.34215,55.76837
1789867381.176,8697,5.20210,0.58674,3.05228,1.551,1.548,1024.1,289.37261,55.77422
1789867381.186,8698,5.20210,0.59247,3.08209,1.551,1.548,1024.1,289.40338,55.78014
1789867381.196,8699,5.20210,0.59372,3.08859,1.550,1.548,1024.1,289.43421,55.78606
1789867381.206,8700,5.20210,0.58151,3.02507,1.550,1.548,1024.1,289.46436,55.79186
1789867381.216,8701,5.20210,0.58724,3.05488,1.550,1.548,1024.1,289.49480,55.79771
1789867381.226,8702,5.20210,0.60670,3.15611,1.550,1.548,1024.1,289.52626,55.80376
1789867381.236,8703,5.20210,0.59322,3.08599,1.550,1.548,1024.1,289.55702,55.80967
1789867381.246,8704,5.20210,0.58674,3.05228,1.550,1.548,1024.1,289.58772,55.81557
1789867381.256,8705,5.20210,0.63233,3.28944,1.550,1.548,1024.1,289.62080,55.82193
1789867381.266,8706,5.20233,0.59247,3.08222,1.551,1.548,1024.1,289.65180,55.82789
1789867381.276,8707,5.20233,0.60616,3.15344,1.551,1.548,1024.1,289.68352,55.83399
1789867381.286,8708,5.20233,0.60616,3.15344,1.551,1.548,1024.1,289.71490,55.84002
1789867381.296,8709,5.20233,0.58375,3.03686,1.551,1.548,1024.1,289.74512,55.84583
1789867381.306,8710,5.20233,0.63408,3.29869,1.551,1.548,1024.1,289.77794,55.85214
1789867381.316,8711,5.20233,0.59421,3.09128,1.552,1.548,1024.1,289.80871,55.85805
1789867381.326,8712,5.20233,0.60616,3.15344,1.552,1.548,1024.1,289.84032,55.86413
1789867381.336,8713,5.20233,0.57976,3.01610,1.551,1.548,1024.1,289.87055,55.86994
1789867381.346,8714,5.20233,0.58574,3.04721,1.551,1.548,1024.1,289.90110,55.87581
1789867381.356,8715,5.20233,0.62635,3.25848,1.551,1.548,1024.1,289.93377,55.88209
1789867381.366,8716,5.20276,0.60438,3.14444,1.551,1.548,1024.1,289.96528,55.88815
1789867381.376,8717,5.20276,0.64155,3.33783,1.551,1.548,1024.1,289.99872,55.89458
1789867381.386,8718,5.20276,0.58973,3.06822,1.551,1.548,1024.1,290.02947,55.90048
1789867381.396,8719,5.20276,0.61863,3.21858,1.552,1.548,1024.1,290.06172,55.90668
1789867381.406,8720,5.20276,0.63233,3.28986,1.551,1.548,1024.1,290.09450,55.91298
1789867381.416,8721,5.20276,0.60438,3.14444,1.552,1.548,1024.1,290.12583,55.91901
1789867381.426,8722,5.19180,0.62062,3.22213,1.552,1.548,1024.1,290.15794,55.92519
1789867381.436,8723,5.20276,0.58375,3.03711,1.552,1.548,1024.1,290.18821,55.93101
1789867381.446,8724,5.20276,0.62461,3.24970,1.552,1.548,1024.1,290.22082,55.93728
1789867381.456,8725,5.20276,0.59048,3.07213,1.550,1.547,1024.1,290.25165,55.94320
1789867381.466,8726,5.20288,0.61813,3.21606,1.551,1.548,1024.1,290.28393,55.94941
1789867381.476,8727,5.20288,0.63632,3.31070,1.550,1.548,1024.1,290.31716,55.95579
1789867381.486,8728,5.20288,0.58450,3.04108,1.550,1.548,1024.1,290.34747,55.96162
1789867381.496,8729,5.20288,0.61714,3.21091,1.550,1.548,1024.1,290.37948,55.96777
1789867381.506,8730,5.20288,0.58973,3.06829,1.550,1.548,1024.1,290.41006,55.97365
1789867381.516,8731,5.20288,0.60375,3.14124,1.550,1.548,1024.1,290.44138,55.97967
1789867381.526,8732,5.20288,0.63657,3.31200,1.550,1.548,1024.1,290.47453,55.98604
1789867381.536,8733,5.20288,0.58824,3.06054,1.551,1.548,1024.1,290.50516,55.99193
1789867381.546,8734,5.20288,0.60375,3.14124,1.551,1.548,1024.1,290.53660,55.99797
1789867381.556,8735,5.20288,0.58624,3.05014,1.551,1.548,1024.1,290.56713,56.00384
1789867381.566,8736,5.20284,0.60413,3.14319,1.551,1.548,1024.1,290.59860,56.00989
1789867381.576,8737,5.20284,0.58674,3.05271,1.551,1.548,1024.1,290.62917,56.01576
1789867381.586,8738,5.20284,0.60413,3.14319,1.551,1.548,1024.1,290.66064,56.02181
1789867381.596,8739,5.20284,0.61639,3.20698,1.550,1.548,1024.1,290.69275,56.02798
1789867381.606,8740,5.20284,0.59147,3.07732,1.550,1.547,1024.1,290.72358,56.03391
1789867381.616,8741,5.20284,0.60413,3.14319,1.551,1.547,1024.1,290.75507,56.03996
1789867381.626,8742,5.20284,0.58325,3.03456,1.551,1.548,1024.1,290.78547,56.04580
1789867381.636,8743,5.20284,0.58176,3.02680,1.550,1.548,1024.1,290.81579,56.05163
1789867381.646,8744,5.20284,0.60413,3.14319,1.551,1.548,1024.1,290.84720,56.05767
1789867381.656,8745,5.20284,0.58350,3.03586,1.551,1.548,1024.1,290.87753,56.06350
1789867381.666,8746,5.20280,0.60396,3.14228,1.551,1.548,1024.1,290.90892,56.06953
1789867381.676,8747,5.21304,0.60396,3.14847,1.551,1.548,1024.1,290.94038,56.07557
1789867381.686,8748,5.20280,0.58973,3.06825,1.550,1.548,1024.1,290.97089,56.08143
1789867381.696,8749,5.20280,0.60396,3.14228,1.551,1.548,1024.1,291.00214,56.08744
1789867381.706,8750,5.20280,0.58624,3.05009,1.551,1.548,1024.1,291.03247,56.09327
1789867381.716,8751,5.20280,0.60396,3.14228,1.551,1.548,1024.1,291.06372,56.09927
1789867381.726,8752,5.20280,0.58275,3.03193,1.551,1.548,1024.1,291.09418,56.10513
1789867381.736,8753,5.20280,0.59073,3.07345,1.551,1.548,1024.1,291.12504,56.11106
1789867381.746,8754,5.20280,0.60396,3.14228,1.552,1.548,1024.1,291.15660,56.11713
1789867381.756,8755,5.20280,0.58624,3.05009,1.551,1.548,1024.1,291.18724,56.12301
1789867381.766,8756,5.20284,0.61489,3.19917,1.551,1.548,1024.1,291.21924,56.12916
1789867381.776,8757,5.20284,0.59197,3.07993,1.551,1.548,1024.1,291.25004,56.13508
1789867381.786,8758,5.19180,0.63233,3.28293,1.551,1.548,1024.1,291.28288,56.14141
1789867381.796,8759,5.20284,0.61440,3.19662,1.552,1.549,1024.1,291.31485,56.14755
1789867381.806,8760,5.20284,0.59222,3.08123,1.551,1.548,1024.1,291.34563,56.15347
1789867381.816,8761,5.20284,0.58973,3.06827,1.552,1.548,1024.1,291.37627,56.15936
1789867381.826,8762,5.20284,0.66746,3.47269,1.551,1.548,1024.1,291.41096,56.16603
1789867381.836,8763,5.14931,0.80574,4.14901,1.551,1.548,1024.1,291.45239,56.17407
1789867381.846,8764,5.15306,0.80674,4.15718,1.551,1.548,1024.1,291.49406,56.18216
1789867381.856,8765,5.13807,0.85931,4.41519,1.550,1.547,1024.1,291.53832,56.19077
1789867381.866,8766,5.13182,0.74121,3.80376,1.551,1.548,1024.1,291.57644,56.19820
1789867381.876,8767,5.18805,0.62361,3.23532,1.551,1.548,1024.1,291.60887,56.20445
1789867381.886,8768,5.20089,0.59795,3.10987,1.550,1.548,1024.1,291.63995,56.21043
1789867381.896,8769,5.20089,0.60144,3.12802,1.551,1.548,1024.1,291.67121,56.21644
1789867381.906,8770,5.20089,0.59496,3.09432,1.551,1.548,1024.1,291.70214,56.22239
1789867381.916,8771,5.20089,0.59098,3.07362,1.551,1.548,1024.1,291.73286,56.22829
1789867381.926,8772,5.18930,0.65177,3.38223,1.551,1.548,1024.1,291.76667,56.23481
1789867381.936,8773,5.20089,0.58624,3.04897,1.551,1.548,1024.1,291.79716,56.24067
1789867381.946,8774,5.20089,0.61185,3.18216,1.551,1.548,1024.1,291.82897,56.24679
1789867381.956,8775,5.20089,0.59147,3.07617,1.551,1.548,1024.1,291.85973,56.25270
1789867381.966,8776,5.20065,0.60119,3.12658,1.551,1.548,1024.1,291.89102,56.25872
1789867381.976,8777,5.20065,0.64778,3.36888,1.551,1.548,1024.1,291.92474,56.26520
1789867381.986,8778,5.20065,0.59745,3.10713,1.550,1.547,1024.1,291.95583,56.27118
1789867381.996,8779,5.20065,0.62312,3.24063,1.549,1.547,1024.1,291.98827,56.27742
1789867382.006,8780,5.20065,0.59546,3.09678,1.550,1.547,1024.1,292.01913,56.28335
1789867382.016,8781,5.20065,0.61250,3.18540,1.550,1.547,1024.1,292.05087,56.28946
1789867382.026,8782,5.20065,0.64255,3.34168,1.550,1.547,1024.1,292.08418,56.29586
1789867382.036,8783,5.20065,0.58649,3.05013,1.550,1.547,1024.1,292.11458,56.30170
1789867382.046,8784,5.20065,0.61250,3.18540,1.551,1.548,1024.1,292.14652,56.30785
1789867382.056,8785,5.20065,0.59920,3.11623,1.551,1.548,1024.1,292.17777,56.31385
1789867382.066,8786,5.20062,0.59795,3.10971,1.551,1.548,1024.1,292.20895,56.31985
1789867382.076,8787,5.20062,0.59770,3.10841,1.551,1.548,1024.1,292.24012,56.32584
1789867382.086,8788,5.18055,0.61308,3.17609,1.551,1.548,1024.1,292.27183,56.33196
1789867382.096,8789,5.20062,0.58475,3.04106,1.551,1.548,1024.1,292.30219,56.33780
1789867382.106,8790,5.20062,0.61308,3.18840,1.552,1.548,1024.1,292.33402,56.34392
1789867382.116,8791,5.20062,0.58799,3.05791,1.551,1.548,1024.1,292.36455,56.34979
1789867382.126,8792,5.20062,0.61308,3.18840,1.551,1.548,1024.1,292.39646,56.35593
1789867382.136,8793,5.20062,0.61308,3.18840,1.551,1.548,1024.1,292.42837,56.36206
1789867382.146,8794,5.20062,0.58674,3.05141,1.551,1.548,1024.1,292.45890,56.36794
1789867382.156,8795,5.20062,0.61308,3.18840,1.551,1.548,1024.1,292.49081,56.37407
1789867382.166,8796,5.20065,0.58998,3.06828,1.551,1.548,1024.1,292.52149,56.37997
1789867382.176,8797,5.20065,0.61310,3.18852,1.551,1.548,1024.1,292.55337,56.38610
1789867382.186,8798,5.18430,0.61310,3.17849,1.551,1.548,1024.1,292.58516,56.39223
1789867382.196,8799,5.20065,0.59471,3.09288,1.552,1.548,1024.1,292.61608,56.39818
1789867382.206,8800,5.20065,0.61310,3.18852,1.552,1.548,1024.1,292.64785,56.40429
1789867382.216,8801,5.20065,0.58574,3.04623,1.552,1.549,1024.1,292.67820,56.41012
1789867382.226,8802,5.20065,0.59073,3.07218,1.552,1.548,1024.1,292.70881,56.41601
1789867382.236,8803,5.20065,0.63607,3.30798,1.552,1.549,1024.1,292.74177,56.42235
1789867382.246,8804,5.20065,0.58948,3.06568,1.552,1.549,1024.1,292.77254,56.42826
1789867382.256,8805,5.20065,0.59247,3.08123,1.550,1.548,1024.1,292.80346,56.43421
1789867382.266,8806,5.20058,0.61317,3.18884,1.551,1.548,1024.1,292.83546,56.44036
1789867382.276,8807,5.20058,0.58375,3.03584,1.551,1.548,1024.1,292.86593,56.44622
1789867382.286,8808,5.20058,0.67843,3.52823,1.551,1.548,1024.1,292.90120,56.45300
1789867382.296,8809,5.20058,0.64280,3.34293,1.551,1.548,1024.1,292.93461,56.45943
1789867382.306,8810,5.20058,0.64081,3.33258,1.551,1.548,1024.1,292.96792,56.46583
1789867382.316,8811,5.18930,0.66796,3.46624,1.551,1.548,1024.1,293.00256,56.47251
1789867382.326,8812,5.20058,0.63831,3.31958,1.550,1.548,1024.1,293.03576,56.47889
1789867382.336,8813,5.20058,0.63532,3.30403,1.550,1.548,1024.1,293.06880,56.48524
1789867382.346,8814,5.20058,0.61317,3.18884,1.551,1.548,1024.1,293.10068,56.49137
1789867382.356,8815,5.20058,0.59546,3.09674,1.550,1.548,1024.1,293.13165,56.49733
1789867382.366,8816,5.19999,0.59322,3.08474,1.550,1.548,1024.1,293.16255,56.50327
1789867382.376,8817,5.18930,0.65850,3.41715,1.550,1.548,1024.1,293.19677,56.50987
1789867382.386,8818,5.19999,0.60493,3.14563,1.550,1.548,1024.1,293.22827,56.51592
1789867382.396,8819,5.17306,0.71306,3.68870,1.550,1.548,1024.1,293.26521,56.52307
1789867382.406,8820,5.19999,0.60119,3.12618,1.550,1.548,1024.1,293.29644,56.52907
1789867382.416,8821,5.18930,0.72178,3.74553,1.550,1.548,1024.1,293.33385,56.53628
1789867382.426,8822,5.19999,0.62959,3.27386,1.550,1.548,1024.1,293.36655,56.54257
1789867382.436,8823,5.18680,0.66273,3.43745,1.550,1.548,1024.1,293.40089,56.54919
1789867382.446,8824,5.19999,0.63458,3.29981,1.550,1.548,1024.1,293.43389,56.55553
1789867382.456,8825,5.19999,0.64056,3.33091,1.550,1.548,1024.1,293.46721,56.56194
1789867382.466,8826,5.18805,0.67569,3.50551,1.550,1.548,1024.1,293.50227,56.56870
1789867382.476,8827,5.19917,0.61975,3.22219,1.550,1.548,1024.1,293.53449,56.57490
1789867382.486,8828,5.19917,0.61975,3.22219,1.550,1.548,1024.1,293.56660,56.58107
1789867382.496,8829,5.18055,0.69911,3.62177,1.550,1.548,1024.1,293.60269,56.58804
1789867382.506,8830,5.19917,0.59247,3.08035,1.550,1.548,1024.1,293.63339,56.59394
1789867382.516,8831,5.19917,0.59421,3.08940,1.550,1.547,1024.1,293.66417,56.59987
1789867382.526,8832,5.19917,0.63632,3.30834,1.550,1.547,1024.1,293.69738,56.60625
1789867382.536,8833,5.19917,0.59147,3.07515,1.550,1.547,1024.1,293.72824,56.61219
1789867382.546,8834,5.19917,0.63483,3.30059,1.550,1.548,1024.1,293.76136,56.61856
1789867382.556,8835,5.20929,0.58525,3.04874,1.550,1.548,1024.1,293.79196,56.62443
1789867382.566,8836,5.19874,0.62083,3.22753,1.551,1.548,1024.1,293.82426,56.63065
1789867382.576,8837,5.19874,0.62083,3.22753,1.551,1.548,1024.1,293.85657,56.63686
1789867382.586,8838,5.19874,0.60966,3.16946,1.551,1.548,1024.1,293.88829,56.64296
1789867382.596,8839,5.19874,0.63757,3.31456,1.552,1.548,1024.1,293.92146,56.64934
1789867382.606,8840,5.19874,0.59671,3.10214,1.551,1.548,1024.1,293.95242,56.65530
1789867382.616,8841,5.19874,0.62083,3.22753,1.550,1.548,1024.1,293.98463,56.66149
1789867382.626,8842,5.19874,0.60069,3.12283,1.551,1.548,1024.1,294.01579,56.66749
1789867382.636,8843,5.19874,0.62083,3.22753,1.550,1.548,1024.1,294.04799,56.67368
1789867382.646,8844,5.19874,0.63607,3.30676,1.551,1.548,1024.1,294.08114,56.68006
1789867382.656,8845,5.19874,0.58873,3.06065,1.550,1.547,1024.1,294.11182,56.68596
1789867382.666,8846,5.19858,0.62144,3.23061,1.550,1.547,1024.1,294.14421,56.69219
1789867382.676,8847,5.19858,0.59073,3.07096,1.550,1.548,1024.1,294.17499,56.69811
1789867382.686,8848,5.19858,0.63308,3.29112,1.550,1.547,1024.1,294.20797,56.70445
1789867382.696,8849,5.19858,0.59671,3.10204,1.551,1.548,1024.1,294.23906,56.71043
1789867382.706,8850,5.19858,0.59397,3.08780,1.550,1.548,1024.1,294.27000,56.71639
1789867382.716,8851,5.19858,0.62144,3.23061,1.550,1.548,1024.1,294.30238,56.72261
1789867382.726,8852,5.19858,0.59397,3.08780,1.550,1.548,1024.1,294.33314,56.72853
1789867382.736,8853,5.19858,0.59795,3.10849,1.550,1.548,1024.1,294.36410,56.73449
1789867382.746,8854,5.19858,0.63408,3.29632,1.551,1.548,1024.1,294.39694,56.74080
1789867382.756,8855,5.19858,0.58549,3.04372,1.549,1.548,1024.1,294.42726,56.74664
1789867382.766,8856,5.19839,0.62182,3.23246,1.550,1.548,1024.1,294.45963,56.75286
1789867382.776,8857,5.19839,0.59272,3.08119,1.550,1.548,1024.1,294.49048,56.75880
1789867382.786,8858,5.19839,0.62182,3.23246,1.550,1.548,1024.1,294.52285,56.76502
1789867382.796,8859,5.19839,0.58624,3.04750,1.550,1.548,1024.1,294.55336,56.77089
1789867382.806,8860,5.19839,0.59820,3.10968,1.550,1.548,1024.1,294.58447,56.77688
1789867382.816,8861,5.19839,0.62182,3.23246,1.550,1.548,1024.1,294.61681,56.78310
1789867382.826,8862,5.19839,0.58749,3.05400,1.550,1.548,1024.1,294.64736,56.78898
1789867382.836,8863,5.19839,0.59098,3.07214,1.550,1.548,1024.1,294.67810,56.79489
1789867382.846,8864,5.19839,0.62182,3.23246,1.551,1.548,1024.1,294.71040,56.80110
1789867382.856,8865,5.19839,0.58898,3.06175,1.551,1.548,1024.1,294.74099,56.80699
1789867382.866,8866,5.19886,0.59172,3.07627,1.551,1.548,1024.1,294.77173,56.81290
1789867382.876,8867,5.19886,0.61884,3.21726,1.551,1.548,1024.1,294.80387,56.81908
1789867382.886,8868,5.19886,0.58176,3.02449,1.551,1.548,1024.1,294.83402,56.82488
1789867382.896,8869,5.19886,0.61884,3.21726,1.551,1.548,1024.1,294.86609,56.83105
1789867382.906,8870,5.19886,0.61884,3.21726,1.551,1.548,1024.1,294.89816,56.83722
1789867382.916,8871,5.19886,0.58848,3.05943,1.551,1.548,1024.1,294.92866,56.84309
1789867382.926,8872,5.19886,0.61884,3.21726,1.550,1.548,1024.1,294.96095,56.84930
1789867382.936,8873,5.19886,0.59297,3.08277,1.550,1.548,1024.1,294.99190,56.85525
1789867382.946,8874,5.19886,0.58500,3.04133,1.551,1.548,1024.1,295.02242,56.86112
1789867382.956,8875,5.19886,0.61884,3.21726,1.550,1.548,1024.1,295.05471,56.86733
1789867382.966,8876,5.20003,0.58724,3.05367,1.550,1.548,1024.1,295.08521,56.87320
1789867382.976,8877,5.20003,0.58300,3.03162,1.551,1.548,1024.1,295.11549,56.87902
1789867382.986,8878,5.20003,0.61268,3.18595,1.550,1.548,1024.1,295.14732,56.88514
1789867382.996,8879,5.20003,0.59970,3.11846,1.552,1.548,1024.1,295.17846,56.89113
1789867383.006,8880,5.18305,0.66124,3.42724,1.551,1.548,1024.1,295.21268,56.89773
1789867383.016,8881,5.20003,0.61268,3.18595,1.551,1.548,1024.1,295.24449,56.90385
1789867383.026,8882,5.20003,0.59945,3.11716,1.551,1.548,1024.1,295.27562,56.90984
1789867383.036,8883,5.18805,0.63483,3.29353,1.551,1.548,1024.1,295.30850,56.91617
1789867383.046,8884,5.20003,0.59322,3.08476,1.551,1.548,1024.1,295.33941,56.92212
1789867383.056,8885,5.20003,0.59671,3.10291,1.549,1.547,1024.1,295.37050,56.92810
1789867383.066,8886,5.19976,0.61247,3.18470,1.550,1.547,1024.1,295.40241,56.93423
1789867383.076,8887,5.19976,0.59197,3.07810,1.550,1.548,1024.1,295.43325,56.94016
1789867383.086,8888,5.19976,0.60169,3.12864,1.551,1.548,1024.1,295.46451,56.94618
1789867383.096,8889,5.18680,0.61247,3.17676,1.551,1.548,1024.1,295.49625,56.95230
1789867383.106,8890,5.18930,0.58300,3.02536,1.551,1.548,1024.1,295.52648,56.95812
1789867383.116,8891,5.19976,0.64903,3.37480,1.551,1.548,1024.1,295.56021,56.96461
1789867383.126,8892,5.19976,0.59621,3.10015,1.551,1.548,1024.1,295.59119,56.97057
1789867383.136,8893,5.19976,0.61247,3.18470,1.551,1.548,1024.1,295.62303,56.97669
1789867383.146,8894,5.19976,0.63632,3.30871,1.551,1.548,1024.1,295.65610,56.98305
1789867383.156,8895,5.19976,0.60044,3.12214,1.550,1.548,1024.1,295.68731,56.98905
1789867383.166,8896,5.19929,0.62760,3.26307,1.551,1.548,1024.1,295.71994,56.99533
1789867383.176,8897,5.19929,0.58699,3.05193,1.551,1.548,1024.1,295.75046,57.00120
1789867383.186,8898,5.19929,0.61292,3.18675,1.551,1.548,1024.1,295.78233,57.00733
1789867383.196,8899,5.19929,0.58425,3.03769,1.551,1.548,1024.1,295.81271,57.01317
1789867383.206,8900,5.19929,0.61292,3.18675,1.550,1.547,1024.1,295.84457,57.01930
1789867383.216,8901,5.19929,0.64031,3.32916,1.550,1.547,1024.1,295.87786,57.02570
1789867383.226,8902,5.19929,0.59023,3.06878,1.550,1.547,1024.1,295.90854,57.03160
1789867383.236,8903,5.19929,0.62511,3.25013,1.549,1.546,1024.1,295.94104,57.03785
1789867383.246,8904,5.19929,0.58923,3.06358,1.549,1.546,1024.1,295.97171,57.04375
1789867383.256,8905,5.19929,0.61292,3.18675,1.549,1.546,1024.1,296.00361,57.04989
1789867383.266,8906,5.19890,0.64155,3.33535,1.550,1.547,1024.1,296.03700,57.05631
1789867383.276,8907,5.19890,0.58549,3.04390,1.550,1.548,1024.1,296.06748,57.06217
1789867383.286,8908,5.19890,0.61310,3.18745,1.550,1.548,1024.1,296.09925,57.06828
1789867383.296,8909,5.19890,0.59272,3.08149,1.551,1.548,1024.1,296.12997,57.07419
1789867383.306,8910,5.19890,0.61310,3.18745,1.551,1.548,1024.1,296.16175,57.08030
1789867383.316,8911,5.19890,0.58799,3.05690,1.551,1.549,1024.1,296.19222,57.08617
1789867383.326,8912,5.19890,0.59571,3.09704,1.551,1.549,1024.1,296.22317,57.09212
1789867383.336,8913,5.19890,0.61310,3.18745,1.552,1.549,1024.1,296.25502,57.09824
1789867383.346,8914,5.19890,0.59397,3.08799,1.552,1.549,1024.1,296.28588,57.10418
1789867383.356,8915,5.19890,0.61310,3.18745,1.552,1.549,1024.1,296.31773,57.11031
1789867383.366,8916,5.19909,0.59446,3.09065,1.552,1.550,1024.1,296.34876,57.11628
1789867383.376,8917,5.19909,0.59048,3.06996,1.552,1.549,1024.1,296.37959,57.12221
1789867383.386,8918,5.19909,0.61078,3.17550,1.552,1.549,1024.1,296.41148,57.12834
1789867383.396,8919,5.19909,0.58226,3.02722,1.552,1.549,1024.1,296.44188,57.13419
1789867383.406,8920,5.19909,0.61078,3.17550,1.552,1.549,1024.1,296.47354,57.14028
1789867383.416,8921,5.19909,0.64031,3.32903,1.552,1.548,1024.1,296.50673,57.14666
1789867383.426,8922,5.19909,0.59820,3.11010,1.552,1.548,1024.1,296.53774,57.15262
1789867383.436,8923,5.19909,0.61078,3.17550,1.551,1.548,1024.1,296.56940,57.15871
1789867383.446,8924,5.19909,0.59372,3.08680,1.551,1.548,1024.1,296.60031,57.16466
1789867383.456,8925,5.19909,0.61078,3.17550,1.550,1.548,1024.1,296.63210,57.17077
1789867383.466,8926,5.19944,0.58226,3.02743,1.551,1.548,1024.1,296.66242,57.17660
1789867383.476,8927,5.19944,0.58699,3.05202,1.551,1.548,1024.1,296.69297,57.18248
1789867383.486,8928,5.19944,0.60814,3.16199,1.550,1.548,1024.1,296.72457,57.18856
1789867383.496,8929,5.19944,0.58824,3.05852,1.552,1.548,1024.1,296.75512,57.19443
1789867383.506,8930,5.19944,0.60814,3.16199,1.551,1.548,1024.1,296.78672,57.20051
1789867383.516,8931,5.19944,0.60814,3.16199,1.551,1.548,1024.1,296.81831,57.20659
1789867383.526,8932,5.19944,0.63906,3.32275,1.550,1.548,1024.1,296.85163,57.21299
1789867383.536,8933,5.18430,0.66447,3.44481,1.551,1.548,1024.1,296.88617,57.21966
1789867383.546,8934,5.19944,0.59546,3.09606,1.551,1.548,1024.1,296.91722,57.22563
1789867383.556,8935,5.19944,0.58624,3.04812,1.551,1.548,1024.1,296.94778,57.23151
1789867383.566,8936,5.19960,0.60681,3.15517,1.551,1.548,1024.1,296.97928,57.23757
1789867383.576,8937,5.19960,0.58774,3.05601,1.552,1.548,1024.1,297.00979,57.24343
1789867383.586,8938,5.19960,0.59247,3.08061,1.552,1.548,1024.1,297.04054,57.24935
1789867383.596,8939,5.19960,0.65002,3.37984,1.552,1.548,1024.1,297.07428,57.25584
1789867383.606,8940,5.19960,0.58923,3.06376,1.551,1.548,1024.1,297.10498,57.26174
1789867383.616,8941,5.19960,0.61863,3.21663,1.552,1.548,1024.1,297.13721,57.26794
1789867383.626,8942,5.19960,0.58998,3.06766,1.551,1.548,1024.1,297.16795,57.27385
1789867383.636,8943,5.19960,0.59671,3.10265,1.551,1.548,1024.1,297.19904,57.27983
1789867383.646,8944,5.18805,0.63532,3.29607,1.551,1.548,1024.1,297.23195,57.28617
1789867383.656,8945,5.19960,0.58948,3.06506,1.551,1.548,1024.1,297.26255,57.29206
1789867383.666,8946,5.19944,0.61838,3.21523,1.551,1.548,1024.1,297.29466,57.29823
1789867383.676,8947,5.19944,0.58724,3.05332,1.551,1.548,1024.1,297.32514,57.30410
1789867383.686,8948,5.19944,0.58325,3.03257,1.551,1.548,1024.1,297.35540,57.30992
1789867383.696,8949,5.19944,0.62785,3.26447,1.552,1.548,1024.1,297.38797,57.31618
1789867383.706,8950,5.19944,0.58649,3.04942,1.552,1.548,1024.1,297.41839,57.32203
1789867383.716,8951,5.19944,0.62486,3.24892,1.552,1.549,1024.1,297.45081,57.32827
1789867383.726,8952,5.19944,0.60654,3.15367,1.552,1.549,1024.1,297.48246,57.33435
1789867383.736,8953,5.19944,0.61988,3.22303,1.553,1.550,1024.1,297.51482,57.34058
1789867383.746,8954,5.19944,0.60654,3.15367,1.553,1.551,1024.1,297.54648,57.34667
1789867383.756,8955,5.19944,0.60654,3.15367,1.553,1.551,1024.1,297.57813,57.35275
1789867383.766,8956,5.19933,0.63059,3.27865,1.552,1.551,1024.1,297.61084,57.35905
1789867383.776,8957,5.19933,0.59172,3.07655,1.552,1.550,1024.1,297.64154,57.36495
1789867383.786,8958,5.19933,0.60689,3.15542,1.552,1.549,1024.1,297.67302,57.37100
1789867383.796,8959,5.19933,0.58599,3.04676,1.551,1.548,1024.1,297.70341,57.37685
1789867383.806,8960,5.19933,0.60689,3.15542,1.551,1.548,1024.1,297.73502,57.38293
1789867383.816,8961,5.19933,0.64703,3.36412,1.550,1.548,1024.1,297.76871,57.38941
1789867383.826,8962,5.19933,0.60689,3.15542,1.552,1.548,1024.1,297.80031,57.39549
1789867383.836,8963,5.19933,0.60689,3.15542,1.552,1.548,1024.1,297.83191,57.40156
1789867383.846,8964,5.19933,0.59147,3.07525,1.552,1.549,1024.1,297.86263,57.40747
1789867383.856,8965,5.19933,0.58948,3.06490,1.552,1.549,1024.1,297.89326,57.41336
1789867383.866,8966,5.19944,0.60700,3.15606,1.552,1.548,1024.1,297.92479,57.41943
1789867383.876,8967,5.19944,0.64404,3.34865,1.552,1.549,1024.1,297.95824,57.42586
1789867383.886,8968,5.19944,0.58699,3.05202,1.551,1.548,1024.1,297.98880,57.43174
1789867383.896,8969,5.19944,0.60700,3.15606,1.551,1.548,1024.1,298.02040,57.43782
1789867383.906,8970,5.19944,0.59098,3.07277,1.551,1.548,1024.1,298.05116,57.44373
1789867383.916,8971,5.19944,0.60700,3.15606,1.551,1.548,1024.1,298.08276,57.44981
1789867383.926,8972,5.19944,0.62237,3.23598,1.550,1.547,1024.1,298.11504,57.45602
1789867383.936,8973,5.19944,0.59646,3.10126,1.549,1.547,1024.1,298.14597,57.46197
1789867383.946,8974,5.19944,0.62361,3.24242,1.549,1.546,1024.1,298.17831,57.46819
1789867383.956,8975,5.19944,0.59122,3.07401,1.549,1.546,1024.1,298.20897,57.47408
1789867383.966,8976,5.19948,0.59322,3.08444,1.548,1.545,1024.1,298.23983,57.48002
1789867383.976,8977,5.19948,0.60693,3.15572,1.549,1.545,1024.1,298.27140,57.48609
1789867383.986,8978,5.19948,0.58300,3.03130,1.549,1.546,1024.1,298.30173,57.49192
1789867383.996,8979,5.19948,0.58699,3.05204,1.549,1.546,1024.1,298.33226,57.49780
1789867384.006,8980,5.19948,0.60693,3.15572,1.549,1.546,1024.1,298.36389,57.50388
1789867384.016,8981,5.19948,0.58450,3.03910,1.550,1.547,1024.1,298.39435,57.50974
1789867384.026,8982,5.19948,0.63358,3.29429,1.551,1.548,1024.1,298.42737,57.51609
1789867384.036,8983,5.19948,0.60693,3.15572,1.551,1.548,1024.1,298.45900,57.52217
1789867384.046,8984,5.19948,0.60693,3.15572,1.552,1.550,1024.1,298.49053,57.52823
1789867384.056,8985,5.19948,0.60693,3.15572,1.552,1.550,1024.1,298.52205,57.53430
1789867384.066,8986,5.19964,0.58450,3.03919,1.552,1.550,1024.1,298.55241,57.54014
1789867384.076,8987,5.19964,0.60667,3.15447,1.552,1.550,1024.1,298.58392,57.54620
1789867384.086,8988,5.19964,0.59098,3.07288,1.551,1.549,1024.1,298.61455,57.55209
1789867384.096,8989,5.19964,0.59272,3.08193,1.551,1.549,1024.1,298.64527,57.55800
1789867384.106,8990,5.19964,0.60667,3.15447,1.551,1.548,1024.1,298.67671,57.56404
1789867384.116,8991,5.19964,0.58774,3.05604,1.551,1.548,1024.1,298.70718,57.56990
1789867384.126,8992,5.19964,0.61913,3.21925,1.550,1.548,1024.1,298.73947,57.57611
1789867384.136,8993,5.19964,0.60667,3.15447,1.550,1.548,1024.1,298.77111,57.58220
1789867384.146,8994,5.19964,0.58923,3.06378,1.551,1.548,1024.1,298.80185,57.58811
1789867384.156,8995,5.19964,0.60667,3.15447,1.551,1.548,1024.1,298.83349,57.59419
1789867384.166,8996,5.19980,0.58549,3.04443,1.551,1.548,1024.1,298.86393,57.60005
1789867384.176,8997,5.19980,0.58873,3.06128,1.551,1.548,1024.1,298.89453,57.60593
1789867384.186,8998,5.19980,0.60670,3.15472,1.551,1.548,1024.1,298.92607,57.61200
1789867384.196,8999,5.19980,0.58624,3.04833,1.552,1.549,1024.1,298.95655,57.61786
1789867384.206,9000,5.19980,0.58549,3.04443,1.551,1.548,1024.1,298.98704,57.62372
1789867384.216,9001,5.19980,0.63333,3.29319,1.550,1.548,1024.1,299.02002,57.63007
1789867384.226,9002,5.19980,0.60670,3.15472,1.549,1.548,1024.1,299.05162,57.63614
1789867384.236,9003,5.18055,0.63732,3.30167,1.549,1.547,1024.1,299.08468,57.64253
1789867384.246,9004,5.19980,0.59247,3.08073,1.550,1.547,1024.1,299.11569,57.64849
1789867384.257,9005,5.19980,0.60670,3.15472,1.549,1.546,1024.1,299.14743,57.65459
1789867384.267,9006,5.19995,0.63009,3.27644,1.549,1.547,1024.1,299.18041,57.66093
1789867384.277,9007,5.19995,0.59147,3.07561,1.550,1.548,1024.1,299.21136,57.66689
1789867384.287,9008,5.19995,0.64803,3.36972,1.550,1.547,1024.1,299.24472,57.67330
1789867384.296,9009,5.19995,0.58076,3.01992,1.551,1.548,1024.1,299.27462,57.67905
1789867384.306,9010,5.19995,0.60635,3.15299,1.550,1.548,1024.1,299.30584,57.68506
1789867384.316,9011,5.19995,0.63906,3.32308,1.550,1.548,1024.1,299.33874,57.69138
1789867384.326,9012,5.19995,0.60635,3.15299,1.550,1.548,1024.1,299.37023,57.69744
1789867384.336,9013,5.18555,0.63009,3.26736,1.550,1.547,1024.1,299.40286,57.70373
1789867384.346,9014,5.19995,0.59446,3.09116,1.551,1.548,1024.1,299.43373,57.70967
1789867384.356,9015,5.19995,0.61639,3.20520,1.550,1.548,1024.1,299.46573,57.71582
1789867384.366,9016,5.20019,0.59048,3.07061,1.550,1.548,1024.1,299.49642,57.72172
1789867384.376,9017,5.20019,0.60614,3.15204,1.550,1.548,1024.1,299.52792,57.72778
1789867384.386,9018,5.20019,0.60614,3.15204,1.550,1.548,1024.1,299.55942,57.73384
1789867384.396,9019,5.20019,0.58873,3.06151,1.550,1.548,1024.1,299.59001,57.73972
1789867384.406,9020,5.20019,0.61938,3.22089,1.550,1.548,1024.1,299.62222,57.74591
1789867384.416,9021,5.20019,0.58624,3.04856,1.550,1.548,1024.1,299.65270,57.75178
1789867384.426,9022,5.20019,0.60614,3.15204,1.550,1.548,1024.1,299.68422,57.75784
1789867384.436,9023,5.20019,0.64654,3.36213,1.550,1.548,1024.1,299.71784,57.76430
1789867384.446,9024,5.20019,0.58873,3.06151,1.550,1.548,1024.1,299.74857,57.77021
1789867384.456,9025,5.20019,0.60614,3.15204,1.550,1.548,1024.1,299.78021,57.77630
1789867384.466,9026,5.20038,0.59546,3.09662,1.550,1.548,1024.1,299.81129,57.78227
1789867384.476,9027,5.20038,0.60605,3.15169,1.550,1.548,1024.1,299.84293,57.78836
1789867384.486,9028,5.20038,0.59372,3.08757,1.550,1.548,1024.1,299.87375,57.79428
1789867384.496,9029,5.20038,0.58998,3.06812,1.550,1.548,1024.1,299.90439,57.80018
1789867384.506,9030,5.20038,0.60605,3.15169,1.550,1.547,1024.1,299.93586,57.80623
1789867384.516,9031,5.20038,0.57976,3.01497,1.550,1.548,1024.1,299.96596,57.81202
1789867384.526,9032,5.20038,0.61813,3.21451,1.550,1.548,1024.1,299.99819,57.81821
1789867384.536,9033,5.20038,0.59023,3.06942,1.550,1.548,1024.1,300.02897,57.82413
1789867384.546,9034,5.20038,0.59496,3.09402,1.551,1.548,1024.1,300.05999,57.83010
1789867384.556,9035,5.20038,0.61813,3.21451,1.551,1.547,1024.1,300.09222,57.83629
1789867384.566,9036,5.20069,0.60527,3.14782,1.551,1.548,1024.1,300.12363,57.84233
1789867384.576,9037,5.20069,0.58425,3.03850,1.550,1.547,1024.1,300.15396,57.84817
1789867384.586,9038,5.20069,0.60527,3.14782,1.550,1.547,1024.1,300.18538,57.85421
1789867384.596,9039,5.20069,0.63408,3.29765,1.551,1.548,1024.1,300.21829,57.86054
1789867384.606,9040,5.20069,0.58599,3.04755,1.551,1.548,1024.1,300.24883,57.86641
1789867384.616,9041,5.20069,0.61788,3.21340,1.550,1.548,1024.1,300.28102,57.87260
1789867384.626,9042,5.20069,0.58948,3.06570,1.551,1.548,1024.1,300.31174,57.87850
1789867384.636,9043,5.20069,0.61988,3.22380,1.551,1.548,1024.1,300.34404,57.88472
1789867384.646,9044,5.20069,0.60527,3.14782,1.551,1.548,1024.1,300.37551,57.89077
1789867384.656,9045,5.20069,0.59347,3.08645,1.550,1.548,1024.1,300.40635,57.89670
1789867384.666,9046,5.20081,0.60531,3.14810,1.550,1.548,1024.1,300.43782,57.90275
1789867384.676,9047,5.20081,0.58425,3.03857,1.550,1.548,1024.1,300.46819,57.90859
1789867384.686,9048,5.20081,0.61763,3.21218,1.549,1.548,1024.1,300.50031,57.91476
1789867384.696,9049,5.20081,0.59247,3.08132,1.550,1.548,1024.1,300.53113,57.92069
1789867384.706,9050,5.20081,0.60531,3.14810,1.549,1.547,1024.1,300.56261,57.92674
1789867384.716,9051,5.20081,0.61539,3.20053,1.550,1.547,1024.1,300.59462,57.93290
1789867384.726,9052,5.20081,0.58475,3.04117,1.550,1.547,1024.1,300.62506,57.93875
1789867384.736,9053,5.20081,0.60531,3.14810,1.550,1.546,1024.1,300.65657,57.94481
1789867384.746,9054,5.20081,0.63209,3.28738,1.550,1.547,1024.1,300.68948,57.95114
1789867384.756,9055,5.20081,0.58500,3.04247,1.550,1.547,1024.1,300.71993,57.95699
1789867384.766,9056,5.19055,0.63408,3.29122,1.550,1.548,1024.1,300.75272,57.96331
1789867384.776,9057,5.20085,0.60495,3.14625,1.551,1.548,1024.1,300.78406,57.96933
1789867384.786,9058,5.20085,0.59297,3.08395,1.551,1.548,1024.1,300.81478,57.97524
1789867384.796,9059,5.20085,0.60495,3.14625,1.552,1.548,1024.1,300.84612,57.98127
1789867384.806,9060,5.20085,0.58799,3.05805,1.551,1.548,1024.1,300.87662,57.98713
1789867384.816,9061,5.20085,0.60495,3.14625,1.551,1.548,1024.1,300.90800,57.99316
1789867384.826,9062,5.20085,0.63458,3.30036,1.551,1.548,1024.1,300.94092,57.99949
1789867384.836,9063,5.20085,0.62187,3.23425,1.550,1.548,1024.1,300.97317,58.00570
1789867384.846,9064,5.18930,0.63458,3.29303,1.550,1.547,1024.1,301.00628,58.01208
1789867384.856,9065,5.20085,0.60495,3.14625,1.550,1.547,1024.1,301.03792,58.01816
1789867384.866,9066,5.20077,0.61614,3.20440,1.550,1.547,1024.1,301.07014,58.02435
1789867384.876,9067,5.19055,0.60449,3.13764,1.550,1.547,1024.1,301.10168,58.03043
1789867384.886,9068,5.20077,0.60449,3.14381,1.550,1.547,1024.1,301.13308,58.03647
1789867384.896,9069,5.18680,0.63433,3.29014,1.550,1.547,1024.1,301.16594,58.04280
1789867384.906,9070,5.20077,0.58624,3.04890,1.550,1.547,1024.1,301.19638,58.04866
1789867384.916,9071,5.20077,0.60449,3.14381,1.550,1.548,1024.1,301.22778,58.05469
1789867384.926,9072,5.20077,0.60449,3.14381,1.550,1.548,1024.1,301.25932,58.06076
1789867384.936,9073,5.20077,0.60449,3.14381,1.550,1.548,1024.1,301.29085,58.06682
1789867384.946,9074,5.20077,0.63233,3.28860,1.551,1.548,1024.1,301.32384,58.07316
1789867384.956,9075,5.20077,0.60449,3.14381,1.551,1.548,1024.1,301.35538,58.07923
1789867384.966,9076,5.20062,0.61788,3.21336,1.551,1.548,1024.1,301.38744,58.08539
1789867384.976,9077,5.20062,0.58724,3.05401,1.551,1.548,1024.1,301.41792,58.09125
1789867384.986,9078,5.20062,0.58923,3.06436,1.551,1.548,1024.1,301.44849,58.09713
1789867384.996,9079,5.20062,0.60470,3.14481,1.552,1.548,1024.1,301.47987,58.10317
1789867385.006,9080,5.20062,0.64081,3.33261,1.552,1.548,1024.1,301.51323,58.10958
1789867385.016,9081,5.20062,0.59247,3.08121,1.551,1.548,1024.1,301.54408,58.11551
1789867385.026,9082,5.20062,0.61689,3.20821,1.551,1.548,1024.1,301.57620,58.12169
1789867385.036,9083,5.20062,0.58475,3.04106,1.552,1.548,1024.1,301.60664,58.12754
1789867385.046,9084,5.20062,0.60470,3.14481,1.551,1.548,1024.1,301.63805,58.13358
1789867385.056,9085,5.18555,0.63483,3.29194,1.550,1.547,1024.1,301.67092,58.13992
1789867385.066,9086,5.20065,0.58998,3.06828,1.550,1.547,1024.1,301.70157,58.14581
1789867385.076,9087,5.20065,0.61938,3.22118,1.551,1.548,1024.1,301.73374,58.15200
1789867385.086,9088,5.20065,0.60477,3.14520,1.550,1.548,1024.1,301.76521,58.15805
1789867385.096,9089,5.20065,0.58599,3.04753,1.550,1.548,1024.1,301.79571,58.16391
1789867385.106,9090,5.20065,0.60477,3.14520,1.551,1.548,1024.1,301.82718,58.16997
1789867385.116,9091,5.20065,0.58325,3.03328,1.551,1.549,1024.1,301.85753,58.17580
1789867385.126,9092,5.20065,0.58475,3.04108,1.550,1.548,1024.1,301.88795,58.18165
1789867385.136,9093,5.20065,0.62162,3.23283,1.550,1.548,1024.1,301.92029,58.18787
1789867385.146,9094,5.20065,0.59471,3.09288,1.551,1.548,1024.1,301.95123,58.19382
1789867385.156,9095,5.20065,0.61838,3.21598,1.551,1.548,1024.1,301.98341,58.20001
1789867385.166,9096,5.20062,0.60466,3.14461,1.551,1.548,1024.1,302.01486,58.20605
1789867385.176,9097,5.20062,0.60466,3.14461,1.550,1.547,1024.1,302.04630,58.21210
1789867385.186,9098,5.18680,0.66423,3.44523,1.551,1.548,1024.1,302.08076,58.21874
1789867385.196,9099,5.20062,0.62386,3.24446,1.550,1.548,1024.1,302.11321,58.22498
1789867385.206,9100,5.18805,0.65152,3.38012,1.550,1.547,1024.1,302.14703,58.23150
1789867385.216,9101,5.20062,0.62337,3.24191,1.549,1.547,1024.1,302.17946,58.23774
1789867385.226,9102,5.20062,0.62810,3.26651,1.550,1.547,1024.1,302.21215,58.24402
1789867385.236,9103,5.19055,0.65476,3.39856,1.550,1.547,1024.1,302.24615,58.25057
1789867385.246,9104,5.20062,0.62710,3.26131,1.550,1.548,1024.1,302.27876,58.25684
1789867385.256,9105,5.18680,0.65650,3.40513,1.550,1.548,1024.1,302.31281,58.26341
1789867385.266,9106,5.19995,0.66198,3.44226,1.550,1.548,1024.1,302.34722,58.27003
1789867385.276,9107,5.19995,0.63607,3.30753,1.550,1.548,1024.1,302.38029,58.27639
1789867385.286,9108,5.19995,0.61838,3.21555,1.551,1.548,1024.1,302.41233,58.28255
1789867385.296,9109,5.19995,0.59098,3.07307,1.551,1.548,1024.1,302.44295,58.28844
1789867385.306,9110,5.19995,0.59322,3.08471,1.551,1.548,1024.1,302.47368,58.29435
1789867385.316,9111,5.19995,0.60801,3.16162,1.551,1.548,1024.1,302.50518,58.30040
1789867385.326,9112,5.19995,0.58824,3.05882,1.551,1.548,1024.1,302.53574,58.30628
1789867385.336,9113,5.19995,0.58400,3.03677,1.551,1.548,1024.1,302.56608,58.31212
1789867385.346,9114,5.18930,0.60801,3.15515,1.551,1.548,1024.1,302.59760,58.31819
1789867385.356,9115,5.19995,0.59247,3.08081,1.551,1.548,1024.1,302.62838,58.32411
1789867385.366,9116,5.18305,0.68167,3.53313,1.551,1.549,1024.1,302.66388,58.33096
1789867385.376,9117,5.19964,0.59546,3.09618,1.552,1.549,1024.1,302.69498,58.33694
1789867385.386,9118,5.19964,0.60890,3.16606,1.551,1.549,1024.1,302.72679,58.34306
1789867385.396,9119,5.19964,0.65252,3.39287,1.552,1.549,1024.1,302.76087,58.34961
1789867385.406,9120,5.19964,0.58275,3.03009,1.552,1.550,1024.1,302.79110,58.35543
1789867385.416,9121,5.19964,0.60890,3.16606,1.552,1.549,1024.1,302.82268,58.36150
1789867385.426,9122,5.19964,0.58948,3.06508,1.552,1.549,1024.1,302.85325,58.36738
1789867385.436,9123,5.19964,0.60890,3.16606,1.552,1.550,1024.1,302.88484,58.37345
1789867385.446,9124,5.19964,0.65202,3.39027,1.552,1.550,1024.1,302.91879,58.37998
1789867385.456,9125,5.19964,0.63134,3.28274,1.552,1.550,1024.1,302.95166,58.38630
1789867385.466,9126,5.19948,0.65874,3.42511,1.551,1.549,1024.1,302.98596,58.39290
1789867385.476,9127,5.19948,0.59521,3.09478,1.552,1.550,1024.1,303.01695,58.39886
1789867385.486,9128,5.19948,0.60977,3.17049,1.552,1.550,1024.1,303.04861,58.40495
1789867385.496,9129,5.19948,0.58425,3.03780,1.552,1.549,1024.1,303.07895,58.41079
1789867385.506,9130,5.19948,0.60977,3.17049,1.552,1.549,1024.1,303.11062,58.41688
1789867385.516,9131,5.19948,0.60977,3.17049,1.551,1.549,1024.1,303.14229,58.42297
1789867385.526,9132,5.19948,0.58599,3.04684,1.551,1.548,1024.1,303.17280,58.42884
1789867385.536,9133,5.19948,0.60977,3.17049,1.551,1.548,1024.1,303.20455,58.43494
1789867385.546,9134,5.19948,0.59870,3.11293,1.550,1.548,1024.1,303.23572,58.44094
1789867385.556,9135,5.19948,0.59870,3.11293,1.550,1.548,1024.1,303.26690,58.44693
1789867385.566,9136,5.17430,0.64380,3.33121,1.550,1.548,1024.1,303.30012,58.45335
1789867385.576,9137,5.19948,0.59147,3.07534,1.550,1.548,1024.1,303.33080,58.45925
1789867385.586,9138,5.19948,0.60990,3.17116,1.551,1.548,1024.1,303.36243,58.46534
1789867385.596,9139,5.19948,0.59945,3.11683,1.551,1.548,1024.1,303.39352,58.47132
1789867385.606,9140,5.19948,0.59372,3.08704,1.550,1.548,1024.1,303.42447,58.47727
1789867385.616,9141,5.19948,0.60990,3.17116,1.550,1.547,1024.1,303.45626,58.48338
1789867385.626,9142,5.19948,0.63084,3.28004,1.550,1.547,1024.1,303.48915,58.48971
1789867385.636,9143,5.19948,0.58201,3.02615,1.550,1.547,1024.1,303.51949,58.49554
1789867385.646,9144,5.19948,0.60990,3.17116,1.550,1.547,1024.1,303.55119,58.50164
1789867385.656,9145,5.19948,0.59023,3.06889,1.550,1.547,1024.1,303.58186,58.50754
1789867385.666,9146,5.19956,0.62810,3.26584,1.550,1.547,1024.1,303.61451,58.51382
1789867385.676,9147,5.19956,0.59372,3.08708,1.551,1.548,1024.1,303.64537,58.51975
1789867385.686,9148,5.19956,0.59347,3.08578,1.551,1.548,1024.1,303.67620,58.52568
1789867385.696,9149,5.19956,0.60997,3.17158,1.551,1.548,1024.1,303.70789,58.53178
1789867385.706,9150,5.19956,0.58226,3.02750,1.552,1.548,1024.1,303.73814,58.53760
1789867385.716,9151,5.19956,0.60997,3.17158,1.551,1.548,1024.1,303.76983,58.54369
1789867385.726,9152,5.19956,0.58973,3.06634,1.551,1.548,1024.1,303.80051,58.54959
1789867385.736,9153,5.19956,0.58799,3.05729,1.551,1.548,1024.1,303.83110,58.55548
1789867385.746,9154,5.19956,0.60997,3.17158,1.550,1.548,1024.1,303.86283,58.56158
1789867385.756,9155,5.19956,0.59073,3.07154,1.550,1.548,1024.1,303.89357,58.56749
1789867385.766,9156,5.19960,0.60988,3.17113,1.550,1.547,1024.1,303.92529,58.57359
1789867385.776,9157,5.19960,0.64081,3.33196,1.550,1.547,1024.1,303.95863,58.58000
1789867385.786,9158,5.19960,0.64604,3.35915,1.550,1.547,1024.1,303.99224,58.58646
1789867385.796,9159,5.18555,0.67743,3.51285,1.551,1.548,1024.1,304.02738,58.59324
1789867385.806,9160,5.19960,0.59471,3.09225,1.552,1.548,1024.1,304.05833,58.59920
1789867385.816,9161,5.19960,0.60988,3.17113,1.551,1.548,1024.1,304.09008,58.60530
1789867385.826,9162,5.19960,0.58749,3.05471,1.551,1.548,1024.1,304.12065,58.61118
1789867385.836,9163,5.19960,0.58948,3.06506,1.551,1.548,1024.1,304.15133,58.61708
1789867385.846,9164,5.19960,0.60988,3.17113,1.550,1.548,1024.1,304.18295,58.62316
1789867385.856,9165,5.19960,0.58226,3.02752,1.549,1.548,1024.1,304.21314,58.62897
1789867385.866,9166,5.19929,0.61127,3.17817,1.548,1.547,1024.1,304.24482,58.63506
1789867385.876,9167,5.19929,0.60044,3.12186,1.549,1.547,1024.1,304.27595,58.64105
1789867385.886,9168,5.19929,0.59521,3.09467,1.548,1.547,1024.1,304.30691,58.64700
1789867385.896,9169,5.19929,0.61127,3.17817,1.548,1.547,1024.1,304.33871,58.65312
1789867385.906,9170,5.19929,0.58873,3.06098,1.549,1.546,1024.1,304.36934,58.65901
1789867385.916,9171,5.19929,0.61127,3.17817,1.549,1.547,1024.1,304.40113,58.66513
1789867385.926,9172,5.19929,0.58973,3.06618,1.549,1.547,1024.1,304.43170,58.67100
1789867385.936,9173,5.19929,0.58848,3.05968,1.550,1.547,1024.1,304.46220,58.67687
1789867385.946,9174,5.19929,0.63707,3.31231,1.550,1.548,1024.1,304.49522,58.68322
1789867385.956,9175,5.19929,0.59122,3.07392,1.551,1.548,1024.1,304.52587,58.68912
1789867385.966,9176,5.19944,0.62536,3.25152,1.551,1.548,1024.1,304.55857,58.69541
1789867385.976,9177,5.19944,0.64280,3.34220,1.551,1.548,1024.1,304.59220,58.70187
1789867385.986,9178,5.19944,0.61144,3.17915,1.551,1.548,1024.1,304.62418,58.70802
1789867385.996,9179,5.19944,0.62810,3.26577,1.551,1.548,1024.1,304.65703,58.71434
1789867386.006,9180,5.19944,0.58275,3.02997,1.551,1.548,1024.1,304.68730,58.72017
1789867386.016,9181,5.19944,0.58799,3.05722,1.551,1.548,1024.1,304.71785,58.72604
1789867386.026,9182,5.19944,0.61144,3.17915,1.552,1.548,1024.1,304.74962,58.73215
1789867386.036,9183,5.19944,0.58848,3.05977,1.551,1.548,1024.1,304.78019,58.73803
1789867386.046,9184,5.19944,0.61144,3.17915,1.552,1.548,1024.1,304.81197,58.74414
1789867386.056,9185,5.19944,0.63084,3.28001,1.551,1.548,1024.1,304.84476,58.75045
1789867386.066,9186,5.19960,0.60069,3.12335,1.552,1.548,1024.1,304.87599,58.75645
1789867386.076,9187,5.18680,0.63308,3.28366,1.551,1.548,1024.1,304.90881,58.76278
1789867386.086,9188,5.19960,0.59671,3.10265,1.551,1.548,1024.1,304.93976,58.76873
1789867386.096,9189,5.19960,0.62237,3.23608,1.551,1.548,1024.1,304.97203,58.77494
1789867386.106,9190,5.19960,0.58873,3.06116,1.551,1.548,1024.1,305.00257,58.78081
1789867386.116,9191,5.19960,0.61170,3.18060,1.550,1.548,1024.1,305.03429,58.78692
1789867386.126,9192,5.19960,0.62735,3.26197,1.550,1.548,1024.1,305.06692,58.79319
1789867386.136,9193,5.19960,0.58201,3.02622,1.550,1.548,1024.1,305.09720,58.79901
1789867386.146,9194,5.19960,0.61170,3.18060,1.550,1.548,1024.1,305.12902,58.80513
1789867386.156,9195,5.19960,0.58923,3.06376,1.550,1.548,1024.1,305.15967,58.81103
1789867386.166,9196,5.19972,0.61186,3.18150,1.550,1.548,1024.1,305.19154,58.81716
1789867386.176,9197,5.19972,0.65426,3.40197,1.550,1.548,1024.1,305.22563,58.82371
1789867386.186,9198,5.19972,0.59197,3.07808,1.550,1.547,1024.1,305.25646,58.82964
1789867386.196,9199,5.19972,0.61186,3.18150,1.550,1.547,1024.1,305.28834,58.83577
1789867386.206,9200,5.19972,0.59073,3.07163,1.550,1.548,1024.1,305.31894,58.84166
1789867386.216,9201,5.19972,0.58624,3.04828,1.550,1.548,1024.1,305.34930,58.84750
1789867386.226,9202,5.19972,0.59596,3.09883,1.550,1.548,1024.1,305.38017,58.85343
1789867386.236,9203,5.19972,0.64280,3.34238,1.550,1.548,1024.1,305.41346,58.85984
1789867386.246,9204,5.19972,0.58873,3.06123,1.550,1.548,1024.1,305.44424,58.86576
1789867386.256,9205,5.19972,0.61186,3.18150,1.550,1.548,1024.1,305.47623,58.87191
1789867386.266,9206,5.20034,0.58799,3.05775,1.549,1.547,1024.1,305.50697,58.87782
1789867386.276,9207,5.20034,0.60931,3.16862,1.549,1.547,1024.1,305.53883,58.88395
1789867386.286,9208,5.20034,0.58948,3.06550,1.550,1.547,1024.1,305.56942,58.88983
1789867386.296,9209,5.20034,0.59720,3.10564,1.550,1.547,1024.1,305.60041,58.89579
1789867386.306,9210,5.20034,0.62087,3.22874,1.550,1.547,1024.1,305.63263,58.90198
1789867386.316,9211,5.20034,0.58873,3.06160,1.551,1.548,1024.1,305.66318,58.90786
1789867386.326,9212,5.20034,0.60931,3.16862,1.550,1.548,1024.1,305.69475,58.91393
1789867386.336,9213,5.20034,0.58525,3.04350,1.550,1.547,1024.1,305.72507,58.91976
1789867386.346,9214,5.20034,0.58151,3.02405,1.551,1.548,1024.1,305.75520,58.92555
1789867386.356,9215,5.20034,0.60931,3.16862,1.551,1.548,1024.1,305.78677,58.93162
1789867386.366,9216,5.20085,0.59073,3.07230,1.551,1.548,1024.1,305.81761,58.93755
1789867386.376,9217,5.20085,0.60773,3.16071,1.551,1.548,1024.1,305.84933,58.94365
1789867386.386,9218,5.20085,0.58998,3.06840,1.551,1.548,1024.1,305.88013,58.94957
1789867386.396,9219,5.20085,0.59172,3.07745,1.552,1.548,1024.1,305.91102,58.95551
1789867386.406,9220,5.20085,0.60773,3.16071,1.550,1.548,1024.1,305.94262,58.96159
1789867386.416,9221,5.20085,0.59147,3.07615,1.550,1.548,1024.1,305.97337,58.96750
1789867386.426,9222,5.20085,0.58450,3.03990,1.550,1.548,1024.1,306.00376,58.97335
1789867386.436,9223,5.20085,0.60773,3.16071,1.550,1.548,1024.1,306.03536,58.97942
1789867386.446,9224,5.20085,0.59297,3.08395,1.550,1.548,1024.1,306.06618,58.98535
1789867386.456,9225,5.20085,0.59048,3.07100,1.550,1.548,1024.1,306.09687,58.99125
1789867386.466,9226,5.20108,0.60661,3.15503,1.551,1.548,1024.1,306.12839,58.99731
1789867386.476,9227,5.20108,0.58525,3.04393,1.550,1.548,1024.1,306.15881,59.00316
1789867386.486,9228,5.20108,0.62361,3.24345,1.550,1.548,1024.1,306.19117,59.00938
1789867386.496,9229,5.20108,0.60661,3.15503,1.550,1.548,1024.1,306.22264,59.01543
1789867386.506,9230,5.20108,0.60661,3.15503,1.550,1.548,1024.1,306.25411,59.02148
1789867386.516,9231,5.20108,0.62062,3.22789,1.550,1.548,1024.1,306.28631,59.02767
1789867386.526,9232,5.20108,0.58724,3.05428,1.550,1.548,1024.1,306.31697,59.03357
1789867386.536,9233,5.20108,0.60661,3.15503,1.550,1.548,1024.1,306.34864,59.03966
1789867386.546,9234,5.20108,0.58649,3.05038,1.550,1.548,1024.1,306.37926,59.04554
1789867386.556,9235,5.20108,0.58799,3.05818,1.550,1.548,1024.1,306.40996,59.05145
1789867386.566,9236,5.20112,0.63483,3.30183,1.550,1.548,1024.1,306.44300,59.05780
1789867386.576,9237,5.20112,0.59222,3.08021,1.550,1.548,1024.1,306.47383,59.06373
1789867386.586,9238,5.20112,0.60666,3.15531,1.550,1.547,1024.1,306.50540,59.06980
1789867386.596,9239,5.20112,0.59048,3.07116,1.550,1.548,1024.1,306.53614,59.07571
1789867386.606,9240,5.20112,0.60666,3.15531,1.551,1.548,1024.1,306.56765,59.08176
1789867386.616,9241,5.19055,0.63383,3.28993,1.550,1.548,1024.1,306.60050,59.08809
1789867386.626,9242,5.20112,0.62013,3.22537,1.550,1.548,1024.1,306.63270,59.09428
1789867386.636,9243,5.20112,0.60666,3.15531,1.550,1.548,1024.1,306.66421,59.10034
1789867386.646,9244,5.20112,0.58624,3.04910,1.550,1.548,1024.1,306.69468,59.10620
1789867386.656,9245,5.20112,0.59571,3.09836,1.550,1.548,1024.1,306.72565,59.11216
1789867386.666,9246,5.20104,0.60665,3.15521,1.549,1.548,1024.1,306.75719,59.11822
1789867386.676,9247,5.20104,0.60665,3.15521,1.550,1.548,1024.1,306.78873,59.12428
1789867386.686,9248,5.20104,0.63159,3.28492,1.550,1.548,1024.1,306.82156,59.13060
1789867386.696,9249,5.20104,0.60665,3.15521,1.550,1.548,1024.1,306.85309,59.13666
1789867386.706,9250,5.20104,0.61689,3.20847,1.550,1.548,1024.1,306.88516,59.14282
1789867386.716,9251,5.20104,0.60665,3.15521,1.550,1.548,1024.1,306.91669,59.14889
1789867386.726,9252,5.20104,0.60665,3.15521,1.550,1.548,1024.1,306.94831,59.15497
1789867386.736,9253,5.20104,0.60665,3.15521,1.551,1.548,1024.1,306.97992,59.16104
1789867386.746,9254,5.18930,0.63582,3.29946,1.551,1.548,1024.1,307.01298,59.16741
1789867386.756,9255,5.20104,0.58799,3.05816,1.551,1.548,1024.1,307.04362,59.17331
1789867386.766,9256,5.20104,0.60656,3.15474,1.551,1.548,1024.1,307.07509,59.17936
1789867386.776,9257,5.20104,0.58350,3.03481,1.551,1.548,1024.1,307.10536,59.18518
1789867386.786,9258,5.20104,0.60656,3.15474,1.550,1.547,1024.1,307.13684,59.19123
1789867386.796,9259,5.20104,0.69338,3.60630,1.550,1.548,1024.1,307.17281,59.19814
1789867386.806,9260,5.20104,0.59546,3.09701,1.550,1.548,1024.1,307.20379,59.20410
1789867386.816,9261,5.20104,0.62062,3.22787,1.550,1.548,1024.1,307.23608,59.21031
1789867386.826,9262,5.20104,0.59372,3.08796,1.550,1.548,1024.1,307.26697,59.21625
1789867386.836,9263,5.20104,0.60656,3.15474,1.550,1.548,1024.1,307.29852,59.22232
1789867386.846,9264,5.20104,0.59347,3.08666,1.551,1.548,1024.1,307.32945,59.22826
1789867386.856,9265,5.20104,0.59496,3.09441,1.550,1.548,1024.1,307.36046,59.23422
1789867386.866,9266,5.20144,0.60547,3.14932,1.551,1.548,1024.1,307.39202,59.24029
1789867386.876,9267,5.20144,0.58923,3.06484,1.551,1.548,1024.1,307.42274,59.24620
1789867386.886,9268,5.20144,0.61838,3.21647,1.550,1.548,1024.1,307.45482,59.25237
1789867386.896,9269,5.20144,0.59521,3.09595,1.550,1.548,1024.1,307.48571,59.25830
1789867386.906,9270,5.20144,0.59247,3.08170,1.550,1.547,1024.1,307.51645,59.26421
1789867386.916,9271,5.20144,0.60547,3.14932,1.550,1.548,1024.1,307.54787,59.27025
1789867386.926,9272,5.20144,0.58998,3.06875,1.550,1.548,1024.1,307.57850,59.27614
1789867386.936,9273,5.20144,0.61863,3.21777,1.551,1.548,1024.1,307.61062,59.28232
1789867386.946,9274,5.20144,0.59322,3.08560,1.551,1.548,1024.1,307.64142,59.28824
1789867386.956,9275,5.20144,0.58948,3.06614,1.550,1.548,1024.1,307.67203,59.29412
1789867386.966,9276,5.20155,0.61614,3.20488,1.551,1.548,1024.1,307.70423,59.30031
1789867386.976,9277,5.20155,0.60540,3.14902,1.551,1.548,1024.1,307.73586,59.30640
1789867386.986,9278,5.20155,0.60540,3.14902,1.550,1.548,1024.1,307.76750,59.31248
1789867386.996,9279,5.20155,0.60540,3.14902,1.550,1.548,1024.1,307.79914,59.31856
1789867387.006,9280,5.20155,0.64529,3.35651,1.551,1.548,1024.1,307.83260,59.32500
1789867387.016,9281,5.18680,0.66099,3.42842,1.551,1.548,1024.1,307.86679,59.33159
1789867387.026,9282,5.20155,0.64454,3.35261,1.550,1.548,1024.1,307.90022,59.33801
1789867387.036,9283,5.20155,0.64081,3.33321,1.550,1.548,1024.1,307.93346,59.34440
1789867387.046,9284,5.18805,0.66099,3.42925,1.550,1.548,1024.1,307.96775,59.35101
1789867387.056,9285,5.20155,0.63732,3.31505,1.550,1.548,1024.1,308.00089,59.35738
1789867387.066,9286,5.20081,0.63956,3.32623,1.550,1.548,1024.1,308.03415,59.36378
1789867387.076,9287,5.20081,0.62910,3.27183,1.550,1.548,1024.1,308.06686,59.37007
1789867387.086,9288,5.20081,0.58973,3.06707,1.551,1.548,1024.1,308.09757,59.37597
1789867387.096,9289,5.20081,0.63308,3.29253,1.551,1.548,1024.1,308.13053,59.38231
1789867387.106,9290,5.16431,0.83240,4.29877,1.551,1.548,1024.1,308.17357,59.39064
1789867387.116,9291,5.20081,0.63682,3.31198,1.551,1.548,1024.1,308.20673,59.39702
1789867387.126,9292,5.20081,0.63757,3.31588,1.550,1.548,1024.1,308.23993,59.40341
1789867387.136,9293,5.20081,0.65027,3.38193,1.550,1.548,1024.1,308.27380,59.40992
1789867387.146,9294,5.20081,0.64105,3.33398,1.550,1.548,1024.1,308.30719,59.41634
1789867387.156,9295,5.20081,0.65650,3.41433,1.550,1.548,1024.1,308.34139,59.42291
1789867387.166,9296,5.19948,0.63508,3.30209,1.551,1.548,1024.1,308.37441,59.42926
1789867387.176,9297,5.19948,0.69188,3.59742,1.550,1.548,1024.1,308.41039,59.43618
1789867387.186,9298,5.19948,0.63233,3.28779,1.550,1.548,1024.1,308.44327,59.44251
1789867387.196,9299,5.18930,0.67145,3.48436,1.551,1.548,1024.1,308.47812,59.44922
1789867387.206,9300,5.16306,0.68814,3.55291,1.550,1.547,1024.1,308.51356,59.45609
1789867387.216,9301,5.18305,0.65052,3.37168,1.550,1.547,1024.1,308.54719,59.46258
1789867387.226,9302,5.19948,0.63682,3.31113,1.550,1.547,1024.1,308.58023,59.46893
1789867387.236,9303,5.18555,0.68067,3.52965,1.550,1.547,1024.1,308.61544,59.47572
1789867387.246,9304,5.19948,0.63508,3.30209,1.550,1.548,1024.1,308.64854,59.48209
1789867387.256,9305,5.18055,0.64977,3.36617,1.549,1.548,1024.1,308.68230,59.48860
1789867387.266,9306,5.18680,0.65227,3.38319,1.550,1.548,1024.1,308.71622,59.49514
1789867387.276,9307,5.17930,0.67668,3.50473,1.550,1.548,1024.1,308.75136,59.50193
1789867387.286,9308,5.19831,0.62984,3.27410,1.550,1.548,1024.1,308.78407,59.50822
1789867387.296,9309,5.19831,0.68565,3.56422,1.550,1.548,1024.1,308.81968,59.51507
1789867387.306,9310,5.19831,0.64280,3.34147,1.550,1.548,1024.1,308.85306,59.52149
1789867387.316,9311,5.14557,0.82194,4.22935,1.550,1.548,1024.1,308.89531,59.52970
1789867387.326,9312,5.19831,0.63582,3.30519,1.550,1.548,1024.1,308.92828,59.53605
1789867387.336,9313,5.19831,0.68466,3.55907,1.550,1.548,1024.1,308.96379,59.54288
1789867387.346,9314,5.19831,0.62810,3.26506,1.551,1.548,1024.1,308.99636,59.54914
1789867387.356,9315,5.18430,0.67793,3.51459,1.551,1.548,1024.1,309.03142,59.55590
1789867387.366,9316,5.19671,0.62459,3.24581,1.551,1.548,1024.1,309.06395,59.56216
1789867387.376,9317,5.18305,0.66946,3.46984,1.551,1.548,1024.1,309.09872,59.56887
1789867387.386,9318,5.19671,0.62459,3.24581,1.551,1.548,1024.1,309.13125,59.57513
1789867387.396,9319,5.18555,0.67917,3.52187,1.551,1.548,1024.1,309.16655,59.58194
1789867387.406,9320,5.19671,0.65501,3.40390,1.551,1.548,1024.1,309.20063,59.58850
1789867387.416,9321,5.18305,0.68989,3.57573,1.551,1.548,1024.1,309.23644,59.59541
1789867387.426,9322,5.19671,0.63508,3.30033,1.551,1.548,1024.1,309.26949,59.60177
1789867387.436,9323,5.18055,0.68366,3.54173,1.551,1.548,1024.1,309.30495,59.60861
1789867387.446,9324,5.19671,0.62459,3.24581,1.551,1.548,1024.1,309.33754,59.61488
1789867387.456,9325,5.18555,0.67618,3.50637,1.551,1.548,1024.1,309.37275,59.62167
1789867387.466,9326,5.19554,0.62903,3.26815,1.550,1.548,1024.1,309.40556,59.62799
1789867387.477,9327,5.19554,0.74345,3.86262,1.549,1.547,1024.1,309.44435,59.63545
1789867387.486,9328,5.19554,0.62903,3.26815,1.550,1.548,1024.1,309.47682,59.64170
1789867387.496,9329,5.18305,0.67544,3.50084,1.551,1.548,1024.1,309.51159,59.64841
1789867387.506,9330,5.19554,0.62903,3.26815,1.551,1.548,1024.1,309.54406,59.65466
1789867387.516,9331,5.14057,0.83290,4.28158,1.551,1.548,1024.1,309.58659,59.66294
1789867387.526,9332,5.19554,0.62903,3.26815,1.551,1.548,1024.1,309.61933,59.66924
1789867387.536,9333,5.18305,0.69960,3.62606,1.551,1.548,1024.1,309.65564,59.67624
1789867387.546,9334,5.19554,0.62903,3.26815,1.551,1.548,1024.1,309.68838,59.68254
1789867387.556,9335,5.16431,0.65874,3.40194,1.551,1.548,1024.1,309.72245,59.68914
1789867387.566,9336,5.19429,0.63395,3.29292,1.551,1.548,1024.1,309.75535,59.69547
1789867387.576,9337,5.19429,0.75566,3.92512,1.551,1.548,1024.1,309.79456,59.70302
1789867387.586,9338,5.19429,0.63395,3.29292,1.551,1.548,1024.1,309.82747,59.70936
1789867387.596,9339,5.17805,0.63395,3.28262,1.551,1.548,1024.1,309.86026,59.71569
1789867387.606,9340,5.19429,0.63395,3.29292,1.550,1.548,1024.1,309.89326,59.72204
1789867387.616,9341,5.14432,0.86678,4.45899,1.550,1.548,1024.1,309.93795,59.73073
1789867387.626,9342,5.19429,0.63395,3.29292,1.550,1.548,1024.1,309.97095,59.73708
1789867387.636,9343,5.19429,0.63395,3.29292,1.550,1.548,1024.1,310.00395,59.74344
1789867387.646,9344,5.19429,0.63395,3.29292,1.550,1.548,1024.1,310.03674,59.74975
1789867387.656,9345,5.16306,0.64878,3.34969,1.551,1.548,1024.1,310.07011,59.75621
1789867387.666,9346,5.19320,0.63946,3.32084,1.551,1.548,1024.1,310.10318,59.76258
1789867387.676,9347,5.19320,0.62137,3.22690,1.552,1.548,1024.1,310.13532,59.76877
1789867387.686,9348,5.19320,0.62586,3.25022,1.551,1.548,1024.1,310.16786,59.77504
1789867387.696,9349,5.18055,0.62660,3.24613,1.551,1.548,1024.1,310.20035,59.78131
1789867387.706,9350,5.19320,0.62660,3.25406,1.551,1.548,1024.1,310.23293,59.78758
1789867387.716,9351,5.19320,0.63946,3.32084,1.551,1.548,1024.1,310.26617,59.79398
1789867387.726,9352,5.19320,0.78731,4.08866,1.551,1.548,1024.1,310.30706,59.80186
1789867387.736,9353,5.19320,0.63946,3.32084,1.551,1.548,1024.1,310.34027,59.80825
1789867387.746,9354,5.19320,0.63946,3.32084,1.551,1.548,1024.1,310.37347,59.81464
1789867387.756,9355,5.19320,0.63946,3.32084,1.551,1.548,1024.1,310.40668,59.82104
1789867387.766,9356,5.18180,0.62087,3.21722,1.551,1.548,1024.1,310.43892,59.82726
1789867387.776,9357,5.19199,0.62835,3.26239,1.551,1.548,1024.1,310.47161,59.83356
1789867387.786,9358,5.19199,0.63184,3.28051,1.551,1.548,1024.1,310.50448,59.83989
1789867387.796,9359,5.19199,0.63458,3.29473,1.550,1.548,1024.1,310.53749,59.84625
1789867387.806,9360,5.18055,0.63059,3.26680,1.551,1.548,1024.1,310.57020,59.85256
1789867387.816,9361,5.19199,0.64563,3.35210,1.551,1.548,1024.1,310.60377,59.85902
1789867387.826,9362,5.17930,0.64563,3.34391,1.550,1.548,1024.1,310.63725,59.86549
1789867387.836,9363,5.19199,0.63184,3.28051,1.551,1.548,1024.1,310.67010,59.87182
1789867387.846,9364,5.19199,0.67917,3.52624,1.552,1.548,1024.1,310.70536,59.87861
1789867387.856,9365,5.19199,0.62312,3.23523,1.551,1.548,1024.1,310.73771,59.88484
1789867387.866,9366,5.19081,0.66771,3.46596,1.550,1.548,1024.1,310.77237,59.89152
1789867387.876,9367,5.19081,0.62710,3.25516,1.550,1.547,1024.1,310.80492,59.89779
1789867387.886,9368,5.19081,0.67594,3.50868,1.551,1.548,1024.1,310.83987,59.90452
1789867387.896,9369,5.19081,0.62959,3.26808,1.550,1.548,1024.1,310.87243,59.91079
1789867387.906,9370,5.19081,0.67594,3.50868,1.550,1.548,1024.1,310.90739,59.91753
1789867387.916,9371,5.19081,0.62586,3.24872,1.550,1.548,1024.1,310.93975,59.92376
1789867387.926,9372,5.14057,0.79528,4.08819,1.550,1.548,1024.1,310.98064,59.93171
1789867387.936,9373,5.19081,0.63009,3.27068,1.551,1.548,1024.1,311.01335,59.93802
1789867387.946,9374,5.18055,0.67693,3.50687,1.551,1.548,1024.1,311.04842,59.94479
1789867387.956,9375,5.19081,0.67220,3.48926,1.551,1.548,1024.1,311.08331,59.95151
1789867387.966,9376,5.18917,0.71032,3.68597,1.551,1.548,1024.1,311.12019,59.95861
1789867387.976,9377,5.18917,0.66871,3.47005,1.551,1.548,1024.1,311.15490,59.96530
1789867387.986,9378,5.17555,0.72377,3.74591,1.551,1.548,1024.1,311.19238,59.97255
1789867387.996,9379,5.18917,0.66746,3.46356,1.551,1.548,1024.1,311.22703,59.97922
1789867388.006,9380,5.17306,0.72078,3.72864,1.551,1.548,1024.1,311.26431,59.98643
1789867388.016,9381,5.18917,0.67793,3.51789,1.551,1.548,1024.1,311.29949,59.99321
1789867388.026,9382,5.15181,0.87650,4.51556,1.551,1.548,1024.1,311.34465,60.00197
1789867388.036,9383,5.18917,0.62710,3.25413,1.552,1.548,1024.1,311.37719,60.00824
1789867388.046,9384,5.18917,0.68092,3.53341,1.552,1.548,1024.1,311.41253,60.01506
1789867388.056,9385,5.18917,0.63532,3.29678,1.552,1.548,1024.1,311.44551,60.02141
1789867388.066,9386,5.18765,0.66411,3.44517,1.552,1.548,1024.1,311.47997,60.02805
1789867388.076,9387,5.19930,0.63383,3.29547,1.552,1.548,1024.1,311.51294,60.03439
1789867388.086,9388,5.18765,0.69387,3.59955,1.552,1.548,1024.1,311.54890,60.04133
1789867388.096,9389,5.18765,0.62187,3.22604,1.551,1.548,1024.1,311.58113,60.04754
1789867388.106,9390,5.16431,0.64828,3.34792,1.551,1.548,1024.1,311.61458,60.05402
1789867388.116,9391,5.18765,0.62785,3.25707,1.551,1.548,1024.1,311.64713,60.06029
1789867388.126,9392,5.16556,0.91661,4.73480,1.550,1.548,1024.1,311.69454,60.06947
1789867388.136,9393,5.18765,0.63931,3.31652,1.551,1.548,1024.1,311.72775,60.07587
1789867388.146,9394,5.17181,0.63757,3.29739,1.550,1.548,1024.1,311.76077,60.08226
1789867388.156,9395,5.18765,0.63433,3.29068,1.550,1.548,1024.1,311.79372,60.08861
1789867388.166,9396,5.17555,0.72801,3.76785,1.551,1.548,1024.1,311.83142,60.09589
1789867388.176,9397,5.18757,0.62386,3.23632,1.551,1.548,1024.1,311.86381,60.10214
1789867388.186,9398,5.18757,0.62561,3.24540,1.551,1.548,1024.1,311.89629,60.10840
1789867388.196,9399,5.18757,0.62860,3.26091,1.551,1.548,1024.1,311.92892,60.11469
1789867388.206,9400,5.16056,0.64330,3.31979,1.552,1.548,1024.1,311.96211,60.12112
1789867388.216,9401,5.18757,0.64255,3.33327,1.552,1.549,1024.1,311.99544,60.12754
1789867388.226,9402,5.18757,0.63831,3.31128,1.552,1.548,1024.1,312.02854,60.13392
1789867388.236,9403,5.19930,0.63732,3.31362,1.552,1.548,1024.1,312.06167,60.14030
1789867388.246,9404,5.17181,0.64205,3.32056,1.552,1.548,1024.1,312.09487,60.14672
1789867388.256,9405,5.18757,0.63034,3.26993,1.552,1.548,1024.1,312.12756,60.15302
1789867388.266,9406,5.18742,0.62511,3.24271,1.551,1.548,1024.1,312.15997,60.15927
1789867388.276,9407,5.18742,0.63059,3.27114,1.550,1.548,1024.1,312.19268,60.16557
1789867388.286,9408,5.18742,0.62386,3.23622,1.551,1.548,1024.1,312.22501,60.17180
1789867388.296,9409,5.18742,0.62635,3.24914,1.552,1.548,1024.1,312.25747,60.17806
1789867388.306,9410,5.19805,0.63433,3.29728,1.552,1.548,1024.1,312.29041,60.18440
1789867388.316,9411,5.18742,0.72751,3.77390,1.551,1.548,1024.1,312.32811,60.19166
1789867388.326,9412,5.18742,0.63433,3.29054,1.551,1.548,1024.1,312.36099,60.19800
1789867388.336,9413,5.15056,0.78731,4.05509,1.550,1.548,1024.1,312.40151,60.20587
1789867388.346,9414,5.18742,0.62984,3.26724,1.551,1.548,1024.1,312.43416,60.21216
1789867388.356,9415,5.18742,0.62586,3.24660,1.551,1.548,1024.1,312.46660,60.21842
1789867388.366,9416,5.18757,0.62910,3.26350,1.551,1.548,1024.1,312.49934,60.22473
1789867388.376,9417,5.18757,0.64280,3.33457,1.550,1.548,1024.1,312.53278,60.23118
1789867388.386,9418,5.18757,0.62561,3.24540,1.550,1.548,1024.1,312.56533,60.23745
1789867388.396,9419,5.18757,0.67668,3.51032,1.551,1.548,1024.1,312.60054,60.24424
1789867388.406,9420,5.19805,0.62860,3.26749,1.550,1.548,1024.1,312.63314,60.25051
1789867388.416,9421,5.18757,0.66472,3.44828,1.550,1.548,1024.1,312.66754,60.25714
1789867388.426,9422,5.18757,0.62760,3.25572,1.550,1.548,1024.1,312.70002,60.26340
1789867388.436,9423,5.14557,0.84137,4.32933,1.550,1.548,1024.1,312.74321,60.27180
1789867388.446,9424,5.18757,0.63034,3.26993,1.551,1.548,1024.1,312.77594,60.27810
1789867388.456,9425,5.18757,0.67793,3.51681,1.550,1.548,1024.1,312.81114,60.28489
1789867388.466,9426,5.18722,0.63084,3.27231,1.551,1.548,1024.1,312.84389,60.29120
1789867388.476,9427,5.18722,0.63508,3.29430,1.551,1.548,1024.1,312.87686,60.29756
1789867388.486,9428,5.19805,0.63358,3.29338,1.551,1.548,1024.1,312.90981,60.30390
1789867388.496,9429,5.18722,0.66706,3.46019,1.551,1.548,1024.1,312.94442,60.31057
1789867388.506,9430,5.18722,0.63209,3.27879,1.551,1.548,1024.1,312.97723,60.31690
1789867388.516,9431,5.18722,0.65575,3.40152,1.551,1.548,1024.1,313.01126,60.32346
1789867388.526,9432,5.18722,0.62287,3.23096,1.551,1.548,1024.1,313.04356,60.32968
1789867388.536,9433,5.16556,0.67942,3.50958,1.550,1.548,1024.1,313.07865,60.33648
1789867388.546,9434,5.18722,0.63383,3.28782,1.551,1.548,1024.1,313.11152,60.34281
1789867388.556,9435,5.18722,0.69338,3.59671,1.550,1.548,1024.1,313.14748,60.34975
1789867388.566,9436,5.19805,0.64778,3.36719,1.550,1.548,1024.1,313.18113,60.35622
1789867388.576,9437,5.18730,0.68167,3.53603,1.550,1.548,1024.1,313.21648,60.36303
1789867388.586,9438,5.18730,0.63233,3.28009,1.549,1.548,1024.1,313.24926,60.36935
1789867388.596,9439,5.18730,0.66621,3.45583,1.550,1.548,1024.1,313.28380,60.37601
1789867388.606,9440,5.18730,0.62735,3.25425,1.550,1.548,1024.1,313.31639,60.38229
1789867388.616,9441,5.18730,0.66621,3.45583,1.551,1.548,1024.1,313.35099,60.38896
1789867388.626,9442,5.18730,0.64828,3.36282,1.550,1.548,1024.1,313.38467,60.39546
1789867388.636,9443,5.18730,0.68665,3.56186,1.550,1.548,1024.1,313.42033,60.40233
1789867388.646,9444,5.19805,0.63532,3.30243,1.550,1.548,1024.1,313.45336,60.40869
1789867388.656,9445,5.16556,0.67893,3.50705,1.550,1.548,1024.1,313.48844,60.41548
1789867388.666,9446,5.18722,0.64031,3.32143,1.550,1.548,1024.1,313.52166,60.42188
1789867388.676,9447,5.18722,0.66519,3.45049,1.549,1.547,1024.1,313.55618,60.42854
1789867388.686,9448,5.18722,0.62660,3.25031,1.550,1.548,1024.1,313.58859,60.43478
1789867388.696,9449,5.17555,0.70035,3.62470,1.551,1.548,1024.1,313.62473,60.44177
1789867388.706,9450,5.18722,0.62461,3.23999,1.550,1.548,1024.1,313.65704,60.44800
1789867388.716,9451,5.17181,0.68216,3.52800,1.550,1.548,1024.1,313.69222,60.45480
1789867388.726,9452,5.19930,0.64305,3.34341,1.550,1.548,1024.1,313.72574,60.46125
1789867388.736,9453,5.18722,0.76040,3.94436,1.550,1.548,1024.1,313.76529,60.46887
1789867388.746,9454,5.19930,0.64205,3.33821,1.549,1.548,1024.1,313.79876,60.47531
1789867388.756,9455,5.16431,0.66519,3.43525,1.549,1.547,1024.1,313.83320,60.48198
1789867388.766,9456,5.18757,0.63209,3.27901,1.549,1.548,1024.1,313.86594,60.48829
1789867388.776,9457,5.19805,0.70259,3.65210,1.550,1.548,1024.1,313.90240,60.49530
1789867388.786,9458,5.18757,0.62785,3.25702,1.550,1.548,1024.1,313.93492,60.50157
1789867388.796,9459,5.18757,0.70708,3.66803,1.551,1.548,1024.1,313.97154,60.50863
1789867388.806,9460,5.19805,0.63458,3.29858,1.550,1.548,1024.1,314.00459,60.51499
1789867388.816,9461,5.19805,0.62984,3.27394,1.551,1.548,1024.1,314.03739,60.52130
1789867388.826,9462,5.19805,0.63333,3.29208,1.550,1.548,1024.1,314.07037,60.52764
1789867388.836,9463,5.19930,0.75965,3.94965,1.550,1.548,1024.1,314.10994,60.53525
1789867388.846,9464,5.18757,0.63184,3.27771,1.550,1.548,1024.1,314.14268,60.54156
1789867388.856,9465,5.19805,0.63184,3.28434,1.550,1.548,1024.1,314.17548,60.54787
1789867388.866,9466,5.18757,0.63782,3.30874,1.551,1.548,1024.1,314.20852,60.55424
1789867388.876,9467,5.19805,0.69911,3.63401,1.551,1.548,1024.1,314.24482,60.56123
1789867388.886,9468,5.19805,0.63358,3.29338,1.550,1.548,1024.1,314.27768,60.56755
1789867388.896,9469,5.19930,0.63458,3.29937,1.551,1.548,1024.1,314.31060,60.57388
1789867388.906,9470,5.18757,0.62810,3.25831,1.550,1.548,1024.1,314.34312,60.58015
1789867388.916,9471,5.20179,0.62635,3.25814,1.550,1.548,1024.1,314.37563,60.58640
1789867388.926,9472,5.19805,0.63881,3.32057,1.550,1.548,1024.1,314.40893,60.59280
1789867388.936,9473,5.18757,0.63607,3.29966,1.550,1.548,1024.1,314.44202,60.59918
1789867388.946,9474,5.18757,0.68590,3.55815,1.550,1.548,1024.1,314.47770,60.60606
1789867388.956,9475,5.19930,0.63881,3.32136,1.550,1.548,1024.1,314.51101,60.61247
1789867388.966,9476,5.18789,0.66251,3.43703,1.550,1.548,1024.1,314.54537,60.61909
1789867388.976,9477,5.19930,0.63532,3.30322,1.550,1.548,1024.1,314.57839,60.62544
1789867388.986,9478,5.19805,0.69313,3.60292,1.550,1.548,1024.1,314.61440,60.63237
1789867388.996,9479,5.19805,0.62386,3.24286,1.550,1.548,1024.1,314.64682,60.63861
1789867389.006,9480,5.18789,0.67469,3.50022,1.550,1.548,1024.1,314.68186,60.64536
1789867389.016,9481,5.19805,0.62910,3.27009,1.551,1.548,1024.1,314.71460,60.65166
1789867389.026,9482,5.18789,0.63707,3.30505,1.551,1.548,1024.1,314.74768,60.65804
1789867389.036,9483,5.18789,0.63458,3.29213,1.551,1.548,1024.1,314.78064,60.66439
1789867389.046,9484,5.17555,0.69088,3.57568,1.551,1.548,1024.1,314.81633,60.67128
1789867389.056,9485,5.18789,0.64130,3.32699,1.551,1.548,1024.1,314.84953,60.67768
1789867389.066,9486,5.18886,0.65850,3.41686,1.551,1.548,1024.1,314.88364,60.68426
1789867389.076,9487,5.18886,0.63532,3.29659,1.549,1.547,1024.1,314.91654,60.69060
1789867389.086,9488,5.18886,0.67494,3.50217,1.550,1.548,1024.1,314.95152,60.69734
1789867389.096,9489,5.18886,0.62710,3.25393,1.550,1.548,1024.1,314.98402,60.70360
1789867389.106,9490,5.18886,0.67718,3.51379,1.550,1.548,1024.1,315.01912,60.71037
1789867389.116,9491,5.18886,0.62835,3.26042,1.551,1.548,1024.1,315.05169,60.71664
1789867389.126,9492,5.18886,0.68266,3.54223,1.551,1.548,1024.1,315.08718,60.72348
1789867389.136,9493,5.18886,0.63757,3.30826,1.551,1.548,1024.1,315.12033,60.72987
1789867389.146,9494,5.18886,0.68316,3.54482,1.551,1.548,1024.1,315.15585,60.73672
1789867389.156,9495,5.18886,0.63806,3.31080,1.550,1.548,1024.1,315.18902,60.74311
1789867389.166,9496,5.18910,0.68615,3.56050,1.551,1.548,1024.1,315.22460,60.74997
1789867389.176,9497,5.18910,0.63184,3.27868,1.551,1.548,1024.1,315.25737,60.75628
1789867389.186,9498,5.18910,0.67519,3.50363,1.551,1.548,1024.1,315.29238,60.76303
1789867389.196,9499,5.18910,0.62137,3.22435,1.551,1.548,1024.1,315.32460,60.76924
1789867389.206,9500,5.16681,0.67469,3.48600,1.551,1.548,1024.1,315.35946,60.77599
1789867389.216,9501,5.19930,0.63233,3.28767,1.551,1.548,1024.1,315.39234,60.78231
1789867389.226,9502,5.18910,0.68067,3.53206,1.550,1.548,1024.1,315.42766,60.78912
1789867389.236,9503,5.18910,0.63433,3.29160,1.550,1.548,1024.1,315.46057,60.79546
1789867389.246,9504,5.17555,0.70085,3.62728,1.551,1.548,1024.1,315.49684,60.80247
1789867389.256,9505,5.18910,0.62660,3.25149,1.550,1.548,1024.1,315.52935,60.80873
1789867389.266,9506,5.17805,0.68291,3.53614,1.551,1.548,1024.1,315.56470,60.81556
1789867389.276,9507,5.18941,0.63184,3.27888,1.551,1.548,1024.1,315.59748,60.82187
1789867389.286,9508,5.18941,0.75766,3.93181,1.551,1.548,1024.1,315.63681,60.82945
1789867389.296,9509,5.18941,0.63383,3.28920,1.551,1.548,1024.1,315.66971,60.83579
1789867389.306,9510,5.16556,0.67668,3.49543,1.551,1.548,1024.1,315.70468,60.84256
1789867389.316,9511,5.18941,0.62959,3.26720,1.551,1.548,1024.1,315.73736,60.84886
1789867389.326,9512,5.18941,0.69711,3.61759,1.551,1.548,1024.1,315.77353,60.85583
1789867389.336,9513,5.18941,0.62760,3.25687,1.550,1.548,1024.1,315.80609,60.86210
1789867389.346,9514,5.17181,0.69960,3.61820,1.550,1.547,1024.1,315.84226,60.86910
1789867389.356,9515,5.18941,0.65814,3.41536,1.550,1.547,1024.1,315.87641,60.87568
1789867389.366,9516,5.16181,0.81845,4.22468,1.550,1.547,1024.1,315.91864,60.88386
1789867389.376,9517,5.18972,0.63109,3.27518,1.550,1.548,1024.1,315.95138,60.89017
1789867389.386,9518,5.18972,0.76663,3.97860,1.551,1.548,1024.1,315.99114,60.89783
1789867389.396,9519,5.18972,0.63009,3.26999,1.551,1.548,1024.1,316.02383,60.90413
1789867389.406,9520,5.18972,0.63184,3.27907,1.551,1.548,1024.1,316.05665,60.91045
1789867389.416,9521,5.18972,0.62660,3.25188,1.552,1.548,1024.1,316.08920,60.91672
1789867389.426,9522,5.18972,0.69512,3.60748,1.551,1.548,1024.1,316.12530,60.92368
1789867389.436,9523,5.18972,0.62486,3.24285,1.551,1.548,1024.1,316.15776,60.92994
1789867389.446,9524,5.18972,0.63383,3.28940,1.551,1.548,1024.1,316.19066,60.93627
1789867389.456,9525,5.18972,0.63732,3.30751,1.550,1.548,1024.1,316.22374,60.94265
1789867389.466,9526,5.20054,0.65732,3.41842,1.551,1.548,1024.1,316.25792,60.94922
1789867389.476,9527,5.18992,0.64355,3.33997,1.550,1.548,1024.1,316.29133,60.95566
1789867389.486,9528,5.18992,0.63383,3.28953,1.551,1.548,1024.1,316.32419,60.96199
1789867389.496,9529,5.18992,0.66971,3.47574,1.550,1.548,1024.1,316.35892,60.96868
1789867389.506,9530,5.20054,0.63508,3.30276,1.550,1.548,1024.1,316.39191,60.97503
1789867389.516,9531,5.18992,0.65732,3.41144,1.551,1.548,1024.1,316.42599,60.98159
1789867389.526,9532,5.18992,0.62635,3.25071,1.550,1.548,1024.1,316.45853,60.98786
1789867389.536,9533,5.18992,0.68391,3.54944,1.550,1.548,1024.1,316.49407,60.99471
1789867389.546,9534,5.18992,0.63258,3.28304,1.550,1.547,1024.1,316.52693,61.00104
1789867389.556,9535,5.18992,0.69188,3.59080,1.550,1.547,1024.1,316.56288,61.00797
1789867389.566,9536,5.19011,0.64629,3.35432,1.551,1.548,1024.1,316.59645,61.01444
1789867389.576,9537,5.19011,0.64056,3.32458,1.550,1.548,1024.1,316.62972,61.02085
1789867389.586,9538,5.19011,0.62660,3.25212,1.550,1.547,1024.1,316.66227,61.02712
1789867389.596,9539,5.19011,0.67569,3.50691,1.550,1.548,1024.1,316.69737,61.03388
1789867389.606,9540,5.19011,0.62885,3.26380,1.551,1.548,1024.1,316.72981,61.04013
1789867389.616,9541,5.19011,0.65727,3.41130,1.550,1.548,1024.1,316.76372,61.04667
1789867389.626,9542,5.19011,0.63308,3.28575,1.550,1.548,1024.1,316.79639,61.05296
1789867389.636,9543,5.19011,0.67494,3.50301,1.549,1.548,1024.1,316.83121,61.05967
1789867389.646,9544,5.19011,0.62511,3.24439,1.549,1.547,1024.1,316.86382,61.06595
1789867389.656,9545,5.19011,0.67917,3.52497,1.549,1.547,1024.1,316.89925,61.07278
1789867389.666,9546,5.19015,0.63009,3.27026,1.549,1.547,1024.1,316.93212,61.07911
1789867389.676,9547,5.19015,0.67942,3.52629,1.549,1.547,1024.1,316.96756,61.08594
1789867389.686,9548,5.19015,0.63383,3.28967,1.549,1.547,1024.1,317.00042,61.09227
1789867389.696,9549,5.19015,0.67021,3.47849,1.550,1.547,1024.1,317.03515,61.09896
1789867389.706,9550,5.19015,0.62835,3.26123,1.550,1.548,1024.1,317.06772,61.10524
1789867389.716,9551,5.19015,0.67967,3.52759,1.551,1.548,1024.1,317.10295,61.11203
1789867389.726,9552,5.19015,0.62586,3.24831,1.551,1.548,1024.1,317.13548,61.11829
1789867389.736,9553,5.19015,0.67618,3.50948,1.551,1.548,1024.1,317.17062,61.12506
1789867389.746,9554,5.19015,0.62635,3.25085,1.551,1.548,1024.1,317.20317,61.13134
1789867389.756,9555,5.19015,0.66821,3.46811,1.551,1.548,1024.1,317.23789,61.13803
1789867389.766,9556,5.18996,0.63607,3.30118,1.552,1.548,1024.1,317.27087,61.14438
1789867389.776,9557,5.18996,0.67992,3.52876,1.551,1.548,1024.1,317.30613,61.15117
1789867389.786,9558,5.18996,0.63483,3.29474,1.551,1.548,1024.1,317.33904,61.15752
1789867389.796,9559,5.18996,0.69985,3.63219,1.551,1.548,1024.1,317.37533,61.16451
1789867389.806,9560,5.18996,0.62910,3.26500,1.551,1.548,1024.1,317.40787,61.17078
1789867389.816,9561,5.18996,0.67494,3.50291,1.552,1.549,1024.1,317.44277,61.17750
1789867389.826,9562,5.18996,0.62910,3.26500,1.552,1.548,1024.1,317.47531,61.18377
1789867389.836,9563,5.18996,0.74993,3.89211,1.552,1.548,1024.1,317.51410,61.19125
1789867389.846,9564,5.18996,0.62237,3.23008,1.552,1.548,1024.1,317.54658,61.19750
1789867389.856,9565,5.18996,0.66871,3.47058,1.551,1.548,1024.1,317.58148,61.20423
1789867389.866,9566,5.19015,0.63981,3.32071,1.552,1.548,1024.1,317.61487,61.21066
1789867389.876,9567,5.17680,0.72377,3.74681,1.550,1.548,1024.1,317.65254,61.21794
1789867389.886,9568,5.19015,0.64056,3.32460,1.551,1.548,1024.1,317.68572,61.22433
1789867389.896,9569,5.19015,0.71156,3.69310,1.550,1.548,1024.1,317.72257,61.23143
1789867389.906,9570,5.19015,0.62112,3.22371,1.550,1.548,1024.1,317.75474,61.23763
1789867389.916,9571,5.16181,0.63184,3.26144,1.551,1.548,1024.1,317.78728,61.24393
1789867389.926,9572,5.19015,0.62561,3.24701,1.551,1.547,1024.1,317.81986,61.25021
1789867389.936,9573,5.19015,0.75791,3.93367,1.551,1.547,1024.1,317.85933,61.25782
1789867389.946,9574,5.19015,0.63483,3.29486,1.551,1.548,1024.1,317.89239,61.26419
1789867389.956,9575,5.19015,0.63209,3.28064,1.552,1.548,1024.1,317.92531,61.27053
1789867389.966,9576,5.19027,0.62810,3.26001,1.551,1.548,1024.1,317.95782,61.27679
1789867389.976,9577,5.17805,0.74345,3.84962,1.551,1.548,1024.1,317.99620,61.28420
1789867389.986,9578,5.19027,0.63408,3.29105,1.551,1.548,1024.1,318.02902,61.29053
1789867389.996,9579,5.19027,0.62959,3.26774,1.552,1.548,1024.1,318.06160,61.29680
1789867390.006,9580,5.19027,0.63308,3.28586,1.551,1.548,1024.1,318.09442,61.30313
1789867390.016,9581,5.16431,0.62860,3.24629,1.551,1.548,1024.1,318.12685,61.30941
1789867390.026,9582,5.19027,0.62486,3.24319,1.551,1.548,1024.1,318.15924,61.31565
1789867390.036,9583,5.19027,0.63059,3.27293,1.551,1.548,1024.1,318.19194,61.32195
1789867390.046,9584,5.19027,0.63308,3.28586,1.551,1.548,1024.1,318.22487,61.32829
1789867390.056,9585,5.19027,0.63956,3.31949,1.550,1.548,1024.1,318.25815,61.33470
1789867390.066,9586,5.19015,0.64703,3.35818,1.551,1.548,1024.1,318.29181,61.34119
1789867390.076,9587,5.19015,0.63034,3.27156,1.551,1.548,1024.1,318.32460,61.34751
1789867390.086,9588,5.19015,0.62810,3.25993,1.551,1.548,1024.1,318.35715,61.35378
1789867390.096,9589,5.19015,0.62860,3.26253,1.551,1.548,1024.1,318.38973,61.36006
1789867390.106,9590,5.19015,0.62810,3.25993,1.551,1.548,1024.1,318.42228,61.36633
1789867390.116,9591,5.20054,0.63333,3.29366,1.551,1.548,1024.1,318.45517,61.37265
1789867390.126,9592,5.19015,0.63233,3.28189,1.551,1.548,1024.1,318.48799,61.37898
1789867390.136,9593,5.20054,0.62810,3.26646,1.551,1.548,1024.1,318.52066,61.38526
1789867390.146,9594,5.19015,0.62984,3.26896,1.551,1.548,1024.1,318.55336,61.39156
1789867390.156,9595,5.19015,0.63034,3.27156,1.550,1.548,1024.1,318.58608,61.39786
1789867390.166,9596,5.19015,0.62810,3.25993,1.550,1.548,1024.1,318.61868,61.40414
1789867390.176,9597,5.19015,0.63408,3.29097,1.550,1.548,1024.1,318.65158,61.41048
1789867390.186,9598,5.19015,0.67195,3.48752,1.550,1.548,1024.1,318.68646,61.41720
1789867390.196,9599,5.19015,0.62635,3.25085,1.551,1.548,1024.1,318.71896,61.42347
1789867390.206,9600,5.19015,0.67893,3.52375,1.551,1.548,1024.1,318.75418,61.43025
1789867390.216,9601,5.19015,0.62835,3.26123,1.552,1.548,1024.1,318.78677,61.43653
1789867390.226,9602,5.19015,0.67868,3.52245,1.551,1.548,1024.1,318.82197,61.44331
1789867390.236,9603,5.19015,0.63881,3.31552,1.552,1.548,1024.1,318.85511,61.44970
1789867390.246,9604,5.19015,0.68316,3.54570,1.551,1.548,1024.1,318.89062,61.45654
1789867390.256,9605,5.19015,0.62586,3.24831,1.551,1.548,1024.1,318.92316,61.46281
1789867390.266,9606,5.19007,0.68092,3.53402,1.552,1.548,1024.1,318.95856,61.46963
1789867390.276,9607,5.19007,0.65772,3.41361,1.550,1.547,1024.1,318.99275,61.47622
1789867390.286,9608,5.19007,0.67544,3.50558,1.551,1.547,1024.1,319.02775,61.48296
1789867390.296,9609,5.19007,0.63906,3.31677,1.551,1.548,1024.1,319.06086,61.48934
1789867390.306,9610,5.19007,0.68192,3.53921,1.551,1.548,1024.1,319.09619,61.49615
1789867390.316,9611,5.19007,0.62760,3.25729,1.551,1.548,1024.1,319.12870,61.50241
1789867390.326,9612,5.19007,0.68216,3.54046,1.551,1.548,1024.1,319.16440,61.50929
1789867390.336,9613,5.19007,0.62984,3.26891,1.551,1.548,1024.1,319.19735,61.51564
1789867390.346,9614,5.19007,0.69163,3.58961,1.551,1.548,1024.1,319.23355,61.52261
1789867390.357,9615,5.19007,0.62685,3.25340,1.551,1.548,1024.1,319.26635,61.52893
1789867390.366,9616,5.17306,0.67444,3.48892,1.551,1.548,1024.1,319.30099,61.53563
1789867390.376,9617,5.18980,0.65800,3.41489,1.551,1.548,1024.1,319.33489,61.54216
1789867390.386,9618,5.18980,0.75267,3.90621,1.551,1.548,1024.1,319.37368,61.54963
1789867390.396,9619,5.18980,0.63632,3.30237,1.551,1.548,1024.1,319.40646,61.55595
1789867390.406,9620,5.18980,0.67868,3.52221,1.550,1.548,1024.1,319.44163,61.56273
1789867390.416,9621,5.18980,0.63134,3.27653,1.550,1.548,1024.1,319.47435,61.56903
1789867390.426,9622,5.17430,0.70384,3.64188,1.550,1.548,1024.1,319.51072,61.57606
1789867390.436,9623,5.18980,0.62436,3.24030,1.550,1.548,1024.1,319.54308,61.58230
1789867390.446,9624,5.18980,0.70384,3.65279,1.550,1.548,1024.1,319.58034,61.58948
1789867390.457,9625,5.18980,0.62486,3.24290,1.550,1.548,1024.1,319.61342,61.59585
1789867390.467,9626,5.16306,0.63508,3.27896,1.551,1.548,1024.1,319.64688,61.60233
1789867390.477,9627,5.19007,0.63483,3.29481,1.551,1.548,1024.1,319.68049,61.60881
1789867390.487,9628,5.19007,0.76164,3.95296,1.551,1.548,1024.1,319.71932,61.61629
1789867390.497,9629,5.19007,0.63508,3.29611,1.551,1.548,1024.1,319.75170,61.62253
1789867390.506,9630,5.17930,0.63557,3.29181,1.551,1.548,1024.1,319.78404,61.62877
1789867390.516,9631,5.19007,0.62287,3.23274,1.551,1.548,1024.1,319.81580,61.63489
1789867390.526,9632,5.17555,0.70509,3.64923,1.550,1.548,1024.1,319.85222,61.64193
1789867390.536,9633,5.19007,0.63308,3.28573,1.550,1.548,1024.1,319.88501,61.64825
1789867390.546,9634,5.19007,0.62486,3.24307,1.550,1.548,1024.1,319.91737,61.65448
1789867390.556,9635,5.19007,0.63308,3.28573,1.550,1.548,1024.1,319.95016,61.66080
1789867390.566,9636,5.16431,0.64330,3.32220,1.550,1.548,1024.1,319.98342,61.66724
1789867390.576,9637,5.19015,0.62984,3.26896,1.550,1.548,1024.1,320.01615,61.67355
1789867390.586,9638,5.19015,0.64579,3.35175,1.551,1.548,1024.1,320.04971,61.68001
1789867390.596,9639,5.19015,0.63582,3.30000,1.550,1.547,1024.1,320.08275,61.68638
1789867390.606,9640,5.17680,0.62835,3.25284,1.550,1.547,1024.1,320.11525,61.69266
1789867390.616,9641,5.19015,0.62735,3.25604,1.552,1.548,1024.1,320.14778,61.69892
1789867390.626,9642,5.19015,0.63084,3.27415,1.552,1.548,1024.1,320.18049,61.70523
1789867390.636,9643,5.19015,0.62436,3.24052,1.551,1.548,1024.1,320.21286,61.71146
1789867390.646,9644,5.20054,0.63233,3.28846,1.552,1.548,1024.1,320.24576,61.71779
1789867390.656,9645,5.19015,0.63831,3.31292,1.552,1.548,1024.1,320.27890,61.72417
1789867390.666,9646,5.19027,0.63109,3.27553,1.552,1.548,1024.1,320.31168,61.73049
1789867390.676,9647,5.19027,0.63607,3.30138,1.550,1.548,1024.1,320.34471,61.73685
1789867390.686,9648,5.19027,0.76937,3.99324,1.551,1.548,1024.1,320.38464,61.74455
1789867390.696,9649,5.19027,0.62910,3.26520,1.551,1.548,1024.1,320.41729,61.75084
1789867390.706,9650,5.19027,0.63532,3.29748,1.550,1.548,1024.1,320.45026,61.75719
1789867390.716,9651,5.17805,0.63557,3.29101,1.550,1.548,1024.1,320.48317,61.76355
1789867390.726,9652,5.19027,0.66672,3.46046,1.550,1.548,1024.1,320.51776,61.77021
1789867390.736,9653,5.17555,0.69437,3.59375,1.551,1.548,1024.1,320.55368,61.77715
1789867390.746,9654,5.19027,0.67170,3.48630,1.551,1.548,1024.1,320.58852,61.78386
1789867390.756,9655,5.19027,0.71530,3.71260,1.551,1.548,1024.1,320.62563,61.79101
1789867390.766,9656,5.18976,0.67444,3.50018,1.551,1.548,1024.1,320.66064,61.79776
1789867390.776,9657,5.17306,0.71156,3.68094,1.551,1.548,1024.1,320.69747,61.80488
1789867390.786,9658,5.18976,0.68914,3.57647,1.551,1.548,1024.1,320.73325,61.81177
1789867390.796,9659,5.18976,0.72078,3.74068,1.551,1.548,1024.1,320.77067,61.81898
1789867390.806,9660,5.18976,0.63283,3.28424,1.551,1.548,1024.1,320.80352,61.82531
1789867390.816,9661,5.18976,0.68192,3.53900,1.551,1.548,1024.1,320.83891,61.83213
1789867390.826,9662,5.20179,0.63532,3.30480,1.550,1.548,1024.1,320.87197,61.83849
1789867390.836,9663,5.18976,0.64355,3.33987,1.551,1.548,1024.1,320.90538,61.84492
1789867390.846,9664,5.18976,0.63358,3.28813,1.552,1.548,1024.1,320.93815,61.85124
1789867390.856,9665,5.18976,0.67319,3.49369,1.552,1.548,1024.1,320.97297,61.85795
1789867390.866,9666,5.18933,0.62386,3.23742,1.552,1.548,1024.1,321.00524,61.86417
1789867390.876,9667,5.18933,0.65887,3.41909,1.552,1.548,1024.1,321.03932,61.87074
1789867390.886,9668,5.18933,0.63333,3.28656,1.552,1.548,1024.1,321.07230,61.87709
1789867390.896,9669,5.18933,0.67718,3.51411,1.552,1.548,1024.1,321.10756,61.88388
1789867390.906,9670,5.18933,0.63532,3.29689,1.551,1.548,1024.1,321.14063,61.89026
1789867390.916,9671,5.18933,0.68914,3.57617,1.551,1.548,1024.1,321.17651,61.89717
1789867390.926,9672,5.18933,0.62910,3.26461,1.550,1.547,1024.1,321.20917,61.90347
1789867390.936,9673,5.18933,0.67718,3.51411,1.550,1.547,1024.1,321.24433,61.91024
1789867390.946,9674,5.18933,0.63333,3.28656,1.550,1.547,1024.1,321.27721,61.91658
1789867390.956,9675,5.18933,0.66996,3.47664,1.549,1.547,1024.1,321.31199,61.92328
1789867390.966,9676,5.18945,0.62635,3.25041,1.549,1.548,1024.1,321.34447,61.92954
1789867390.976,9677,5.17805,0.68092,3.52584,1.550,1.548,1024.1,321.37970,61.93634
1789867390.986,9678,5.18945,0.62885,3.26339,1.550,1.548,1024.1,321.41230,61.94262
1789867390.996,9679,5.18945,0.68042,3.53101,1.550,1.548,1024.1,321.44758,61.94942
1789867391.006,9680,5.18945,0.63956,3.31896,1.551,1.548,1024.1,321.48083,61.95583
1789867391.016,9681,5.15806,0.67444,3.47880,1.551,1.548,1024.1,321.51568,61.96259
1789867391.026,9682,5.18945,0.64180,3.33059,1.551,1.548,1024.1,321.54904,61.96901
1789867391.036,9683,5.18945,0.67893,3.52327,1.550,1.548,1024.1,321.58434,61.97582
1789867391.046,9684,5.18945,0.62536,3.24527,1.550,1.548,1024.1,321.61676,61.98206
1789867391.056,9685,5.18945,0.71181,3.69390,1.550,1.548,1024.1,321.65366,61.98917
1789867391.066,9686,5.18933,0.62760,3.25682,1.550,1.548,1024.1,321.68620,61.99544
1789867391.076,9687,5.17056,0.67594,3.49499,1.549,1.547,1024.1,321.72111,62.00220
1789867391.086,9688,5.18933,0.63532,3.29689,1.550,1.548,1024.1,321.75398,62.00853
1789867391.096,9689,5.16681,0.77535,4.00609,1.550,1.548,1024.1,321.79391,62.01626
1789867391.106,9690,5.18933,0.63682,3.30467,1.550,1.548,1024.1,321.82686,62.02261
1789867391.116,9691,5.16306,0.68017,3.51176,1.550,1.548,1024.1,321.86186,62.02939
1789867391.126,9692,5.18933,0.63508,3.29564,1.550,1.548,1024.1,321.89493,62.03576
1789867391.136,9693,5.18933,0.68391,3.54903,1.551,1.548,1024.1,321.93053,62.04262
1789867391.146,9694,5.18933,0.62785,3.25812,1.550,1.548,1024.1,321.96322,62.04892
1789867391.156,9695,5.18933,0.72900,3.78302,1.550,1.548,1024.1,322.00118,62.05623
1789867391.166,9696,5.18921,0.62486,3.24253,1.550,1.548,1024.1,322.03360,62.06248
1789867391.176,9697,5.19930,0.63508,3.30197,1.550,1.548,1024.1,322.06661,62.06883
1789867391.186,9698,5.19930,0.63134,3.28253,1.550,1.548,1024.1,322.09943,62.07514
1789867391.196,9699,5.18921,0.76488,3.96912,1.550,1.548,1024.1,322.13911,62.08279
1789867391.206,9700,5.18921,0.63956,3.31881,1.550,1.548,1024.1,322.17214,62.08916
1789867391.216,9701,5.18921,0.63532,3.29681,1.551,1.548,1024.1,322.20495,62.09548
1789867391.226,9702,5.18921,0.62685,3.25286,1.551,1.548,1024.1,322.23732,62.10172
1789867391.236,9703,5.18921,0.68814,3.57090,1.551,1.548,1024.1,322.27286,62.10856
1789867391.246,9704,5.18921,0.63084,3.27356,1.551,1.548,1024.1,322.30576,62.11491
1789867391.256,9705,5.18921,0.62685,3.25286,1.551,1.548,1024.1,322.33846,62.12121
1789867391.266,9706,5.18917,0.63632,3.30197,1.551,1.548,1024.1,322.37165,62.12760
1789867391.276,9707,5.18917,0.63283,3.28386,1.551,1.548,1024.1,322.40465,62.13396
1789867391.286,9708,5.18917,0.65919,3.42065,1.551,1.548,1024.1,322.43902,62.14058
1789867391.296,9709,5.18917,0.63059,3.27224,1.551,1.548,1024.1,322.47189,62.14692
1789867391.306,9710,5.18917,0.68690,3.56444,1.550,1.548,1024.1,322.50770,62.15382
1789867391.316,9711,5.18917,0.63084,3.27354,1.550,1.548,1024.1,322.54058,62.16016
1789867391.326,9712,5.18917,0.68490,3.55406,1.550,1.548,1024.1,322.57590,62.16696
1789867391.336,9713,5.18917,0.62262,3.23088,1.550,1.548,1024.1,322.60800,62.17315
1789867391.346,9714,5.18917,0.67369,3.49589,1.550,1.548,1024.1,322.64273,62.17984
1789867391.356,9715,5.19930,0.62785,3.26438,1.550,1.548,1024.1,322.67516,62.18608
1789867391.366,9716,5.18929,0.68067,3.53219,1.551,1.548,1024.1,322.71055,62.19290
1789867391.376,9717,5.18929,0.63283,3.28394,1.551,1.548,1024.1,322.74346,62.19924
1789867391.386,9718,5.18929,0.65878,3.41860,1.551,1.548,1024.1,322.77771,62.20584
1789867391.396,9719,5.18929,0.62486,3.24258,1.551,1.548,1024.1,322.81020,62.21210
1789867391.406,9720,5.18929,0.68366,3.54771,1.550,1.547,1024.1,322.84566,62.21893
1789867391.416,9721,5.18929,0.62934,3.26583,1.551,1.548,1024.1,322.87830,62.22523
1789867391.426,9722,5.18929,0.67693,3.51279,1.551,1.548,1024.1,322.91341,62.23199
1789867391.436,9723,5.18929,0.63483,3.29432,1.551,1.548,1024.1,322.94634,62.23834
1789867391.446,9724,5.18929,0.68042,3.53090,1.551,1.548,1024.1,322.98159,62.24513
1789867391.456,9725,5.18929,0.62835,3.26069,1.550,1.548,1024.1,323.01414,62.25140
1789867391.466,9726,5.18925,0.68366,3.54768,1.551,1.548,1024.1,323.04956,62.25823
1789867391.476,9727,5.18925,0.62635,3.25029,1.550,1.548,1024.1,323.08201,62.26448
1789867391.486,9728,5.18925,0.67469,3.50114,1.550,1.548,1024.1,323.11694,62.27121
1789867391.496,9729,5.18925,0.62885,3.26326,1.550,1.548,1024.1,323.14951,62.27749
1789867391.506,9730,5.14806,0.83315,4.28911,1.549,1.547,1024.1,323.19230,62.28580
1789867391.516,9731,5.18925,0.62984,3.26840,1.551,1.548,1024.1,323.22492,62.29209
1789867391.526,9732,5.18925,0.69313,3.59682,1.550,1.548,1024.1,323.26104,62.29905
1789867391.536,9733,5.19930,0.63433,3.29807,1.550,1.548,1024.1,323.29416,62.30542
1789867391.546,9734,5.18925,0.67120,3.48302,1.550,1.548,1024.1,323.32914,62.31216
1789867391.556,9735,5.18925,0.62910,3.26456,1.550,1.548,1024.1,323.36192,62.31848
1789867391.566,9736,5.16181,0.66013,3.40747,1.551,1.548,1024.1,323.39599,62.32507
1789867391.576,9737,5.18902,0.62386,3.23722,1.550,1.548,1024.1,323.42835,62.33131
1789867391.586,9738,5.18902,0.68241,3.54104,1.551,1.548,1024.1,323.46375,62.33813
1789867391.596,9739,5.19930,0.63433,3.29807,1.551,1.548,1024.1,323.49672,62.34448
1789867391.606,9740,5.17555,0.71829,3.71755,1.551,1.548,1024.1,323.53389,62.35166
1789867391.616,9741,5.18902,0.63806,3.31091,1.550,1.548,1024.1,323.56699,62.35804
1789867391.626,9742,5.17805,0.68515,3.54774,1.550,1.548,1024.1,323.60245,62.36488
1789867391.636,9743,5.18902,0.63383,3.28896,1.550,1.548,1024.1,323.63534,62.37122
1789867391.646,9744,5.18902,0.74221,3.85134,1.550,1.548,1024.1,323.67380,62.37863
1789867391.656,9745,5.18902,0.62386,3.23722,1.550,1.548,1024.1,323.70612,62.38486
1789867391.666,9746,5.15931,0.66025,3.40643,1.551,1.548,1024.1,323.74014,62.39146
1789867391.676,9747,5.18910,0.62910,3.26446,1.551,1.548,1024.1,323.77274,62.39774
1789867391.686,9748,5.19930,0.68416,3.55715,1.551,1.548,1024.1,323.80826,62.40457
1789867391.696,9749,5.18910,0.63383,3.28901,1.551,1.548,1024.1,323.84110,62.41090
1789867391.706,9750,5.18910,0.72452,3.75961,1.551,1.548,1024.1,323.87863,62.41813
1789867391.716,9751,5.18910,0.63034,3.27090,1.551,1.548,1024.1,323.91129,62.42443
1789867391.726,9752,5.18910,0.63333,3.28641,1.551,1.548,1024.1,323.94425,62.43078
1789867391.736,9753,5.18910,0.63159,3.27738,1.550,1.548,1024.1,323.97711,62.43711
1789867391.746,9754,5.18910,0.74470,3.86432,1.550,1.548,1024.1,324.01587,62.44458
1789867391.756,9755,5.18910,0.63308,3.28512,1.550,1.548,1024.1,324.04881,62.45093
1789867391.766,9756,5.18937,0.63358,3.28788,1.550,1.548,1024.1,324.08168,62.45726
1789867391.776,9757,5.18937,0.62561,3.24652,1.551,1.548,1024.1,324.11414,62.46352
1789867391.786,9758,5.18937,0.67942,3.52576,1.551,1.548,1024.1,324.14938,62.47031
1789867391.796,9759,5.18937,0.62660,3.25166,1.551,1.548,1024.1,324.18189,62.47657
1789867391.806,9760,5.18937,0.62212,3.22841,1.551,1.547,1024.1,324.21411,62.48278
1789867391.816,9761,5.18937,0.63483,3.29437,1.551,1.548,1024.1,324.24699,62.48912
1789867391.826,9762,5.18937,0.64130,3.32794,1.551,1.548,1024.1,324.28021,62.49552
1789867391.836,9763,5.18937,0.64903,3.36806,1.550,1.548,1024.1,324.31382,62.50200
1789867391.846,9764,5.18937,0.63483,3.29437,1.551,1.548,1024.1,324.34684,62.50836
1789867391.856,9765,5.18937,0.67917,3.52446,1.550,1.548,1024.1,324.38218,62.51517
1789867391.866,9766,5.18980,0.62287,3.23257,1.551,1.548,1024.1,324.41458,62.52141
1789867391.876,9767,5.18980,0.67469,3.50151,1.551,1.548,1024.1,324.44968,62.52817
1789867391.886,9768,5.18980,0.62835,3.26101,1.551,1.548,1024.1,324.48226,62.53445
1789867391.896,9769,5.18980,0.65663,3.40778,1.551,1.548,1024.1,324.51631,62.54101
1789867391.906,9770,5.18980,0.63109,3.27523,1.550,1.548,1024.1,324.54903,62.54732
1789867391.916,9771,5.17680,0.68789,3.56107,1.551,1.548,1024.1,324.58460,62.55419
1789867391.926,9772,5.18980,0.63059,3.27264,1.551,1.548,1024.1,324.61736,62.56050
1789867391.936,9773,5.18980,0.65663,3.40778,1.551,1.548,1024.1,324.65147,62.56707
1789867391.946,9774,5.18980,0.63782,3.31016,1.551,1.548,1024.1,324.68460,62.57346
1789867391.956,9775,5.18980,0.66746,3.46398,1.551,1.548,1024.1,324.71927,62.58014
1789867391.966,9776,5.18964,0.62635,3.25053,1.551,1.548,1024.1,324.75176,62.58640
1789867391.976,9777,5.18964,0.65633,3.40612,1.551,1.548,1024.1,324.78581,62.59296
1789867391.986,9778,5.18964,0.62386,3.23761,1.551,1.548,1024.1,324.81818,62.59920
1789867391.996,9779,5.18964,0.67594,3.50789,1.550,1.548,1024.1,324.85325,62.60595
1789867392.006,9780,5.18964,0.63109,3.27513,1.551,1.548,1024.1,324.88597,62.61226
1789867392.016,9781,5.18964,0.69263,3.59450,1.551,1.548,1024.1,324.92189,62.61918
1789867392.026,9782,5.18964,0.63333,3.28675,1.550,1.548,1024.1,324.95473,62.62551
1789867392.036,9783,5.18964,0.68216,3.54016,1.550,1.548,1024.1,324.99010,62.63233
1789867392.046,9784,5.18964,0.62785,3.25832,1.550,1.548,1024.1,325.02269,62.63860
1789867392.056,9785,5.18964,0.67419,3.49880,1.550,1.548,1024.1,325.05768,62.64535
1789867392.066,9786,5.18980,0.63009,3.27004,1.550,1.548,1024.1,325.09038,62.65165
1789867392.076,9787,5.18980,0.68167,3.53773,1.550,1.548,1024.1,325.12576,62.65846
1789867392.086,9788,5.18980,0.63233,3.28167,1.550,1.548,1024.1,325.15874,62.66482
1789867392.096,9789,5.20804,0.56905,2.96364,1.551,1.548,1024.1,325.18853,62.67054
1789867392.106,9790,5.20554,0.57951,3.01666,1.551,1.548,1024.1,325.21885,62.67636
1789867392.116,9791,5.21679,0.54389,2.83736,1.550,1.548,1024.1,325.24737,62.68183
1789867392.126,9792,5.20429,0.57528,2.99392,1.550,1.548,1024.1,325.27715,62.68755
1789867392.136,9793,5.21679,0.54488,2.84252,1.549,1.548,1024.1,325.30544,62.69298
1789867392.146,9794,5.21554,0.55261,2.88216,1.549,1.548,1024.1,325.33411,62.69847
1789867392.156,9795,5.20804,0.57503,2.99478,1.549,1.547,1024.1,325.36391,62.70419
1789867392.166,9796,5.21929,0.55012,2.87124,1.549,1.547,1024.1,325.39262,62.70970
1789867392.176,9797,5.21554,0.54613,2.84836,1.549,1.547,1024.1,325.42110,62.71516
1789867392.186,9798,5.20554,0.56656,2.94925,1.550,1.547,1024.1,325.45059,62.72082
1789867392.196,9799,5.21679,0.55385,2.88932,1.550,1.548,1024.1,325.47949,62.72636
1789867392.206,9800,5.20304,0.59098,3.07489,1.550,1.548,1024.1,325.51024,62.73227
1789867392.216,9801,5.19128,0.60667,3.14939,1.551,1.548,1024.1,325.54175,62.73834
1789867392.226,9802,5.20429,0.59197,3.08078,1.551,1.548,1024.1,325.57256,62.74426
1789867392.236,9803,5.20554,0.59770,3.11135,1.551,1.548,1024.1,325.60368,62.75024
1789867392.246,9804,5.19128,0.62087,3.22311,1.552,1.548,1024.1,325.63593,62.75645
1789867392.256,9805,5.20429,0.59471,3.09504,1.551,1.548,1024.1,325.66689,62.76240
1789867392.266,9806,5.19273,0.60867,3.16066,1.551,1.548,1024.1,325.69851,62.76849
1789867392.276,9807,5.20429,0.58101,3.02374,1.551,1.548,1024.1,325.72875,62.77430
1789867392.286,9808,5.20554,0.58724,3.05690,1.550,1.547,1024.1,325.75935,62.78018
1789867392.296,9809,5.19273,0.61763,3.20719,1.551,1.548,1024.1,325.79145,62.78636
1789867392.306,9810,5.20554,0.58848,3.06336,1.550,1.548,1024.1,325.82211,62.79225
1789867392.316,9811,5.19273,0.62561,3.24862,1.551,1.548,1024.1,325.85462,62.79851
1789867392.326,9812,5.19273,0.64325,3.34022,1.550,1.548,1024.1,325.88800,62.80494
1789867392.336,9813,5.20429,0.58848,3.06262,1.550,1.548,1024.1,325.91860,62.81082
1789867392.346,9814,5.19273,0.64325,3.34022,1.550,1.548,1024.1,325.95197,62.81725
1789867392.356,9815,5.20429,0.59172,3.07948,1.550,1.548,1024.1,325.98274,62.82316
1789867392.366,9816,5.19386,0.60767,3.15615,1.551,1.548,1024.1,326.01427,62.82923
1789867392.376,9817,5.20804,0.59272,3.08691,1.551,1.548,1024.1,326.04511,62.83515
1789867392.386,9818,5.20679,0.59621,3.10434,1.550,1.548,1024.1,326.07613,62.84111
1789867392.396,9819,5.19386,0.63869,3.31727,1.550,1.548,1024.1,326.10927,62.84749
1789867392.406,9820,5.20554,0.60817,3.16585,1.551,1.548,1024.1,326.14094,62.85357
1789867392.416,9821,5.19386,0.62038,3.22217,1.551,1.548,1024.1,326.17318,62.85978
1789867392.426,9822,5.19386,0.63869,3.31727,1.550,1.548,1024.1,326.20637,62.86617
1789867392.436,9823,5.19386,0.59172,3.07331,1.550,1.548,1024.1,326.23711,62.87209
1789867392.446,9824,5.19386,0.62586,3.25063,1.550,1.547,1024.1,326.26964,62.87835
1789867392.456,9825,5.20554,0.59222,3.08282,1.550,1.548,1024.1,326.30049,62.88428
1789867392.466,9826,5.19503,0.62386,3.24097,1.550,1.548,1024.1,326.33292,62.89052
1789867392.476,9827,5.19503,0.61190,3.17884,1.550,1.548,1024.1,326.36473,62.89664
1789867392.486,9828,5.19503,0.57976,3.01187,1.550,1.548,1024.1,326.39473,62.90242
1789867392.496,9829,5.19503,0.60767,3.15686,1.550,1.548,1024.1,326.42617,62.90847
1789867392.506,9830,5.19503,0.59098,3.07016,1.550,1.547,1024.1,326.45675,62.91436
1789867392.516,9831,5.19503,0.62312,3.23713,1.550,1.547,1024.1,326.48899,62.92056
1789867392.526,9832,5.19503,0.66099,3.43386,1.550,1.547,1024.1,326.52347,62.92720
1789867392.536,9833,5.19503,0.63399,3.29360,1.550,1.547,1024.1,326.55655,62.93357
1789867392.546,9834,5.19503,0.61739,3.20736,1.550,1.548,1024.1,326.58875,62.93977
1789867392.556,9835,5.20679,0.59820,3.11470,1.550,1.548,1024.1,326.62003,62.94577
1789867392.566,9836,5.20679,0.58350,3.03816,1.551,1.548,1024.1,326.65052,62.95163
1789867392.576,9837,5.19624,0.59671,3.10065,1.551,1.548,1024.1,326.68163,62.95762
1789867392.586,9838,5.19624,0.61390,3.18997,1.551,1.548,1024.1,326.71365,62.96378
1789867392.596,9839,5.20679,0.59372,3.09138,1.551,1.548,1024.1,326.74467,62.96974
1789867392.606,9840,5.19624,0.60941,3.16664,1.550,1.548,1024.1,326.77621,62.97580
1789867392.616,9841,5.20804,0.58525,3.04801,1.551,1.548,1024.1,326.80656,62.98163
1789867392.626,9842,5.19624,0.61739,3.20811,1.551,1.548,1024.1,326.83851,62.98778
1789867392.636,9843,5.19624,0.62843,3.26547,1.550,1.548,1024.1,326.87103,62.99404
1789867392.646,9844,5.19624,0.59820,3.10839,1.550,1.548,1024.1,326.90211,63.00002
1789867392.656,9845,5.19624,0.62843,3.26547,1.550,1.548,1024.1,326.93475,63.00630
1789867392.666,9846,5.19737,0.58873,3.05985,1.551,1.548,1024.1,326.96534,63.01219
1789867392.676,9847,5.19737,0.62333,3.23968,1.550,1.547,1024.1,326.99773,63.01842
1789867392.686,9848,5.20929,0.59322,3.09026,1.550,1.548,1024.1,327.02851,63.02433
1789867392.696,9849,5.19737,0.58226,3.02622,1.551,1.548,1024.1,327.05866,63.03013
1789867392.706,9850,5.19737,0.62333,3.23968,1.550,1.548,1024.1,327.09092,63.03634
1789867392.716,9851,5.19737,0.59172,3.07539,1.551,1.548,1024.1,327.12156,63.04223
1789867392.726,9852,5.19737,0.61190,3.18027,1.551,1.548,1024.1,327.15353,63.04838
1789867392.736,9853,5.20929,0.62333,3.24711,1.551,1.548,1024.1,327.18617,63.05465
1789867392.746,9854,5.19737,0.59621,3.09872,1.551,1.548,1024.1,327.21732,63.06064
1789867392.756,9855,5.19737,0.62333,3.23968,1.550,1.548,1024.1,327.24989,63.06691
1789867392.766,9856,5.19862,0.60044,3.12146,1.551,1.548,1024.1,327.28103,63.07290
1789867392.776,9857,5.19862,0.61875,3.21665,1.551,1.548,1024.1,327.31313,63.07907
1789867392.786,9858,5.19862,0.58475,3.03989,1.551,1.548,1024.1,327.34346,63.08491
1789867392.796,9859,5.19862,0.58799,3.05674,1.551,1.548,1024.1,327.37395,63.09077
1789867392.806,9860,5.19862,0.61875,3.21665,1.550,1.548,1024.1,327.40614,63.09697
1789867392.816,9861,5.19862,0.58923,3.06318,1.550,1.548,1024.1,327.43680,63.10286
1789867392.826,9862,5.19862,0.62885,3.26915,1.550,1.548,1024.1,327.46951,63.10916
1789867392.836,9863,5.19862,0.59571,3.09687,1.550,1.548,1024.1,327.50050,63.11512
1789867392.846,9864,5.19862,0.63383,3.29504,1.551,1.548,1024.1,327.53346,63.12146
1789867392.856,9865,5.18805,0.66846,3.46800,1.551,1.548,1024.1,327.56814,63.12814
1789867392.866,9866,5.19952,0.64454,3.35130,1.551,1.548,1024.1,327.60166,63.13459
1789867392.876,9867,5.19952,0.63657,3.30986,1.551,1.548,1024.1,327.63476,63.14095
1789867392.886,9868,5.19952,0.61493,3.19734,1.551,1.548,1024.1,327.66664,63.14708
1789867392.896,9869,5.19952,0.58774,3.05597,1.552,1.548,1024.1,327.69710,63.15294
1789867392.906,9870,5.19952,0.58998,3.06761,1.551,1.548,1024.1,327.72768,63.15883
1789867392.916,9871,5.18680,0.64180,3.32889,1.551,1.548,1024.1,327.76087,63.16522
1789867392.926,9872,5.19952,0.59372,3.08706,1.550,1.548,1024.1,327.79192,63.17120
1789867392.936,9873,5.18930,0.63184,3.27881,1.550,1.548,1024.1,327.82489,63.17755
1789867392.946,9874,5.19952,0.61493,3.19734,1.550,1.548,1024.1,327.85705,63.18373
1789867392.956,9875,5.19952,0.60318,3.13625,1.550,1.548,1024.1,327.88860,63.18980
1789867392.966,9876,5.18180,0.61127,3.16748,1.550,1.548,1024.1,327.92020,63.19590
1789867392.976,9877,5.20026,0.58973,3.06675,1.550,1.548,1024.1,327.95079,63.20178
1789867392.986,9878,5.20026,0.66796,3.47357,1.550,1.548,1024.1,327.98545,63.20845
1789867392.996,9879,5.20026,0.59172,3.07710,1.550,1.548,1024.1,328.01614,63.21435
1789867393.006,9880,5.20026,0.58973,3.06675,1.550,1.548,1024.1,328.04683,63.22025
1789867393.016,9881,5.20026,0.63981,3.32718,1.551,1.548,1024.1,328.08011,63.22665
1789867393.026,9882,5.20026,0.61127,3.17876,1.552,1.548,1024.1,328.11192,63.23277
1789867393.036,9883,5.20026,0.61127,3.17876,1.551,1.548,1024.1,328.14372,63.23888
1789867393.046,9884,5.18930,0.64006,3.32146,1.551,1.548,1024.1,328.17690,63.24528
1789867393.056,9885,5.20026,0.59347,3.08620,1.552,1.548,1024.1,328.20773,63.25121
1789867393.066,9886,5.20116,0.63508,3.30315,1.552,1.548,1024.1,328.24073,63.25755
1789867393.076,9887,5.20116,0.59571,3.09838,1.551,1.548,1024.1,328.27168,63.26350
1789867393.086,9888,5.20116,0.62212,3.23575,1.550,1.548,1024.1,328.30396,63.26971
1789867393.096,9889,5.20116,0.60695,3.15684,1.551,1.548,1024.1,328.33546,63.27576
1789867393.106,9890,5.20116,0.59297,3.08413,1.550,1.548,1024.1,328.36622,63.28168
1789867393.116,9891,5.20116,0.60695,3.15684,1.550,1.547,1024.1,328.39772,63.28773
1789867393.126,9892,5.20116,0.58574,3.04653,1.549,1.547,1024.1,328.42829,63.29361
1789867393.136,9893,5.20116,0.62760,3.26425,1.550,1.547,1024.1,328.46105,63.29991
1789867393.146,9894,5.20116,0.64429,3.35106,1.550,1.547,1024.1,328.49468,63.30638
1789867393.156,9895,5.20116,0.59098,3.07378,1.550,1.547,1024.1,328.52553,63.31231
1789867393.166,9896,5.20132,0.62361,3.24360,1.550,1.548,1024.1,328.55794,63.31854
1789867393.176,9897,5.20132,0.58973,3.06737,1.550,1.548,1024.1,328.58859,63.32443
1789867393.186,9898,5.20132,0.60643,3.15424,1.550,1.548,1024.1,328.62010,63.33049
1789867393.196,9899,5.20132,0.63532,3.30450,1.550,1.548,1024.1,328.65312,63.33684
1789867393.206,9900,5.20132,0.58500,3.04277,1.550,1.548,1024.1,328.68340,63.34266
1789867393.216,9901,5.20132,0.60643,3.15424,1.550,1.548,1024.1,328.71479,63.34869
1789867393.226,9902,5.20132,0.59471,3.09328,1.550,1.547,1024.1,328.74557,63.35461
1789867393.236,9903,5.20132,0.60643,3.15424,1.550,1.547,1024.1,328.77696,63.36065
1789867393.246,9904,5.19055,0.63009,3.27051,1.550,1.548,1024.1,328.80981,63.36698
1789867393.256,9905,5.20132,0.59172,3.07773,1.550,1.548,1024.1,328.84073,63.37292
1789867393.266,9906,5.20069,0.60934,3.16899,1.550,1.547,1024.1,328.87257,63.37904
1789867393.276,9907,5.20069,0.58873,3.06180,1.550,1.547,1024.1,328.90333,63.38496
1789867393.286,9908,5.20069,0.59596,3.09940,1.550,1.548,1024.1,328.93422,63.39090
1789867393.296,9909,5.20069,0.60934,3.16899,1.549,1.548,1024.1,328.96579,63.39697
1789867393.306,9910,5.20069,0.59073,3.07220,1.549,1.547,1024.1,328.99641,63.40285
1789867393.316,9911,5.20069,0.59073,3.07220,1.549,1.547,1024.1,329.02702,63.40874
1789867393.326,9912,5.20069,0.60934,3.16899,1.549,1.547,1024.1,329.05886,63.41486
1789867393.336,9913,5.20069,0.58226,3.02815,1.549,1.548,1024.1,329.08929,63.42071
1789867393.346,9914,5.20069,0.60934,3.16899,1.550,1.547,1024.1,329.12113,63.42684
1789867393.356,9915,5.20069,0.63831,3.31965,1.550,1.547,1024.1,329.15448,63.43325
1789867393.366,9916,5.20065,0.64330,3.34558,1.550,1.548,1024.1,329.18797,63.43969
1789867393.376,9917,5.20065,0.62361,3.24318,1.550,1.548,1024.1,329.22043,63.44593
1789867393.386,9918,5.20065,0.58923,3.06438,1.550,1.548,1024.1,329.25111,63.45183
1789867393.396,9919,5.20065,0.58201,3.02683,1.550,1.548,1024.1,329.28140,63.45765
1789867393.406,9920,5.20065,0.62536,3.25228,1.550,1.547,1024.1,329.31378,63.46388
1789867393.416,9921,5.20065,0.60969,3.17078,1.550,1.548,1024.1,329.34534,63.46995
1789867393.426,9922,5.20065,0.58624,3.04883,1.551,1.548,1024.1,329.37569,63.47578
1789867393.436,9923,5.20065,0.63233,3.28853,1.551,1.548,1024.1,329.40842,63.48208
1789867393.446,9924,5.20065,0.59646,3.10198,1.552,1.548,1024.1,329.43954,63.48806
1789867393.456,9925,5.18180,0.68864,3.56839,1.551,1.548,1024.1,329.47534,63.49497
1789867393.466,9926,5.20046,0.61050,3.17488,1.551,1.548,1024.1,329.50720,63.50110
1789867393.476,9927,5.20046,0.59571,3.09797,1.551,1.548,1024.1,329.53828,63.50707
1789867393.486,9928,5.18180,0.61050,3.16349,1.550,1.548,1024.1,329.56976,63.51315
1789867393.496,9929,5.20046,0.63109,3.28196,1.551,1.548,1024.1,329.60242,63.51943
1789867393.506,9930,5.18930,0.66148,3.43262,1.550,1.548,1024.1,329.63658,63.52601
1789867393.516,9931,5.20046,0.62511,3.25086,1.551,1.548,1024.1,329.66894,63.53223
1789867393.526,9932,5.20046,0.63707,3.31306,1.550,1.548,1024.1,329.70214,63.53862
1789867393.536,9933,5.18930,0.67594,3.50766,1.550,1.548,1024.1,329.73730,63.54539
1789867393.546,9934,5.20046,0.64255,3.34156,1.550,1.548,1024.1,329.77079,63.55183
1789867393.556,9935,5.17805,0.71082,3.68066,1.550,1.548,1024.1,329.80768,63.55896
1789867393.566,9936,5.18305,0.67569,3.50214,1.551,1.548,1024.1,329.84276,63.56573
1789867393.576,9937,5.19968,0.64878,3.37345,1.551,1.548,1024.1,329.87655,63.57222
1789867393.586,9938,5.18055,0.69562,3.60369,1.551,1.548,1024.1,329.91265,63.57919
1789867393.596,9939,5.19968,0.61376,3.19136,1.552,1.548,1024.1,329.94462,63.58534
1789867393.606,9940,5.19968,0.59048,3.07031,1.552,1.548,1024.1,329.97525,63.59123
1789867393.616,9941,5.18930,0.66497,3.45073,1.552,1.548,1024.1,330.00967,63.59786
1789867393.626,9942,5.19968,0.59372,3.08715,1.551,1.548,1024.1,330.04047,63.60379
1789867393.636,9943,5.19968,0.61376,3.19136,1.551,1.548,1024.1,330.07231,63.60991
1789867393.646,9944,5.19968,0.59546,3.09620,1.552,1.548,1024.1,330.10348,63.61591
1789867393.656,9945,5.19968,0.68466,3.56001,1.552,1.548,1024.1,330.13932,63.62280
1789867393.666,9946,5.19909,0.66796,3.47278,1.552,1.548,1024.1,330.17428,63.62952
1789867393.676,9947,5.19909,0.59945,3.11659,1.552,1.548,1024.1,330.20566,63.63556
1789867393.686,9948,5.19909,0.63682,3.31088,1.552,1.548,1024.1,330.23856,63.64189
1789867393.696,9949,5.19909,0.59421,3.08935,1.552,1.548,1024.1,330.26927,63.64779
1789867393.706,9950,5.19909,0.61599,3.20259,1.552,1.548,1024.1,330.30109,63.65391
1789867393.716,9951,5.19909,0.61599,3.20259,1.551,1.548,1024.1,330.33292,63.66004
1789867393.726,9952,5.19909,0.58001,3.01552,1.551,1.548,1024.1,330.36306,63.66583
1789867393.736,9953,5.19909,0.61599,3.20259,1.551,1.548,1024.1,330.39508,63.67199
1789867393.746,9954,5.19909,0.58948,3.06476,1.551,1.548,1024.1,330.42571,63.67788
1789867393.756,9955,5.19909,0.61599,3.20259,1.551,1.548,1024.1,330.45773,63.68404
1789867393.766,9956,5.18805,0.69188,3.58951,1.551,1.548,1024.1,330.49371,63.69098
1789867393.776,9957,5.19898,0.64454,3.35095,1.551,1.548,1024.1,330.52730,63.69744
1789867393.786,9958,5.18805,0.66273,3.43828,1.551,1.548,1024.1,330.56176,63.70408
1789867393.796,9959,5.19898,0.59995,3.11913,1.551,1.548,1024.1,330.59303,63.71009
1789867393.806,9960,5.19898,0.58624,3.04785,1.551,1.548,1024.1,330.62351,63.71596
1789867393.816,9961,5.19898,0.61658,3.20559,1.552,1.548,1024.1,330.65557,63.72212
1789867393.826,9962,5.19898,0.59795,3.10873,1.552,1.549,1024.1,330.68666,63.72810
1789867393.836,9963,5.19898,0.59696,3.10358,1.551,1.548,1024.1,330.71769,63.73407
1789867393.846,9964,5.19898,0.61658,3.20559,1.551,1.548,1024.1,330.74976,63.74024
1789867393.856,9965,5.19898,0.59671,3.10228,1.551,1.548,1024.1,330.78079,63.74621
1789867393.866,9966,5.17930,0.69736,3.61184,1.551,1.548,1024.1,330.81692,63.75319
1789867393.876,9967,5.18805,0.66074,3.42795,1.550,1.548,1024.1,330.85122,63.75980
1789867393.886,9968,5.19874,0.59745,3.10599,1.550,1.547,1024.1,330.88211,63.76574
1789867393.896,9969,5.19874,0.61783,3.21194,1.550,1.547,1024.1,330.91406,63.77188
1789867393.906,9970,5.19874,0.59297,3.08270,1.550,1.547,1024.1,330.94473,63.77778
1789867393.916,9971,5.19874,0.61783,3.21194,1.550,1.547,1024.1,330.97668,63.78393
1789867393.926,9972,5.19874,0.59347,3.08530,1.550,1.548,1024.1,331.00761,63.78988
1789867393.936,9973,5.19874,0.58624,3.04771,1.551,1.548,1024.1,331.03817,63.79576
1789867393.946,9974,5.19874,0.61783,3.21194,1.550,1.548,1024.1,331.07037,63.80195
1789867393.956,9975,5.19874,0.58549,3.04381,1.550,1.548,1024.1,331.10088,63.80782
1789867393.966,9976,5.17930,0.65924,3.41440,1.551,1.548,1024.1,331.13511,63.81443
1789867393.976,9977,5.19901,0.64728,3.36522,1.551,1.548,1024.1,331.16883,63.82092
1789867393.986,9978,5.19901,0.65301,3.39501,1.551,1.548,1024.1,331.20286,63.82746
1789867393.996,9979,5.18430,0.67942,3.52232,1.551,1.548,1024.1,331.23816,63.83427
1789867394.006,9980,5.19901,0.64504,3.35357,1.551,1.548,1024.1,331.27158,63.84070
1789867394.016,9981,5.18680,0.66846,3.46717,1.551,1.548,1024.1,331.30612,63.84736
1789867394.026,9982,5.19901,0.61683,3.20691,1.551,1.548,1024.1,331.33807,63.85350
1789867394.036,9983,5.19901,0.59945,3.11655,1.551,1.548,1024.1,331.36912,63.85947
1789867394.046,9984,5.19901,0.60244,3.13209,1.551,1.548,1024.1,331.40049,63.86551
1789867394.056,9985,5.19901,0.66547,3.45979,1.551,1.548,1024.1,331.43514,63.87217
1789867394.066,9986,5.17805,0.62002,3.21049,1.551,1.548,1024.1,331.46730,63.87838
1789867394.076,9987,5.19835,0.63009,3.27543,1.551,1.548,1024.1,331.50011,63.88469
1789867394.086,9988,5.19835,0.59745,3.10575,1.550,1.548,1024.1,331.53113,63.89066
1789867394.096,9989,5.19835,0.60443,3.14204,1.550,1.548,1024.1,331.56251,63.89670
1789867394.106,9990,5.19835,0.62002,3.22308,1.550,1.548,1024.1,331.59470,63.90289
1789867394.116,9991,5.19835,0.58375,3.03454,1.551,1.548,1024.1,331.62501,63.90872
1789867394.126,9992,5.19835,0.58898,3.06172,1.550,1.548,1024.1,331.65566,63.91462
1789867394.136,9993,5.19835,0.62002,3.22308,1.550,1.548,1024.1,331.68792,63.92082
1789867394.146,9994,5.19835,0.58724,3.05268,1.550,1.548,1024.1,331.71848,63.92670
1789867394.156,9995,5.19835,0.59795,3.10835,1.550,1.547,1024.1,331.74959,63.93269
1789867394.166,9996,5.18680,0.63782,3.30824,1.551,1.548,1024.1,331.78277,63.93908
1789867394.176,9997,5.19827,0.58948,3.06428,1.550,1.548,1024.1,331.81351,63.94500
1789867394.186,9998,5.19827,0.62052,3.22563,1.550,1.548,1024.1,331.84586,63.95122
1789867394.196,9999,5.19827,0.58973,3.06558,1.550,1.548,1024.1,331.87660,63.95713
1789867394.206,10000,5.19827,0.59023,3.06817,1.550,1.547,1024.1,331.90720,63.96302
1789867394.216,10001,5.19827,0.64056,3.32980,1.551,1.548,1024.1,331.94041,63.96941
1789867394.226,10002,5.19827,0.59247,3.07982,1.551,1.548,1024.1,331.97112,63.97532
1789867394.236,10003,5.19827,0.62052,3.22563,1.551,1.548,1024.1,332.00329,63.98151
1789867394.246,10004,5.19827,0.60443,3.14199,1.550,1.548,1024.1,332.03478,63.98756
1789867394.256,10005,5.19827,0.58350,3.03319,1.550,1.548,1024.1,332.06517,63.99341
1789867394.266,10006,5.19831,0.60069,3.12257,1.550,1.548,1024.1,332.09646,63.99943
1789867394.276,10007,5.18180,0.65700,3.40444,1.550,1.548,1024.1,332.13058,64.00601
1789867394.286,10008,5.19831,0.64280,3.34147,1.549,1.547,1024.1,332.16386,64.01242
1789867394.296,10009,5.19831,0.62039,3.22498,1.550,1.548,1024.1,332.19597,64.01859
1789867394.306,10010,5.19831,0.58898,3.06170,1.550,1.548,1024.1,332.22646,64.02446
1789867394.316,10011,5.19831,0.63956,3.32463,1.550,1.548,1024.1,332.25957,64.03083
1789867394.326,10012,5.19831,0.62039,3.22498,1.550,1.548,1024.1,332.29197,64.03706
1789867394.336,10013,5.19831,0.59347,3.08504,1.550,1.548,1024.1,332.32295,64.04302
1789867394.346,10014,5.19831,0.62039,3.22498,1.550,1.548,1024.1,332.35535,64.04925
1789867394.356,10015,5.19831,0.58749,3.05396,1.550,1.548,1024.1,332.38603,64.05515
1789867394.366,10016,5.19796,0.58948,3.06409,1.551,1.548,1024.1,332.41660,64.06104
1789867394.376,10017,5.19796,0.62146,3.23032,1.550,1.548,1024.1,332.44884,64.06724
1789867394.386,10018,5.19796,0.59571,3.09648,1.551,1.548,1024.1,332.47974,64.07318
1789867394.396,10019,5.19796,0.62146,3.23032,1.550,1.548,1024.1,332.51197,64.07938
1789867394.406,10020,5.19796,0.60094,3.12366,1.550,1.547,1024.1,332.54323,64.08540
1789867394.416,10021,5.19796,0.58898,3.06149,1.551,1.548,1024.1,332.57387,64.09129
1789867394.426,10022,5.19796,0.62146,3.23032,1.550,1.548,1024.1,332.60620,64.09751
1789867394.436,10023,5.20929,0.59048,3.07598,1.550,1.548,1024.1,332.63699,64.10342
1789867394.446,10024,5.19796,0.60742,3.15734,1.550,1.548,1024.1,332.66858,64.10950
1789867394.456,10025,5.19796,0.58848,3.05890,1.550,1.548,1024.1,332.69919,64.11539
1789867394.466,10026,5.19819,0.59023,3.06813,1.550,1.548,1024.1,332.72989,64.12129
1789867394.476,10027,5.18055,0.66248,3.43201,1.550,1.547,1024.1,332.76423,64.12792
1789867394.486,10028,5.19819,0.58824,3.05778,1.550,1.548,1024.1,332.79469,64.13378
1789867394.496,10029,5.19819,0.59172,3.07587,1.550,1.548,1024.1,332.82532,64.13968
1789867394.506,10030,5.19819,0.62077,3.22688,1.550,1.548,1024.1,332.85746,64.14586
1789867394.516,10031,5.21179,0.59995,3.12681,1.551,1.548,1024.1,332.88861,64.15183
1789867394.526,10032,5.20929,0.59372,3.09286,1.551,1.548,1024.1,332.91971,64.15781
1789867394.536,10033,5.19819,0.62077,3.22688,1.551,1.548,1024.1,332.95217,64.16405
1789867394.546,10034,5.20929,0.59496,3.09932,1.551,1.548,1024.1,332.98334,64.17003
1789867394.556,10035,5.19819,0.62077,3.22688,1.551,1.548,1024.1,333.01579,64.17628
1789867394.566,10036,5.19878,0.58599,3.04643,1.550,1.548,1024.1,333.04649,64.18218
1789867394.576,10037,5.19878,0.58749,3.05423,1.550,1.548,1024.1,333.07727,64.18810
1789867394.587,10038,5.18305,0.66423,3.44274,1.549,1.547,1024.1,333.11196,64.19480
1789867394.597,10039,5.19878,0.64504,3.35342,1.550,1.548,1024.1,333.14576,64.20130
1789867394.607,10040,5.19878,0.64629,3.35992,1.550,1.548,1024.1,333.17904,64.20770
1789867394.616,10041,5.18430,0.67544,3.50168,1.550,1.548,1024.1,333.21372,64.21439
1789867394.626,10042,5.19878,0.58799,3.05683,1.552,1.548,1024.1,333.24400,64.22021
1789867394.636,10043,5.19878,0.58649,3.04903,1.552,1.549,1024.1,333.27421,64.22602
1789867394.646,10044,5.19878,0.65949,3.42854,1.552,1.548,1024.1,333.30850,64.23262
1789867394.656,10045,5.19878,0.58998,3.06718,1.551,1.548,1024.1,333.33918,64.23852
1789867394.666,10046,5.19909,0.61683,3.20695,1.551,1.548,1024.1,333.37126,64.24469
1789867394.676,10047,5.19909,0.60269,3.13344,1.551,1.548,1024.1,333.40260,64.25072
1789867394.686,10048,5.18805,0.66373,3.44346,1.550,1.548,1024.1,333.43686,64.25732
1789867394.696,10049,5.17555,0.71455,3.69819,1.550,1.547,1024.1,333.47365,64.26443
1789867394.706,10050,5.18680,0.66273,3.43745,1.550,1.547,1024.1,333.50785,64.27102
1789867394.716,10051,5.18555,0.68765,3.56584,1.549,1.547,1024.1,333.54333,64.27787
1789867394.726,10052,5.19909,0.58948,3.06476,1.549,1.547,1024.1,333.57409,64.28378
1789867394.736,10053,5.19909,0.59621,3.09975,1.550,1.548,1024.1,333.60519,64.28976
1789867394.746,10054,5.19909,0.59596,3.09845,1.549,1.548,1024.1,333.63629,64.29575
1789867394.756,10055,5.19909,0.59172,3.07641,1.549,1.548,1024.1,333.66717,64.30168
1789867394.766,10056,5.18680,0.67295,3.49046,1.550,1.548,1024.1,333.70212,64.30842
1789867394.776,10057,5.19839,0.59172,3.07599,1.550,1.548,1024.1,333.73292,64.31435
1789867394.786,10058,5.19839,0.63557,3.30394,1.550,1.548,1024.1,333.76601,64.32071
1789867394.796,10059,5.19839,0.60044,3.12132,1.549,1.547,1024.1,333.79727,64.32673
1789867394.806,10060,5.19839,0.63159,3.28325,1.549,1.547,1024.1,333.83007,64.33304
1789867394.816,10061,5.19839,0.66996,3.48271,1.549,1.547,1024.1,333.86486,64.33973
1789867394.826,10062,5.19839,0.60069,3.12262,1.549,1.547,1024.1,333.89605,64.34573
1789867394.836,10063,5.19839,0.60667,3.15371,1.550,1.547,1024.1,333.92756,64.35179
1789867394.846,10064,5.19839,0.59172,3.07599,1.550,1.547,1024.1,333.95835,64.35771
1789867394.856,10065,5.19839,0.61959,3.22087,1.550,1.547,1024.1,333.99059,64.36392
1789867394.866,10066,5.19847,0.64255,3.34028,1.550,1.548,1024.1,334.02403,64.37035
1789867394.876,10067,5.19847,0.58375,3.03461,1.550,1.548,1024.1,334.05440,64.37619
1789867394.886,10068,5.18055,0.67868,3.51594,1.550,1.547,1024.1,334.08945,64.38296
1789867394.896,10069,5.19847,0.60094,3.12397,1.550,1.548,1024.1,334.12059,64.38895
1789867394.906,10070,5.19847,0.61912,3.21848,1.551,1.548,1024.1,334.15268,64.39512
1789867394.916,10071,5.19847,0.66124,3.43744,1.551,1.548,1024.1,334.18695,64.40171
1789867394.926,10072,5.19847,0.58998,3.06699,1.551,1.548,1024.1,334.21764,64.40762
1789867394.936,10073,5.19847,0.60592,3.14986,1.551,1.548,1024.1,334.24917,64.41368
1789867394.946,10074,5.19847,0.58973,3.06569,1.551,1.548,1024.1,334.27985,64.41958
1789867394.956,10075,5.19847,0.59421,3.08898,1.551,1.548,1024.1,334.31077,64.42553
1789867394.966,10076,5.19870,0.59222,3.07877,1.550,1.548,1024.1,334.34164,64.43147
1789867394.976,10077,5.19870,0.60368,3.13835,1.550,1.548,1024.1,334.37310,64.43752
1789867394.986,10078,5.18180,0.61803,3.20251,1.550,1.547,1024.1,334.40521,64.44372
1789867394.996,10079,5.19870,0.58774,3.05548,1.551,1.548,1024.1,334.43585,64.44961
1789867395.006,10080,5.19870,0.59571,3.09692,1.550,1.548,1024.1,334.46677,64.45556
1789867395.016,10081,5.19870,0.61803,3.21295,1.550,1.548,1024.1,334.49886,64.46173
1789867395.026,10082,5.19870,0.58848,3.05933,1.551,1.548,1024.1,334.52941,64.46761
1789867395.036,10083,5.19870,0.58824,3.05808,1.551,1.548,1024.1,334.55995,64.47348
1789867395.046,10084,5.19870,0.61803,3.21295,1.551,1.548,1024.1,334.59211,64.47967
1789867395.056,10085,5.19870,0.58724,3.05288,1.550,1.548,1024.1,334.62267,64.48555
1789867395.066,10086,5.19952,0.61439,3.19453,1.550,1.548,1024.1,334.65464,64.49170
1789867395.076,10087,5.19952,0.58973,3.06631,1.551,1.548,1024.1,334.68533,64.49760
1789867395.086,10088,5.19952,0.60393,3.14015,1.550,1.548,1024.1,334.71678,64.50365
1789867395.096,10089,5.18680,0.66398,3.44393,1.550,1.547,1024.1,334.75126,64.51029
1789867395.106,10090,5.19952,0.64305,3.34355,1.550,1.548,1024.1,334.78474,64.51673
1789867395.116,10091,5.19952,0.58973,3.06631,1.550,1.548,1024.1,334.81544,64.52264
1789867395.126,10092,5.19952,0.61439,3.19453,1.550,1.548,1024.1,334.84735,64.52877
1789867395.136,10093,5.19952,0.59446,3.09091,1.550,1.548,1024.1,334.87823,64.53471
1789867395.146,10094,5.19952,0.58998,3.06761,1.549,1.547,1024.1,334.90888,64.54061
1789867395.156,10095,5.19952,0.61439,3.19453,1.549,1.547,1024.1,334.94079,64.54674
1789867395.166,10096,5.19948,0.58749,3.05464,1.550,1.548,1024.1,334.97130,64.55261
1789867395.176,10097,5.19948,0.61450,3.19508,1.550,1.547,1024.1,335.00322,64.55875
1789867395.186,10098,5.19948,0.59347,3.08574,1.550,1.548,1024.1,335.03405,64.56468
1789867395.196,10099,5.18930,0.66148,3.43262,1.549,1.547,1024.1,335.06834,64.57129
1789867395.206,10100,5.19948,0.61450,3.19508,1.550,1.548,1024.1,335.10031,64.57744
1789867395.216,10101,5.19948,0.59720,3.10513,1.551,1.548,1024.1,335.13137,64.58341
1789867395.226,10102,5.19948,0.61450,3.19508,1.550,1.548,1024.1,335.16334,64.58956
1789867395.236,10103,5.19948,0.58649,3.04944,1.550,1.548,1024.1,335.19385,64.59543
1789867395.246,10104,5.19948,0.58749,3.05464,1.550,1.548,1024.1,335.22440,64.60130
1789867395.256,10105,5.19948,0.61450,3.19508,1.551,1.548,1024.1,335.25635,64.60745
1789867395.266,10106,5.19944,0.58475,3.04037,1.551,1.548,1024.1,335.28676,64.61330
1789867395.276,10107,5.19944,0.61502,3.19776,1.551,1.548,1024.1,335.31874,64.61945
1789867395.286,10108,5.19944,0.59596,3.09866,1.551,1.548,1024.1,335.34962,64.62539
1789867395.296,10109,5.19944,0.60468,3.14400,1.551,1.548,1024.1,335.38096,64.63141
1789867395.306,10110,5.19944,0.65426,3.40179,1.551,1.548,1024.1,335.41487,64.63794
1789867395.316,10111,5.19944,0.59820,3.11031,1.550,1.548,1024.1,335.44587,64.64390
1789867395.326,10112,5.19944,0.58350,3.03387,1.550,1.548,1024.1,335.47630,64.64975
1789867395.336,10113,5.19944,0.61502,3.19776,1.551,1.548,1024.1,335.50837,64.65592
1789867395.346,10114,5.19944,0.58848,3.05977,1.550,1.548,1024.1,335.53906,64.66182
1789867395.356,10115,5.19944,0.58998,3.06757,1.550,1.548,1024.1,335.56983,64.66774
1789867395.366,10116,5.19964,0.63981,3.32678,1.550,1.548,1024.1,335.60315,64.67415
1789867395.376,10117,5.19964,0.59247,3.08063,1.550,1.548,1024.1,335.63401,64.68008
1789867395.386,10118,5.19964,0.61421,3.19367,1.550,1.548,1024.1,335.66600,64.68623
1789867395.396,10119,5.19964,0.61421,3.19367,1.550,1.548,1024.1,335.69798,64.69239
1789867395.406,10120,5.19964,0.61421,3.19367,1.550,1.548,1024.1,335.72989,64.69852
1789867395.416,10121,5.19964,0.63682,3.31123,1.550,1.548,1024.1,335.76298,64.70489
1789867395.426,10122,5.19964,0.63109,3.28144,1.551,1.548,1024.1,335.79577,64.71119
1789867395.436,10123,5.19964,0.61421,3.19367,1.551,1.548,1024.1,335.82768,64.71733
1789867395.446,10124,5.19964,0.58923,3.06378,1.551,1.548,1024.1,335.85828,64.72322
1789867395.456,10125,5.19964,0.59920,3.11562,1.551,1.548,1024.1,335.88940,64.72920
1789867395.466,10126,5.19968,0.59222,3.07935,1.551,1.548,1024.1,335.92015,64.73511
1789867395.476,10127,5.19968,0.61387,3.19193,1.550,1.548,1024.1,335.95203,64.74124
1789867395.486,10128,5.19968,0.63682,3.31126,1.549,1.547,1024.1,335.98504,64.74759
1789867395.496,10129,5.19968,0.59222,3.07935,1.550,1.547,1024.1,336.01574,64.75350
1789867395.506,10130,5.17430,0.68540,3.54647,1.550,1.548,1024.1,336.05109,64.76033
1789867395.516,10131,5.19968,0.65775,3.42009,1.550,1.547,1024.1,336.08519,64.76689
1789867395.526,10132,5.19968,0.65775,3.42009,1.550,1.547,1024.1,336.11944,64.77347
1789867395.536,10133,5.19968,0.61387,3.19193,1.550,1.548,1024.1,336.15140,64.77962
1789867395.546,10134,5.19968,0.59372,3.08715,1.550,1.548,1024.1,336.18231,64.78557
1789867395.556,10135,5.19968,0.59122,3.07415,1.550,1.547,1024.1,336.21310,64.79149
1789867395.566,10136,5.19940,0.61479,3.19654,1.550,1.548,1024.1,336.24503,64.79763
1789867395.576,10137,5.19940,0.59122,3.07399,1.550,1.548,1024.1,336.27574,64.80354
1789867395.586,10138,5.19940,0.63134,3.28259,1.550,1.548,1024.1,336.30854,64.80984
1789867395.596,10139,5.19940,0.59621,3.09993,1.550,1.548,1024.1,336.33951,64.81580
1789867395.606,10140,5.18555,0.65775,3.41080,1.550,1.547,1024.1,336.37371,64.82239
1789867395.616,10141,5.19940,0.61479,3.19654,1.551,1.548,1024.1,336.40576,64.82856
1789867395.626,10142,5.19940,0.59945,3.11678,1.549,1.547,1024.1,336.43700,64.83457
1789867395.636,10143,5.19940,0.61479,3.19654,1.550,1.548,1024.1,336.46905,64.84073
1789867395.646,10144,5.19940,0.61479,3.19654,1.550,1.548,1024.1,336.50102,64.84688
1789867395.656,10145,5.19940,0.59720,3.10508,1.550,1.548,1024.1,336.53208,64.85285
1789867395.666,10146,5.19968,0.61365,3.19078,1.550,1.548,1024.1,336.56399,64.85899
1789867395.676,10147,5.19968,0.59546,3.09620,1.549,1.548,1024.1,336.59496,64.86495
1789867395.686,10148,5.19968,0.61365,3.19078,1.550,1.548,1024.1,336.62681,64.87107
1789867395.696,10149,5.19968,0.58475,3.04051,1.550,1.548,1024.1,336.65716,64.87691
1789867395.706,10150,5.19968,0.65451,3.40324,1.550,1.547,1024.1,336.69112,64.88344
1789867395.716,10151,5.18555,0.67195,3.48443,1.550,1.548,1024.1,336.72590,64.89015
1789867395.726,10152,5.19968,0.60069,3.12340,1.550,1.548,1024.1,336.75722,64.89617
1789867395.736,10153,5.19968,0.62710,3.26072,1.550,1.548,1024.1,336.78991,64.90246
1789867395.746,10154,5.19968,0.59421,3.08970,1.551,1.548,1024.1,336.82089,64.90842
1789867395.756,10155,5.19968,0.58749,3.05476,1.550,1.548,1024.1,336.85152,64.91431
1789867395.766,10156,5.20030,0.61128,3.17884,1.551,1.548,1024.1,336.88360,64.92048
1789867395.776,10157,5.20030,0.58873,3.06157,1.550,1.548,1024.1,336.91450,64.92642
1789867395.787,10158,5.20030,0.61128,3.17884,1.550,1.548,1024.1,336.94659,64.93259
1789867395.797,10159,5.20030,0.59546,3.09657,1.550,1.548,1024.1,336.97784,64.93860
1789867395.806,10160,5.20030,0.61128,3.17884,1.550,1.548,1024.1,337.00923,64.94463
1789867395.816,10161,5.18305,0.70907,3.67515,1.550,1.548,1024.1,337.04551,64.95163
1789867395.826,10162,5.20030,0.61128,3.17884,1.551,1.548,1024.1,337.07689,64.95767
1789867395.836,10163,5.20030,0.61128,3.17884,1.551,1.548,1024.1,337.10827,64.96370
1789867395.846,10164,5.20030,0.58400,3.03698,1.551,1.548,1024.1,337.13871,64.96956
1789867395.856,10165,5.20030,0.58799,3.05772,1.551,1.548,1024.1,337.16936,64.97545
1789867395.866,10166,5.20030,0.61107,3.17775,1.551,1.548,1024.1,337.20122,64.98158
1789867395.876,10167,5.20030,0.58873,3.06157,1.551,1.548,1024.1,337.23191,64.98748
1789867395.886,10168,5.20030,0.61107,3.17775,1.550,1.548,1024.1,337.26357,64.99357
1789867395.896,10169,5.20030,0.59372,3.08752,1.550,1.548,1024.1,337.29432,64.99948
1789867395.906,10170,5.20030,0.59970,3.11862,1.551,1.548,1024.1,337.32539,65.00545
1789867395.916,10171,5.20030,0.63906,3.32330,1.550,1.548,1024.1,337.35849,65.01182
1789867395.926,10172,5.20030,0.59347,3.08622,1.550,1.548,1024.1,337.38941,65.01776
1789867395.936,10173,5.20030,0.61107,3.17775,1.551,1.548,1024.1,337.42125,65.02389
1789867395.946,10174,5.20030,0.61107,3.17775,1.550,1.548,1024.1,337.45309,65.03001
1789867395.956,10175,5.21054,0.58948,3.07151,1.550,1.548,1024.1,337.48386,65.03591
1789867395.966,10176,5.20046,0.58824,3.05912,1.550,1.548,1024.1,337.51455,65.04182
1789867395.976,10177,5.20046,0.61054,3.17509,1.550,1.548,1024.1,337.54641,65.04794
1789867395.986,10178,5.20046,0.59397,3.08892,1.550,1.548,1024.1,337.57741,65.05390
1789867395.996,10179,5.20046,0.62959,3.27416,1.550,1.548,1024.1,337.61026,65.06022
1789867396.006,10180,5.20046,0.58425,3.03837,1.550,1.547,1024.1,337.64063,65.06606
1789867396.016,10181,5.18805,0.66373,3.44346,1.550,1.548,1024.1,337.67504,65.07269
1789867396.026,10182,5.20046,0.67917,3.53200,1.550,1.548,1024.1,337.71034,65.07948
1789867396.036,10183,5.20046,0.59870,3.11352,1.550,1.547,1024.1,337.74146,65.08546
1789867396.046,10184,5.20046,0.62934,3.27286,1.550,1.547,1024.1,337.77410,65.09174
1789867396.056,10185,5.18930,0.63931,3.31757,1.551,1.548,1024.1,337.80719,65.09812
1789867396.066,10186,5.20026,0.58201,3.02660,1.551,1.548,1024.1,337.83738,65.10392
1789867396.076,10187,5.20026,0.61138,3.17933,1.551,1.548,1024.1,337.86909,65.11002
1789867396.086,10188,5.20026,0.58724,3.05380,1.551,1.548,1024.1,337.89956,65.11588
1789867396.096,10189,5.20026,0.61138,3.17933,1.551,1.548,1024.1,337.93129,65.12198
1789867396.106,10190,5.20026,0.64703,3.36472,1.551,1.548,1024.1,337.96486,65.12844
1789867396.116,10191,5.20026,0.59397,3.08880,1.550,1.548,1024.1,337.99569,65.13437
1789867396.126,10192,5.18555,0.67319,3.49086,1.550,1.547,1024.1,338.03068,65.14111
1789867396.136,10193,5.20026,0.64280,3.34273,1.550,1.547,1024.1,338.06419,65.14756
1789867396.146,10194,5.20026,0.63956,3.32588,1.550,1.547,1024.1,338.09753,65.15397
1789867396.156,10195,5.20026,0.64130,3.33493,1.550,1.547,1024.1,338.13096,65.16040
1789867396.166,10196,5.18180,0.68167,3.53228,1.550,1.547,1024.1,338.16635,65.16723
1789867396.176,10197,5.21054,0.58824,3.06505,1.550,1.547,1024.1,338.19705,65.17312
1789867396.186,10198,5.19991,0.61254,3.18515,1.550,1.548,1024.1,338.22896,65.17926
1789867396.196,10199,5.19991,0.59297,3.08339,1.550,1.548,1024.1,338.25985,65.18520
1789867396.206,10200,5.19991,0.58848,3.06004,1.550,1.548,1024.1,338.29031,65.19105
1789867396.216,10201,5.19991,0.66024,3.43319,1.550,1.548,1024.1,338.32450,65.19763
1789867396.226,10202,5.19991,0.63881,3.32175,1.551,1.548,1024.1,338.35757,65.20399
1789867396.236,10203,5.19991,0.63134,3.28291,1.552,1.548,1024.1,338.39026,65.21027
1789867396.246,10204,5.17181,0.67743,3.50354,1.551,1.548,1024.1,338.42546,65.21708
1789867396.256,10205,5.18680,0.67893,3.52147,1.551,1.548,1024.1,338.46085,65.22390
1789867396.266,10206,5.17680,0.72427,3.74940,1.551,1.548,1024.1,338.49853,65.23118
1789867396.276,10207,5.18805,0.66946,3.47319,1.551,1.548,1024.1,338.53343,65.23791
1789867396.286,10208,5.15931,0.72900,3.76114,1.551,1.548,1024.1,338.57088,65.24517
1789867396.296,10209,5.18805,0.66447,3.44730,1.550,1.548,1024.1,338.60520,65.25178
1789867396.306,10210,5.16806,0.71680,3.70447,1.551,1.548,1024.1,338.64208,65.25892
1789867396.316,10211,5.18555,0.67444,3.49734,1.551,1.548,1024.1,338.67690,65.26563
1789867396.326,10212,5.17555,0.78108,4.04252,1.551,1.548,1024.1,338.71742,65.27346
1789867396.336,10213,5.18680,0.67469,3.49948,1.551,1.548,1024.1,338.75250,65.28023
1789867396.346,10214,5.16181,0.67992,3.50962,1.551,1.548,1024.1,338.78768,65.28704
1789867396.356,10215,5.19937,0.63084,3.27997,1.551,1.548,1024.1,338.82056,65.29337
1789867396.366,10216,5.19761,0.71929,3.73859,1.551,1.548,1024.1,338.85800,65.30057
1789867396.376,10217,5.19761,0.62196,3.23271,1.552,1.549,1024.1,338.89037,65.30680
1789867396.386,10218,5.16806,0.69736,3.60400,1.552,1.549,1024.1,338.92647,65.31378
1789867396.396,10219,5.19761,0.62196,3.23271,1.551,1.549,1024.1,338.95884,65.32001
1789867396.406,10220,5.19761,0.63582,3.30474,1.552,1.549,1024.1,338.99191,65.32637
1789867396.416,10221,5.19761,0.63682,3.30994,1.552,1.549,1024.1,339.02504,65.33275
1789867396.426,10222,5.18555,0.75641,3.92240,1.551,1.548,1024.1,339.06429,65.34032
1789867396.436,10223,5.19761,0.63931,3.32288,1.551,1.548,1024.1,339.09755,65.34672
1789867396.446,10224,5.19761,0.62196,3.23271,1.551,1.548,1024.1,339.12987,65.35293
1789867396.456,10225,5.19761,0.62196,3.23271,1.551,1.548,1024.1,339.16219,65.35915
1789867396.466,10226,5.19628,0.71131,3.69617,1.551,1.548,1024.1,339.19915,65.36627
1789867396.476,10227,5.19628,0.62707,3.25843,1.551,1.548,1024.1,339.23173,65.37254
1789867396.486,10228,5.19628,0.62707,3.25843,1.550,1.548,1024.1,339.26419,65.37878
1789867396.496,10229,5.19628,0.62707,3.25843,1.550,1.548,1024.1,339.29664,65.38503
1789867396.506,10230,5.19628,0.64056,3.32853,1.550,1.548,1024.1,339.32979,65.39141
1789867396.516,10231,5.19628,0.63732,3.31169,1.550,1.548,1024.1,339.36277,65.39775
1789867396.526,10232,5.19628,0.63981,3.32463,1.550,1.548,1024.1,339.39611,65.40417
1789867396.536,10233,5.19628,0.65650,3.41136,1.550,1.548,1024.1,339.43031,65.41075
1789867396.546,10234,5.19628,0.62707,3.25843,1.550,1.548,1024.1,339.46298,65.41704
1789867396.556,10235,5.19628,0.66447,3.45277,1.550,1.548,1024.1,339.49760,65.42370
1789867396.566,10236,5.19546,0.65351,3.39529,1.551,1.548,1024.1,339.53159,65.43024
1789867396.576,10237,5.19546,0.68490,3.55837,1.551,1.548,1024.1,339.56721,65.43710
1789867396.586,10238,5.19546,0.63122,3.27948,1.550,1.548,1024.1,339.60004,65.44342
1789867396.596,10239,5.19546,0.68167,3.54159,1.551,1.548,1024.1,339.63549,65.45024
1789867396.606,10240,5.19546,0.63122,3.27948,1.551,1.548,1024.1,339.66824,65.45654
1789867396.616,10241,5.19546,0.65102,3.38235,1.551,1.548,1024.1,339.70201,65.46305
1789867396.626,10242,5.18305,0.67868,3.51763,1.551,1.548,1024.1,339.73714,65.46982
1789867396.636,10243,5.18180,0.67668,3.50642,1.552,1.548,1024.1,339.77216,65.47658
1789867396.646,10244,5.19546,0.63122,3.27948,1.552,1.548,1024.1,339.80498,65.48290
1789867396.656,10245,5.18180,0.65700,3.40444,1.551,1.548,1024.1,339.83906,65.48947
1789867396.666,10246,5.19456,0.63514,3.29927,1.551,1.548,1024.1,339.87208,65.49583
1789867396.676,10247,5.18430,0.67494,3.49909,1.550,1.548,1024.1,339.90711,65.50259
1789867396.686,10248,5.19456,0.63514,3.29927,1.550,1.548,1024.1,339.94029,65.50898
1789867396.696,10249,5.19456,0.67045,3.48269,1.549,1.547,1024.1,339.97532,65.51572
1789867396.706,10250,5.19456,0.63514,3.29927,1.550,1.548,1024.1,340.00850,65.52211
1789867396.716,10251,5.18305,0.67519,3.49954,1.550,1.548,1024.1,340.04370,65.52890
1789867396.726,10252,5.19456,0.63514,3.29927,1.550,1.547,1024.1,340.07652,65.53522
1789867396.736,10253,5.15681,0.82443,4.25143,1.550,1.547,1024.1,340.11881,65.54342
1789867396.746,10254,5.19456,0.63514,3.29927,1.550,1.548,1024.1,340.15163,65.54974
1789867396.756,10255,5.19456,0.68814,3.57458,1.550,1.547,1024.1,340.18719,65.55658
1789867396.766,10256,5.19363,0.63993,3.32356,1.550,1.548,1024.1,340.22039,65.56297
1789867396.776,10257,5.18180,0.67045,3.47414,1.550,1.548,1024.1,340.25510,65.56967
1789867396.786,10258,5.19363,0.63993,3.32356,1.550,1.548,1024.1,340.28830,65.57606
1789867396.796,10259,5.17181,0.67344,3.48290,1.550,1.548,1024.1,340.32309,65.58279
1789867396.806,10260,5.19363,0.62287,3.23496,1.550,1.548,1024.1,340.35538,65.58901
1789867396.816,10261,5.19363,0.69462,3.60760,1.551,1.548,1024.1,340.39139,65.59594
1789867396.826,10262,5.19363,0.63993,3.32356,1.550,1.547,1024.1,340.42456,65.60233
1789867396.836,10263,5.16181,0.67818,3.50064,1.550,1.547,1024.1,340.45950,65.60910
1789867396.846,10264,5.19363,0.63993,3.32356,1.551,1.548,1024.1,340.49283,65.61551
1789867396.856,10265,5.18055,0.68017,3.52365,1.551,1.548,1024.1,340.52816,65.62233
1789867396.866,10266,5.19253,0.62436,3.24201,1.552,1.548,1024.1,340.56067,65.62860
1789867396.876,10267,5.19253,0.73249,3.80348,1.552,1.548,1024.1,340.59881,65.63594
1789867396.886,10268,5.19253,0.62436,3.24201,1.551,1.548,1024.1,340.63112,65.64216
1789867396.896,10269,5.16181,0.65675,3.39002,1.551,1.548,1024.1,340.66490,65.64871
1789867396.906,10270,5.19253,0.63209,3.28215,1.551,1.548,1024.1,340.69761,65.65501
1789867396.916,10271,5.19253,0.72626,3.77113,1.551,1.548,1024.1,340.73519,65.66224
1789867396.926,10272,5.19253,0.62785,3.26013,1.550,1.547,1024.1,340.76794,65.66855
1789867396.936,10273,5.17181,0.71505,3.69810,1.550,1.548,1024.1,340.80509,65.67573
1789867396.946,10274,5.16181,0.78232,4.03819,1.550,1.548,1024.1,340.84565,65.68359
1789867396.956,10275,5.19253,0.68017,3.53180,1.551,1.548,1024.1,340.88113,65.69042
1789867396.966,10276,5.19101,0.63109,3.27599,1.551,1.548,1024.1,340.91385,65.69673
1789867396.976,10277,5.18055,0.67045,3.47330,1.551,1.548,1024.1,340.94855,65.70343
1789867396.986,10278,5.19101,0.62237,3.23073,1.551,1.548,1024.1,340.98082,65.70964
1789867396.996,10279,5.19101,0.62959,3.26821,1.551,1.548,1024.1,341.01347,65.71593
1789867397.006,10280,5.19101,0.63009,3.27080,1.550,1.548,1024.1,341.04615,65.72223
1789867397.016,10281,5.19101,0.69363,3.60064,1.550,1.548,1024.1,341.08212,65.72916
1789867397.026,10282,5.19101,0.62760,3.25788,1.551,1.548,1024.1,341.11467,65.73543
1789867397.036,10283,5.19101,0.66373,3.44543,1.551,1.548,1024.1,341.14910,65.74206
1789867397.046,10284,5.19101,0.62685,3.25398,1.551,1.548,1024.1,341.18166,65.74833
1789867397.056,10285,5.19101,0.63782,3.31093,1.551,1.548,1024.1,341.21480,65.75472
1789867397.066,10286,5.19011,0.65414,3.39506,1.551,1.548,1024.1,341.24877,65.76126
1789867397.076,10287,5.19011,0.64404,3.34264,1.551,1.548,1024.1,341.28223,65.76771
1789867397.086,10288,5.19011,0.65414,3.39506,1.550,1.548,1024.1,341.31604,65.77422
1789867397.096,10289,5.19011,0.62810,3.25991,1.549,1.547,1024.1,341.34850,65.78048
1789867397.106,10290,5.19011,0.65414,3.39506,1.550,1.548,1024.1,341.38231,65.78699
1789867397.116,10291,5.19011,0.62461,3.24179,1.550,1.548,1024.1,341.41459,65.79321
1789867397.126,10292,5.19011,0.67045,3.47971,1.550,1.548,1024.1,341.44949,65.79993
1789867397.136,10293,5.19011,0.63757,3.30906,1.550,1.548,1024.1,341.48267,65.80633
1789867397.146,10294,5.19011,0.68740,3.56768,1.550,1.548,1024.1,341.51845,65.81322
1789867397.156,10295,5.19011,0.63458,3.29354,1.549,1.547,1024.1,341.55147,65.81958
1789867397.166,10296,5.18941,0.65724,3.41069,1.550,1.548,1024.1,341.58565,65.82617
1789867397.176,10297,5.18941,0.63433,3.29180,1.549,1.548,1024.1,341.61863,65.83253
1789867397.186,10298,5.18941,0.67319,3.49346,1.550,1.548,1024.1,341.65364,65.83927
1789867397.196,10299,5.18941,0.62212,3.22844,1.550,1.548,1024.1,341.68599,65.84551
1789867397.206,10300,5.18941,0.65724,3.41069,1.550,1.548,1024.1,341.71992,65.85205
1789867397.216,10301,5.18941,0.62660,3.25168,1.551,1.548,1024.1,341.75228,65.85828
1789867397.226,10302,5.18941,0.67369,3.49605,1.551,1.548,1024.1,341.78707,65.86498
1789867397.236,10303,5.18941,0.65724,3.41069,1.552,1.548,1024.1,341.82100,65.87152
1789867397.246,10304,5.15681,0.83140,4.28737,1.552,1.548,1024.1,341.86408,65.87988
1789867397.256,10305,5.20179,0.63383,3.29705,1.552,1.549,1024.1,341.89721,65.88625
1789867397.266,10306,5.18851,0.68117,3.53426,1.552,1.549,1024.1,341.93272,65.89309
1789867397.276,10307,5.18851,0.62361,3.23561,1.552,1.548,1024.1,341.96523,65.89936
1789867397.286,10308,5.18851,0.67519,3.50323,1.552,1.548,1024.1,342.00007,65.90607
1789867397.296,10309,5.18851,0.62959,3.26663,1.552,1.548,1024.1,342.03256,65.91233
1789867397.306,10310,5.18851,0.66101,3.42966,1.552,1.548,1024.1,342.06667,65.91891
1789867397.316,10311,5.18851,0.62486,3.24209,1.551,1.548,1024.1,342.09891,65.92512
1789867397.326,10312,5.18851,0.67618,3.50837,1.551,1.548,1024.1,342.13411,65.93190
1789867397.336,10313,5.18851,0.63233,3.28085,1.551,1.548,1024.1,342.16702,65.93825
1789867397.346,10314,5.15056,0.81496,4.19750,1.551,1.548,1024.1,342.20913,65.94642
1789867397.356,10315,5.20054,0.63308,3.29236,1.551,1.548,1024.1,342.24216,65.95278
1789867397.366,10316,5.18906,0.67494,3.50230,1.551,1.548,1024.1,342.27725,65.95954
1789867397.376,10317,5.19930,0.62087,3.22809,1.550,1.548,1024.1,342.30960,65.96576
1789867397.386,10318,5.18906,0.67668,3.51133,1.550,1.548,1024.1,342.34478,65.97254
1789867397.396,10319,5.18906,0.62710,3.25406,1.550,1.548,1024.1,342.37738,65.97882
1789867397.406,10320,5.18906,0.67295,3.49198,1.550,1.548,1024.1,342.41260,65.98561
1789867397.416,10321,5.18906,0.63084,3.27347,1.550,1.548,1024.1,342.44561,65.99197
1789867397.426,10322,5.18906,0.73772,3.82807,1.551,1.548,1024.1,342.48422,65.99941
1789867397.437,10323,5.18906,0.62835,3.26055,1.551,1.548,1024.1,342.51711,66.00575
1789867397.446,10324,5.18906,0.68291,3.54366,1.551,1.548,1024.1,342.55226,66.01252
1789867397.456,10325,5.16181,0.76837,3.96618,1.551,1.548,1024.1,342.59160,66.02014
1789867397.466,10326,5.14806,0.83738,4.31088,1.552,1.548,1024.1,342.63436,66.02845
1789867397.476,10327,5.18874,0.63209,3.27975,1.551,1.548,1024.1,342.66689,66.03472
1789867397.486,10328,5.18874,0.66060,3.42768,1.551,1.548,1024.1,342.70113,66.04132
1789867397.496,10329,5.19930,0.63084,3.27993,1.550,1.547,1024.1,342.73390,66.04762
1789867397.506,10330,5.16181,0.64928,3.35146,1.550,1.548,1024.1,342.76738,66.05411
1789867397.516,10331,5.18874,0.62511,3.24353,1.550,1.548,1024.1,342.79978,66.06035
1789867397.526,10332,5.18874,0.76837,3.98687,1.549,1.548,1024.1,342.83971,66.06805
1789867397.536,10333,5.18874,0.62760,3.25645,1.549,1.548,1024.1,342.87232,66.07433
1789867397.546,10334,5.17181,0.69562,3.59761,1.549,1.548,1024.1,342.90834,66.08130
1789867397.556,10335,5.18874,0.63233,3.28100,1.549,1.548,1024.1,342.94119,66.08763
1789867397.566,10336,5.17555,0.75193,3.89165,1.549,1.548,1024.1,342.97998,66.09512
1789867397.576,10337,5.18882,0.62959,3.26683,1.549,1.547,1024.1,343.01253,66.10140
1789867397.586,10338,5.18882,0.63657,3.30305,1.550,1.548,1024.1,343.04545,66.10774
1789867397.596,10339,5.18882,0.63806,3.31078,1.550,1.548,1024.1,343.07845,66.11410
1789867397.606,10340,5.16056,0.63258,3.26447,1.551,1.548,1024.1,343.11111,66.12043
1789867397.616,10341,5.19930,0.62635,3.25658,1.551,1.548,1024.1,343.14370,66.12670
1789867397.626,10342,5.18882,0.62910,3.26429,1.551,1.548,1024.1,343.17637,66.13299
1789867397.636,10343,5.18882,0.61913,3.21255,1.551,1.548,1024.1,343.20852,66.13919
1789867397.646,10344,5.17805,0.64728,3.35165,1.551,1.548,1024.1,343.24209,66.14567
1789867397.656,10345,5.18882,0.63283,3.28364,1.551,1.547,1024.1,343.27498,66.15201
1789867397.666,10346,5.18874,0.63458,3.29267,1.551,1.548,1024.1,343.30796,66.15837
1789867397.676,10347,5.18874,0.63682,3.30429,1.550,1.547,1024.1,343.34106,66.16474
1789867397.686,10348,5.19930,0.63582,3.30582,1.550,1.547,1024.1,343.37398,66.17108
1789867397.696,10349,5.18874,0.62635,3.24997,1.551,1.548,1024.1,343.40634,66.17731
1789867397.706,10350,5.19930,0.63034,3.27733,1.550,1.547,1024.1,343.43898,66.18359
1789867397.716,10351,5.18874,0.62411,3.23834,1.550,1.548,1024.1,343.47122,66.18981
1789867397.726,10352,5.19930,0.62586,3.25403,1.550,1.548,1024.1,343.50394,66.19610
1789867397.736,10353,5.18874,0.63981,3.31981,1.551,1.548,1024.1,343.53731,66.20253
1789867397.746,10354,5.18874,0.63782,3.30948,1.551,1.548,1024.1,343.57058,66.20894
1789867397.756,10355,5.18874,0.77410,4.01660,1.551,1.548,1024.1,343.61096,66.21672
1789867397.766,10356,5.20054,0.64429,3.35066,1.552,1.548,1024.1,343.64445,66.22316
1789867397.776,10357,5.18898,0.65952,3.42224,1.551,1.548,1024.1,343.67866,66.22976
1789867397.786,10358,5.18898,0.63159,3.27731,1.551,1.548,1024.1,343.71141,66.23607
1789867397.796,10359,5.18898,0.67295,3.49192,1.551,1.548,1024.1,343.74631,66.24279
1789867397.806,10360,5.18898,0.62337,3.23465,1.551,1.548,1024.1,343.77867,66.24903
1789867397.816,10361,5.18898,0.65952,3.42224,1.551,1.548,1024.1,343.81291,66.25563
1789867397.826,10362,5.19930,0.63233,3.28767,1.550,1.547,1024.1,343.84580,66.26195
1789867397.836,10363,5.18898,0.67594,3.50744,1.552,1.548,1024.1,343.88089,66.26872
1789867397.846,10364,5.18898,0.63283,3.28374,1.551,1.548,1024.1,343.91371,66.27504
1789867397.856,10365,5.18898,0.84511,4.38526,1.551,1.547,1024.1,343.95755,66.28349
1789867397.866,10366,5.18925,0.63383,3.28910,1.551,1.548,1024.1,343.99043,66.28983
1789867397.876,10367,5.18925,0.65959,3.42278,1.551,1.548,1024.1,344.02465,66.29642
1789867397.886,10368,5.18925,0.64255,3.33435,1.551,1.548,1024.1,344.05782,66.30281
1789867397.896,10369,5.17430,0.67170,3.47558,1.550,1.547,1024.1,344.09239,66.30949
1789867397.906,10370,5.18925,0.62611,3.24904,1.551,1.548,1024.1,344.12471,66.31572
1789867397.916,10371,5.18925,0.65959,3.42278,1.551,1.548,1024.1,344.15876,66.32228
1789867397.926,10372,5.18925,0.62586,3.24774,1.550,1.548,1024.1,344.19142,66.32858
1789867397.936,10373,5.18925,0.67992,3.52827,1.551,1.548,1024.1,344.22689,66.33541
1789867397.946,10374,5.18925,0.64180,3.33046,1.551,1.548,1024.1,344.26038,66.34187
1789867397.956,10375,5.18925,0.77285,4.01051,1.550,1.548,1024.1,344.30071,66.34964
1789867397.966,10376,5.18937,0.64878,3.36676,1.550,1.548,1024.1,344.33436,66.35612
1789867397.976,10377,5.18937,0.73324,3.80505,1.550,1.548,1024.1,344.37239,66.36345
1789867397.986,10378,5.18937,0.63184,3.27885,1.550,1.548,1024.1,344.40516,66.36977
1789867397.996,10379,5.18937,0.65933,3.42151,1.550,1.548,1024.1,344.43935,66.37636
1789867398.006,10380,5.18937,0.63034,3.27107,1.549,1.548,1024.1,344.47199,66.38265
1789867398.016,10381,5.17930,0.71979,3.72801,1.550,1.548,1024.1,344.50919,66.38983
1789867398.026,10382,5.18937,0.63009,3.26977,1.550,1.548,1024.1,344.54182,66.39611
1789867398.036,10383,5.18937,0.70558,3.66152,1.550,1.548,1024.1,344.57836,66.40316
1789867398.046,10384,5.18937,0.62486,3.24263,1.550,1.548,1024.1,344.61092,66.40943
1789867398.056,10385,5.15806,0.69612,3.59063,1.550,1.548,1024.1,344.64698,66.41642
1789867398.066,10386,5.18960,0.62934,3.26602,1.551,1.548,1024.1,344.67978,66.42274
1789867398.076,10387,5.18960,0.74894,3.88670,1.550,1.547,1024.1,344.71882,66.43026
1789867398.086,10388,5.18960,0.63358,3.28803,1.550,1.547,1024.1,344.75157,66.43658
1789867398.096,10389,5.16181,0.62411,3.22154,1.550,1.548,1024.1,344.78367,66.44279
1789867398.106,10390,5.18960,0.62635,3.25051,1.550,1.548,1024.1,344.81606,66.44903
1789867398.116,10391,5.17555,0.70758,3.66212,1.551,1.548,1024.1,344.85254,66.45608
1789867398.126,10392,5.18960,0.63009,3.26992,1.550,1.548,1024.1,344.88522,66.46238
1789867398.136,10393,5.18960,0.62586,3.24796,1.551,1.548,1024.1,344.91767,66.46863
1789867398.146,10394,5.18960,0.62635,3.25051,1.551,1.548,1024.1,344.95015,66.47489
1789867398.156,10395,5.15806,0.64728,3.33871,1.550,1.548,1024.1,344.98351,66.48136
1789867398.166,10396,5.18960,0.62835,3.26089,1.551,1.548,1024.1,345.01615,66.48765
1789867398.176,10397,5.18960,0.63233,3.28154,1.551,1.548,1024.1,345.04899,66.49398
1789867398.186,10398,5.18960,0.63383,3.28932,1.550,1.548,1024.1,345.08192,66.50032
1789867398.196,10399,5.18960,0.62635,3.25051,1.550,1.548,1024.1,345.11445,66.50659
1789867398.206,10400,5.18960,0.63433,3.29192,1.550,1.548,1024.1,345.14734,66.51293
1789867398.216,10401,5.20054,0.62860,3.26906,1.550,1.548,1024.1,345.17999,66.51921
1789867398.226,10402,5.18960,0.62187,3.22726,1.550,1.547,1024.1,345.21223,66.52542
1789867398.236,10403,5.18960,0.65860,3.41787,1.551,1.548,1024.1,345.24637,66.53200
1789867398.246,10404,5.18960,0.65860,3.41787,1.551,1.548,1024.1,345.28060,66.53859
1789867398.256,10405,5.18960,0.62735,3.25570,1.551,1.548,1024.1,345.31321,66.54488
1789867398.266,10406,5.18964,0.63433,3.29194,1.550,1.548,1024.1,345.34619,66.55123
1789867398.276,10407,5.18964,0.63184,3.27902,1.551,1.548,1024.1,345.37903,66.55756
1789867398.286,10408,5.18964,0.63134,3.27643,1.551,1.548,1024.1,345.41189,66.56389
1789867398.296,10409,5.20054,0.63657,3.31051,1.549,1.547,1024.1,345.44509,66.57028
1789867398.306,10410,5.18964,0.62885,3.26351,1.550,1.548,1024.1,345.47782,66.57658
1789867398.316,10411,5.18964,0.62984,3.26864,1.551,1.548,1024.1,345.51060,66.58290
1789867398.326,10412,5.18964,0.64081,3.32557,1.551,1.548,1024.1,345.54381,66.58930
1789867398.336,10413,5.18964,0.62411,3.23891,1.551,1.548,1024.1,345.57616,66.59553
1789867398.346,10414,5.18964,0.65955,3.42283,1.551,1.548,1024.1,345.61035,66.60212
1789867398.356,10415,5.18964,0.62735,3.25572,1.550,1.548,1024.1,345.64287,66.60839
1789867398.366,10416,5.18988,0.69736,3.61921,1.551,1.548,1024.1,345.67898,66.61534
1789867398.376,10417,5.18988,0.63358,3.28820,1.550,1.548,1024.1,345.71179,66.62167
1789867398.386,10418,5.18988,0.69313,3.59726,1.550,1.548,1024.1,345.74768,66.62858
1789867398.396,10419,5.18988,0.63383,3.28950,1.550,1.547,1024.1,345.78050,66.63491
1789867398.406,10420,5.18988,0.67369,3.49637,1.550,1.547,1024.1,345.81553,66.64166
1789867398.416,10421,5.18988,0.62810,3.25976,1.550,1.548,1024.1,345.84819,66.64795
1789867398.426,10422,5.18988,0.64479,3.34638,1.550,1.548,1024.1,345.88171,66.65441
1789867398.436,10423,5.18988,0.62586,3.24814,1.550,1.548,1024.1,345.91425,66.66068
1789867398.446,10424,5.18988,0.67170,3.48604,1.550,1.548,1024.1,345.94910,66.66739
1789867398.456,10425,5.18988,0.63806,3.31145,1.550,1.548,1024.1,345.98220,66.67377
1789867398.466,10426,5.17805,0.67419,3.49099,1.550,1.548,1024.1,346.01710,66.68051
1789867398.476,10427,5.20054,0.63582,3.30661,1.550,1.548,1024.1,346.05016,66.68687
1789867398.486,10428,5.18992,0.67569,3.50678,1.551,1.548,1024.1,346.08540,66.69366
1789867398.496,10429,5.18992,0.63707,3.30634,1.551,1.548,1024.1,346.11862,66.70006
1789867398.506,10430,5.18992,0.65741,3.41191,1.551,1.548,1024.1,346.15291,66.70666
1789867398.516,10431,5.18992,0.61888,3.21194,1.551,1.548,1024.1,346.18518,66.71288
1789867398.526,10432,5.18992,0.66821,3.46796,1.551,1.548,1024.1,346.21963,66.71952
1789867398.536,10433,5.18992,0.62959,3.26752,1.550,1.548,1024.1,346.25209,66.72577
1789867398.546,10434,5.18992,0.66846,3.46925,1.550,1.548,1024.1,346.28655,66.73242
1789867398.556,10435,5.18992,0.63383,3.28953,1.550,1.548,1024.1,346.31923,66.73871
1789867398.566,10436,5.19019,0.67569,3.50696,1.550,1.548,1024.1,346.35438,66.74549
1789867398.576,10437,5.19019,0.63034,3.27158,1.550,1.548,1024.1,346.38718,66.75180
1789867398.586,10438,5.19019,0.66746,3.46424,1.550,1.548,1024.1,346.42191,66.75850
1789867398.596,10439,5.19019,0.63159,3.27807,1.549,1.548,1024.1,346.45477,66.76483
1789867398.606,10440,5.17805,0.65503,3.39178,1.549,1.548,1024.1,346.48860,66.77136
1789867398.616,10441,5.19019,0.62660,3.25217,1.549,1.548,1024.1,346.52104,66.77761
1789867398.626,10442,5.19019,0.67718,3.51469,1.550,1.548,1024.1,346.55610,66.78436
1789867398.636,10443,5.19019,0.62635,3.25088,1.551,1.549,1024.1,346.58852,66.79061
1789867398.646,10444,5.17805,0.70334,3.64193,1.551,1.548,1024.1,346.62499,66.79765
1789867398.656,10445,5.19019,0.62934,3.26639,1.551,1.548,1024.1,346.65769,66.80395
1789867398.666,10446,5.17555,0.66697,3.45194,1.551,1.548,1024.1,346.69225,66.81063
1789867398.676,10447,5.19023,0.76812,3.98672,1.550,1.548,1024.1,346.73216,66.81832
1789867398.686,10448,5.15431,0.90440,4.66156,1.550,1.548,1024.1,346.77865,66.82734
1789867398.696,10449,5.19023,0.62710,3.25479,1.550,1.548,1024.1,346.81111,66.83360
1789867398.706,10450,5.15306,0.66846,3.44461,1.550,1.548,1024.1,346.84547,66.84026
1789867398.716,10451,5.19023,0.62660,3.25220,1.550,1.548,1024.1,346.87791,66.84651
1789867398.726,10452,5.19023,0.69188,3.59102,1.550,1.548,1024.1,346.91392,66.85345
1789867398.736,10453,5.19023,0.63233,3.28194,1.551,1.548,1024.1,346.94683,66.85979
1789867398.746,10454,5.19023,0.72701,3.77335,1.551,1.548,1024.1,346.98467,66.86708
1789867398.756,10455,5.19023,0.62635,3.25090,1.551,1.548,1024.1,347.01726,66.87336
1789867398.766,10456,5.18964,0.62660,3.25183,1.551,1.548,1024.1,347.04976,66.87962
1789867398.776,10457,5.18964,0.62536,3.24539,1.551,1.548,1024.1,347.08219,66.88587
1789867398.786,10458,5.15556,0.90864,4.68455,1.551,1.548,1024.1,347.12901,66.89495
1789867398.796,10459,5.18964,0.63607,3.30097,1.552,1.548,1024.1,347.16199,66.90131
1789867398.806,10460,5.18964,0.63582,3.29968,1.551,1.548,1024.1,347.19492,66.90765
1789867398.816,10461,5.18964,0.62885,3.26351,1.551,1.548,1024.1,347.22748,66.91393
1789867398.826,10462,5.18964,0.67668,3.51173,1.551,1.548,1024.1,347.26251,66.92068
1789867398.836,10463,5.18964,0.62860,3.26221,1.551,1.548,1024.1,347.29506,66.92695
1789867398.846,10464,5.18964,0.62062,3.22079,1.551,1.548,1024.1,347.32735,66.93317
1789867398.856,10465,5.18964,0.62735,3.25572,1.550,1.548,1024.1,347.35998,66.93946
1789867398.866,10466,5.18925,0.62312,3.23353,1.551,1.548,1024.1,347.39239,66.94571
1789867398.876,10467,5.18925,0.63831,3.31235,1.551,1.548,1024.1,347.42559,66.95211
1789867398.886,10468,5.15056,0.79079,4.07301,1.550,1.548,1024.1,347.46642,66.96003
1789867398.896,10469,5.16181,0.82767,4.27228,1.550,1.548,1024.1,347.50924,66.96833
1789867398.906,10470,5.16056,0.78357,4.04366,1.550,1.548,1024.1,347.54977,66.97618
1789867398.916,10471,5.18925,0.69088,3.58515,1.550,1.548,1024.1,347.58570,66.98311
1789867398.926,10472,5.18925,0.63134,3.27618,1.550,1.548,1024.1,347.61839,66.98941
1789867398.936,10473,5.18925,0.68067,3.53217,1.550,1.548,1024.1,347.65364,66.99620
1789867398.946,10474,5.18925,0.63283,3.28391,1.550,1.548,1024.1,347.68641,67.00251
1789867398.956,10475,5.18925,0.66996,3.47659,1.550,1.548,1024.1,347.72111,67.00920
1789867398.966,10476,5.18824,0.62137,3.22382,1.551,1.548,1024.1,347.75328,67.01540
1789867398.976,10477,5.18824,0.64853,3.36473,1.550,1.548,1024.1,347.78685,67.02187
1789867398.986,10478,5.15806,0.79403,4.09565,1.550,1.548,1024.1,347.82772,67.02979
1789867398.996,10479,5.14307,0.83414,4.29004,1.550,1.548,1024.1,347.87053,67.03812
1789867399.006,10480,5.18824,0.64155,3.32852,1.551,1.548,1024.1,347.90392,67.04455
1789867399.016,10481,5.18824,0.66357,3.44276,1.551,1.548,1024.1,347.93846,67.05121
1789867399.026,10482,5.18824,0.66357,3.44276,1.550,1.548,1024.1,347.97299,67.05787
1789867399.036,10483,5.17680,0.70683,3.65912,1.551,1.548,1024.1,348.00970,67.06496
1789867399.046,10484,5.18824,0.66357,3.44276,1.550,1.548,1024.1,348.04405,67.07158
1789867399.056,10485,5.17805,0.71331,3.69355,1.550,1.547,1024.1,348.08091,67.07870
1789867399.066,10486,5.18722,0.66670,3.45832,1.550,1.547,1024.1,348.11541,67.08535
1789867399.076,10487,5.18722,0.70633,3.66389,1.549,1.547,1024.1,348.15197,67.09240
1789867399.086,10488,5.18722,0.66670,3.45832,1.550,1.547,1024.1,348.18648,67.09905
1789867399.096,10489,5.17555,0.71430,3.69690,1.550,1.547,1024.1,348.22337,67.10618
1789867399.106,10490,5.18722,0.66670,3.45832,1.550,1.547,1024.1,348.25789,67.11283
1789867399.116,10491,5.18722,0.67793,3.51657,1.551,1.548,1024.1,348.29298,67.11960
1789867399.126,10492,5.19805,0.62760,3.26230,1.550,1.547,1024.1,348.32568,67.12589
1789867399.136,10493,5.18722,0.66670,3.45832,1.551,1.548,1024.1,348.36034,67.13257
1789867399.146,10494,5.18722,0.62860,3.26069,1.550,1.548,1024.1,348.39301,67.13887
1789867399.156,10495,5.16181,0.66670,3.44138,1.550,1.548,1024.1,348.42750,67.14555
1789867399.166,10496,5.19680,0.62411,3.24337,1.551,1.548,1024.1,348.46001,67.15180
1789867399.176,10497,5.18679,0.66792,3.46436,1.551,1.548,1024.1,348.49472,67.15850
1789867399.186,10498,5.18679,0.64230,3.33148,1.551,1.548,1024.1,348.52811,67.16493
1789867399.196,10499,5.17306,0.69612,3.60107,1.552,1.548,1024.1,348.56420,67.17191
1789867399.206,10500,5.19680,0.63856,3.31847,1.552,1.548,1024.1,348.59727,67.17827
1789867399.216,10501,5.18679,0.66792,3.46436,1.552,1.548,1024.1,348.63181,67.18493
1789867399.226,10502,5.19805,0.62436,3.24545,1.551,1.548,1024.1,348.66416,67.19116
1789867399.236,10503,5.19930,0.75815,3.94185,1.551,1.548,1024.1,348.70345,67.19871
1789867399.246,10504,5.18679,0.62337,3.23329,1.550,1.548,1024.1,348.73585,67.20496
1789867399.256,10505,5.16181,0.66792,3.44768,1.550,1.548,1024.1,348.77041,67.21166
1789867399.266,10506,5.18683,0.62885,3.26174,1.550,1.548,1024.1,348.80310,67.21796
1789867399.276,10507,5.19930,0.69911,3.63488,1.550,1.548,1024.1,348.83954,67.22497
1789867399.286,10508,5.18683,0.70459,3.65459,1.550,1.548,1024.1,348.87596,67.23199
1789867399.296,10509,5.18683,0.72876,3.77995,1.550,1.548,1024.1,348.91364,67.23925
1789867399.306,10510,5.18683,0.63483,3.29276,1.550,1.548,1024.1,348.94646,67.24558
1789867399.316,10511,5.18683,0.63109,3.27336,1.550,1.548,1024.1,348.97908,67.25187
1789867399.326,10512,5.18683,0.62461,3.23975,1.550,1.547,1024.1,349.01158,67.25814
1789867399.336,10513,5.18683,0.74495,3.86393,1.550,1.548,1024.1,349.05035,67.26561
1789867399.346,10514,5.19805,0.63009,3.27524,1.550,1.548,1024.1,349.08321,67.27193
1789867399.356,10515,5.19930,0.63333,3.29287,1.551,1.548,1024.1,349.11624,67.27828
1789867399.366,10516,5.19805,0.62984,3.27394,1.551,1.548,1024.1,349.14896,67.28458
1789867399.376,10517,5.19805,0.66785,3.47152,1.550,1.548,1024.1,349.18366,67.29125
1789867399.386,10518,5.18695,0.64081,3.32385,1.550,1.548,1024.1,349.21688,67.29766
1789867399.396,10519,5.18695,0.62735,3.25403,1.550,1.548,1024.1,349.24940,67.30393
1789867399.406,10520,5.18695,0.63483,3.29283,1.550,1.548,1024.1,349.28228,67.31027
1789867399.416,10521,5.18695,0.63358,3.28635,1.550,1.548,1024.1,349.31510,67.31659
1789867399.426,10522,5.18695,0.63682,3.30315,1.550,1.548,1024.1,349.34808,67.32295
1789867399.436,10523,5.19805,0.62984,3.27394,1.552,1.548,1024.1,349.38078,67.32924
1789867399.446,10524,5.19805,0.66785,3.47152,1.551,1.548,1024.1,349.41556,67.33593
1789867399.456,10525,5.18695,0.62486,3.24112,1.551,1.548,1024.1,349.44803,67.34219
1789867399.466,10526,5.19805,0.67868,3.52781,1.552,1.548,1024.1,349.48337,67.34899
1789867399.476,10527,5.18699,0.62934,3.26438,1.551,1.548,1024.1,349.51607,67.35530
1789867399.486,10528,5.18699,0.68715,3.56424,1.551,1.548,1024.1,349.55161,67.36215
1789867399.496,10529,5.15806,0.79229,4.08668,1.551,1.547,1024.1,349.59236,67.37005
1789867399.506,10530,5.18699,0.68515,3.55387,1.551,1.547,1024.1,349.62779,67.37688
1789867399.516,10531,5.18699,0.62835,3.25925,1.552,1.548,1024.1,349.66029,67.38315
1789867399.526,10532,5.18699,0.65127,3.37813,1.551,1.548,1024.1,349.69417,67.38968
1789867399.536,10533,5.19930,0.63732,3.31362,1.550,1.548,1024.1,349.72742,67.39607
1789867399.546,10534,5.18699,0.66740,3.46180,1.551,1.548,1024.1,349.76214,67.40277
1789867399.556,10535,5.19805,0.62611,3.25455,1.551,1.548,1024.1,349.79479,67.40905
1789867399.566,10536,5.18679,0.66869,3.46835,1.550,1.548,1024.1,349.82945,67.41573
1789867399.576,10537,5.19680,0.62361,3.24078,1.550,1.547,1024.1,349.86183,67.42196
1789867399.586,10538,5.18679,0.67967,3.52531,1.550,1.548,1024.1,349.89705,67.42875
1789867399.596,10539,5.18679,0.66869,3.46835,1.551,1.548,1024.1,349.93171,67.43543
1789867399.606,10540,5.18679,0.68690,3.56281,1.550,1.548,1024.1,349.96731,67.44230
1789867399.616,10541,5.19805,0.63632,3.30762,1.551,1.548,1024.1,350.00037,67.44866
1789867399.626,10542,5.18679,0.68889,3.57313,1.551,1.548,1024.1,350.03608,67.45554
1789867399.636,10543,5.18679,0.62586,3.24620,1.551,1.548,1024.1,350.06852,67.46180
1789867399.646,10544,5.18679,0.66869,3.46835,1.551,1.548,1024.1,350.10328,67.46850
1789867399.656,10545,5.18679,0.62635,3.24875,1.551,1.548,1024.1,350.13584,67.47478
1789867399.666,10546,5.18687,0.66869,3.46841,1.551,1.548,1024.1,350.17060,67.48148
1789867399.676,10547,5.18687,0.62885,3.26176,1.551,1.548,1024.1,350.20329,67.48778
1789867399.686,10548,5.18687,0.68989,3.57837,1.550,1.548,1024.1,350.23896,67.49466
1789867399.696,10549,5.18687,0.64977,3.37027,1.550,1.547,1024.1,350.27256,67.50113
1789867399.706,10550,5.15431,0.80549,4.15175,1.550,1.547,1024.1,350.31395,67.50916
1789867399.716,10551,5.16431,0.75467,3.89735,1.550,1.547,1024.1,350.35280,67.51669
1789867399.726,10552,5.15306,0.80151,4.13023,1.550,1.547,1024.1,350.39418,67.52472
1789867399.736,10553,5.17181,0.75492,3.90430,1.549,1.547,1024.1,350.43329,67.53228
1789867399.746,10554,5.18687,0.68291,3.54217,1.550,1.547,1024.1,350.46878,67.53912
1789867399.756,10555,5.18687,0.62162,3.22426,1.550,1.547,1024.1,350.50108,67.54535
1789867399.766,10556,5.18605,0.67212,3.48565,1.550,1.548,1024.1,350.53595,67.55207
1789867399.776,10557,5.19680,0.63034,3.27575,1.550,1.548,1024.1,350.56871,67.55838
1789867399.786,10558,5.18605,0.76189,3.95120,1.550,1.548,1024.1,350.60823,67.56600
1789867399.796,10559,5.18605,0.64753,3.35812,1.550,1.548,1024.1,350.64182,67.57247
1789867399.806,10560,5.18605,0.67212,3.48565,1.550,1.548,1024.1,350.67645,67.57915
1789867399.816,10561,5.19680,0.62984,3.27315,1.550,1.548,1024.1,350.70897,67.58541
1789867399.826,10562,5.17306,0.70982,3.67194,1.550,1.548,1024.1,350.74544,67.59246
1789867399.836,10563,5.18605,0.63084,3.27157,1.551,1.548,1024.1,350.77794,67.59873
1789867399.846,10564,5.18605,0.71630,3.71477,1.551,1.548,1024.1,350.81502,67.60588
1789867399.856,10565,5.20054,0.63233,3.28846,1.550,1.548,1024.1,350.84785,67.61219
1789867399.866,10566,5.16681,0.63632,3.28774,1.551,1.548,1024.1,350.88066,67.61854
1789867399.876,10567,5.19805,0.63084,3.27914,1.550,1.548,1024.1,350.91339,67.62484
