t_mac,sample_idx,voltage_V,current_A,power_W,dp_V,dn_V,temp_C,energy_J,charge_C
1789866891.538,0,5.16056,0.58375,3.01248,1.551,1.548,1100.9,0.00004,0.00001
1789866891.538,1,5.15931,0.80325,4.14422,1.551,1.548,1100.9,0.00009,0.00002
1789866891.538,2,5.19680,0.57005,2.96244,1.552,1.548,1100.9,0.00013,0.00003
1789866891.538,3,5.21804,0.54488,2.84321,1.552,1.549,998.5,0.00017,0.00003
1789866891.538,4,5.21679,0.54214,2.82823,1.551,1.549,998.5,0.00048,0.00009
1789866891.538,5,5.21804,0.54140,2.82505,1.550,1.548,998.5,0.00079,0.00015
1789866891.538,6,5.21554,0.54513,2.84315,1.551,1.548,998.5,0.00110,0.00021
1789866891.539,7,5.17306,0.66447,3.43734,1.550,1.547,998.5,0.00148,0.00028
1789866891.539,8,5.21929,0.55086,2.87510,1.550,1.548,998.5,0.00153,0.00029
1789866891.539,9,5.21804,0.55286,2.88485,1.550,1.548,998.5,0.00158,0.00030
1789866891.539,10,5.20514,0.54164,2.81931,1.550,1.547,998.5,0.00163,0.00031
1789866891.539,11,5.21679,0.53816,2.80747,1.550,1.548,998.5,0.00169,0.00032
1789866891.545,12,5.21804,0.54140,2.82505,1.550,1.548,1024.1,0.01902,0.00365
1789866891.551,13,5.20514,0.53965,2.80895,1.551,1.548,1024.1,0.03625,0.00696
1789866891.557,14,5.21554,0.53865,2.80935,1.551,1.548,998.5,0.05349,0.01026
1789866891.563,15,5.21679,0.54937,2.86595,1.551,1.548,998.5,0.07107,0.01363
1789866891.573,16,5.21804,0.54488,2.84321,1.552,1.548,998.5,0.09941,0.01906
1789866891.583,17,5.20514,0.54463,2.83488,1.552,1.548,998.5,0.12768,0.02449
1789866891.593,18,5.17680,0.70110,3.62945,1.551,1.548,998.5,0.16386,0.03148
1789866891.603,19,5.18055,0.69686,3.61012,1.551,1.548,998.5,0.19985,0.03843
1789866891.613,20,5.21929,0.54115,2.82442,1.551,1.548,1024.1,0.22820,0.04386
1789866891.623,21,5.20764,0.54214,2.82327,1.551,1.548,998.5,0.25654,0.04930
1789866891.633,22,5.21929,0.55161,2.87901,1.551,1.548,998.5,0.28544,0.05484
1789866891.643,23,5.20764,0.54787,2.85311,1.550,1.548,998.5,0.31408,0.06034
1789866891.653,24,5.21804,0.54264,2.83152,1.551,1.548,998.5,0.34250,0.06579
1789866891.663,25,5.21804,0.54140,2.82505,1.551,1.548,998.5,0.37085,0.07122
1789866891.673,26,5.20764,0.53766,2.79994,1.550,1.548,998.5,0.39895,0.07662
1789866891.683,27,5.20764,0.54015,2.81291,1.550,1.548,1024.1,0.42719,0.08204
1789866891.698,28,5.17930,0.70509,3.65187,1.550,1.547,1024.1,0.47947,0.09213
1789866891.712,29,5.22429,0.55410,2.89478,1.551,1.548,1024.1,0.52091,0.10006
1789866891.726,30,5.20737,0.55061,2.86723,1.550,1.548,1024.1,0.56195,0.10795
1789866891.741,31,5.21804,0.53766,2.80553,1.550,1.548,998.5,0.60212,0.11564
1789866891.746,32,5.21929,0.53816,2.80881,1.551,1.548,1024.1,0.61780,0.11865
1789866891.752,33,5.20737,0.54239,2.82443,1.551,1.548,998.5,0.63357,0.12168
1789866891.757,34,5.21804,0.54239,2.83021,1.551,1.548,1024.1,0.64938,0.12471
1789866891.763,35,5.21929,0.54663,2.85302,1.550,1.548,1024.1,0.66531,0.12776
1789866891.773,36,5.21929,0.54688,2.85433,1.550,1.548,1024.1,0.69385,0.13323
1789866891.783,37,5.20737,0.53741,2.79849,1.550,1.548,1024.1,0.72184,0.13860
1789866891.793,38,5.16931,0.69861,3.61133,1.550,1.548,998.5,0.75796,0.14559
1789866891.803,39,5.20788,0.54787,2.85324,1.550,1.548,1024.1,0.78650,0.15107
1789866891.813,40,5.20788,0.54364,2.83121,1.551,1.548,1024.1,0.81488,0.15652
1789866891.823,41,5.21804,0.54488,2.84321,1.550,1.548,1024.1,0.84338,0.16198
1789866891.833,42,5.21929,0.54588,2.84911,1.551,1.548,1024.1,0.87194,0.16745
1789866891.843,43,5.20788,0.54140,2.81955,1.551,1.548,1024.1,0.90020,0.17288
1789866891.853,44,5.20788,0.54140,2.81955,1.551,1.548,1024.1,0.92867,0.17835
1789866891.863,45,5.21804,0.54040,2.81983,1.550,1.548,1024.1,0.95715,0.18380
1789866891.873,46,5.21804,0.54065,2.82113,1.551,1.548,998.5,0.98565,0.18927
1789866891.883,47,5.21804,0.55236,2.88224,1.550,1.548,1024.1,1.01476,0.19484
1789866891.893,48,5.21003,0.68989,3.59435,1.550,1.548,1024.1,1.05038,0.20168
1789866891.903,49,5.21003,0.55186,2.87521,1.551,1.548,1024.1,1.07887,0.20715
1789866891.913,50,5.21003,0.54488,2.83884,1.551,1.548,1024.1,1.10701,0.21255
1789866891.923,51,5.21003,0.54414,2.83499,1.550,1.548,1024.1,1.13510,0.21794
1789866891.933,52,5.21003,0.53890,2.80769,1.550,1.548,1024.1,1.16311,0.22332
1789866891.943,53,5.21003,0.54065,2.81680,1.551,1.548,1024.1,1.19122,0.22871
1789866891.953,54,5.21003,0.54414,2.83499,1.551,1.548,1024.1,1.21950,0.23414
1789866891.963,55,5.22054,0.54389,2.83940,1.551,1.548,1024.1,1.24783,0.23957
1789866891.975,56,5.23053,0.50153,2.62327,1.551,1.548,1024.1,1.27867,0.24546
1789866891.986,57,5.22803,0.49406,2.58296,1.552,1.549,1024.1,1.30904,0.25127
1789866891.998,58,5.22304,0.50651,2.64552,1.551,1.548,1024.1,1.34015,0.25723
1789866892.010,59,5.22678,0.49929,2.60968,1.551,1.548,1024.1,1.37084,0.26310
1789866892.018,60,5.22678,0.50203,2.62400,1.551,1.548,1024.1,1.39248,0.26724
1789866892.026,61,5.22803,0.50851,2.65851,1.551,1.548,1024.1,1.41442,0.27144
1789866892.035,62,5.22803,0.50228,2.62593,1.551,1.548,1024.1,1.43608,0.27558
1789866892.043,63,5.22554,0.50029,2.61429,1.551,1.548,1024.1,1.45765,0.27971
1789866892.053,64,5.23053,0.49705,2.59983,1.551,1.548,1024.1,1.48368,0.28469
1789866892.063,65,5.22803,0.49655,2.59598,1.551,1.548,1024.1,1.50967,0.28966
1789866892.073,66,5.22554,0.49954,2.61037,1.551,1.548,1024.1,1.53580,0.29466
1789866892.083,67,5.22678,0.50278,2.62792,1.550,1.547,1024.1,1.56211,0.29969
1789866892.093,68,5.22554,0.53218,2.78093,1.550,1.547,1024.1,1.59057,0.30514
1789866892.104,69,5.22803,0.50627,2.64679,1.550,1.548,1024.1,1.61766,0.31032
1789866892.114,70,5.22678,0.50128,2.62008,1.549,1.547,1024.1,1.64447,0.31545
1789866892.124,71,5.22554,0.50402,2.63378,1.549,1.547,1024.1,1.67143,0.32061
1789866892.134,72,5.22803,0.50178,2.62332,1.549,1.548,1024.1,1.69705,0.32551
1789866892.144,73,5.22803,0.49456,2.58557,1.549,1.548,1024.1,1.72230,0.33034
1789866892.153,74,5.22803,0.50178,2.62332,1.549,1.548,1024.1,1.74792,0.33524
1789866892.163,75,5.23053,0.50552,2.64414,1.549,1.548,1024.1,1.77374,0.34018
1789866892.173,76,5.22928,0.50078,2.61872,1.549,1.548,1024.1,1.79992,0.34518
1789866892.183,77,5.22429,0.50552,2.64098,1.550,1.548,1024.1,1.82632,0.35024
1789866892.193,78,5.23928,0.45444,2.38094,1.550,1.548,1024.1,1.85012,0.35478
1789866892.203,79,5.22803,0.50577,2.64418,1.551,1.548,1024.1,1.87656,0.35983
1789866892.213,80,5.21577,0.50851,2.65227,1.550,1.548,1024.1,1.90306,0.36492
1789866892.223,81,5.22803,0.51249,2.67931,1.551,1.548,1024.1,1.92983,0.37004
1789866892.233,82,5.22928,0.50427,2.63697,1.551,1.548,1024.1,1.95617,0.37507
1789866892.243,83,5.23803,0.44946,2.35428,1.551,1.548,1024.1,1.97969,0.37956
1789866892.253,84,5.23803,0.44672,2.33993,1.551,1.548,1024.1,2.00308,0.38403
1789866892.263,85,5.23928,0.45320,2.37444,1.550,1.548,1024.1,2.02681,0.38856
1789866892.273,86,5.23803,0.45519,2.38430,1.551,1.548,1024.1,2.05063,0.39311
1789866892.283,87,5.23928,0.45295,2.37313,1.550,1.548,1024.1,2.07435,0.39763
1789866892.293,88,5.21783,0.51499,2.68713,1.550,1.548,1024.1,2.10135,0.40281
1789866892.303,89,5.21783,0.60667,3.16550,1.550,1.547,1024.1,2.13315,0.40890
1789866892.313,90,5.21783,0.50975,2.65979,1.549,1.547,1024.1,2.15988,0.41403
1789866892.323,91,5.21783,0.50950,2.65848,1.550,1.547,1024.1,2.18659,0.41914
1789866892.333,92,5.22803,0.51922,2.71450,1.549,1.547,1024.1,2.21403,0.42439
1789866892.343,93,5.21783,0.51025,2.66240,1.550,1.548,1024.1,2.24093,0.42955
1789866892.353,94,5.21783,0.50726,2.64680,1.550,1.548,1024.1,2.26768,0.43467
1789866892.364,95,5.21783,0.51000,2.66109,1.550,1.548,1024.1,2.29457,0.43983
1789866892.373,96,5.21783,0.50552,2.63772,1.550,1.548,1024.1,2.32056,0.44481
1789866892.383,97,5.21783,0.50203,2.61951,1.550,1.548,1024.1,2.34638,0.44976
1789866892.393,98,5.21932,0.50253,2.62286,1.551,1.548,1024.1,2.37222,0.45471
1789866892.403,99,5.21932,0.51499,2.68790,1.551,1.548,1024.1,2.39871,0.45978
1789866892.413,100,5.21932,0.55709,2.90763,1.551,1.548,1024.1,2.42775,0.46535
1789866892.423,101,5.21932,0.50203,2.62026,1.551,1.548,1024.1,2.45393,0.47036
1789866892.433,102,5.21932,0.50352,2.62803,1.551,1.548,1024.1,2.48018,0.47539
1789866892.443,103,5.21932,0.53482,2.79140,1.551,1.548,1024.1,2.50806,0.48074
1789866892.453,104,5.21932,0.53482,2.79140,1.551,1.548,1024.1,2.53601,0.48609
1789866892.463,105,5.21932,0.53482,2.79140,1.551,1.548,1024.1,2.56395,0.49144
1789866892.473,106,5.21932,0.53482,2.79140,1.550,1.548,1024.1,2.59190,0.49680
1789866892.483,107,5.21932,0.53482,2.79140,1.550,1.548,1024.1,2.61984,0.50215
1789866892.493,108,5.21994,0.53182,2.77607,1.550,1.548,1024.1,2.64796,0.50754
1789866892.503,109,5.21994,0.53182,2.77607,1.551,1.548,1024.1,2.67607,0.51292
1789866892.513,110,5.21994,0.54663,2.85338,1.550,1.548,1024.1,2.70497,0.51846
1789866892.524,111,5.23053,0.50577,2.64545,1.551,1.548,1024.1,2.73176,0.52358
1789866892.533,112,5.21994,0.50751,2.64917,1.551,1.548,1024.1,2.75796,0.52860
1789866892.543,113,5.21994,0.50278,2.62448,1.551,1.548,1024.1,2.78390,0.53357
1789866892.553,114,5.21994,0.50029,2.61148,1.551,1.548,1024.1,2.80972,0.53852
1789866892.563,115,5.21994,0.49381,2.57766,1.551,1.548,1024.1,2.83521,0.54340
1789866892.573,116,5.21994,0.49879,2.60365,1.550,1.548,1024.1,2.86120,0.54838
1789866892.583,117,5.21994,0.50352,2.62834,1.549,1.548,1024.1,2.88743,0.55340
1789866892.593,118,5.24303,0.49804,2.61124,1.550,1.548,1024.1,2.91350,0.55838
1789866892.603,119,5.23803,0.46491,2.43521,1.551,1.548,1024.1,2.93781,0.56302
1789866892.613,120,5.23928,0.50103,2.62504,1.550,1.548,1024.1,2.96402,0.56802
1789866892.623,121,5.23678,0.45419,2.37849,1.550,1.548,1024.1,2.98777,0.57255
1789866892.633,122,5.23553,0.45693,2.39227,1.550,1.548,1024.1,3.01165,0.57712
1789866892.643,123,5.23803,0.45818,2.39996,1.551,1.548,1024.1,3.03561,0.58169
1789866892.653,124,5.24053,0.45967,2.40891,1.550,1.548,1024.1,3.05972,0.58629
1789866892.663,125,5.23803,0.45120,2.36340,1.549,1.547,1024.1,3.08337,0.59081
1789866892.673,126,5.23678,0.44747,2.34330,1.550,1.547,1024.1,3.10683,0.59529
1789866892.683,127,5.23678,0.45170,2.36545,1.550,1.548,1024.1,3.13050,0.59981
1789866892.693,128,5.23678,0.45793,2.39808,1.550,1.548,1024.1,3.15450,0.60439
1789866892.703,129,5.22346,0.50477,2.63665,1.550,1.548,1024.1,3.18088,0.60944
1789866892.713,130,5.21304,0.55286,2.88208,1.550,1.548,1024.1,3.20972,0.61497
1789866892.723,131,5.21179,0.55410,2.88785,1.551,1.548,1024.1,3.23861,0.62052
1789866892.733,132,5.21304,0.54538,2.84309,1.551,1.548,1024.1,3.26705,0.62597
1789866892.743,133,5.22346,0.54239,2.83315,1.551,1.548,1024.1,3.29539,0.63140
1789866892.753,134,5.22346,0.51669,2.69891,1.551,1.548,1024.1,3.32238,0.63656
1789866892.763,135,5.22346,0.50328,2.62886,1.551,1.548,1024.1,3.34868,0.64160
1789866892.773,136,5.22346,0.50029,2.61324,1.551,1.548,1024.1,3.37486,0.64661
1789866892.783,137,5.22346,0.49755,2.59893,1.551,1.548,1024.1,3.40090,0.65159
1789866892.793,138,5.22432,0.50029,2.61368,1.551,1.548,1024.1,3.42709,0.65661
1789866892.803,139,5.22432,0.51221,2.67595,1.551,1.548,1024.1,3.45390,0.66174
1789866892.813,140,5.19930,0.54887,2.85374,1.550,1.548,1024.1,3.48237,0.66722
1789866892.823,141,5.22432,0.51221,2.67595,1.551,1.548,1024.1,3.50907,0.67233
1789866892.833,142,5.22432,0.51221,2.67595,1.551,1.548,1024.1,3.53577,0.67744
1789866892.843,143,5.22432,0.51221,2.67595,1.551,1.548,1024.1,3.56247,0.68255
1789866892.853,144,5.22432,0.51221,2.67595,1.550,1.548,1024.1,3.58926,0.68768
1789866892.863,145,5.22432,0.51221,2.67595,1.551,1.548,1024.1,3.61605,0.69280
1789866892.873,146,5.22432,0.51221,2.67595,1.551,1.548,1024.1,3.64284,0.69793
1789866892.883,147,5.22432,0.51221,2.67595,1.550,1.548,1024.1,3.66963,0.70306
1789866892.893,148,5.22521,0.50852,2.65712,1.550,1.548,1024.1,3.69615,0.70813
1789866892.903,149,5.22521,0.50852,2.65712,1.550,1.548,1024.1,3.72267,0.71321
1789866892.913,150,5.22521,0.50852,2.65712,1.551,1.548,1024.1,3.74919,0.71829
1789866892.923,151,5.21429,0.54987,2.86718,1.551,1.548,1024.1,3.77781,0.72377
1789866892.933,152,5.22521,0.55834,2.91744,1.551,1.548,1024.1,3.80705,0.72937
1789866892.943,153,5.22521,0.55435,2.89660,1.551,1.548,1024.1,3.83608,0.73493
1789866892.953,154,5.22521,0.49680,2.59588,1.551,1.548,1024.1,3.86210,0.73991
1789866892.963,155,5.22521,0.49755,2.59980,1.551,1.548,1024.1,3.88815,0.74489
1789866892.973,156,5.22521,0.50852,2.65712,1.551,1.548,1024.1,3.91475,0.74998
1789866892.983,157,5.22521,0.49705,2.59719,1.551,1.548,1024.1,3.94075,0.75496
1789866892.993,158,5.22584,0.50527,2.64046,1.551,1.548,1024.1,3.96718,0.76002
1789866893.003,159,5.22584,0.50527,2.64046,1.552,1.549,1024.1,3.99361,0.76507
1789866893.013,160,5.22584,0.50527,2.64046,1.552,1.548,1024.1,4.02005,0.77013
1789866893.023,161,5.20804,0.56681,2.95197,1.551,1.548,1024.1,4.04960,0.77581
1789866893.033,162,5.22584,0.56855,2.97115,1.551,1.548,1024.1,4.07935,0.78150
1789866893.043,163,5.22584,0.50527,2.64046,1.551,1.548,1024.1,4.10578,0.78656
1789866893.053,164,5.22584,0.50527,2.64046,1.551,1.548,1024.1,4.13220,0.79161
1789866893.063,165,5.22584,0.50527,2.64046,1.550,1.547,1024.1,4.15861,0.79667
1789866893.073,166,5.22584,0.50527,2.64046,1.550,1.548,1024.1,4.18502,0.80172
1789866893.083,167,5.22584,0.50527,2.64046,1.550,1.548,1024.1,4.21144,0.80677
1789866893.093,168,5.22553,0.50642,2.64631,1.550,1.548,1024.1,4.23782,0.81182
1789866893.103,169,5.22553,0.50642,2.64631,1.550,1.548,1024.1,4.26420,0.81687
1789866893.113,170,5.22553,0.50642,2.64631,1.550,1.548,1024.1,4.29059,0.82192
1789866893.123,171,5.22553,0.50642,2.64631,1.550,1.548,1024.1,4.31697,0.82697
1789866893.133,172,5.22553,0.50642,2.64631,1.550,1.548,1024.1,4.34343,0.83203
1789866893.143,173,5.22553,0.50642,2.64631,1.550,1.548,1024.1,4.36988,0.83710
1789866893.153,174,5.22553,0.50642,2.64631,1.550,1.548,1024.1,4.39634,0.84216
1789866893.163,175,5.22553,0.50642,2.64631,1.550,1.548,1024.1,4.42280,0.84722
1789866893.173,176,5.22553,0.50642,2.64631,1.551,1.548,1024.1,4.44933,0.85230
1789866893.183,177,5.22553,0.50642,2.64631,1.551,1.548,1024.1,4.47586,0.85738
1789866893.193,178,5.22541,0.50667,2.64756,1.551,1.548,1024.1,4.50241,0.86246
1789866893.203,179,5.22541,0.49630,2.59337,1.551,1.548,1024.1,4.52841,0.86743
1789866893.213,180,5.22541,0.50667,2.64756,1.551,1.548,1024.1,4.55491,0.87251
1789866893.223,181,5.23928,0.46466,2.43448,1.551,1.548,1024.1,4.57928,0.87716
1789866893.233,182,5.23678,0.45893,2.40332,1.550,1.548,1024.1,4.60334,0.88175
1789866893.243,183,5.23803,0.45619,2.38954,1.550,1.548,1024.1,4.62726,0.88632
1789866893.253,184,5.23553,0.45245,2.36882,1.550,1.548,1024.1,4.65092,0.89084
1789866893.263,185,5.23678,0.45320,2.37331,1.551,1.548,1024.1,4.67462,0.89536
1789866893.273,186,5.23678,0.45071,2.36027,1.550,1.548,1024.1,4.69819,0.89986
1789866893.283,187,5.24053,0.45943,2.40766,1.550,1.548,1024.1,4.72223,0.90445
1789866893.293,188,5.23928,0.45469,2.38225,1.551,1.548,1024.1,4.74606,0.90900
1789866893.303,189,5.23803,0.44971,2.35559,1.551,1.547,1024.1,4.76962,0.91350
1789866893.313,190,5.22564,0.45170,2.36042,1.550,1.547,1024.1,4.79322,0.91801
1789866893.323,191,5.22564,0.46192,2.41383,1.550,1.547,1024.1,4.81737,0.92263
1789866893.333,192,5.22564,0.50532,2.64062,1.551,1.547,1024.1,4.84380,0.92769
1789866893.343,193,5.22564,0.50532,2.64062,1.550,1.547,1024.1,4.87024,0.93275
1789866893.353,194,5.23803,0.46366,2.42866,1.551,1.547,1024.1,4.89456,0.93739
1789866893.363,195,5.21429,0.47388,2.47095,1.551,1.547,1024.1,4.91930,0.94214
1789866893.373,196,5.20804,0.54987,2.86374,1.551,1.548,1024.1,4.94782,0.94761
1789866893.383,197,5.22564,0.50532,2.64062,1.551,1.548,1024.1,4.97411,0.95265
1789866893.393,198,5.22588,0.50411,2.63442,1.550,1.547,1024.1,5.00034,0.95767
1789866893.403,199,5.22588,0.50411,2.63442,1.551,1.548,1024.1,5.02658,0.96269
1789866893.413,200,5.22588,0.50411,2.63442,1.551,1.548,1024.1,5.05291,0.96773
1789866893.423,201,5.22588,0.53865,2.81492,1.550,1.548,1024.1,5.08105,0.97311
1789866893.433,202,5.17306,0.67469,3.49021,1.550,1.548,1024.1,5.11593,0.97985
1789866893.443,203,5.22588,0.54762,2.86180,1.551,1.548,1024.1,5.14454,0.98533
1789866893.453,204,5.18180,0.68167,3.53228,1.551,1.548,1024.1,5.18002,0.99218
1789866893.463,205,5.21054,0.69936,3.64404,1.550,1.548,1024.1,5.21663,0.99920
1789866893.473,206,5.22588,0.54638,2.85532,1.550,1.548,1024.1,5.24532,1.00469
1789866893.483,207,5.21554,0.54065,2.81978,1.550,1.548,1024.1,5.27365,1.01012
1789866893.493,208,5.21429,0.54762,2.85545,1.550,1.548,1024.1,5.30213,1.01558
1789866893.503,209,5.22471,0.55061,2.87678,1.550,1.547,1024.1,5.33082,1.02108
1789866893.513,210,5.22471,0.55734,2.91194,1.550,1.548,1024.1,5.35986,1.02663
1789866893.523,211,5.22471,0.54239,2.83383,1.550,1.548,1024.1,5.38813,1.03204
1789866893.533,212,5.21304,0.57453,2.99505,1.549,1.547,1024.1,5.41816,1.03780
1789866893.543,213,5.22471,0.54439,2.84428,1.550,1.548,1024.1,5.44667,1.04326
1789866893.553,214,5.18180,0.56780,2.94223,1.550,1.548,1024.1,5.47617,1.04896
1789866893.563,215,5.22471,0.57104,2.98352,1.550,1.548,1024.1,5.50609,1.05468
1789866893.573,216,5.17056,0.73000,3.77451,1.550,1.548,1024.1,5.54371,1.06196
1789866893.583,217,5.17555,0.74022,3.83105,1.550,1.548,1024.1,5.58189,1.06934
1789866893.593,218,5.12057,0.78980,4.04423,1.550,1.548,1024.1,5.62220,1.07721
1789866893.603,219,5.22307,0.54563,2.84986,1.551,1.548,1024.1,5.65061,1.08265
1789866893.613,220,5.22307,0.83788,4.37631,1.551,1.548,1024.1,5.69430,1.09101
1789866893.623,221,5.18305,0.66099,3.42594,1.551,1.548,1024.1,5.72851,1.09761
1789866893.633,222,5.22307,0.56257,2.93834,1.551,1.548,1024.1,5.75785,1.10323
1789866893.643,223,5.22307,0.55709,2.90972,1.551,1.548,1024.1,5.78690,1.10879
1789866893.653,224,5.18180,0.66722,3.45740,1.551,1.548,1024.1,5.82161,1.11549
1789866893.663,225,5.18805,0.65775,3.41244,1.550,1.548,1024.1,5.85587,1.12209
1789866893.673,226,5.18805,0.68441,3.55075,1.551,1.548,1024.1,5.89152,1.12896
1789866893.683,227,5.17555,0.70334,3.64017,1.550,1.548,1024.1,5.92807,1.13603
1789866893.693,228,5.19055,0.66323,3.44253,1.551,1.548,1024.1,5.96233,1.14263
1789866893.703,229,5.21920,0.55535,2.89848,1.550,1.548,1024.1,5.99118,1.14815
1789866893.713,230,5.13807,0.76513,3.93129,1.550,1.548,1024.1,6.03031,1.15577
1789866893.723,231,5.21920,0.59795,3.12082,1.551,1.548,1024.1,6.06137,1.16172
1789866893.733,232,5.14557,0.85632,4.40625,1.551,1.548,1024.1,6.10555,1.17031
1789866893.743,233,5.18555,0.67643,3.50766,1.551,1.548,1024.1,6.14071,1.17709
1789866893.753,234,5.18430,0.72402,3.75354,1.551,1.548,1024.1,6.17835,1.18435
1789866893.763,235,5.19180,0.65825,3.41750,1.551,1.548,1024.1,6.21261,1.19095
1789866893.773,236,5.21920,0.56108,2.92839,1.551,1.548,1024.1,6.24190,1.19656
1789866893.783,237,5.18555,0.67718,3.51155,1.550,1.548,1024.1,6.27703,1.20333
1789866893.793,238,5.21580,0.54718,2.85398,1.550,1.548,1024.1,6.30557,1.20881
1789866893.803,239,5.21580,0.54718,2.85398,1.551,1.548,1024.1,6.33412,1.21428
1789866893.813,240,5.21580,0.54718,2.85398,1.551,1.548,1024.1,6.36274,1.21977
1789866893.823,241,5.21580,0.54718,2.85398,1.551,1.548,1024.1,6.39136,1.22525
1789866893.833,242,5.21580,0.55908,2.91605,1.551,1.548,1024.1,6.42060,1.23086
1789866893.843,243,5.21580,0.54718,2.85398,1.551,1.548,1024.1,6.44921,1.23634
1789866893.853,244,5.21580,0.54718,2.85398,1.551,1.548,1024.1,6.47759,1.24179
1789866893.863,245,5.21580,0.54718,2.85398,1.551,1.548,1024.1,6.50598,1.24723
1789866893.873,246,5.21580,0.54718,2.85398,1.551,1.548,1024.1,6.53436,1.25267
1789866893.883,247,5.21580,0.54718,2.85398,1.551,1.548,1024.1,6.56274,1.25811
1789866893.893,248,5.21479,0.55159,2.87643,1.551,1.548,1024.1,6.59172,1.26367
1789866893.903,249,5.21479,0.55159,2.87643,1.551,1.548,1024.1,6.62071,1.26923
1789866893.913,250,5.21479,0.55159,2.87643,1.551,1.548,1024.1,6.64969,1.27478
1789866893.923,251,5.21479,0.54115,2.82198,1.550,1.548,1024.1,6.67813,1.28024
1789866893.933,252,5.21479,0.55159,2.87643,1.550,1.548,1024.1,6.70678,1.28573
1789866893.943,253,5.21479,0.55159,2.87643,1.550,1.548,1024.1,6.73543,1.29123
1789866893.953,254,5.21479,0.63931,3.33387,1.550,1.547,1024.1,6.76865,1.29760
1789866893.963,255,5.21479,0.55159,2.87643,1.549,1.547,1024.1,6.79730,1.30309
1789866893.973,256,5.21479,0.55159,2.87643,1.550,1.547,1024.1,6.82616,1.30862
1789866893.983,257,5.21479,0.54115,2.82198,1.550,1.547,1024.1,6.85447,1.31405
1789866893.993,258,5.18180,0.69686,3.61099,1.550,1.547,1024.1,6.89070,1.32105
1789866894.003,259,5.21354,0.55706,2.90425,1.550,1.548,1024.1,6.91984,1.32663
1789866894.013,260,5.21354,0.69213,3.60845,1.550,1.548,1024.1,6.95576,1.33353
1789866894.023,261,5.18805,0.66472,3.44860,1.550,1.548,1024.1,6.99010,1.34014
1789866894.033,262,5.21354,0.55706,2.90425,1.550,1.548,1024.1,7.01901,1.34569
1789866894.043,263,5.17930,0.55706,2.88518,1.551,1.548,1024.1,7.04774,1.35124
1789866894.053,264,5.18305,0.70633,3.66094,1.551,1.548,1024.1,7.08447,1.35832
1789866894.063,265,5.18805,0.66771,3.46411,1.550,1.548,1024.1,7.11922,1.36502
1789866894.073,266,5.18055,0.68042,3.52495,1.550,1.548,1024.1,7.15458,1.37185
1789866894.083,267,5.17930,0.69711,3.61054,1.550,1.547,1024.1,7.19081,1.37884
1789866894.093,268,5.18930,0.68590,3.55934,1.549,1.547,1024.1,7.22628,1.38568
1789866894.103,269,5.22179,0.54189,2.82964,1.550,1.548,1024.1,7.25449,1.39108
1789866894.113,270,5.21034,0.53965,2.81176,1.550,1.548,1024.1,7.28251,1.39646
1789866894.123,271,5.14931,0.69387,3.57295,1.550,1.548,1024.1,7.31813,1.40337
1789866894.133,272,5.13682,0.73897,3.79596,1.550,1.548,1024.1,7.35603,1.41075
1789866894.143,273,5.11808,0.90989,4.65689,1.551,1.548,1024.1,7.40254,1.41984
1789866894.153,274,5.17680,0.89369,4.62645,1.551,1.548,1024.1,7.44874,1.42876
1789866894.163,275,5.12557,0.92309,4.73136,1.551,1.548,1024.1,7.49599,1.43798
1789866894.173,276,5.15931,0.79902,4.12239,1.551,1.548,1024.1,7.53717,1.44596
1789866894.183,277,5.16306,0.77011,3.97612,1.552,1.548,1024.1,7.57690,1.45366
1789866894.193,278,5.15931,0.78481,4.04908,1.552,1.548,1024.1,7.61735,1.46150
1789866894.203,279,5.18805,0.66497,3.44990,1.552,1.549,1024.1,7.65181,1.46814
1789866894.213,280,5.15181,0.81695,4.20877,1.552,1.549,1024.1,7.69390,1.47631
1789866894.223,281,5.16056,0.69836,3.60393,1.552,1.548,1024.1,7.72994,1.48330
1789866894.233,282,5.18180,0.68167,3.53228,1.551,1.548,1024.1,7.76527,1.49011
1789866894.243,283,5.18680,0.67245,3.48786,1.551,1.548,1024.1,7.80015,1.49684
1789866894.253,284,5.19305,0.68715,3.56840,1.551,1.548,1024.1,7.83599,1.50374
1789866894.263,285,5.18805,0.66697,3.46027,1.550,1.547,1024.1,7.87074,1.51044
1789866894.273,286,5.18930,0.66597,3.45592,1.551,1.548,1024.1,7.90545,1.51713
1789866894.283,287,5.18555,0.68690,3.56195,1.551,1.548,1024.1,7.94122,1.52403
1789866894.293,288,5.18680,0.67569,3.50467,1.551,1.548,1024.1,7.97609,1.53075
1789866894.303,289,5.16681,0.67843,3.50532,1.551,1.548,1024.1,8.01097,1.53750
1789866894.313,290,5.17555,0.72975,3.77686,1.551,1.548,1024.1,8.04855,1.54476
1789866894.323,291,5.18930,0.66846,3.46884,1.551,1.548,1024.1,8.08306,1.55141
1789866894.333,292,5.18805,0.68814,3.57010,1.551,1.548,1024.1,8.11893,1.55832
1789866894.343,293,5.18555,0.67369,3.49345,1.552,1.548,1024.1,8.15404,1.56509
1789866894.353,294,5.14307,0.81920,4.21320,1.551,1.548,1024.1,8.19638,1.57333
1789866894.363,295,5.18555,0.66971,3.47281,1.551,1.548,1024.1,8.23128,1.58006
1789866894.373,296,5.18680,0.67369,3.49430,1.551,1.548,1024.1,8.26616,1.58678
1789866894.383,297,5.19972,0.66647,3.46546,1.550,1.547,1024.1,8.30076,1.59344
1789866894.393,298,5.19468,0.68316,3.54880,1.550,1.547,1024.1,8.33619,1.60026
1789866894.403,299,5.19468,0.68067,3.53586,1.550,1.548,1024.1,8.37149,1.60705
1789866894.413,300,5.13557,0.87202,4.47832,1.550,1.548,1024.1,8.41625,1.61577
1789866894.423,301,5.14931,0.83838,4.31708,1.551,1.548,1024.1,8.45940,1.62415
1789866894.433,302,5.11933,0.79802,4.08533,1.550,1.548,1024.1,8.50024,1.63212
1789866894.443,303,5.19468,0.66771,3.46854,1.551,1.548,1024.1,8.53491,1.63880
1789866894.453,304,5.14182,0.89045,4.57853,1.551,1.548,1024.1,8.58084,1.64773
1789866894.463,305,5.16431,0.78930,4.07619,1.550,1.548,1024.1,8.62174,1.65565
1789866894.473,306,5.19468,0.71256,3.70152,1.551,1.548,1024.1,8.65887,1.66280
1789866894.483,307,5.13932,0.81969,4.21265,1.550,1.548,1024.1,8.70114,1.67102
1789866894.493,308,5.19046,0.70384,3.65325,1.550,1.548,1024.1,8.73761,1.67805
1789866894.503,309,5.14931,0.83190,4.28371,1.550,1.548,1024.1,8.78037,1.68635
1789866894.513,310,5.17805,0.83838,4.34117,1.551,1.548,1024.1,8.82370,1.69472
1789866894.523,311,5.19046,0.69711,3.61832,1.551,1.548,1024.1,8.85982,1.70168
1789866894.533,312,5.19046,0.66746,3.46442,1.551,1.548,1024.1,8.89450,1.70836
1789866894.543,313,5.19046,0.69587,3.61189,1.551,1.548,1024.1,8.93065,1.71533
1789866894.553,314,5.14432,0.70409,3.62206,1.551,1.548,1024.1,8.96691,1.72237
1789866894.563,315,5.19046,0.67120,3.48384,1.552,1.548,1024.1,9.00178,1.72909
1789866894.573,316,5.22054,0.54962,2.86931,1.551,1.548,1024.1,9.03036,1.73457
1789866894.583,317,5.19046,0.67245,3.49032,1.551,1.548,1024.1,9.06513,1.74127
1789866894.593,318,5.18738,0.67070,3.47918,1.550,1.548,1024.1,9.09979,1.74795
1789866894.603,319,5.18738,0.65825,3.41459,1.552,1.548,1024.1,9.13380,1.75451
1789866894.613,320,5.18738,0.67070,3.47918,1.551,1.548,1024.1,9.16871,1.76124
1789866894.623,321,5.18738,0.68839,3.57094,1.551,1.548,1024.1,9.20454,1.76814
1789866894.633,322,5.18738,0.67070,3.47918,1.551,1.548,1024.1,9.23945,1.77487
1789866894.643,323,5.18738,0.67070,3.47918,1.550,1.548,1024.1,9.27436,1.78160
1789866894.653,324,5.18738,0.68142,3.53478,1.551,1.548,1024.1,9.30967,1.78841
1789866894.663,325,5.15056,0.71954,3.70603,1.550,1.548,1024.1,9.34669,1.79560
1789866894.673,326,5.18738,0.67070,3.47918,1.550,1.548,1024.1,9.38144,1.80230
1789866894.683,327,5.18738,0.68192,3.53738,1.551,1.548,1024.1,9.41678,1.80911
1789866894.693,328,5.18605,0.68615,3.55841,1.551,1.548,1024.1,9.45239,1.81597
1789866894.703,329,5.18605,0.67600,3.50577,1.551,1.548,1024.1,9.48747,1.82274
1789866894.713,330,5.18605,0.67600,3.50577,1.551,1.548,1024.1,9.52255,1.82950
1789866894.723,331,5.18605,0.67600,3.50577,1.551,1.548,1024.1,9.55763,1.83627
1789866894.733,332,5.18605,0.67600,3.50577,1.550,1.548,1024.1,9.59267,1.84302
1789866894.743,333,5.18605,0.67600,3.50577,1.550,1.548,1024.1,9.62771,1.84978
1789866894.753,334,5.18605,0.65949,3.42015,1.550,1.548,1024.1,9.66189,1.85637
1789866894.763,335,5.18605,0.67600,3.50577,1.550,1.548,1024.1,9.69693,1.86313
1789866894.773,336,5.18605,0.70509,3.65663,1.550,1.548,1024.1,9.73347,1.87017
1789866894.783,337,5.18605,0.67600,3.50577,1.550,1.548,1024.1,9.76851,1.87693
1789866894.793,338,5.18617,0.68889,3.57270,1.550,1.548,1024.1,9.80421,1.88381
1789866894.803,339,5.18617,0.65700,3.40731,1.550,1.548,1024.1,9.83826,1.89038
1789866894.813,340,5.18617,0.71206,3.69286,1.550,1.548,1024.1,9.87527,1.89752
1789866894.823,341,5.22054,0.55311,2.88753,1.550,1.548,1024.1,9.90421,1.90306
1789866894.833,342,5.20929,0.54588,2.84365,1.550,1.548,1024.1,9.93271,1.90853
1789866894.843,343,5.21554,0.54737,2.85483,1.551,1.548,1024.1,9.96132,1.91402
1789866894.853,344,5.21179,0.55136,2.87357,1.551,1.548,1024.1,9.98999,1.91952
1789866894.863,345,5.17306,0.69562,3.59848,1.551,1.548,1024.1,10.02590,1.92646
1789866894.873,346,5.21554,0.54737,2.85483,1.551,1.548,1024.1,10.05438,1.93192
1789866894.883,347,5.21679,0.55186,2.87894,1.550,1.548,1024.1,10.08311,1.93743
1789866894.893,348,5.21429,0.55435,2.89054,1.550,1.548,1024.1,10.11199,1.94297
1789866894.903,349,5.21679,0.55012,2.86986,1.550,1.548,1024.1,10.14067,1.94846
1789866894.913,350,5.22054,0.54937,2.86801,1.550,1.548,1024.1,10.16934,1.95395
1789866894.923,351,5.21554,0.54314,2.83277,1.551,1.548,1024.1,10.19765,1.95938
1789866894.933,352,5.21554,0.54140,2.82369,1.551,1.548,1024.1,10.22599,1.96482
1789866894.943,353,5.21429,0.54613,2.84768,1.551,1.548,1024.1,10.25457,1.97030
1789866894.953,354,5.21179,0.54439,2.83725,1.551,1.548,1024.1,10.28304,1.97576
1789866894.963,355,5.21679,0.54563,2.84644,1.551,1.548,1024.1,10.31161,1.98124
1789866894.973,356,5.18589,0.67812,3.51666,1.550,1.548,1024.1,10.34660,1.98798
1789866894.983,357,5.22179,0.55186,2.88170,1.551,1.548,1024.1,10.37526,1.99347
1789866894.993,358,5.21554,0.54812,2.85874,1.551,1.548,1024.1,10.40370,1.99893
1789866895.003,359,5.21679,0.54812,2.85943,1.551,1.548,1024.1,10.43215,2.00438
1789866895.013,360,5.21429,0.54239,2.82818,1.551,1.548,1024.1,10.46047,2.00981
1789866895.023,361,5.21554,0.54090,2.82109,1.550,1.548,1024.1,10.48873,2.01523
1789866895.033,362,5.21679,0.54962,2.86725,1.551,1.548,1024.1,10.51745,2.02073
1789866895.043,363,5.21429,0.55510,2.89445,1.550,1.548,1024.1,10.54644,2.02629
1789866895.053,364,5.21179,0.55410,2.88785,1.550,1.548,1024.1,10.57540,2.03185
1789866895.063,365,5.21679,0.55659,2.90361,1.549,1.548,1024.1,10.60452,2.03743
1789866895.073,366,5.21554,0.55659,2.90292,1.549,1.547,1024.1,10.63364,2.04301
1789866895.083,367,5.21304,0.55086,2.87166,1.549,1.547,1024.1,10.66244,2.04854
1789866895.093,368,5.21429,0.55510,2.89445,1.549,1.547,1024.1,10.69136,2.05409
1789866895.103,369,5.21679,0.55186,2.87894,1.549,1.547,1024.1,10.72013,2.05960
1789866895.113,370,5.21429,0.55410,2.88924,1.550,1.547,1024.1,10.74901,2.06514
1789866895.123,371,5.21804,0.55809,2.91214,1.550,1.547,1024.1,10.77811,2.07072
1789866895.133,372,5.21804,0.55709,2.90692,1.550,1.547,1024.1,10.80716,2.07628
1789866895.143,373,5.21304,0.55061,2.87035,1.550,1.548,1024.1,10.83585,2.08179
1789866895.153,374,5.20429,0.59496,3.09634,1.550,1.548,1024.1,10.86679,2.08773
1789866895.163,375,5.20679,0.58450,3.04337,1.551,1.548,1024.1,10.89721,2.09357
1789866895.173,376,5.20554,0.58624,3.05170,1.551,1.548,1024.1,10.92766,2.09942
1789866895.183,377,5.20679,0.59172,3.08096,1.551,1.548,1024.1,10.95839,2.10533
1789866895.193,378,5.20804,0.59247,3.08561,1.551,1.548,1024.1,10.98918,2.11124
1789866895.203,379,5.20929,0.59048,3.07598,1.551,1.548,1024.1,11.01987,2.11713
1789866895.213,380,5.19117,0.62760,3.25798,1.551,1.548,1024.1,11.05251,2.12342
1789866895.223,381,5.19117,0.62212,3.22953,1.551,1.548,1024.1,11.08487,2.12965
1789866895.233,382,5.19117,0.62087,3.22304,1.551,1.548,1024.1,11.11717,2.13587
1789866895.243,383,5.19117,0.61988,3.21790,1.551,1.548,1024.1,11.14941,2.14208
1789866895.253,384,5.19117,0.62660,3.25279,1.551,1.548,1024.1,11.18197,2.14836
1789866895.263,385,5.19117,0.63856,3.31487,1.551,1.548,1024.1,11.21515,2.15475
1789866895.273,386,5.19117,0.63483,3.29551,1.550,1.548,1024.1,11.24813,2.16110
1789866895.283,387,5.19117,0.63557,3.29935,1.550,1.548,1024.1,11.28115,2.16746
1789866895.293,388,5.20804,0.59621,3.10509,1.550,1.548,1024.1,11.31212,2.17341
1789866895.303,389,5.20804,0.58126,3.02723,1.550,1.548,1024.1,11.34231,2.17920
1789866895.313,390,5.20429,0.58848,3.06262,1.550,1.548,1024.1,11.37285,2.18507
1789866895.323,391,5.20804,0.59073,3.07655,1.550,1.548,1024.1,11.40353,2.19096
1789866895.333,392,5.21179,0.56681,2.95409,1.550,1.548,1024.1,11.43303,2.19662
1789866895.343,393,5.19378,0.62860,3.26481,1.551,1.548,1024.1,11.46563,2.20290
1789866895.353,394,5.19378,0.68067,3.53525,1.551,1.548,1024.1,11.50093,2.20970
1789866895.363,395,5.19378,0.68665,3.56631,1.550,1.548,1024.1,11.53653,2.21655
1789866895.373,396,5.19378,0.64393,3.34443,1.550,1.548,1024.1,11.57002,2.22300
1789866895.383,397,5.17930,0.67942,3.51892,1.551,1.548,1024.1,11.60526,2.22980
1789866895.393,398,5.19523,0.63768,3.31289,1.550,1.548,1024.1,11.63844,2.23619
1789866895.403,399,5.19523,0.67868,3.52590,1.551,1.548,1024.1,11.67375,2.24299
1789866895.413,400,5.19523,0.63768,3.31289,1.551,1.548,1024.1,11.70678,2.24934
1789866895.423,401,5.16431,0.66846,3.45213,1.551,1.548,1024.1,11.74121,2.25601
1789866895.433,402,5.19523,0.63768,3.31289,1.551,1.548,1024.1,11.77424,2.26237
1789866895.443,403,5.19523,0.67544,3.50907,1.551,1.548,1024.1,11.80923,2.26910
1789866895.453,404,5.19523,0.63768,3.31289,1.551,1.548,1024.1,11.84255,2.27552
1789866895.463,405,5.17805,0.70534,3.65229,1.550,1.548,1024.1,11.87927,2.28261
1789866895.473,406,5.19523,0.63768,3.31289,1.550,1.547,1024.1,11.91258,2.28902
1789866895.483,407,5.17430,0.68590,3.54905,1.550,1.548,1024.1,11.94827,2.29592
1789866895.493,408,5.19726,0.62989,3.27370,1.550,1.547,1024.1,11.98089,2.30219
1789866895.503,409,5.19726,0.76114,3.95584,1.550,1.547,1024.1,12.02030,2.30978
1789866895.513,410,5.19726,0.62989,3.27370,1.550,1.547,1024.1,12.05291,2.31605
1789866895.523,411,5.11683,0.84461,4.32173,1.550,1.547,1024.1,12.09597,2.32447
1789866895.533,412,5.06809,1.23129,6.24029,1.549,1.546,1024.1,12.15857,2.33682
1789866895.543,413,5.06934,1.18395,6.00185,1.549,1.546,1024.1,12.21878,2.34870
1789866895.553,414,5.04310,1.28735,6.49223,1.550,1.547,1024.1,12.28392,2.36161
1789866895.563,415,5.04560,1.29183,6.51806,1.550,1.547,1024.1,12.34931,2.37457
1789866895.573,416,5.04685,1.29083,6.51463,1.550,1.547,1024.1,12.41415,2.38742
1789866895.583,417,5.04935,1.24250,6.27382,1.550,1.548,1024.1,12.47660,2.39979
1789866895.593,418,5.03436,1.32945,6.69293,1.551,1.548,1024.1,12.54323,2.41302
1789866895.603,419,5.04185,1.27613,6.43406,1.551,1.548,1024.1,12.60727,2.42573
1789866895.613,420,5.04185,1.28261,6.46673,1.550,1.548,1024.1,12.67257,2.43868
1789866895.623,421,5.04435,1.28286,6.47119,1.550,1.548,1024.1,12.73792,2.45163
1789866895.633,422,5.04435,1.27813,6.44734,1.550,1.548,1024.1,12.80302,2.46454
1789866895.643,423,5.04060,1.26492,6.37596,1.550,1.548,1024.1,12.86741,2.47731
1789866895.653,424,5.04435,1.29856,6.55039,1.550,1.548,1024.1,12.93243,2.49020
1789866895.663,425,5.04310,1.29881,6.55003,1.550,1.548,1024.1,12.99745,2.50309
1789866895.673,426,5.04310,1.29308,6.52113,1.550,1.548,1024.1,13.06218,2.51593
1789866895.683,427,5.04435,1.30603,6.58807,1.550,1.548,1024.1,13.12758,2.52890
1789866895.693,428,5.04310,1.28311,6.47085,1.550,1.548,1024.1,13.19228,2.54172
1789866895.703,429,5.05185,1.29831,6.55887,1.550,1.548,1024.1,13.25786,2.55470
1789866895.713,430,5.04435,1.27364,6.42469,1.550,1.548,1024.1,13.32209,2.56744
1789866895.723,431,5.05935,1.25670,6.35809,1.550,1.548,1024.1,13.38566,2.58000
1789866895.733,432,5.05060,1.27290,6.42891,1.550,1.548,1024.1,13.44991,2.59273
1789866895.743,433,5.04810,1.25620,6.34142,1.550,1.548,1024.1,13.51329,2.60528
1789866895.753,434,5.07684,1.28934,6.54577,1.550,1.548,1024.1,13.57871,2.61817
1789866895.763,435,5.04060,1.27613,6.43246,1.550,1.548,1024.1,13.64299,2.63092
1789866895.773,436,5.05060,1.31102,6.62144,1.550,1.548,1024.1,13.70923,2.64403
1789866895.783,437,5.05560,1.21136,6.12415,1.550,1.548,1024.1,13.77048,2.65615
1789866895.793,438,5.05810,1.24599,6.30234,1.550,1.548,1024.1,13.83352,2.66861
1789866895.803,439,5.04310,1.26667,6.38794,1.550,1.548,1024.1,13.89742,2.68128
1789866895.813,440,5.07684,1.25869,6.39017,1.550,1.548,1024.1,13.96132,2.69387
1789866895.823,441,5.04685,1.24773,6.29711,1.551,1.548,1024.1,14.02429,2.70635
1789866895.833,442,5.04435,1.22730,6.19093,1.551,1.548,1024.1,14.08620,2.71862
1789866895.843,443,5.03311,1.27016,6.39285,1.551,1.548,1024.1,14.15013,2.73132
1789866895.853,444,5.04560,1.24923,6.30311,1.551,1.548,1024.1,14.21315,2.74381
1789866895.863,445,5.05060,1.25546,6.34083,1.551,1.548,1024.1,14.27654,2.75636
1789866895.873,446,5.03936,1.33244,6.71464,1.551,1.547,1024.1,14.34368,2.76969
1789866895.883,447,5.06060,1.24175,6.28400,1.550,1.548,1024.1,14.40651,2.78210
1789866895.893,448,5.04310,1.24474,6.27735,1.550,1.548,1024.1,14.46912,2.79452
1789866895.903,449,5.04185,1.30454,6.57729,1.550,1.548,1024.1,14.53472,2.80753
1789866895.913,450,5.04310,1.29457,6.52865,1.550,1.548,1024.1,14.59983,2.82044
1789866895.923,451,5.03061,1.35487,6.81582,1.550,1.548,1024.1,14.66781,2.83395
1789866895.933,452,5.04560,1.28660,6.49167,1.549,1.548,1024.1,14.73319,2.84691
1789866895.943,453,5.04560,1.29955,6.55701,1.550,1.548,1024.1,14.79922,2.86000
1789866895.953,454,5.04560,1.28934,6.50549,1.550,1.548,1024.1,14.86474,2.87298
1789866895.963,455,5.02936,1.35910,6.83540,1.550,1.548,1024.1,14.93357,2.88667
1789866895.973,456,5.04560,1.28486,6.48289,1.551,1.548,1024.1,14.99826,2.89949
1789866895.983,457,5.05060,1.27339,6.43138,1.551,1.548,1024.1,15.06244,2.91220
1789866895.993,458,5.04185,1.29557,6.53207,1.551,1.548,1024.1,15.12762,2.92512
1789866896.003,459,5.03186,1.29632,6.52290,1.551,1.548,1024.1,15.19271,2.93806
1789866896.013,460,5.04560,1.24225,6.26790,1.550,1.548,1024.1,15.25549,2.95050
1789866896.023,461,5.04435,1.28859,6.50010,1.550,1.548,1024.1,15.32059,2.96341
1789866896.033,462,5.03186,1.28286,6.45517,1.549,1.547,1024.1,15.38525,2.97626
1789866896.043,463,5.04435,1.28610,6.48754,1.549,1.548,1024.1,15.45023,2.98914
1789866896.053,464,5.04685,1.29009,6.51089,1.549,1.548,1024.1,15.51526,3.00202
1789866896.063,465,5.04435,1.28411,6.47750,1.550,1.548,1024.1,15.57996,3.01485
1789866896.073,466,5.04560,1.26318,6.37350,1.550,1.548,1024.1,15.64362,3.02747
1789866896.083,467,5.04185,1.29108,6.50943,1.550,1.548,1024.1,15.70864,3.04036
1789866896.093,468,5.02936,1.35512,6.81539,1.550,1.548,1024.1,15.77683,3.05392
1789866896.103,469,5.04185,1.29009,6.50444,1.550,1.548,1024.1,15.84191,3.06683
1789866896.113,470,5.04060,1.29358,6.52042,1.550,1.548,1024.1,15.90715,3.07977
1789866896.123,471,5.04310,1.27987,6.45451,1.550,1.548,1024.1,15.97174,3.09258
1789866896.133,472,5.04310,1.27962,6.45325,1.550,1.548,1024.1,16.03603,3.10533
1789866896.143,473,5.04435,1.28760,6.49511,1.551,1.548,1024.1,16.10075,3.11816
1789866896.153,474,5.03936,1.27190,6.40956,1.551,1.548,1024.1,16.16461,3.13083
1789866896.163,475,5.04435,1.27937,6.45359,1.550,1.548,1024.1,16.22891,3.14358
1789866896.173,476,5.04560,1.28286,6.47280,1.551,1.548,1024.1,16.29352,3.15638
1789866896.183,477,5.04560,1.28635,6.49041,1.551,1.548,1024.1,16.35830,3.16922
1789866896.193,478,5.05435,1.24973,6.31657,1.552,1.548,1024.1,16.42135,3.18170
1789866896.203,479,5.04560,1.29856,6.55201,1.552,1.548,1024.1,16.48675,3.19466
1789866896.213,480,5.04685,1.28934,6.50711,1.552,1.548,1024.1,16.55211,3.20761
1789866896.223,481,5.04435,1.29407,6.52774,1.551,1.548,1024.1,16.61769,3.22061
1789866896.233,482,5.04560,1.27464,6.43132,1.551,1.548,1024.1,16.68229,3.23341
1789866896.243,483,5.04560,1.27414,6.42880,1.551,1.548,1024.1,16.74687,3.24621
1789866896.253,484,5.04935,1.28784,6.50275,1.550,1.548,1024.1,16.81187,3.25908
1789866896.263,485,5.04685,1.27190,6.41909,1.550,1.548,1024.1,16.87602,3.27180
1789866896.273,486,5.04560,1.28062,6.46150,1.549,1.547,1024.1,16.94060,3.28459
1789866896.283,487,5.04310,1.26193,6.36404,1.550,1.548,1024.1,17.00420,3.29721
1789866896.293,488,5.04685,1.29133,6.51715,1.549,1.547,1024.1,17.06950,3.31015
1789866896.303,489,5.04560,1.28087,6.46276,1.550,1.548,1024.1,17.13426,3.32298
1789866896.313,490,5.04935,1.24923,6.30780,1.550,1.548,1024.1,17.19746,3.33550
1789866896.323,491,5.04685,1.29183,6.51967,1.550,1.548,1024.1,17.26279,3.34844
1789866896.333,492,5.04185,1.24923,6.29843,1.551,1.548,1024.1,17.32567,3.36091
1789866896.343,493,5.04685,1.28760,6.49832,1.550,1.548,1024.1,17.39054,3.37377
1789866896.353,494,5.04310,1.26891,6.39924,1.551,1.548,1024.1,17.45443,3.38643
1789866896.363,495,5.03936,1.35437,6.82516,1.551,1.548,1024.1,17.52257,3.39996
1789866896.373,496,5.04560,1.27090,6.41245,1.551,1.548,1024.1,17.58667,3.41266
1789866896.383,497,5.04560,1.28909,6.50423,1.551,1.548,1024.1,17.65169,3.42555
1789866896.393,498,5.04185,1.28311,6.46925,1.551,1.548,1024.1,17.71636,3.43837
1789866896.403,499,5.04185,1.30329,6.57099,1.551,1.548,1024.1,17.78204,3.45140
1789866896.413,500,5.04310,1.30205,6.56637,1.550,1.548,1024.1,17.84753,3.46439
1789866896.423,501,5.03936,1.35985,6.85277,1.550,1.548,1024.1,17.91588,3.47795
1789866896.433,502,5.05060,1.29283,6.52957,1.550,1.548,1024.1,17.98100,3.49084
1789866896.443,503,5.04060,1.29756,6.54048,1.549,1.547,1024.1,18.04623,3.50378
1789866896.453,504,5.04435,1.29881,6.55165,1.550,1.547,1024.1,18.11204,3.51683
1789866896.463,505,5.04435,1.28510,6.48249,1.549,1.547,1024.1,18.17717,3.52974
1789866896.473,506,5.04810,1.28336,6.47853,1.550,1.548,1024.1,18.24225,3.54263
1789866896.483,507,5.04060,1.29333,6.51916,1.551,1.548,1024.1,18.30774,3.55563
1789866896.493,508,5.02936,1.35337,6.80658,1.550,1.548,1024.1,18.37567,3.56913
1789866896.503,509,5.03936,1.23702,6.23379,1.551,1.548,1024.1,18.43789,3.58148
1789866896.513,510,5.04060,1.29308,6.51790,1.551,1.548,1024.1,18.50295,3.59439
1789866896.523,511,5.04060,1.29632,6.53423,1.551,1.548,1024.1,18.56817,3.60733
1789866896.533,512,5.04185,1.29657,6.53711,1.551,1.548,1024.1,18.63358,3.62030
1789866896.543,513,5.02811,1.35810,6.82868,1.551,1.548,1024.1,18.70191,3.63389
1789866896.553,514,5.05411,1.29208,6.53031,1.551,1.548,1024.1,18.76725,3.64682
1789866896.563,515,5.04310,1.29208,6.51609,1.551,1.548,1024.1,18.83245,3.65975
1789866896.573,516,5.03436,1.29731,6.53113,1.550,1.548,1024.1,18.89814,3.67279
1789866896.583,517,5.05411,1.29407,6.54037,1.550,1.548,1024.1,18.96392,3.68581
1789866896.593,518,5.04513,1.30379,6.57779,1.551,1.548,1024.1,19.03007,3.69892
1789866896.603,519,5.02436,1.35462,6.80610,1.551,1.548,1024.1,19.09852,3.71255
1789866896.613,520,5.04513,1.26592,6.38673,1.552,1.548,1024.1,19.16214,3.72515
1789866896.623,521,5.04513,1.28649,6.49051,1.551,1.548,1024.1,19.22679,3.73797
1789866896.633,522,5.04513,1.31251,6.62178,1.551,1.548,1024.1,19.29274,3.75104
1789866896.643,523,5.04513,1.28649,6.49051,1.551,1.548,1024.1,19.35739,3.76386
1789866896.653,524,5.04513,1.28649,6.49051,1.551,1.548,1024.1,19.42224,3.77671
1789866896.663,525,5.02436,1.28649,6.46379,1.550,1.548,1024.1,19.48682,3.78956
1789866896.673,526,5.04513,1.29731,6.54510,1.549,1.548,1024.1,19.55222,3.80252
1789866896.683,527,5.04513,1.28649,6.49051,1.550,1.548,1024.1,19.61706,3.81538
1789866896.693,528,5.04474,1.28788,6.49702,1.550,1.548,1024.1,19.68168,3.82819
1789866896.703,529,5.04474,1.25745,6.34351,1.550,1.548,1024.1,19.74478,3.84070
1789866896.713,530,5.04474,1.30553,6.58606,1.550,1.548,1024.1,19.81029,3.85368
1789866896.723,531,5.04474,1.29881,6.55216,1.550,1.548,1024.1,19.87545,3.86660
1789866896.733,532,5.04474,1.30603,6.58858,1.550,1.548,1024.1,19.94172,3.87973
1789866896.743,533,5.04474,1.28788,6.49702,1.550,1.548,1024.1,20.00706,3.89269
1789866896.753,534,5.04474,1.28788,6.49702,1.550,1.548,1024.1,20.07240,3.90564
1789866896.763,535,5.04474,1.28788,6.49702,1.550,1.548,1024.1,20.13774,3.91859
1789866896.773,536,5.04474,1.28788,6.49702,1.550,1.548,1024.1,20.20262,3.93145
1789866896.783,537,5.04474,1.28788,6.49702,1.550,1.548,1024.1,20.26749,3.94431
1789866896.793,538,5.04412,1.28936,6.50369,1.551,1.548,1024.1,20.33243,3.95718
1789866896.803,539,5.04412,1.30429,6.57900,1.551,1.548,1024.1,20.39812,3.97021
1789866896.813,540,5.04412,1.30279,6.57143,1.551,1.548,1024.1,20.46387,3.98324
1789866896.823,541,5.04412,1.29980,6.55635,1.551,1.548,1024.1,20.52947,3.99625
1789866896.833,542,5.04412,1.30429,6.57900,1.551,1.548,1024.1,20.59530,4.00930
1789866896.843,543,5.04412,1.28936,6.50369,1.552,1.548,1024.1,20.66037,4.02220
1789866896.853,544,5.04412,1.30055,6.56013,1.551,1.548,1024.1,20.72578,4.03517
1789866896.863,545,5.04412,1.28936,6.50369,1.551,1.548,1024.1,20.79063,4.04802
1789866896.873,546,5.04412,1.28936,6.50369,1.552,1.548,1024.1,20.85547,4.06088
1789866896.883,547,5.04412,1.27564,6.43448,1.552,1.548,1024.1,20.91963,4.07360
1789866896.893,548,5.04314,1.29236,6.51755,1.552,1.548,1024.1,20.98493,4.08654
1789866896.903,549,5.04314,1.29236,6.51755,1.552,1.548,1024.1,21.05022,4.09949
1789866896.913,550,5.05560,1.29236,6.53366,1.552,1.548,1024.1,21.11568,4.11244
1789866896.923,551,5.05685,1.22481,6.19368,1.552,1.548,1024.1,21.17774,4.12471
1789866896.933,552,5.04314,1.24275,6.26736,1.551,1.548,1024.1,21.24055,4.13717
1789866896.943,553,5.04314,1.29236,6.51755,1.551,1.548,1024.1,21.30588,4.15012
1789866896.953,554,5.04314,1.27738,6.44201,1.551,1.548,1024.1,21.37044,4.16292
1789866896.963,555,5.06560,1.25546,6.35966,1.551,1.548,1024.1,21.43418,4.17551
1789866896.973,556,5.04314,1.21509,6.12787,1.551,1.548,1024.1,21.49523,4.18761
1789866896.983,557,5.04314,1.29236,6.51755,1.551,1.548,1024.1,21.56017,4.20049
1789866896.993,558,5.04287,1.29250,6.51791,1.550,1.548,1024.1,21.62510,4.21336
1789866897.003,559,5.04287,1.35237,6.81983,1.550,1.548,1024.1,21.69305,4.22684
1789866897.013,560,5.04287,1.29250,6.51791,1.551,1.548,1024.1,21.75846,4.23981
1789866897.023,561,5.04287,1.29250,6.51791,1.550,1.548,1024.1,21.82387,4.25278
1789866897.033,562,5.02686,1.31999,6.63540,1.550,1.548,1024.1,21.89046,4.26603
1789866897.043,563,5.04287,1.24275,6.26703,1.550,1.548,1024.1,21.95336,4.27850
1789866897.053,564,5.04287,1.29250,6.51791,1.551,1.548,1024.1,22.01846,4.29141
1789866897.063,565,5.00937,1.35736,6.79952,1.551,1.548,1024.1,22.08637,4.30497
1789866897.073,566,5.04287,1.29250,6.51791,1.550,1.548,1024.1,22.15147,4.31787
1789866897.083,567,5.04287,1.29250,6.51791,1.550,1.548,1024.1,22.21657,4.33078
1789866897.093,568,5.02936,1.34988,6.78903,1.550,1.548,1024.1,22.28441,4.34427
1789866897.103,569,5.05310,1.29309,6.53411,1.550,1.548,1024.1,22.34970,4.35719
1789866897.113,570,5.04252,1.29309,6.52043,1.550,1.548,1024.1,22.41485,4.37011
1789866897.123,571,5.02936,1.36010,6.84043,1.550,1.548,1024.1,22.48321,4.38371
1789866897.133,572,5.04252,1.26791,6.39346,1.549,1.547,1024.1,22.54723,4.39640
1789866897.143,573,5.04252,1.29309,6.52043,1.549,1.547,1024.1,22.61253,4.40935
1789866897.153,574,5.02561,1.35960,6.83282,1.550,1.548,1024.1,22.68096,4.42297
1789866897.163,575,5.04252,1.29309,6.52043,1.550,1.548,1024.1,22.74626,4.43592
1789866897.173,576,5.04252,1.23677,6.23644,1.550,1.548,1024.1,22.80847,4.44826
1789866897.183,577,5.04252,1.33767,6.74523,1.550,1.548,1024.1,22.87576,4.46160
1789866897.193,578,5.04240,1.29284,6.51902,1.551,1.548,1024.1,22.94080,4.47450
1789866897.203,579,5.04240,1.29284,6.51902,1.551,1.548,1024.1,23.00583,4.48740
1789866897.213,580,5.03186,1.33219,6.70339,1.551,1.548,1024.1,23.07286,4.50072
1789866897.223,581,5.06310,1.29284,6.54578,1.551,1.548,1024.1,23.13831,4.51364
1789866897.233,582,5.04240,1.31027,6.60691,1.551,1.548,1024.1,23.20438,4.52675
1789866897.243,583,5.02936,1.18345,5.95200,1.551,1.548,1024.1,23.26389,4.53858
1789866897.253,584,5.04240,1.29284,6.51902,1.552,1.548,1024.1,23.32920,4.55153
1789866897.263,585,5.04240,1.29284,6.51902,1.552,1.548,1024.1,23.39451,4.56448
1789866897.273,586,5.02936,1.35761,6.82791,1.552,1.548,1024.1,23.46292,4.57808
1789866897.283,587,5.06310,1.24873,6.32244,1.552,1.548,1024.1,23.52626,4.59059
1789866897.293,588,5.04259,1.26866,6.39733,1.551,1.548,1024.1,23.59016,4.60327
1789866897.303,589,5.04259,1.29137,6.51185,1.551,1.548,1024.1,23.65520,4.61617
1789866897.313,590,5.04259,1.31176,6.61467,1.551,1.548,1024.1,23.72127,4.62927
1789866897.323,591,5.04259,1.29137,6.51185,1.551,1.548,1024.1,23.78631,4.64217
1789866897.333,592,5.04259,1.30429,6.57700,1.550,1.548,1024.1,23.85213,4.65522
1789866897.343,593,5.04259,1.30205,6.56570,1.550,1.548,1024.1,23.91784,4.66825
1789866897.353,594,5.07809,1.29137,6.55769,1.551,1.548,1024.1,23.98347,4.68117
1789866897.363,595,5.04259,1.29137,6.51185,1.550,1.548,1024.1,24.04864,4.69410
1789866897.373,596,5.04259,1.29137,6.51185,1.550,1.548,1024.1,24.11365,4.70699
1789866897.383,597,5.04259,1.29137,6.51185,1.550,1.548,1024.1,24.17865,4.71988
1789866897.393,598,5.04267,1.29091,6.50963,1.550,1.548,1024.1,24.24363,4.73276
1789866897.403,599,5.04267,1.29091,6.50963,1.551,1.548,1024.1,24.30860,4.74565
1789866897.413,600,5.04267,1.29091,6.50963,1.551,1.548,1024.1,24.37386,4.75859
1789866897.423,601,5.04267,1.29091,6.50963,1.551,1.548,1024.1,24.43911,4.77153
1789866897.433,602,5.04267,1.29091,6.50963,1.551,1.548,1024.1,24.50436,4.78447
1789866897.443,603,5.04267,1.29091,6.50963,1.551,1.548,1024.1,24.56961,4.79741
1789866897.453,604,5.04267,1.29091,6.50963,1.551,1.548,1024.1,24.63475,4.81033
1789866897.463,605,5.04267,1.29091,6.50963,1.551,1.548,1024.1,24.69990,4.82325
1789866897.473,606,5.05685,1.27738,6.45952,1.550,1.547,1024.1,24.76454,4.83603
1789866897.483,607,5.04267,1.29091,6.50963,1.550,1.548,1024.1,24.82969,4.84895
1789866897.493,608,5.04256,1.29163,6.51312,1.551,1.548,1024.1,24.89471,4.86184
1789866897.503,609,5.04256,1.27663,6.43748,1.551,1.548,1024.1,24.95898,4.87459
1789866897.513,610,5.04256,1.29163,6.51312,1.551,1.548,1024.1,25.02400,4.88748
1789866897.523,611,5.14681,0.87750,4.51633,1.552,1.549,1024.1,25.06909,4.89624
1789866897.533,612,5.19430,0.63931,3.32077,1.552,1.549,1024.1,25.10237,4.90265
1789866897.543,613,5.18305,0.68814,3.56666,1.551,1.549,1024.1,25.13813,4.90955
1789866897.553,614,5.19555,0.63906,3.32027,1.552,1.549,1024.1,25.17141,4.91596
1789866897.563,615,5.18305,0.67394,3.49306,1.552,1.549,1024.1,25.20643,4.92271
1789866897.573,616,5.19805,0.63483,3.29988,1.552,1.549,1024.1,25.23936,4.92905
1789866897.583,617,5.18180,0.64429,3.33858,1.551,1.548,1024.1,25.27267,4.93548
1789866897.593,618,5.19805,0.64230,3.33871,1.550,1.548,1024.1,25.30599,4.94189
1789866897.603,619,5.18430,0.68092,3.53009,1.551,1.548,1024.1,25.34122,4.94868
1789866897.613,620,5.19555,0.64180,3.33450,1.550,1.548,1024.1,25.37461,4.95511
1789866897.623,621,5.17430,0.67643,3.50005,1.550,1.548,1024.1,25.40967,4.96188
1789866897.633,622,5.19680,0.65276,3.39226,1.550,1.548,1024.1,25.44364,4.96842
1789866897.643,623,5.18180,0.68690,3.55938,1.550,1.548,1024.1,25.47929,4.97530
1789866897.653,624,5.19555,0.64778,3.36557,1.551,1.548,1024.1,25.51292,4.98177
1789866897.663,625,5.18555,0.68715,3.56325,1.551,1.548,1024.1,25.54853,4.98864
1789866897.673,626,5.19680,0.63433,3.29649,1.550,1.548,1024.1,25.58147,4.99498
1789866897.683,627,5.18805,0.68490,3.55330,1.551,1.548,1024.1,25.61697,5.00182
1789866897.693,628,5.19680,0.63209,3.28485,1.551,1.548,1024.1,25.64970,5.00812
1789866897.703,629,5.17930,0.68266,3.53570,1.551,1.548,1024.1,25.68493,5.01492
1789866897.713,630,5.19805,0.63607,3.30632,1.550,1.548,1024.1,25.71787,5.02126
1789866897.723,631,5.18305,0.68665,3.55894,1.551,1.548,1024.1,25.75333,5.02810
1789866897.733,632,5.15931,0.79304,4.09154,1.550,1.548,1024.1,25.79441,5.03606
1789866897.743,633,5.18430,0.68490,3.55073,1.551,1.548,1024.1,25.83006,5.04294
1789866897.753,634,5.19805,0.64604,3.35815,1.551,1.548,1024.1,25.86378,5.04943
1789866897.763,635,5.16931,0.67768,3.50314,1.550,1.548,1024.1,25.89895,5.05623
1789866897.773,636,5.19680,0.63806,3.31587,1.551,1.548,1024.1,25.93204,5.06260
1789866897.783,637,5.18680,0.68565,3.55633,1.551,1.548,1024.1,25.96753,5.06944
1789866897.793,638,5.19555,0.63383,3.29310,1.551,1.548,1024.1,26.00039,5.07576
1789866897.803,639,5.17555,0.69861,3.61569,1.551,1.548,1024.1,26.03647,5.08274
1789866897.813,640,5.19805,0.63184,3.28434,1.552,1.548,1024.1,26.06937,5.08907
1789866897.823,641,5.19430,0.68416,3.55373,1.552,1.548,1024.1,26.10498,5.09592
1789866897.833,642,5.19680,0.64130,3.33271,1.552,1.548,1024.1,26.13837,5.10235
1789866897.843,643,5.18805,0.74570,3.86873,1.552,1.548,1024.1,26.17713,5.10982
1789866897.853,644,5.19555,0.64529,3.35264,1.552,1.548,1024.1,26.21061,5.11626
1789866897.863,645,5.16306,0.67394,3.47959,1.552,1.548,1024.1,26.24537,5.12299
1789866897.873,646,5.19805,0.64105,3.33221,1.551,1.548,1024.1,26.27865,5.12940
1789866897.883,647,5.19680,0.71256,3.70303,1.550,1.548,1024.1,26.31564,5.13651
1789866897.893,648,5.19430,0.63134,3.27937,1.550,1.548,1024.1,26.34841,5.14282
1789866897.903,649,5.17680,0.70907,3.67071,1.550,1.548,1024.1,26.38509,5.14991
1789866897.913,650,5.19680,0.62959,3.27185,1.550,1.548,1024.1,26.41779,5.15620
1789866897.923,651,5.19930,0.63034,3.27733,1.550,1.548,1024.1,26.45054,5.16250
1789866897.933,652,5.17306,0.63532,3.28655,1.550,1.548,1024.1,26.48348,5.16887
1789866897.943,653,5.19055,0.76065,3.94819,1.551,1.548,1024.1,26.52305,5.17649
1789866897.953,654,5.19680,0.63532,3.30163,1.551,1.548,1024.1,26.55614,5.18286
1789866897.963,655,5.19680,0.62810,3.26411,1.552,1.548,1024.1,26.58886,5.18915
1789866897.973,656,5.19555,0.65775,3.41737,1.552,1.548,1024.1,26.62296,5.19572
1789866897.983,657,5.18930,0.74719,3.87739,1.551,1.548,1024.1,26.66164,5.20317
1789866897.993,658,5.18555,0.66597,3.45342,1.551,1.548,1024.1,26.69610,5.20982
1789866898.003,659,5.18930,0.67394,3.49728,1.551,1.548,1024.1,26.73099,5.21654
1789866898.013,660,5.18930,0.67394,3.49728,1.550,1.548,1024.1,26.76598,5.22328
1789866898.023,661,5.18805,0.67070,3.47963,1.550,1.548,1024.1,26.80078,5.22999
1789866898.033,662,5.18680,0.69462,3.60286,1.551,1.548,1024.1,26.83682,5.23694
1789866898.043,663,5.18930,0.67917,3.52442,1.552,1.549,1024.1,26.87208,5.24373
1789866898.053,664,5.18555,0.71107,3.68729,1.551,1.548,1024.1,26.90901,5.25085
1789866898.063,665,5.19930,0.63557,3.30452,1.551,1.548,1024.1,26.94210,5.25722
1789866898.073,666,5.19680,0.66348,3.44797,1.551,1.548,1024.1,26.97663,5.26386
1789866898.083,667,5.19680,0.62337,3.23953,1.551,1.548,1024.1,27.00907,5.27011
1789866898.093,668,5.19555,0.68042,3.53516,1.550,1.548,1024.1,27.04436,5.27690
1789866898.103,669,5.19805,0.62611,3.25455,1.550,1.548,1024.1,27.07686,5.28315
1789866898.113,670,5.18930,0.68241,3.54123,1.549,1.548,1024.1,27.11222,5.28997
1789866898.123,671,5.19805,0.63059,3.27784,1.550,1.548,1024.1,27.14495,5.29626
1789866898.133,672,5.18680,0.66248,3.43615,1.551,1.548,1024.1,27.17937,5.30290
1789866898.143,673,5.19680,0.63906,3.32107,1.551,1.548,1024.1,27.21264,5.30930
1789866898.153,674,5.18430,0.68964,3.57530,1.551,1.548,1024.1,27.24846,5.31621
1789866898.163,675,5.19930,0.63582,3.30582,1.551,1.548,1024.1,27.28157,5.32258
1789866898.173,676,5.18555,0.67270,3.48832,1.552,1.548,1024.1,27.31637,5.32929
1789866898.183,677,5.19680,0.62959,3.27185,1.551,1.548,1024.1,27.34901,5.33557
1789866898.193,678,5.18305,0.68391,3.54474,1.550,1.548,1024.1,27.38437,5.34239
1789866898.203,679,5.19805,0.63084,3.27914,1.550,1.548,1024.1,27.41709,5.34869
1789866898.213,680,5.19055,0.67743,3.51623,1.551,1.548,1024.1,27.45232,5.35547
1789866898.223,681,5.19930,0.62660,3.25788,1.551,1.548,1024.1,27.48496,5.36175
1789866898.233,682,5.18430,0.68515,3.55202,1.551,1.548,1024.1,27.52055,5.36862
1789866898.243,683,5.16056,0.75417,3.89194,1.552,1.548,1024.1,27.55954,5.37617
1789866898.253,684,5.18305,0.69736,3.61445,1.552,1.548,1024.1,27.59556,5.38312
1789866898.263,685,5.19680,0.64180,3.33531,1.552,1.548,1024.1,27.62879,5.38952
1789866898.273,686,5.18555,0.68167,3.53483,1.551,1.548,1024.1,27.66401,5.39631
1789866898.283,687,5.19805,0.63333,3.29208,1.551,1.548,1024.1,27.69682,5.40262
1789866898.293,688,5.18305,0.68466,3.54863,1.551,1.548,1024.1,27.73232,5.40947
1789866898.303,689,5.19555,0.66921,3.47691,1.549,1.548,1024.1,27.76710,5.41616
1789866898.313,690,5.15302,0.91587,4.71950,1.549,1.547,1024.1,27.81431,5.42532
1789866898.323,691,5.16306,0.77784,4.01603,1.550,1.547,1024.1,27.85448,5.43311
1789866898.333,692,5.13557,0.81733,4.19746,1.550,1.547,1024.1,27.89658,5.44130
1789866898.343,693,5.17430,0.75317,3.89713,1.550,1.547,1024.1,27.93566,5.44886
1789866898.353,694,5.15302,0.68515,3.53059,1.550,1.548,1024.1,27.97107,5.45573
1789866898.363,695,5.16306,0.76887,3.96972,1.551,1.548,1024.1,28.01088,5.46344
1789866898.373,696,5.18180,0.69113,3.58130,1.552,1.548,1024.1,28.04662,5.47033
1789866898.383,697,5.19555,0.63233,3.28530,1.551,1.548,1024.1,28.07941,5.47664
1789866898.393,698,5.18680,0.75018,3.89103,1.551,1.548,1024.1,28.11824,5.48413
1789866898.403,699,5.19805,0.63682,3.31022,1.551,1.548,1024.1,28.15127,5.49049
1789866898.413,700,5.16508,0.67893,3.50673,1.551,1.548,1024.1,28.18634,5.49728
1789866898.423,701,5.19555,0.63383,3.29310,1.551,1.548,1024.1,28.21928,5.50362
1789866898.433,702,5.19555,0.76457,3.97236,1.550,1.548,1024.1,28.25900,5.51126
1789866898.443,703,5.16508,0.63458,3.27766,1.551,1.548,1024.1,28.29178,5.51761
1789866898.453,704,5.16508,0.76457,3.94907,1.551,1.548,1024.1,28.33137,5.52527
1789866898.463,705,5.19680,0.63009,3.27445,1.550,1.548,1024.1,28.36420,5.53159
1789866898.473,706,5.14806,0.83614,4.30450,1.550,1.548,1024.1,28.40735,5.53997
1789866898.483,707,5.16508,0.81621,4.21579,1.551,1.548,1024.1,28.44962,5.54816
1789866898.493,708,5.11183,0.89643,4.58240,1.551,1.548,1024.1,28.49518,5.55707
1789866898.503,709,5.19680,0.63782,3.31462,1.552,1.548,1024.1,28.52814,5.56341
1789866898.513,710,5.13307,0.64579,3.31489,1.552,1.549,1024.1,28.56110,5.56983
1789866898.523,711,5.16556,0.76189,3.93559,1.552,1.549,1024.1,28.60023,5.57741
1789866898.533,712,5.19430,0.76837,3.99114,1.552,1.549,1024.1,28.64037,5.58513
1789866898.543,713,5.19180,0.80475,4.17810,1.552,1.549,1024.1,28.68239,5.59323
1789866898.553,714,5.17859,0.63258,3.27587,1.552,1.549,1024.1,28.71534,5.59959
1789866898.563,715,5.19555,0.63483,3.29829,1.551,1.548,1024.1,28.74851,5.60598
1789866898.573,716,5.19805,0.65426,3.40088,1.551,1.548,1024.1,28.78234,5.61248
1789866898.583,717,5.19555,0.63034,3.27496,1.550,1.548,1024.1,28.81492,5.61875
1789866898.593,718,5.19555,0.63134,3.28016,1.551,1.548,1024.1,28.84755,5.62504
1789866898.603,719,5.19805,0.67657,3.51684,1.551,1.548,1024.1,28.88254,5.63177
1789866898.613,720,5.15056,0.69412,3.57511,1.552,1.548,1024.1,28.91828,5.63870
1789866898.623,721,5.18507,0.67657,3.50806,1.552,1.548,1024.1,28.95334,5.64547
1789866898.633,722,5.15306,0.78556,4.04804,1.551,1.548,1024.1,28.99380,5.65332
1789866898.643,723,5.18507,0.69462,3.60165,1.551,1.548,1024.1,29.02980,5.66026
1789866898.653,724,5.15806,0.79328,4.09179,1.551,1.548,1024.1,29.07069,5.66819
1789866898.663,725,5.18507,0.67657,3.50806,1.551,1.548,1024.1,29.10574,5.67495
1789866898.673,726,5.18507,0.63084,3.27095,1.550,1.548,1024.1,29.13842,5.68125
1789866898.683,727,5.18507,0.65775,3.41048,1.550,1.548,1024.1,29.17249,5.68782
1789866898.693,728,5.19680,0.63458,3.29779,1.551,1.548,1024.1,29.20544,5.69416
1789866898.703,729,5.18418,0.68120,3.53146,1.550,1.548,1024.1,29.24071,5.70097
1789866898.713,730,5.19680,0.63881,3.31977,1.550,1.548,1024.1,29.27387,5.70735
1789866898.723,731,5.18418,0.66348,3.43960,1.551,1.548,1024.1,29.30823,5.71398
1789866898.733,732,5.19430,0.62162,3.22888,1.550,1.548,1024.1,29.34051,5.72019
1789866898.743,733,5.19555,0.65974,3.42771,1.550,1.548,1024.1,29.37477,5.72678
1789866898.753,734,5.18418,0.76937,3.98855,1.550,1.548,1024.1,29.41463,5.73447
1789866898.763,735,5.18418,0.68120,3.53146,1.551,1.548,1024.1,29.44993,5.74128
1789866898.773,736,5.19555,0.63582,3.30343,1.551,1.548,1024.1,29.48301,5.74765
1789866898.783,737,5.18418,0.68120,3.53146,1.551,1.548,1024.1,29.51838,5.75447
1789866898.793,738,5.19555,0.63159,3.28146,1.551,1.548,1024.1,29.55124,5.76080
1789866898.803,739,5.18425,0.68094,3.53016,1.551,1.548,1024.1,29.58659,5.76761
1789866898.813,740,5.19555,0.63283,3.28790,1.551,1.548,1024.1,29.61947,5.77394
1789866898.823,741,5.18425,0.68094,3.53016,1.551,1.548,1024.1,29.65477,5.78075
1789866898.833,742,5.19555,0.62735,3.25943,1.550,1.548,1024.1,29.68736,5.78703
1789866898.843,743,5.18425,0.68094,3.53016,1.550,1.548,1024.1,29.72266,5.79383
1789866898.853,744,5.18425,0.62760,3.25364,1.550,1.548,1024.1,29.75517,5.80011
1789866898.863,745,5.14557,0.83664,4.30499,1.550,1.548,1024.1,29.79819,5.80846
1789866898.873,746,5.19430,0.63458,3.29620,1.550,1.548,1024.1,29.83112,5.81481
1789866898.883,747,5.18425,0.68094,3.53016,1.551,1.548,1024.1,29.86640,5.82161
1789866898.893,748,5.19805,0.63383,3.29468,1.551,1.548,1024.1,29.89934,5.82795
1789866898.903,749,5.18379,0.68279,3.53944,1.551,1.548,1024.1,29.93473,5.83477
1789866898.913,750,5.19555,0.62984,3.27237,1.551,1.548,1024.1,29.96745,5.84107
1789866898.923,751,5.18379,0.68279,3.53944,1.551,1.548,1024.1,30.00284,5.84790
1789866898.933,752,5.18379,0.62411,3.23526,1.551,1.548,1024.1,30.03518,5.85414
1789866898.943,753,5.18379,0.74819,3.87846,1.551,1.548,1024.1,30.07396,5.86162
1789866898.953,754,5.18379,0.63408,3.28694,1.551,1.548,1024.1,30.10683,5.86796
1789866898.963,755,5.18379,0.68279,3.53944,1.551,1.548,1024.1,30.14221,5.87479
1789866898.973,756,5.19680,0.63607,3.30553,1.551,1.548,1024.1,30.17527,5.88115
1789866898.983,757,5.18379,0.73947,3.83326,1.551,1.548,1024.1,30.21361,5.88854
1789866898.993,758,5.19555,0.63109,3.27886,1.551,1.548,1024.1,30.24641,5.89485
1789866899.003,759,5.18386,0.70808,3.67059,1.551,1.548,1024.1,30.28312,5.90194
1789866899.013,760,5.19930,0.63209,3.28643,1.551,1.548,1024.1,30.31599,5.90826
1789866899.023,761,5.16181,0.63582,3.28198,1.551,1.548,1024.1,30.34881,5.91462
1789866899.033,762,5.19680,0.62536,3.24987,1.551,1.548,1024.1,30.38131,5.92087
1789866899.043,763,5.18386,0.75641,3.92112,1.551,1.548,1024.1,30.42053,5.92844
1789866899.053,764,5.19555,0.62910,3.26852,1.550,1.548,1024.1,30.45318,5.93472
1789866899.063,765,5.15556,0.63782,3.28832,1.550,1.548,1024.1,30.48603,5.94109
1789866899.073,766,5.19555,0.64130,3.33191,1.550,1.548,1024.1,30.51931,5.94750
1789866899.083,767,5.18386,0.73025,3.78551,1.549,1.547,1024.1,30.55713,5.95479
1789866899.093,768,5.19805,0.63383,3.29468,1.550,1.548,1024.1,30.59010,5.96114
1789866899.103,769,5.19805,0.63333,3.29208,1.550,1.548,1024.1,30.62305,5.96748
1789866899.113,770,5.19555,0.62635,3.25423,1.550,1.548,1024.1,30.65562,5.97374
1789866899.123,771,5.15431,0.64679,3.33376,1.550,1.548,1024.1,30.68898,5.98022
1789866899.133,772,5.19555,0.62810,3.26332,1.550,1.548,1024.1,30.72162,5.98650
1789866899.143,773,5.19680,0.62461,3.24597,1.550,1.548,1024.1,30.75408,5.99275
1789866899.153,774,5.19805,0.63034,3.27654,1.550,1.548,1024.1,30.78685,5.99905
1789866899.163,775,5.17056,0.76264,3.94328,1.550,1.548,1024.1,30.82629,6.00668
1789866899.173,776,5.19555,0.63732,3.31123,1.551,1.548,1024.1,30.85939,6.01305
1789866899.183,777,5.20054,0.64180,3.33771,1.551,1.548,1024.1,30.89275,6.01946
1789866899.193,778,5.19555,0.63931,3.32157,1.551,1.548,1024.1,30.92595,6.02585
1789866899.203,779,5.19680,0.62835,3.26541,1.551,1.548,1024.1,30.95859,6.03213
1789866899.213,780,5.19555,0.63009,3.27366,1.551,1.548,1024.1,30.99137,6.03844
1789866899.223,781,5.19805,0.62561,3.25195,1.551,1.548,1024.1,31.02393,6.04471
1789866899.233,782,5.18445,0.62386,3.23437,1.550,1.548,1024.1,31.05631,6.05095
1789866899.243,783,5.20054,0.63233,3.28846,1.551,1.548,1024.1,31.08924,6.05728
1789866899.253,784,5.18445,0.63283,3.28088,1.551,1.548,1024.1,31.12213,6.06363
1789866899.263,785,5.19805,0.63034,3.27654,1.550,1.548,1024.1,31.15497,6.06995
1789866899.273,786,5.18445,0.66846,3.46560,1.551,1.548,1024.1,31.18972,6.07665
1789866899.283,787,5.19930,0.63782,3.31622,1.551,1.548,1024.1,31.22296,6.08304
1789866899.293,788,5.18457,0.64703,3.35457,1.551,1.548,1024.1,31.25640,6.08949
1789866899.303,789,5.19805,0.63383,3.29468,1.551,1.548,1024.1,31.28923,6.09581
1789866899.313,790,5.18457,0.67946,3.52271,1.551,1.548,1024.1,31.32434,6.10258
1789866899.323,791,5.19555,0.62013,3.22192,1.552,1.548,1024.1,31.35646,6.10876
1789866899.333,792,5.17306,0.71156,3.68094,1.551,1.548,1024.1,31.39327,6.11588
1789866899.343,793,5.18457,0.64953,3.36753,1.552,1.548,1024.1,31.42695,6.12237
1789866899.353,794,5.18457,0.69886,3.62329,1.552,1.548,1024.1,31.46319,6.12936
1789866899.363,795,5.19805,0.63483,3.29988,1.552,1.548,1024.1,31.49619,6.13571
1789866899.373,796,5.14681,0.83813,4.31370,1.551,1.548,1024.1,31.53935,6.14410
1789866899.383,797,5.16306,0.78432,4.04949,1.550,1.548,1024.1,31.57986,6.15194
1789866899.393,798,5.18578,0.67543,3.50263,1.551,1.548,1024.1,31.61490,6.15870
1789866899.403,799,5.19805,0.62635,3.25580,1.551,1.548,1024.1,31.64747,6.16497
1789866899.413,800,5.18578,0.66423,3.44455,1.551,1.548,1024.1,31.68192,6.17161
1789866899.423,801,5.19805,0.62511,3.24935,1.552,1.549,1024.1,31.71442,6.17786
1789866899.433,802,5.18578,0.67543,3.50263,1.551,1.548,1024.1,31.74945,6.18462
1789866899.443,803,5.19930,0.63383,3.29547,1.551,1.549,1024.1,31.78240,6.19096
1789866899.453,804,5.18578,0.67543,3.50263,1.551,1.548,1024.1,31.81742,6.19771
1789866899.463,805,5.19680,0.63308,3.28999,1.550,1.548,1024.1,31.85031,6.20404
1789866899.473,806,5.14557,0.83539,4.29856,1.549,1.548,1024.1,31.89329,6.21239
1789866899.483,807,5.20054,0.63782,3.31701,1.549,1.548,1024.1,31.92645,6.21877
1789866899.493,808,5.18605,0.72726,3.77161,1.550,1.548,1024.1,31.96439,6.22608
1789866899.503,809,5.19930,0.62287,3.23849,1.549,1.548,1024.1,31.99697,6.23235
1789866899.513,810,5.18605,0.66248,3.43565,1.550,1.548,1024.1,32.03154,6.23901
1789866899.523,811,5.18605,0.62386,3.23537,1.550,1.548,1024.1,32.06408,6.24529
1789866899.533,812,5.18605,0.73125,3.79230,1.551,1.548,1024.1,32.10179,6.25256
1789866899.543,813,5.19930,0.63308,3.29157,1.551,1.548,1024.1,32.13451,6.25885
1789866899.553,814,5.18605,0.69462,3.60233,1.551,1.548,1024.1,32.17033,6.26576
1789866899.563,815,5.19680,0.64081,3.33016,1.551,1.548,1024.1,32.20344,6.27213
1789866899.573,816,5.17181,0.70110,3.62596,1.551,1.548,1024.1,32.23978,6.27916
1789866899.583,817,5.18605,0.62934,3.26379,1.551,1.548,1024.1,32.27249,6.28547
1789866899.593,818,5.18753,0.77036,3.99627,1.551,1.548,1024.1,32.31254,6.29319
1789866899.603,819,5.19805,0.62710,3.25970,1.552,1.549,1024.1,32.34522,6.29947
1789866899.613,820,5.17430,0.62611,3.23968,1.552,1.549,1024.1,32.37756,6.30572
1789866899.623,821,5.19805,0.61938,3.21957,1.551,1.548,1024.1,32.40970,6.31191
1789866899.633,822,5.17680,0.71082,3.67977,1.551,1.548,1024.1,32.44644,6.31900
1789866899.643,823,5.18753,0.63009,3.26861,1.551,1.548,1024.1,32.47908,6.32529
1789866899.653,824,5.19930,0.63283,3.29027,1.551,1.548,1024.1,32.51194,6.33161
1789866899.663,825,5.19930,0.63582,3.30582,1.550,1.548,1024.1,32.54496,6.33797
1789866899.673,826,5.16306,0.65501,3.38186,1.550,1.548,1024.1,32.57873,6.34451
1789866899.683,827,5.19805,0.62486,3.24805,1.551,1.548,1024.1,32.61118,6.35075
1789866899.693,828,5.20054,0.63806,3.31826,1.551,1.548,1024.1,32.64507,6.35727
1789866899.703,829,5.18867,0.62910,3.26419,1.551,1.548,1024.1,32.67841,6.36369
1789866899.713,830,5.18867,0.62536,3.24479,1.550,1.548,1024.1,32.71156,6.37008
1789866899.724,831,5.19930,0.63333,3.29287,1.550,1.548,1024.1,32.74520,6.37655
1789866899.733,832,5.20179,0.63632,3.31000,1.550,1.548,1024.1,32.77765,6.38279
1789866899.743,833,5.18867,0.62860,3.26160,1.550,1.548,1024.1,32.80962,6.38895
1789866899.753,834,5.18867,0.64928,3.36890,1.550,1.548,1024.1,32.84265,6.39532
1789866899.763,835,5.18867,0.64205,3.33139,1.551,1.548,1024.1,32.87531,6.40161
1789866899.773,836,5.18867,0.64105,3.32620,1.551,1.548,1024.1,32.90851,6.40801
1789866899.783,837,5.18867,0.72203,3.74638,1.551,1.548,1024.1,32.94590,6.41521
1789866899.793,838,5.19930,0.63831,3.31877,1.552,1.548,1024.1,32.97902,6.42159
1789866899.803,839,5.18871,0.63134,3.27584,1.551,1.548,1024.1,33.01171,6.42789
1789866899.813,840,5.18871,0.63283,3.28357,1.552,1.548,1024.1,33.04457,6.43422
1789866899.823,841,5.18871,0.63159,3.27714,1.552,1.548,1024.1,33.07736,6.44054
1789866899.833,842,5.20054,0.63806,3.31826,1.552,1.548,1024.1,33.11056,6.44692
1789866899.843,843,5.18871,0.64654,3.35471,1.552,1.548,1024.1,33.14412,6.45339
1789866899.853,844,5.18871,0.63159,3.27714,1.552,1.548,1024.1,33.17689,6.45970
1789866899.863,845,5.18871,0.66400,3.44530,1.552,1.548,1024.1,33.21133,6.46634
1789866899.873,846,5.18871,0.63308,3.28487,1.552,1.548,1024.1,33.24417,6.47267
1789866899.883,847,5.18871,0.67643,3.50980,1.552,1.548,1024.1,33.27926,6.47944
1789866899.893,848,5.18921,0.63333,3.28648,1.552,1.548,1024.1,33.31215,6.48577
1789866899.903,849,5.18921,0.68391,3.54895,1.551,1.548,1024.1,33.34766,6.49262
1789866899.913,850,5.19930,0.62785,3.26438,1.551,1.548,1024.1,33.38033,6.49890
1789866899.923,851,5.18921,0.67295,3.49208,1.551,1.548,1024.1,33.41527,6.50563
1789866899.933,852,5.19930,0.63632,3.30842,1.550,1.548,1024.1,33.44835,6.51200
1789866899.943,853,5.18921,0.64479,3.34595,1.549,1.548,1024.1,33.48180,6.51844
1789866899.953,854,5.18921,0.62710,3.25415,1.550,1.548,1024.1,33.51434,6.52471
1789866899.963,855,5.15681,0.71655,3.69511,1.550,1.548,1024.1,33.55128,6.53187
1789866899.973,856,5.18921,0.63283,3.28389,1.552,1.548,1024.1,33.58412,6.53820
1789866899.983,857,5.17680,0.66263,3.43030,1.551,1.548,1024.1,33.61842,6.54483
1789866899.993,858,5.18890,0.63582,3.29921,1.552,1.548,1024.1,33.65141,6.55119
1789866900.003,859,5.17555,0.69188,3.58086,1.552,1.548,1024.1,33.68722,6.55811
1789866900.013,860,5.18890,0.63433,3.29147,1.552,1.549,1024.1,33.72013,6.56445
1789866900.023,861,5.18890,0.67942,3.52544,1.552,1.549,1024.1,33.75539,6.57124
1789866900.033,862,5.19930,0.63806,3.31747,1.552,1.548,1024.1,33.78856,6.57762
1789866900.043,863,5.18890,0.66217,3.43593,1.552,1.549,1024.1,33.82292,6.58425
1789866900.053,864,5.18890,0.62685,3.25266,1.551,1.548,1024.1,33.85550,6.59053
1789866900.063,865,5.18890,0.68142,3.53582,1.551,1.548,1024.1,33.89092,6.59735
1789866900.073,866,5.18890,0.63009,3.26947,1.551,1.548,1024.1,33.92368,6.60366
1789866900.083,867,5.18890,0.67992,3.52804,1.551,1.548,1024.1,33.95902,6.61047
1789866900.093,868,5.18902,0.62885,3.26312,1.551,1.548,1024.1,33.99163,6.61676
1789866900.103,869,5.18902,0.66199,3.43508,1.551,1.548,1024.1,34.02595,6.62337
1789866900.113,870,5.18902,0.63283,3.28377,1.551,1.548,1024.1,34.05877,6.62970
1789866900.123,871,5.16806,0.66199,3.42120,1.552,1.548,1024.1,34.09296,6.63631
1789866900.133,872,5.18902,0.64081,3.32518,1.551,1.548,1024.1,34.12619,6.64272
1789866900.143,873,5.18902,0.66199,3.43508,1.552,1.549,1024.1,34.16052,6.64933
1789866900.153,874,5.18902,0.62536,3.24501,1.552,1.548,1024.1,34.19295,6.65558
1789866900.163,875,5.17430,0.69363,3.58905,1.552,1.548,1024.1,34.22882,6.66252
1789866900.173,876,5.18902,0.63508,3.29544,1.551,1.548,1024.1,34.26176,6.66886
1789866900.183,877,5.18902,0.67319,3.49320,1.551,1.548,1024.1,34.29668,6.67559
1789866900.193,878,5.20054,0.63333,3.29366,1.551,1.548,1024.1,34.32960,6.68192
1789866900.203,879,5.20054,0.75965,3.95059,1.551,1.548,1024.1,34.36908,6.68952
1789866900.213,880,5.19930,0.62785,3.26438,1.551,1.548,1024.1,34.40173,6.69579
1789866900.223,881,5.16306,0.66090,3.41227,1.552,1.549,1024.1,34.43586,6.70240
1789866900.233,882,5.18929,0.62461,3.24128,1.552,1.549,1024.1,34.46827,6.70865
1789866900.243,883,5.18929,0.69039,3.58263,1.552,1.549,1024.1,34.50410,6.71556
1789866900.253,884,5.18929,0.62287,3.23225,1.551,1.548,1024.1,34.53658,6.72181
1789866900.263,885,5.18929,0.71929,3.73260,1.551,1.548,1024.1,34.57409,6.72904
1789866900.273,886,5.19930,0.65077,3.38355,1.551,1.548,1024.1,34.60810,6.73558
1789866900.283,887,5.20054,0.63682,3.31181,1.550,1.548,1024.1,34.64138,6.74198
1789866900.293,888,5.18941,0.63433,3.29180,1.550,1.548,1024.1,34.67431,6.74833
1789866900.303,889,5.18941,0.75566,3.92143,1.550,1.548,1024.1,34.71354,6.75589
1789866900.313,890,5.18941,0.63333,3.28661,1.551,1.548,1024.1,34.74642,6.76222
1789866900.323,891,5.18941,0.63408,3.29050,1.551,1.548,1024.1,34.77934,6.76857
1789866900.333,892,5.18941,0.63159,3.27758,1.551,1.548,1024.1,34.81211,6.77488
1789866900.343,893,5.18941,0.69711,3.61759,1.551,1.548,1024.1,34.84826,6.78185
1789866900.353,894,5.18941,0.63881,3.31505,1.551,1.548,1024.1,34.88140,6.78823
1789866900.363,895,5.18941,0.63931,3.31764,1.551,1.548,1024.1,34.91456,6.79462
1789866900.373,896,5.18941,0.63009,3.26980,1.550,1.548,1024.1,34.94719,6.80091
1789866900.383,897,5.20304,0.64380,3.34972,1.550,1.547,1024.1,34.98061,6.80734
1789866900.393,898,5.18972,0.64778,3.36180,1.550,1.547,1024.1,35.01415,6.81380
1789866900.403,899,5.18972,0.63458,3.29329,1.550,1.547,1024.1,35.04701,6.82013
1789866900.413,900,5.18972,0.67843,3.52086,1.550,1.548,1024.1,35.08242,6.82695
1789866900.423,901,5.18972,0.63483,3.29459,1.550,1.548,1024.1,35.11556,6.83334
1789866900.433,902,5.18972,0.65983,3.42433,1.551,1.548,1024.1,35.15000,6.83998
1789866900.443,903,5.20054,0.62860,3.26906,1.551,1.548,1024.1,35.18288,6.84630
1789866900.453,904,5.18972,0.68216,3.54022,1.551,1.548,1024.1,35.21829,6.85312
1789866900.463,905,5.18972,0.62635,3.25058,1.551,1.548,1024.1,35.25080,6.85939
1789866900.473,906,5.18972,0.67893,3.52346,1.551,1.548,1024.1,35.28604,6.86618
1789866900.483,907,5.18972,0.62760,3.25707,1.550,1.548,1024.1,35.31861,6.87245
1789866900.493,908,5.14557,0.65717,3.38151,1.550,1.548,1024.1,35.35222,6.87898
1789866900.503,909,5.19058,0.63483,3.29514,1.550,1.548,1024.1,35.38497,6.88529
1789866900.513,910,5.19058,0.67743,3.51625,1.550,1.548,1024.1,35.41991,6.89202
1789866900.523,911,5.19058,0.63109,3.27572,1.551,1.548,1024.1,35.45247,6.89830
1789866900.533,912,5.14681,0.65717,3.38233,1.550,1.548,1024.1,35.48719,6.90504
1789866900.543,913,5.20304,0.61390,3.19415,1.551,1.548,1024.1,35.51999,6.91135
1789866900.554,914,5.17930,0.86554,4.48289,1.551,1.548,1024.1,35.56601,6.92023
1789866900.564,915,5.19058,0.63059,3.27313,1.551,1.548,1024.1,35.59961,6.92671
1789866900.574,916,5.19058,0.66746,3.46450,1.551,1.548,1024.1,35.63418,6.93336
1789866900.584,917,5.19058,0.61938,3.21494,1.551,1.548,1024.1,35.66625,6.93954
1789866900.594,918,5.19078,0.65624,3.40640,1.551,1.548,1024.1,35.70023,6.94609
1789866900.604,919,5.20304,0.61240,3.18634,1.551,1.548,1024.1,35.73202,6.95220
1789866900.614,920,5.19078,0.65624,3.40640,1.551,1.548,1024.1,35.76521,6.95859
1789866900.623,921,5.19078,0.62785,3.25903,1.552,1.549,1024.1,35.79696,6.96471
1789866900.633,922,5.19078,0.67195,3.48794,1.551,1.548,1024.1,35.83094,6.97126
1789866900.643,923,5.19078,0.62934,3.26677,1.552,1.548,1024.1,35.86277,6.97739
1789866900.653,924,5.19078,0.67594,3.50866,1.552,1.548,1024.1,35.89782,6.98414
1789866900.663,925,5.19078,0.62137,3.22539,1.552,1.548,1024.1,35.93004,6.99035
1789866900.673,926,5.17306,0.65624,3.39477,1.551,1.548,1024.1,35.96395,6.99690
1789866900.683,927,5.19078,0.61265,3.18013,1.550,1.548,1024.1,35.99572,7.00302
1789866900.693,928,5.19081,0.65584,3.40434,1.551,1.548,1024.1,36.02979,7.00959
1789866900.703,929,5.19081,0.61315,3.18275,1.551,1.548,1024.1,36.06163,7.01572
1789866900.713,930,5.18055,0.68740,3.56111,1.551,1.548,1024.1,36.09727,7.02260
1789866900.723,931,5.20304,0.61415,3.19545,1.551,1.548,1024.1,36.12924,7.02875
1789866900.733,932,5.19081,0.65584,3.40434,1.551,1.548,1024.1,36.16326,7.03530
1789866900.743,933,5.19081,0.65584,3.40434,1.551,1.548,1024.1,36.19728,7.04185
1789866900.753,934,5.19081,0.79229,4.11263,1.551,1.548,1024.1,36.23839,7.04977
1789866900.763,935,5.19081,0.65584,3.40434,1.551,1.548,1024.1,36.27241,7.05633
1789866900.773,936,5.15431,0.70259,3.62137,1.551,1.548,1024.1,36.30867,7.06336
1789866900.783,937,5.19081,0.65584,3.40434,1.550,1.548,1024.1,36.34276,7.06993
1789866900.793,938,5.19062,0.72751,3.77623,1.551,1.548,1024.1,36.38057,7.07721
1789866900.803,939,5.19062,0.65703,3.41039,1.551,1.548,1024.1,36.41472,7.08379
1789866900.813,940,5.16931,0.73772,3.81350,1.552,1.548,1024.1,36.45293,7.09118
1789866900.823,941,5.19062,0.65703,3.41039,1.552,1.548,1024.1,36.48709,7.09777
1789866900.833,942,5.20304,0.62062,3.22911,1.551,1.548,1024.1,36.51944,7.10398
1789866900.843,943,5.20179,0.61116,3.17913,1.551,1.548,1024.1,36.55129,7.11011
1789866900.853,944,5.19062,0.73498,3.81500,1.552,1.548,1024.1,36.58938,7.11744
1789866900.863,945,5.19062,0.61340,3.18393,1.552,1.548,1024.1,36.62116,7.12357
1789866900.873,946,5.19062,0.61589,3.19685,1.551,1.548,1024.1,36.65308,7.12972
1789866900.883,947,5.19062,0.61365,3.18522,1.551,1.548,1024.1,36.68487,7.13584
1789866900.893,948,5.15306,0.70284,3.62178,1.551,1.548,1024.1,36.72102,7.14286
1789866900.903,949,5.16306,0.65850,3.39988,1.551,1.548,1024.1,36.75495,7.14943
1789866900.913,950,5.19078,0.62910,3.26552,1.551,1.548,1024.1,36.78754,7.15571
1789866900.923,951,5.19078,0.63632,3.30300,1.551,1.548,1024.1,36.82050,7.16206
1789866900.933,952,5.19078,0.63134,3.27715,1.551,1.548,1024.1,36.85335,7.16839
1789866900.943,953,5.16556,0.61141,3.15828,1.551,1.548,1024.1,36.88501,7.17451
1789866900.953,954,5.20179,0.61664,3.20763,1.551,1.548,1024.1,36.91717,7.18070
1789866900.963,955,5.15056,0.65850,3.39164,1.551,1.548,1024.1,36.95117,7.18730
1789866900.973,956,5.19078,0.61215,3.17754,1.551,1.548,1024.1,36.98288,7.19341
1789866900.983,957,5.19078,0.80001,4.15268,1.550,1.547,1024.1,37.02433,7.20139
1789866900.993,958,5.20179,0.61639,3.20633,1.550,1.548,1024.1,37.05633,7.20754
1789866901.003,959,5.19085,0.67843,3.52163,1.550,1.548,1024.1,37.09147,7.21431
1789866901.013,960,5.19085,0.61240,3.17888,1.550,1.548,1024.1,37.12366,7.22051
1789866901.023,961,5.19085,0.65786,3.41485,1.551,1.548,1024.1,37.15824,7.22718
1789866901.033,962,5.19085,0.62062,3.22155,1.550,1.548,1024.1,37.19086,7.23346
1789866901.043,963,5.19085,0.64081,3.32635,1.551,1.548,1024.1,37.22454,7.23995
1789866901.053,964,5.19085,0.62710,3.25518,1.551,1.548,1024.1,37.25695,7.24619
1789866901.063,965,5.19085,0.67095,3.48280,1.551,1.548,1024.1,37.29163,7.25287
1789866901.073,966,5.19085,0.65786,3.41485,1.551,1.548,1024.1,37.32563,7.25942
1789866901.083,967,5.19085,0.65786,3.41485,1.550,1.548,1024.1,37.35963,7.26597
1789866901.093,968,5.19105,0.61041,3.16867,1.551,1.548,1024.1,37.39106,7.27203
1789866901.103,969,5.19105,0.65713,3.41119,1.551,1.548,1024.1,37.42488,7.27854
1789866901.113,970,5.19105,0.61166,3.17516,1.551,1.548,1024.1,37.45637,7.28461
1789866901.123,971,5.19105,0.65713,3.41119,1.551,1.548,1024.1,37.49020,7.29113
1789866901.133,972,5.19105,0.61689,3.20231,1.551,1.548,1024.1,37.52227,7.29730
1789866901.143,973,5.19105,0.65713,3.41119,1.550,1.548,1024.1,37.55644,7.30389
1789866901.153,974,5.19105,0.61514,3.19322,1.551,1.548,1024.1,37.58842,7.31005
1789866901.163,975,5.19105,0.67444,3.50105,1.552,1.548,1024.1,37.62349,7.31680
1789866901.173,976,5.19105,0.63159,3.27862,1.552,1.549,1024.1,37.65621,7.32311
1789866901.183,977,5.19105,0.67419,3.49975,1.552,1.549,1024.1,37.69114,7.32983
1789866901.193,978,5.19113,0.63134,3.27737,1.552,1.549,1024.1,37.72385,7.33614
1789866901.203,979,5.19113,0.65669,3.40896,1.552,1.549,1024.1,37.75787,7.34269
1789866901.213,980,5.20304,0.84262,4.38419,1.552,1.549,1024.1,37.80178,7.35113
1789866901.223,981,5.19113,0.65669,3.40896,1.551,1.548,1024.1,37.83592,7.35771
1789866901.233,982,5.19113,0.79204,4.11158,1.551,1.548,1024.1,37.87710,7.36564
1789866901.243,983,5.19113,0.65669,3.40896,1.551,1.548,1024.1,37.91124,7.37221
1789866901.253,984,5.19113,0.62561,3.24762,1.551,1.548,1024.1,37.94377,7.37848
1789866901.263,985,5.19113,0.68740,3.56838,1.551,1.548,1024.1,37.97952,7.38537
1789866901.273,986,5.19113,0.62411,3.23984,1.551,1.548,1024.1,38.01197,7.39162
1789866901.283,987,5.19113,0.66921,3.47396,1.551,1.548,1024.1,38.04678,7.39832
1789866901.293,988,5.19124,0.62411,3.23990,1.551,1.548,1024.1,38.07911,7.40455
1789866901.303,989,5.19124,0.73947,3.83877,1.551,1.548,1024.1,38.11743,7.41193
1789866901.313,990,5.19124,0.62735,3.25672,1.550,1.548,1024.1,38.14993,7.41819
1789866901.323,991,5.19124,0.65660,3.40857,1.551,1.548,1024.1,38.18395,7.42475
1789866901.333,992,5.19124,0.62760,3.25802,1.551,1.548,1024.1,38.21663,7.43104
1789866901.343,993,5.17805,0.71705,3.71292,1.551,1.548,1024.1,38.25387,7.43823
1789866901.353,994,5.19124,0.62860,3.26321,1.551,1.548,1024.1,38.28660,7.44454
1789866901.363,995,5.19124,0.70583,3.66413,1.551,1.548,1024.1,38.32335,7.45162
1789866901.373,996,5.19124,0.62511,3.24510,1.551,1.548,1024.1,38.35578,7.45787
1789866901.383,997,5.16181,0.62635,3.23310,1.551,1.548,1024.1,38.38808,7.46412
1789866901.393,998,5.19120,0.62337,3.23604,1.551,1.548,1024.1,38.42042,7.47035
1789866901.403,999,5.19120,0.67021,3.47919,1.551,1.548,1024.1,38.45518,7.47705
1789866901.413,1000,5.19120,0.63233,3.28255,1.551,1.548,1024.1,38.48794,7.48336
1789866901.423,1001,5.17805,0.62511,3.23685,1.552,1.548,1024.1,38.52024,7.48960
1789866901.433,1002,5.19120,0.62984,3.26963,1.552,1.548,1024.1,38.55288,7.49588
1789866901.443,1003,5.17430,0.68466,3.54264,1.552,1.548,1024.1,38.58823,7.50272
1789866901.453,1004,5.19120,0.62087,3.22306,1.552,1.548,1024.1,38.62059,7.50895
1789866901.463,1005,5.19120,0.62835,3.26189,1.552,1.548,1024.1,38.65333,7.51526
1789866901.473,1006,5.19120,0.62810,3.26059,1.552,1.548,1024.1,38.68606,7.52156
1789866901.483,1007,5.19120,0.62087,3.22306,1.551,1.548,1024.1,38.71842,7.52780
1789866901.493,1008,5.19124,0.63009,3.27095,1.551,1.548,1024.1,38.75099,7.53407
1789866901.503,1009,5.19124,0.63159,3.27874,1.551,1.548,1024.1,38.78365,7.54036
1789866901.513,1010,5.19124,0.65460,3.39819,1.551,1.548,1024.1,38.81749,7.54688
1789866901.523,1011,5.20179,0.63433,3.29965,1.551,1.548,1024.1,38.85035,7.55320
1789866901.533,1012,5.19124,0.65460,3.39819,1.551,1.548,1024.1,38.88444,7.55976
1789866901.543,1013,5.19124,0.61763,3.20627,1.550,1.548,1024.1,38.91660,7.56596
1789866901.553,1014,5.19124,0.67793,3.51930,1.551,1.548,1024.1,38.95190,7.57276
1789866901.563,1015,5.19124,0.62436,3.24120,1.551,1.548,1024.1,38.98441,7.57902
1789866901.573,1016,5.19124,0.66821,3.46884,1.551,1.548,1024.1,39.01898,7.58568
1789866901.583,1017,5.19124,0.63009,3.27095,1.552,1.548,1024.1,39.05159,7.59196
1789866901.593,1018,5.19160,0.65402,3.39541,1.552,1.548,1024.1,39.08543,7.59848
1789866901.603,1019,5.19160,0.63109,3.27637,1.552,1.548,1024.1,39.11808,7.60477
1789866901.613,1020,5.19160,0.68017,3.53117,1.552,1.549,1024.1,39.15351,7.61159
1789866901.623,1021,5.19160,0.63707,3.30741,1.552,1.548,1024.1,39.18668,7.61798
1789866901.633,1022,5.17805,0.65402,3.38655,1.552,1.548,1024.1,39.22065,7.62454
1789866901.643,1023,5.19160,0.62885,3.26474,1.552,1.548,1024.1,39.25340,7.63085
1789866901.653,1024,5.19160,0.67170,3.48720,1.552,1.548,1024.1,39.28827,7.63757
1789866901.663,1025,5.19160,0.62660,3.25306,1.552,1.549,1024.1,39.32079,7.64383
1789866901.673,1026,5.19160,0.67992,3.52987,1.551,1.548,1024.1,39.35608,7.65063
1789866901.683,1027,5.19160,0.63184,3.28026,1.551,1.548,1024.1,39.38888,7.65695
1789866901.693,1028,5.19156,0.67295,3.49366,1.551,1.548,1024.1,39.42366,7.66365
1789866901.703,1029,5.19156,0.62910,3.26601,1.551,1.548,1024.1,39.45618,7.66991
1789866901.713,1030,5.19156,0.67195,3.48847,1.551,1.548,1024.1,39.49091,7.67660
1789866901.723,1031,5.19156,0.62237,3.23107,1.550,1.548,1024.1,39.52308,7.68280
1789866901.733,1032,5.19156,0.67220,3.48977,1.550,1.548,1024.1,39.55815,7.68955
1789866901.743,1033,5.19156,0.62735,3.25693,1.550,1.548,1024.1,39.59088,7.69586
1789866901.753,1034,5.19156,0.67270,3.49236,1.551,1.548,1024.1,39.62597,7.70262
1789866901.763,1035,5.19156,0.62810,3.26082,1.550,1.548,1024.1,39.65874,7.70893
1789866901.773,1036,5.19156,0.67344,3.49620,1.550,1.548,1024.1,39.69354,7.71563
1789866901.783,1037,5.19156,0.62262,3.23237,1.551,1.548,1024.1,39.72572,7.72183
1789866901.793,1038,5.19152,0.67195,3.48844,1.551,1.548,1024.1,39.76044,7.72852
1789866901.803,1039,5.19152,0.64081,3.32678,1.551,1.548,1024.1,39.79356,7.73490
1789866901.813,1040,5.19152,0.67544,3.50656,1.551,1.548,1024.1,39.82870,7.74167
1789866901.823,1041,5.19152,0.62660,3.25301,1.552,1.548,1024.1,39.86131,7.74795
1789866901.833,1042,5.19152,0.66996,3.47811,1.551,1.548,1024.1,39.89617,7.75466
1789866901.843,1043,5.19152,0.65210,3.38539,1.551,1.548,1024.1,39.93010,7.76120
1789866901.853,1044,5.19152,0.73972,3.84027,1.551,1.548,1024.1,39.96859,7.76861
1789866901.863,1045,5.19152,0.62635,3.25171,1.551,1.548,1024.1,40.00119,7.77489
1789866901.873,1046,5.19152,0.65210,3.38539,1.552,1.548,1024.1,40.03513,7.78143
1789866901.883,1047,5.19152,0.62287,3.23364,1.550,1.548,1024.1,40.06755,7.78767
1789866901.893,1048,5.17930,0.70434,3.64799,1.551,1.548,1024.1,40.10386,7.79469
1789866901.903,1049,5.19206,0.63084,3.27536,1.551,1.548,1024.1,40.13647,7.80097
1789866901.913,1050,5.19206,0.70434,3.65698,1.551,1.548,1024.1,40.17287,7.80798
1789866901.923,1051,5.19206,0.63034,3.27276,1.551,1.548,1024.1,40.20545,7.81425
1789866901.933,1052,5.16181,0.63757,3.29102,1.550,1.548,1024.1,40.23849,7.82065
1789866901.943,1053,5.19206,0.62835,3.26243,1.550,1.548,1024.1,40.27124,7.82696
1789866901.953,1054,5.19206,0.78382,4.06964,1.550,1.548,1024.1,40.31209,7.83483
1789866901.963,1055,5.19206,0.62137,3.22619,1.551,1.548,1024.1,40.34448,7.84107
1789866901.973,1056,5.18055,0.63383,3.28359,1.552,1.549,1024.1,40.37723,7.84739
1789866901.983,1057,5.19206,0.62635,3.25205,1.552,1.549,1024.1,40.40968,7.85364
1789866901.993,1058,5.17181,0.68490,3.54217,1.552,1.549,1024.1,40.44501,7.86047
1789866902.003,1059,5.19242,0.62934,3.26780,1.552,1.549,1024.1,40.47761,7.86675
1789866902.013,1060,5.20304,0.63159,3.28619,1.552,1.549,1024.1,40.51041,7.87305
1789866902.023,1061,5.19242,0.62611,3.25103,1.552,1.549,1024.1,40.54285,7.87930
1789866902.033,1062,5.16556,0.63732,3.29211,1.551,1.548,1024.1,40.57571,7.88566
1789866902.043,1063,5.19242,0.62635,3.25227,1.551,1.548,1024.1,40.60816,7.89191
1789866902.053,1064,5.19242,0.62710,3.25617,1.551,1.548,1024.1,40.64079,7.89819
1789866902.063,1065,5.19242,0.63134,3.27818,1.552,1.548,1024.1,40.67363,7.90452
1789866902.073,1066,5.19242,0.63582,3.30144,1.552,1.548,1024.1,40.70671,7.91089
1789866902.083,1067,5.19242,0.62611,3.25103,1.552,1.548,1024.1,40.73928,7.91716
1789866902.093,1068,5.19242,0.63632,3.30404,1.552,1.548,1024.1,40.77223,7.92351
1789866902.103,1069,5.19242,0.63258,3.28462,1.552,1.548,1024.1,40.80499,7.92982
1789866902.113,1070,5.16056,0.64773,3.34265,1.552,1.548,1024.1,40.83833,7.93628
1789866902.123,1071,5.19242,0.62262,3.23290,1.551,1.548,1024.1,40.87057,7.94249
1789866902.133,1072,5.17555,0.64773,3.35236,1.551,1.548,1024.1,40.90411,7.94897
1789866902.143,1073,5.19242,0.62536,3.24713,1.551,1.548,1024.1,40.93659,7.95522
1789866902.153,1074,5.19242,0.63358,3.28981,1.552,1.548,1024.1,40.96950,7.96156
1789866902.163,1075,5.19242,0.62885,3.26525,1.552,1.548,1024.1,41.00217,7.96785
1789866902.173,1076,5.19242,0.62561,3.24843,1.551,1.548,1024.1,41.03464,7.97411
1789866902.183,1077,5.18055,0.62262,3.22551,1.551,1.548,1024.1,41.06689,7.98033
1789866902.193,1078,5.19234,0.64816,3.36547,1.551,1.548,1024.1,41.10053,7.98681
1789866902.203,1079,5.19234,0.64816,3.36547,1.551,1.548,1024.1,41.13418,7.99329
1789866902.213,1080,5.19234,0.62561,3.24838,1.551,1.548,1024.1,41.16674,7.99956
1789866902.223,1081,5.19234,0.66771,3.46698,1.552,1.548,1024.1,41.20150,8.00626
1789866902.233,1082,5.19234,0.62436,3.24189,1.551,1.548,1024.1,41.23400,8.01251
1789866902.243,1083,5.19234,0.66672,3.46184,1.551,1.548,1024.1,41.26870,8.01920
1789866902.253,1084,5.19234,0.63283,3.28587,1.551,1.548,1024.1,41.30156,8.02553
1789866902.263,1085,5.19234,0.70583,3.66491,1.551,1.548,1024.1,41.33821,8.03258
1789866902.273,1086,5.19234,0.64816,3.36547,1.551,1.548,1024.1,41.37186,8.03907
1789866902.283,1087,5.19234,0.68391,3.55109,1.550,1.548,1024.1,41.40738,8.04591
1789866902.293,1088,5.19222,0.62735,3.25734,1.551,1.548,1024.1,41.43995,8.05218
1789866902.303,1089,5.17930,0.64829,3.35769,1.551,1.548,1024.1,41.47354,8.05866
1789866902.313,1090,5.19222,0.63059,3.27416,1.551,1.548,1024.1,41.50628,8.06497
1789866902.323,1091,5.19222,0.67295,3.49410,1.551,1.548,1024.1,41.54123,8.07170
1789866902.333,1092,5.19222,0.62436,3.24181,1.551,1.548,1024.1,41.57364,8.07794
1789866902.343,1093,5.19222,0.67469,3.50314,1.551,1.548,1024.1,41.60866,8.08469
1789866902.353,1094,5.19222,0.63383,3.29098,1.551,1.548,1024.1,41.64157,8.09103
1789866902.363,1095,5.19222,0.66722,3.46435,1.551,1.548,1024.1,41.67620,8.09770
1789866902.373,1096,5.19222,0.63084,3.27546,1.551,1.548,1024.1,41.70892,8.10400
1789866902.383,1097,5.19222,0.67145,3.48632,1.551,1.548,1024.1,41.74376,8.11071
1789866902.393,1098,5.19218,0.62436,3.24179,1.551,1.548,1024.1,41.77614,8.11694
1789866902.403,1099,5.19218,0.67743,3.51734,1.550,1.548,1024.1,41.81128,8.12371
1789866902.413,1100,5.19218,0.62735,3.25731,1.551,1.548,1024.1,41.84383,8.12998
1789866902.423,1101,5.19218,0.67444,3.50181,1.551,1.548,1024.1,41.87881,8.13672
1789866902.433,1102,5.19218,0.63308,3.28707,1.552,1.548,1024.1,41.91166,8.14304
1789866902.443,1103,5.18180,0.68814,3.56580,1.552,1.549,1024.1,41.94728,8.14992
1789866902.453,1104,5.19218,0.64794,3.36422,1.552,1.548,1024.1,41.98100,8.15641
1789866902.463,1105,5.19218,0.67444,3.50181,1.552,1.549,1024.1,42.01609,8.16317
1789866902.473,1106,5.19218,0.62262,3.23276,1.552,1.549,1024.1,42.04848,8.16941
1789866902.483,1107,5.16556,0.66074,3.41309,1.551,1.548,1024.1,42.08269,8.17603
1789866902.493,1108,5.19202,0.62635,3.25202,1.551,1.548,1024.1,42.11514,8.18228
1789866902.503,1109,5.19202,0.67245,3.49137,1.551,1.548,1024.1,42.14998,8.18899
1789866902.513,1110,5.19202,0.62785,3.25981,1.551,1.548,1024.1,42.18250,8.19526
1789866902.523,1111,5.18055,0.71057,3.68114,1.551,1.548,1024.1,42.21923,8.20235
1789866902.533,1112,5.19202,0.62586,3.24948,1.551,1.548,1024.1,42.25186,8.20863
1789866902.543,1113,5.17680,0.66846,3.46048,1.551,1.548,1024.1,42.28660,8.21534
1789866902.553,1114,5.19202,0.62934,3.26755,1.551,1.548,1024.1,42.31941,8.22166
1789866902.563,1115,5.19202,0.75541,3.92210,1.551,1.548,1024.1,42.35879,8.22925
1789866902.573,1116,5.19202,0.62287,3.23395,1.551,1.548,1024.1,42.39107,8.23546
1789866902.583,1117,5.16431,0.63034,3.25527,1.551,1.548,1024.1,42.42356,8.24175
1789866902.593,1118,5.19195,0.62536,3.24684,1.551,1.548,1024.1,42.45597,8.24800
1789866902.603,1119,5.19195,0.62835,3.26236,1.551,1.548,1024.1,42.48853,8.25427
1789866902.613,1120,5.19195,0.63358,3.28952,1.551,1.548,1024.1,42.52142,8.26060
1789866902.623,1121,5.18180,0.72003,3.73105,1.552,1.548,1024.1,42.55872,8.26780
1789866902.633,1122,5.19195,0.64886,3.36885,1.552,1.548,1024.1,42.59239,8.27429
1789866902.643,1123,5.19195,0.62760,3.25847,1.551,1.548,1024.1,42.62497,8.28056
1789866902.653,1124,5.19195,0.61888,3.21319,1.551,1.548,1024.1,42.65705,8.28674
1789866902.663,1125,5.19195,0.62212,3.23002,1.552,1.548,1024.1,42.68930,8.29295
1789866902.673,1126,5.19195,0.62710,3.25587,1.551,1.548,1024.1,42.72181,8.29921
1789866902.683,1127,5.19195,0.61988,3.21839,1.550,1.548,1024.1,42.75394,8.30540
1789866902.693,1128,5.19210,0.62461,3.24304,1.550,1.548,1024.1,42.78644,8.31166
1789866902.703,1129,5.19210,0.63034,3.27279,1.551,1.548,1024.1,42.81923,8.31798
1789866902.713,1130,5.19210,0.62660,3.25337,1.550,1.548,1024.1,42.85183,8.32426
1789866902.723,1131,5.19210,0.63233,3.28312,1.550,1.548,1024.1,42.88473,8.33059
1789866902.733,1132,5.18180,0.62461,3.23660,1.550,1.548,1024.1,42.91708,8.33683
1789866902.743,1133,5.19210,0.61863,3.21199,1.550,1.548,1024.1,42.94918,8.34302
1789866902.753,1134,5.19210,0.63458,3.29480,1.550,1.548,1024.1,42.98211,8.34936
1789866902.763,1135,5.19210,0.63458,3.29480,1.550,1.548,1024.1,43.01504,8.35570
1789866902.773,1136,5.19210,0.66821,3.46941,1.550,1.548,1024.1,43.04965,8.36237
1789866902.783,1137,5.19210,0.62735,3.25726,1.551,1.548,1024.1,43.08214,8.36863
1789866902.793,1138,5.19195,0.67319,3.49517,1.551,1.548,1024.1,43.11701,8.37534
1789866902.803,1139,5.19195,0.62561,3.24814,1.551,1.548,1024.1,43.14942,8.38158
1789866902.813,1140,5.19195,0.66472,3.45119,1.552,1.549,1024.1,43.18400,8.38824
1789866902.823,1141,5.19195,0.62860,3.26366,1.552,1.549,1024.1,43.21671,8.39454
1789866902.833,1142,5.19195,0.66722,3.46417,1.552,1.548,1024.1,43.25143,8.40123
1789866902.843,1143,5.19195,0.63433,3.29341,1.552,1.548,1024.1,43.28443,8.40759
1789866902.853,1144,5.19195,0.64843,3.36662,1.551,1.548,1024.1,43.31812,8.41408
1789866902.863,1145,5.19195,0.62586,3.24943,1.551,1.548,1024.1,43.35064,8.42034
1789866902.873,1146,5.19195,0.66846,3.47061,1.551,1.548,1024.1,43.38537,8.42703
1789866902.883,1147,5.19195,0.63308,3.28692,1.551,1.548,1024.1,43.41826,8.43336
1789866902.893,1148,5.19187,0.66597,3.45763,1.551,1.548,1024.1,43.45274,8.44000
1789866902.903,1149,5.19187,0.62312,3.23516,1.551,1.548,1024.1,43.48500,8.44622
1789866902.913,1150,5.19187,0.67070,3.48219,1.551,1.548,1024.1,43.51972,8.45291
1789866902.923,1151,5.19187,0.62112,3.22477,1.551,1.548,1024.1,43.55188,8.45910
1789866902.933,1152,5.19187,0.68391,3.55077,1.551,1.548,1024.1,43.58747,8.46596
1789866902.943,1153,5.19187,0.62835,3.26231,1.551,1.548,1024.1,43.62017,8.47225
1789866902.953,1154,5.19187,0.67893,3.52492,1.551,1.548,1024.1,43.65550,8.47906
1789866902.963,1155,5.19187,0.63184,3.28043,1.551,1.548,1024.1,43.68838,8.48539
1789866902.973,1156,5.19187,0.67942,3.52746,1.551,1.548,1024.1,43.72356,8.49217
1789866902.983,1157,5.19187,0.62635,3.25193,1.551,1.548,1024.1,43.75600,8.49842
1789866902.993,1158,5.19175,0.66223,3.43813,1.551,1.548,1024.1,43.79029,8.50502
1789866903.003,1159,5.19175,0.62337,3.23638,1.551,1.548,1024.1,43.82257,8.51124
1789866903.013,1160,5.19175,0.66722,3.46404,1.551,1.548,1024.1,43.85722,8.51791
1789866903.023,1161,5.19175,0.62337,3.23638,1.551,1.548,1024.1,43.88959,8.52415
1789866903.033,1162,5.19175,0.67270,3.49249,1.551,1.548,1024.1,43.92452,8.53087
1789866903.043,1163,5.19175,0.63009,3.27127,1.550,1.548,1024.1,43.95724,8.53718
1789866903.053,1164,5.19175,0.67070,3.48211,1.550,1.548,1024.1,43.99215,8.54390
1789866903.063,1165,5.19175,0.62934,3.26738,1.551,1.548,1024.1,44.02490,8.55021
1789866903.073,1166,5.17805,0.69936,3.62132,1.551,1.548,1024.1,44.06121,8.55722
1789866903.083,1167,5.19175,0.62137,3.22600,1.550,1.548,1024.1,44.09355,8.56345
1789866903.093,1168,5.17555,0.66821,3.45835,1.550,1.548,1024.1,44.12805,8.57012
1789866903.103,1169,5.19179,0.62536,3.24674,1.551,1.548,1024.1,44.16044,8.57635
1789866903.113,1170,5.19179,0.76139,3.95298,1.551,1.548,1024.1,44.19987,8.58395
1789866903.123,1171,5.19179,0.63009,3.27129,1.551,1.548,1024.1,44.23250,8.59024
1789866903.133,1172,5.16056,0.68291,3.52420,1.551,1.548,1024.1,44.26783,8.59708
1789866903.143,1173,5.19179,0.62984,3.27000,1.551,1.548,1024.1,44.30060,8.60339
1789866903.153,1174,5.19179,0.69462,3.60632,1.551,1.548,1024.1,44.33675,8.61036
1789866903.163,1175,5.19179,0.62137,3.22602,1.551,1.548,1024.1,44.36909,8.61658
1789866903.173,1176,5.19179,0.71406,3.70725,1.552,1.549,1024.1,44.40615,8.62372
1789866903.183,1177,5.19179,0.62386,3.23895,1.551,1.548,1024.1,44.43854,8.62996
1789866903.193,1178,5.19191,0.62561,3.24811,1.551,1.548,1024.1,44.47101,8.63622
1789866903.203,1179,5.19191,0.62411,3.24032,1.551,1.548,1024.1,44.50341,8.64246
1789866903.213,1180,5.19191,0.74719,3.87934,1.551,1.548,1024.1,44.54219,8.64993
1789866903.223,1181,5.19191,0.62611,3.25071,1.551,1.548,1024.1,44.57469,8.65619
1789866903.233,1182,5.19191,0.62685,3.25455,1.551,1.548,1024.1,44.60722,8.66245
1789866903.243,1183,5.19191,0.62561,3.24811,1.551,1.548,1024.1,44.63970,8.66871
1789866903.253,1184,5.19191,0.66796,3.46799,1.552,1.548,1024.1,44.67439,8.67539
1789866903.263,1185,5.19191,0.62062,3.22220,1.551,1.548,1024.1,44.70663,8.68160
1789866903.273,1186,5.19191,0.62984,3.27007,1.551,1.548,1024.1,44.73935,8.68790
1789866903.283,1187,5.19191,0.62536,3.24681,1.551,1.548,1024.1,44.77184,8.69416
1789866903.293,1188,5.19199,0.62860,3.26368,1.551,1.548,1024.1,44.80440,8.70043
1789866903.303,1189,5.19199,0.64848,3.36690,1.551,1.548,1024.1,44.83799,8.70690
1789866903.313,1190,5.19199,0.62785,3.25979,1.551,1.548,1024.1,44.87051,8.71316
1789866903.323,1191,5.19199,0.66846,3.47064,1.551,1.548,1024.1,44.90513,8.71983
1789866903.333,1192,5.19199,0.62536,3.24686,1.551,1.548,1024.1,44.93767,8.72610
1789866903.343,1193,5.19199,0.66622,3.45901,1.551,1.548,1024.1,44.97233,8.73277
1789866903.353,1194,5.19199,0.62013,3.21971,1.551,1.548,1024.1,45.00459,8.73899
1789866903.363,1195,5.19199,0.68789,3.57152,1.551,1.548,1024.1,45.04038,8.74588
1789866903.373,1196,5.19199,0.62785,3.25979,1.551,1.548,1024.1,45.07290,8.75214
1789866903.383,1197,5.19199,0.66921,3.47453,1.551,1.548,1024.1,45.10756,8.75882
1789866903.393,1198,5.19214,0.63333,3.28834,1.551,1.548,1024.1,45.14037,8.76514
1789866903.403,1199,5.18055,0.64883,3.36130,1.551,1.548,1024.1,45.17390,8.77161
1789866903.413,1200,5.19214,0.61913,3.21461,1.551,1.548,1024.1,45.20605,8.77780
1789866903.423,1201,5.18180,0.67369,3.49093,1.551,1.548,1024.1,45.24097,8.78454
1789866903.433,1202,5.22054,0.56207,2.93431,1.551,1.548,1024.1,45.27031,8.79016
1789866903.443,1203,5.19214,0.54912,2.85111,1.551,1.548,1024.1,45.29883,8.79565
1789866903.453,1204,5.19214,0.58848,3.05547,1.551,1.548,1024.1,45.32946,8.80155
1789866903.463,1205,5.21554,0.54787,2.85744,1.551,1.548,1024.1,45.35811,8.80705
1789866903.473,1206,5.20679,0.57254,2.98110,1.551,1.548,1024.1,45.38799,8.81279
1789866903.483,1207,5.21054,0.55111,2.87158,1.551,1.548,1024.1,45.41678,8.81831
1789866903.493,1208,5.21554,0.54887,2.86265,1.551,1.548,1024.1,45.44540,8.82380
1789866903.503,1209,5.21179,0.55709,2.90344,1.551,1.548,1024.1,45.47443,8.82937
1789866903.513,1210,5.19339,0.62337,3.23740,1.551,1.548,1024.1,45.50680,8.83560
1789866903.523,1211,5.20804,0.57354,2.98702,1.551,1.548,1024.1,45.53666,8.84134
1789866903.533,1212,5.19339,0.64278,3.33821,1.551,1.548,1024.1,45.57003,8.84776
1789866903.543,1213,5.19339,0.62959,3.26971,1.550,1.548,1024.1,45.60272,8.85405
1789866903.553,1214,5.19339,0.64278,3.33821,1.550,1.547,1024.1,45.63609,8.86048
1789866903.563,1215,5.19339,0.62262,3.23351,1.551,1.548,1024.1,45.66841,8.86670
1789866903.573,1216,5.19339,0.62386,3.23995,1.551,1.548,1024.1,45.70080,8.87294
1789866903.583,1217,5.19339,0.64278,3.33821,1.551,1.548,1024.1,45.73417,8.87937
1789866903.593,1218,5.19402,0.62013,3.22097,1.551,1.548,1024.1,45.76637,8.88557
1789866903.603,1219,5.19402,0.60991,3.16788,1.552,1.548,1024.1,45.79804,8.89166
1789866903.613,1220,5.20804,0.59098,3.07785,1.552,1.549,1024.1,45.82883,8.89758
1789866903.623,1221,5.20679,0.58699,3.05633,1.551,1.548,1024.1,45.85941,8.90345
1789866903.633,1222,5.19402,0.60617,3.14846,1.551,1.548,1024.1,45.89091,8.90951
1789866903.643,1223,5.20679,0.59322,3.08877,1.551,1.548,1024.1,45.92181,8.91545
1789866903.653,1224,5.19402,0.62536,3.24813,1.551,1.548,1024.1,45.95430,8.92170
1789866903.663,1225,5.20929,0.58350,3.03962,1.551,1.548,1024.1,45.98471,8.92754
1789866903.673,1226,5.20679,0.58275,3.03426,1.551,1.548,1024.1,46.01507,8.93337
1789866903.683,1227,5.19402,0.60219,3.12779,1.550,1.548,1024.1,46.04636,8.93940
1789866903.693,1228,5.20929,0.58824,3.06431,1.551,1.548,1024.1,46.07692,8.94526
1789866903.703,1229,5.19515,0.61340,3.18671,1.551,1.548,1024.1,46.10869,8.95138
1789866903.713,1230,5.20804,0.58151,3.02853,1.550,1.548,1024.1,46.13890,8.95718
1789866903.723,1231,5.20929,0.58649,3.05520,1.550,1.548,1024.1,46.16936,8.96303
1789866903.733,1232,5.19515,0.61440,3.19190,1.550,1.548,1024.1,46.20135,8.96918
1789866903.743,1233,5.20679,0.58201,3.03040,1.551,1.548,1024.1,46.23172,8.97501
1789866903.753,1234,5.19515,0.60842,3.16083,1.550,1.548,1024.1,46.26339,8.98111
1789866903.763,1235,5.20554,0.58226,3.03098,1.550,1.548,1024.1,46.29376,8.98695
1789866903.773,1236,5.20679,0.58201,3.03040,1.551,1.548,1024.1,46.32401,8.99276
1789866903.783,1237,5.19515,0.60543,3.14530,1.550,1.548,1024.1,46.35540,8.99880
1789866903.793,1238,5.20929,0.59397,3.09416,1.551,1.548,1024.1,46.38628,9.00473
1789866903.803,1239,5.19628,0.61166,3.17836,1.550,1.548,1024.1,46.41801,9.01083
1789866903.813,1240,5.19628,0.58649,3.04757,1.550,1.548,1024.1,46.44849,9.01670
1789866903.823,1241,5.19628,0.59945,3.11491,1.550,1.548,1024.1,46.47964,9.02269
1789866903.833,1242,5.19628,0.63056,3.27657,1.551,1.548,1024.1,46.51241,9.02900
1789866903.843,1243,5.19628,0.57927,3.01005,1.551,1.548,1024.1,46.54251,9.03479
1789866903.853,1244,5.19628,0.60543,3.14598,1.551,1.548,1024.1,46.57404,9.04086
1789866903.863,1245,5.20679,0.58699,3.05633,1.551,1.548,1024.1,46.60468,9.04674
1789866903.873,1246,5.20679,0.59920,3.11991,1.551,1.548,1024.1,46.63595,9.05275
1789866903.883,1247,5.19628,0.63056,3.27657,1.551,1.548,1024.1,46.66879,9.05907
1789866903.893,1248,5.19734,0.60742,3.15697,1.550,1.547,1024.1,46.70029,9.06513
1789866903.903,1249,5.19734,0.59621,3.09871,1.550,1.548,1024.1,46.73120,9.07108
1789866903.913,1250,5.20804,0.58500,3.04670,1.550,1.548,1024.1,46.76160,9.07691
1789866903.923,1251,5.19734,0.58475,3.03914,1.550,1.548,1024.1,46.79193,9.08275
1789866903.933,1252,5.19734,0.59222,3.07797,1.550,1.548,1024.1,46.82277,9.08868
1789866903.943,1253,5.19734,0.59995,3.11814,1.550,1.548,1024.1,46.85401,9.09469
1789866903.953,1254,5.17181,0.71680,3.70715,1.549,1.548,1024.1,46.89115,9.10188
1789866903.963,1255,5.19734,0.65600,3.40946,1.550,1.548,1049.7,46.92531,9.10845
1789866903.973,1256,5.18180,0.62562,3.24184,1.550,1.548,1024.1,46.95781,9.11472
1789866903.983,1257,5.19734,0.63831,3.31751,1.550,1.548,1024.1,46.99107,9.12112
1789866903.993,1258,5.19796,0.58998,3.06669,1.550,1.548,1024.1,47.02181,9.12703
1789866904.003,1259,5.20804,0.62227,3.24081,1.550,1.548,1024.1,47.05430,9.13327
1789866904.013,1260,5.19796,0.63856,3.31921,1.551,1.548,1024.1,47.08739,9.13964
1789866904.023,1261,5.20804,0.58599,3.05186,1.551,1.548,1024.1,47.11782,9.14548
1789866904.033,1262,5.19796,0.62227,3.23453,1.550,1.548,1024.1,47.15006,9.15168
1789866904.043,1263,5.20804,0.58898,3.06743,1.551,1.548,1024.1,47.18064,9.15756
1789866904.053,1264,5.19796,0.58500,3.04081,1.551,1.548,1024.1,47.21107,9.16341
1789866904.063,1265,5.19796,0.60966,3.16899,1.551,1.548,1024.1,47.24279,9.16951
1789866904.073,1266,5.19796,0.60343,3.13661,1.551,1.548,1024.1,47.27418,9.17555
1789866904.083,1267,5.18555,0.67668,3.50896,1.551,1.548,1024.1,47.30929,9.18232
1789866904.093,1268,5.19882,0.60094,3.12418,1.552,1.549,1024.1,47.34049,9.18832
1789866904.103,1269,5.19882,0.61840,3.21495,1.552,1.548,1024.1,47.37260,9.19450
1789866904.113,1270,5.19882,0.58724,3.05296,1.551,1.548,1024.1,47.40309,9.20036
1789866904.123,1271,5.20929,0.58375,3.04092,1.551,1.548,1024.1,47.43346,9.20619
1789866904.133,1272,5.19882,0.61840,3.21495,1.551,1.548,1024.1,47.46564,9.21238
1789866904.143,1273,5.19882,0.58475,3.04001,1.551,1.548,1024.1,47.49607,9.21824
1789866904.153,1274,5.19882,0.61840,3.21495,1.550,1.548,1024.1,47.52825,9.22443
1789866904.163,1275,5.21054,0.59397,3.09490,1.550,1.548,1024.1,47.55923,9.23037
1789866904.173,1276,5.20929,0.59197,3.08374,1.550,1.548,1024.1,47.59002,9.23628
1789866904.183,1277,5.18680,0.66124,3.42972,1.551,1.548,1024.1,47.62427,9.24289
1789866904.193,1278,5.19980,0.59297,3.08333,1.551,1.548,1024.1,47.65506,9.24881
1789866904.203,1279,5.19980,0.59048,3.07038,1.551,1.548,1024.1,47.68572,9.25470
1789866904.213,1280,5.19980,0.61450,3.19528,1.551,1.548,1024.1,47.71773,9.26086
1789866904.223,1281,5.19980,0.59122,3.07423,1.551,1.548,1024.1,47.74853,9.26678
1789866904.233,1282,5.19980,0.58973,3.06648,1.552,1.548,1024.1,47.77925,9.27269
1789866904.243,1283,5.19980,0.61450,3.19528,1.551,1.548,1024.1,47.81127,9.27885
1789866904.253,1284,5.19980,0.58998,3.06778,1.550,1.548,1024.1,47.84189,9.28474
1789866904.263,1285,5.19980,0.61450,3.19528,1.550,1.548,1024.1,47.87378,9.29087
1789866904.273,1286,5.19980,0.58201,3.02634,1.551,1.548,1024.1,47.90399,9.29668
1789866904.283,1287,5.19980,0.64380,3.34763,1.550,1.548,1024.1,47.93741,9.30311
1789866904.293,1288,5.20077,0.61002,3.17257,1.549,1.547,1024.1,47.96911,9.30920
1789866904.303,1289,5.20077,0.59471,3.09295,1.549,1.547,1024.1,48.00001,9.31514
1789866904.313,1290,5.20077,0.61002,3.17257,1.550,1.548,1024.1,48.03170,9.32124
1789866904.323,1291,5.20077,0.61002,3.17257,1.550,1.548,1024.1,48.06340,9.32733
1789866904.333,1292,5.20077,0.58250,3.02945,1.550,1.548,1024.1,48.09377,9.33317
1789866904.343,1293,5.20077,0.58101,3.02170,1.550,1.548,1024.1,48.12405,9.33900
1789866904.353,1294,5.20077,0.61002,3.17257,1.550,1.548,1024.1,48.15585,9.34511
1789866904.363,1295,5.20077,0.58948,3.06575,1.550,1.548,1024.1,48.18658,9.35102
1789866904.373,1296,5.20077,0.58375,3.03595,1.550,1.548,1024.1,48.21693,9.35685
1789866904.383,1297,5.20077,0.62785,3.26530,1.550,1.547,1024.1,48.24958,9.36313
1789866904.393,1298,5.20179,0.59471,3.09356,1.550,1.548,1024.1,48.28051,9.36908
1789866904.403,1299,5.20179,0.58973,3.06765,1.550,1.548,1024.1,48.31119,9.37497
1789866904.413,1300,5.20179,0.64155,3.33721,1.550,1.548,1024.1,48.34450,9.38138
1789866904.423,1301,5.20179,0.58300,3.03264,1.551,1.548,1024.1,48.37477,9.38720
1789866904.433,1302,5.20179,0.58101,3.02229,1.551,1.548,1024.1,48.40494,9.39300
1789866904.443,1303,5.20179,0.60537,3.14901,1.551,1.548,1024.1,48.43637,9.39904
1789866904.453,1304,5.20179,0.58525,3.04435,1.551,1.548,1024.1,48.46687,9.40490
1789866904.463,1305,5.20179,0.58450,3.04045,1.551,1.548,1024.1,48.49734,9.41076
1789866904.473,1306,5.20179,0.61614,3.20503,1.551,1.548,1024.1,48.52945,9.41693
1789866904.483,1307,5.20179,0.59147,3.07670,1.551,1.548,1024.1,48.56027,9.42286
1789866904.493,1308,5.19055,0.64355,3.34038,1.551,1.548,1024.1,48.59361,9.42928
1789866904.503,1309,5.20214,0.60415,3.14287,1.551,1.548,1024.1,48.62498,9.43531
1789866904.513,1310,5.20214,0.58824,3.06011,1.551,1.548,1024.1,48.65552,9.44118
1789866904.523,1311,5.20214,0.58599,3.04840,1.550,1.548,1024.1,48.68594,9.44703
1789866904.533,1312,5.20214,0.62561,3.25451,1.551,1.548,1024.1,48.71848,9.45329
1789866904.543,1313,5.20214,0.58799,3.05881,1.550,1.548,1024.1,48.74906,9.45916
1789866904.553,1314,5.20214,0.62984,3.27652,1.551,1.548,1024.1,48.78182,9.46546
1789866904.563,1315,5.20214,0.58325,3.03415,1.551,1.548,1024.1,48.81216,9.47129
1789866904.573,1316,5.20214,0.60415,3.14287,1.551,1.548,1024.1,48.84359,9.47734
1789866904.583,1317,5.20214,0.62785,3.26616,1.551,1.548,1024.1,48.87626,9.48362
1789866904.593,1318,5.18055,0.65276,3.38166,1.551,1.548,1024.1,48.91008,9.49014
1789866904.603,1319,5.18055,0.70185,3.63597,1.551,1.548,1024.1,48.94645,9.49716
1789866904.613,1320,5.20194,0.59197,3.07939,1.551,1.548,1049.7,48.97730,9.50310
1789866904.623,1321,5.20194,0.62511,3.25178,1.551,1.548,1049.7,49.00988,9.50936
1789866904.633,1322,5.20194,0.59247,3.08199,1.552,1.549,1049.7,49.04076,9.51529
1789866904.643,1323,5.20194,0.60468,3.14551,1.552,1.549,1024.1,49.07228,9.52135
1789866904.653,1324,5.18930,0.60468,3.13787,1.552,1.548,1049.7,49.10366,9.52740
1789866904.663,1325,5.20194,0.58998,3.06904,1.552,1.549,1024.1,49.13435,9.53330
1789866904.673,1326,5.20194,0.60468,3.14551,1.552,1.548,1024.1,49.16581,9.53935
1789866904.683,1327,5.20194,0.58724,3.05479,1.552,1.549,1024.1,49.19636,9.54522
1789866904.693,1328,5.20183,0.60471,3.14560,1.550,1.548,1024.1,49.22781,9.55127
1789866904.703,1329,5.20183,0.61664,3.20766,1.551,1.548,1024.1,49.25989,9.55743
1789866904.713,1330,5.20183,0.59297,3.08453,1.551,1.548,1024.1,49.29074,9.56336
1789866904.723,1331,5.20183,0.59421,3.09098,1.551,1.548,1024.1,49.32165,9.56931
1789866904.733,1332,5.20183,0.60471,3.14560,1.551,1.548,1024.1,49.35316,9.57536
1789866904.743,1333,5.20183,0.58226,3.02882,1.550,1.548,1024.1,49.38350,9.58120
1789866904.753,1334,5.20183,0.58425,3.03917,1.550,1.548,1024.1,49.41395,9.58705
1789866904.763,1335,5.20183,0.60471,3.14560,1.550,1.548,1024.1,49.44546,9.59311
1789866904.773,1336,5.20183,0.58774,3.05732,1.551,1.548,1024.1,49.47591,9.59896
1789866904.783,1337,5.20183,0.60471,3.14560,1.550,1.548,1024.1,49.50724,9.60498
1789866904.793,1338,5.20179,0.64703,3.36571,1.550,1.548,1024.1,49.54076,9.61143
1789866904.803,1339,5.20179,0.58898,3.06375,1.550,1.548,1049.7,49.57128,9.61729
1789866904.813,1340,5.20179,0.60507,3.14745,1.551,1.548,1049.7,49.60275,9.62335
1789866904.823,1341,5.20179,0.58250,3.03004,1.550,1.548,1024.1,49.63306,9.62917
1789866904.833,1342,5.20179,0.58176,3.02619,1.550,1.548,1024.1,49.66332,9.63499
1789866904.843,1343,5.20179,0.60507,3.14745,1.550,1.548,1049.7,49.69480,9.64104
1789866904.853,1344,5.20179,0.58973,3.06765,1.551,1.548,1024.1,49.72548,9.64694
1789866904.863,1345,5.20179,0.60507,3.14745,1.551,1.548,1024.1,49.75696,9.65299
1789866904.873,1346,5.20179,0.58699,3.05340,1.552,1.548,1024.1,49.78749,9.65886
1789866904.883,1347,5.20179,0.60507,3.14745,1.552,1.548,1024.1,49.81897,9.66491
1789866904.893,1348,5.20183,0.60519,3.14810,1.551,1.548,1024.1,49.85044,9.67096
1789866904.903,1349,5.20183,0.58923,3.06507,1.551,1.548,1024.1,49.88107,9.67685
1789866904.913,1350,5.20183,0.61913,3.22061,1.550,1.548,1024.1,49.91326,9.68304
1789866904.923,1351,5.20183,0.58923,3.06507,1.551,1.548,1024.1,49.94389,9.68893
1789866904.933,1352,5.20183,0.58525,3.04437,1.550,1.548,1024.1,49.97442,9.69479
1789866904.943,1353,5.20183,0.62760,3.26467,1.551,1.548,1024.1,50.00715,9.70109
1789866904.953,1354,5.20183,0.58799,3.05862,1.551,1.548,1024.1,50.03781,9.70698
1789866904.963,1355,5.20183,0.60519,3.14810,1.551,1.548,1024.1,50.06937,9.71305
1789866904.973,1356,5.20183,0.58400,3.03787,1.551,1.548,1024.1,50.09964,9.71887
1789866904.983,1357,5.20183,0.58051,3.01971,1.551,1.548,1024.1,50.12972,9.72465
1789866904.993,1358,5.19180,0.60400,3.13585,1.551,1.548,1024.1,50.16095,9.73067
1789866905.003,1359,5.20218,0.64006,3.32971,1.551,1.548,1024.1,50.19412,9.73704
1789866905.013,1360,5.20218,0.61938,3.22213,1.550,1.548,1049.7,50.22638,9.74324
1789866905.023,1361,5.20218,0.58649,3.05103,1.550,1.548,1049.7,50.25693,9.74912
1789866905.033,1362,5.20218,0.58500,3.04328,1.551,1.548,1049.7,50.28739,9.75497
1789866905.043,1363,5.20218,0.63209,3.28825,1.551,1.548,1049.7,50.32032,9.76130
1789866905.053,1364,5.20218,0.58151,3.02512,1.550,1.548,1049.7,50.35064,9.76713
1789866905.063,1365,5.20218,0.62187,3.23508,1.551,1.548,1049.7,50.38307,9.77336
1789866905.073,1366,5.20218,0.58599,3.04843,1.551,1.548,1024.1,50.41363,9.77924
1789866905.083,1367,5.20218,0.60400,3.14212,1.550,1.548,1024.1,50.44512,9.78529
1789866905.093,1368,5.20218,0.63308,3.29340,1.550,1.547,1024.1,50.47799,9.79161
1789866905.103,1369,5.20218,0.68216,3.54872,1.550,1.548,1024.1,50.51341,9.79842
1789866905.113,1370,5.20218,0.63607,3.30895,1.550,1.548,1024.1,50.54643,9.80477
1789866905.123,1371,5.20218,0.59023,3.07048,1.550,1.548,1024.1,50.57708,9.81066
1789866905.133,1372,5.20218,0.60437,3.14404,1.550,1.548,1024.1,50.60858,9.81671
1789866905.143,1373,5.20218,0.58400,3.03807,1.550,1.548,1024.1,50.63902,9.82256
1789866905.153,1374,5.20218,0.61664,3.20787,1.550,1.548,1024.1,50.67117,9.82874
1789866905.163,1375,5.20218,0.64355,3.34786,1.550,1.548,1024.1,50.70471,9.83519
1789866905.173,1376,5.20218,0.58799,3.05883,1.551,1.548,1024.1,50.73525,9.84106
1789866905.183,1377,5.20218,0.60437,3.14404,1.550,1.548,1024.1,50.76665,9.84710
1789866905.193,1378,5.20226,0.65152,3.38938,1.550,1.548,1049.7,50.80049,9.85360
1789866905.203,1379,5.18805,0.64629,3.35298,1.551,1.548,1049.7,50.83397,9.86006
1789866905.213,1380,5.20226,0.60446,3.14456,1.551,1.548,1049.7,50.86546,9.86611
1789866905.223,1381,5.19055,0.61489,3.19162,1.551,1.548,1024.1,50.89743,9.87227
1789866905.233,1382,5.20226,0.60446,3.14456,1.551,1.548,1049.7,50.92892,9.87832
1789866905.243,1383,5.20226,0.60446,3.14456,1.551,1.548,1049.7,50.96041,9.88438
1789866905.253,1384,5.20226,0.58898,3.06403,1.551,1.548,1049.7,50.99106,9.89027
1789866905.263,1385,5.20226,0.58699,3.05367,1.550,1.548,1049.7,51.02161,9.89614
1789866905.273,1386,5.20226,0.60446,3.14456,1.551,1.548,1049.7,51.05306,9.90218
1789866905.283,1387,5.20226,0.60446,3.14456,1.551,1.548,1049.7,51.08451,9.90823
1789866905.293,1388,5.20237,0.58848,3.06149,1.551,1.548,1049.7,51.11505,9.91410
1789866905.303,1389,5.20237,0.60415,3.14301,1.551,1.548,1049.7,51.14640,9.92013
1789866905.313,1390,5.20237,0.63532,3.30517,1.551,1.548,1049.7,51.17937,9.92646
1789866905.323,1391,5.20237,0.59247,3.08225,1.551,1.548,1049.7,51.21011,9.93237
1789866905.333,1392,5.20237,0.62087,3.23000,1.551,1.548,1049.7,51.24248,9.93860
1789866905.343,1393,5.20237,0.58674,3.05244,1.551,1.548,1049.7,51.27307,9.94448
1789866905.353,1394,5.20237,0.58624,3.04984,1.551,1.548,1049.7,51.30364,9.95035
1789866905.363,1395,5.20237,0.60415,3.14301,1.551,1.548,1049.7,51.33514,9.95641
1789866905.373,1396,5.20237,0.58076,3.02133,1.552,1.548,1049.7,51.36528,9.96220
1789866905.383,1397,5.20237,0.60415,3.14301,1.552,1.548,1049.7,51.39663,9.96822
1789866905.393,1398,5.20229,0.58425,3.03944,1.551,1.548,1049.7,51.42695,9.97405
1789866905.403,1399,5.20229,0.58699,3.05369,1.551,1.548,1049.7,51.45741,9.97991
1789866905.413,1400,5.20229,0.62561,3.25460,1.551,1.548,1049.7,51.49004,9.98618
1789866905.423,1401,5.20229,0.59048,3.07185,1.551,1.548,1049.7,51.52084,9.99210
1789866905.433,1402,5.20229,0.58624,3.04979,1.552,1.548,1049.7,51.55141,9.99798
1789866905.443,1403,5.20229,0.60483,3.14650,1.551,1.548,1049.7,51.58296,10.00404
1789866905.453,1404,5.20229,0.58450,3.04074,1.551,1.548,1049.7,51.61342,10.00990
1789866905.463,1405,5.20229,0.57902,3.01223,1.551,1.548,1024.1,51.64360,10.01570
1789866905.473,1406,5.20229,0.61739,3.21184,1.551,1.548,1024.1,51.67577,10.02188
1789866905.483,1407,5.20229,0.58749,3.05629,1.551,1.548,1024.1,51.70639,10.02777
1789866905.493,1408,5.20229,0.60478,3.14624,1.549,1.548,1024.1,51.73779,10.03380
1789866905.503,1409,5.20229,0.59322,3.08610,1.550,1.548,1024.1,51.76858,10.03972
1789866905.513,1410,5.19180,0.59272,3.07728,1.550,1.548,1024.1,51.79929,10.04564
1789866905.523,1411,5.20229,0.60478,3.14624,1.550,1.548,1024.1,51.83069,10.05167
1789866905.533,1412,5.20229,0.58674,3.05239,1.550,1.548,1049.7,51.86121,10.05754
1789866905.543,1413,5.20229,0.60478,3.14624,1.550,1.548,1024.1,51.89268,10.06359
1789866905.553,1414,5.20229,0.58450,3.04074,1.550,1.548,1024.1,51.92309,10.06944
1789866905.563,1415,5.20229,0.58699,3.05369,1.551,1.548,1024.1,51.95363,10.07531
1789866905.573,1416,5.20229,0.60478,3.14624,1.552,1.548,1049.7,51.98504,10.08134
1789866905.583,1417,5.20229,0.58774,3.05759,1.552,1.548,1049.7,52.01556,10.08721
1789866905.593,1418,5.20249,0.60463,3.14558,1.552,1.548,1049.7,52.04697,10.09325
1789866905.603,1419,5.20249,0.58525,3.04476,1.552,1.548,1049.7,52.07736,10.09909
1789866905.613,1420,5.20249,0.60463,3.14558,1.551,1.548,1049.7,52.10881,10.10513
1789866905.623,1421,5.20249,0.63333,3.29489,1.551,1.548,1024.1,52.14174,10.11146
1789866905.633,1422,5.20249,0.59446,3.09267,1.550,1.548,1024.1,52.17266,10.11741
1789866905.643,1423,5.20249,0.58799,3.05901,1.550,1.548,1024.1,52.20323,10.12328
1789866905.653,1424,5.20249,0.60463,3.14558,1.550,1.548,1049.7,52.23469,10.12933
1789866905.663,1425,5.20249,0.59073,3.07327,1.550,1.548,1049.7,52.26543,10.13524
1789866905.673,1426,5.20249,0.58525,3.04476,1.551,1.548,1049.7,52.29589,10.14109
1789866905.683,1427,5.20249,0.62411,3.24693,1.551,1.548,1049.7,52.32836,10.14734
1789866905.693,1428,5.20284,0.58226,3.02941,1.551,1.548,1049.7,52.35864,10.15316
1789866905.703,1429,5.20284,0.63532,3.30547,1.551,1.548,1049.7,52.39168,10.15951
1789866905.713,1430,5.20284,0.58425,3.03976,1.551,1.548,1049.7,52.42207,10.16535
1789866905.723,1431,5.18805,0.67120,3.48222,1.551,1.548,1049.7,52.45687,10.17205
1789866905.733,1432,5.20284,0.63981,3.32883,1.551,1.548,1049.7,52.49021,10.17846
1789866905.743,1433,5.20284,0.58998,3.06957,1.551,1.548,1049.7,52.52095,10.18437
1789866905.753,1434,5.20284,0.60346,3.13971,1.551,1.548,1049.7,52.55239,10.19041
1789866905.763,1435,5.20284,0.64155,3.33788,1.552,1.548,1049.7,52.58582,10.19684
1789866905.773,1436,5.20284,0.58300,3.03326,1.551,1.548,1049.7,52.61616,10.20267
1789866905.783,1437,5.20284,0.60346,3.13971,1.551,1.548,1049.7,52.64758,10.20871
1789866905.793,1438,5.20272,0.59023,3.07080,1.552,1.548,1049.7,52.67830,10.21461
1789866905.803,1439,5.20272,0.60416,3.14328,1.552,1.548,1049.7,52.70975,10.22066
1789866905.813,1440,5.20272,0.60416,3.14328,1.551,1.548,1049.7,52.74120,10.22670
1789866905.823,1441,5.19180,0.65002,3.37477,1.551,1.548,1049.7,52.77496,10.23321
1789866905.833,1442,5.20272,0.62038,3.22766,1.552,1.548,1049.7,52.80725,10.23941
1789866905.843,1443,5.20272,0.58998,3.06950,1.552,1.548,1049.7,52.83795,10.24531
1789866905.853,1444,5.20272,0.58375,3.03709,1.552,1.548,1049.7,52.86836,10.25116
1789866905.863,1445,5.20272,0.60416,3.14328,1.552,1.548,1024.1,52.89983,10.25721
1789866905.873,1446,5.20272,0.59222,3.08115,1.552,1.548,1024.1,52.93068,10.26314
1789866905.883,1447,5.20272,0.59023,3.07080,1.552,1.548,1024.1,52.96143,10.26905
1789866905.893,1448,5.20265,0.60424,3.14365,1.552,1.548,1024.1,52.99283,10.27508
1789866905.903,1449,5.20265,0.58724,3.05520,1.552,1.548,1024.1,53.02334,10.28095
1789866905.913,1450,5.20265,0.62212,3.23667,1.552,1.548,1024.1,53.05567,10.28716
1789866905.923,1451,5.20265,0.60424,3.14365,1.551,1.548,1024.1,53.08707,10.29320
1789866905.933,1452,5.20265,0.60424,3.14365,1.551,1.548,1024.1,53.11853,10.29924
1789866905.943,1453,5.20265,0.61813,3.21591,1.551,1.548,1024.1,53.15071,10.30543
1789866905.953,1454,5.20265,0.59197,3.07981,1.550,1.548,1024.1,53.18153,10.31135
1789866905.963,1455,5.20265,0.58549,3.04610,1.549,1.548,1024.1,53.21202,10.31721
1789866905.973,1456,5.20265,0.61539,3.20166,1.550,1.548,1024.1,53.24402,10.32336
1789866905.983,1457,5.20265,0.58824,3.06041,1.550,1.548,1024.1,53.27462,10.32924
1789866905.993,1458,5.20257,0.58649,3.05126,1.550,1.548,1049.7,53.30512,10.33511
1789866906.003,1459,5.20257,0.60464,3.14568,1.550,1.548,1024.1,53.33656,10.34115
1789866906.013,1460,5.20257,0.58574,3.04735,1.551,1.548,1049.7,53.36701,10.34700
1789866906.023,1461,5.20257,0.67295,3.50107,1.551,1.548,1049.7,53.40199,10.35373
1789866906.033,1462,5.20257,0.60464,3.14568,1.551,1.548,1049.7,53.43341,10.35977
1789866906.043,1463,5.20257,0.60464,3.14568,1.551,1.548,1049.7,53.46484,10.36581
1789866906.053,1464,5.20257,0.61589,3.20421,1.551,1.548,1024.1,53.49708,10.37200
1789866906.063,1465,5.20257,0.58898,3.06421,1.551,1.548,1024.1,53.52791,10.37793
1789866906.073,1466,5.20257,0.60464,3.14568,1.551,1.548,1049.7,53.55956,10.38401
1789866906.083,1467,5.20257,0.58026,3.01884,1.551,1.548,1049.7,53.58994,10.38985
1789866906.093,1468,5.20253,0.58599,3.04863,1.551,1.548,1024.1,53.62019,10.39567
1789866906.103,1469,5.20253,0.60454,3.14514,1.551,1.548,1049.7,53.65140,10.40167
1789866906.113,1470,5.20253,0.60454,3.14514,1.551,1.548,1049.7,53.68261,10.40767
1789866906.123,1471,5.20253,0.60454,3.14514,1.551,1.548,1049.7,53.71383,10.41367
1789866906.133,1472,5.20253,0.64380,3.34939,1.551,1.548,1049.7,53.74755,10.42015
1789866906.143,1473,5.19180,0.65077,3.37867,1.551,1.548,1049.7,53.78158,10.42670
1789866906.153,1474,5.18930,0.70135,3.63952,1.551,1.548,1049.7,53.81823,10.43377
1789866906.163,1475,5.20253,0.59122,3.07584,1.551,1.548,1049.7,53.84920,10.43972
1789866906.173,1476,5.20253,0.60454,3.14514,1.551,1.548,1049.7,53.88050,10.44573
1789866906.183,1477,5.20253,0.58475,3.04218,1.551,1.548,1049.7,53.91077,10.45155
1789866906.193,1478,5.20218,0.58998,3.06918,1.551,1.548,1049.7,53.94131,10.45742
1789866906.203,1479,5.18930,0.65501,3.39904,1.551,1.548,1049.7,53.97513,10.46394
1789866906.213,1480,5.20218,0.58898,3.06398,1.552,1.548,1049.7,54.00583,10.46984
1789866906.223,1481,5.20218,0.61589,3.20397,1.551,1.548,1049.7,54.03795,10.47602
1789866906.233,1482,5.20218,0.60575,3.15122,1.552,1.548,1049.7,54.06953,10.48209
1789866906.243,1483,5.20218,0.58749,3.05623,1.552,1.548,1049.7,54.10016,10.48797
1789866906.253,1484,5.18805,0.60575,3.14266,1.551,1.548,1049.7,54.13167,10.49405
1789866906.263,1485,5.20218,0.58998,3.06918,1.551,1.548,1049.7,54.16244,10.49996
1789866906.273,1486,5.20218,0.64429,3.35171,1.551,1.548,1049.7,54.19604,10.50642
1789866906.283,1487,5.20218,0.62710,3.26229,1.551,1.548,1049.7,54.22875,10.51271
1789866906.293,1488,5.20190,0.65526,3.40860,1.550,1.548,1024.1,54.26271,10.51924
1789866906.303,1489,5.20190,0.64554,3.35803,1.550,1.548,1049.7,54.29616,10.52567
1789866906.313,1490,5.19055,0.65002,3.37396,1.550,1.548,1049.7,54.32977,10.53214
1789866906.323,1491,5.18430,0.69288,3.59210,1.550,1.548,1049.7,54.36556,10.53905
1789866906.333,1492,5.20190,0.62835,3.26861,1.550,1.548,1049.7,54.39831,10.54534
1789866906.343,1493,5.18930,0.65850,3.41715,1.550,1.548,1049.7,54.43256,10.55194
1789866906.353,1494,5.19055,0.63383,3.28993,1.550,1.548,1049.7,54.46553,10.55829
1789866906.363,1495,5.20190,0.60643,3.15459,1.550,1.548,1024.1,54.49714,10.56437
1789866906.373,1496,5.20190,0.60643,3.15459,1.550,1.548,1049.7,54.52868,10.57044
1789866906.383,1497,5.20190,0.63981,3.32823,1.550,1.548,1049.7,54.56196,10.57683
1789866906.393,1498,5.20128,0.58724,3.05440,1.550,1.548,1049.7,54.59250,10.58271
1789866906.403,1499,5.20128,0.60890,3.16706,1.551,1.548,1049.7,54.62417,10.58879
1789866906.413,1500,5.20128,0.58699,3.05310,1.551,1.548,1049.7,54.65467,10.59466
1789866906.423,1501,5.20128,0.60890,3.16706,1.551,1.548,1049.7,54.68630,10.60074
1789866906.433,1502,5.18305,0.67170,3.48145,1.550,1.548,1049.7,54.72108,10.60745
1789866906.443,1503,5.20128,0.60890,3.16706,1.550,1.548,1049.7,54.75271,10.61353
1789866906.453,1504,5.20128,0.60890,3.16706,1.550,1.547,1049.7,54.78447,10.61964
1789866906.463,1505,5.20128,0.59496,3.09455,1.550,1.548,1049.7,54.81551,10.62560
1789866906.473,1506,5.20128,0.59098,3.07385,1.550,1.548,1049.7,54.84634,10.63153
1789866906.483,1507,5.20128,0.60890,3.16706,1.550,1.548,1049.7,54.87810,10.63764
1789866906.493,1508,5.20120,0.58151,3.02455,1.550,1.548,1049.7,54.90831,10.64344
1789866906.503,1509,5.20120,0.58948,3.06600,1.550,1.548,1049.7,54.93892,10.64933
1789866906.513,1510,5.20120,0.60931,3.16914,1.550,1.548,1049.7,54.97057,10.65542
1789866906.523,1511,5.20120,0.60931,3.16914,1.550,1.548,1049.7,55.00222,10.66150
1789866906.533,1512,5.20120,0.59297,3.08416,1.550,1.548,1049.7,55.03302,10.66742
1789866906.543,1513,5.18555,0.66622,3.45472,1.550,1.548,1049.7,55.06753,10.67408
1789866906.553,1514,5.20120,0.63707,3.31353,1.550,1.548,1049.7,55.10062,10.68044
1789866906.563,1515,5.20120,0.63732,3.31483,1.549,1.548,1049.7,55.13372,10.68680
1789866906.573,1516,5.19055,0.65700,3.41019,1.549,1.548,1049.7,55.16773,10.69336
1789866906.583,1517,5.20120,0.58549,3.04525,1.549,1.547,1049.7,55.19811,10.69920
1789866906.593,1518,5.20081,0.58549,3.04502,1.549,1.548,1049.7,55.22848,10.70504
1789866906.603,1519,5.20081,0.61075,3.17639,1.549,1.548,1049.7,55.26016,10.71113
1789866906.613,1520,5.20081,0.58649,3.05022,1.550,1.548,1049.7,55.29077,10.71701
1789866906.623,1521,5.20081,0.58774,3.05672,1.550,1.548,1049.7,55.32144,10.72291
1789866906.633,1522,5.20081,0.62710,3.26143,1.551,1.548,1049.7,55.35416,10.72920
1789866906.643,1523,5.20081,0.59770,3.10852,1.552,1.548,1049.7,55.38535,10.73520
1789866906.653,1524,5.20081,0.59696,3.10468,1.551,1.548,1049.7,55.41641,10.74117
1789866906.663,1525,5.20081,0.62984,3.27568,1.551,1.548,1049.7,55.44918,10.74747
1789866906.673,1526,5.20081,0.58624,3.04892,1.552,1.548,1049.7,55.47969,10.75334
1789866906.683,1527,5.20081,0.59521,3.09557,1.551,1.548,1049.7,55.51066,10.75929
1789866906.693,1528,5.20085,0.66024,3.43381,1.550,1.548,1024.1,55.54482,10.76586
1789866906.703,1529,5.20085,0.59098,3.07360,1.549,1.547,1049.7,55.57541,10.77174
1789866906.713,1530,5.20085,0.61117,3.17860,1.550,1.547,1049.7,55.60704,10.77782
1789866906.723,1531,5.20085,0.59696,3.10470,1.550,1.547,1049.7,55.63793,10.78376
1789866906.733,1532,5.20085,0.65850,3.42476,1.550,1.548,1049.7,55.67231,10.79037
1789866906.743,1533,5.20085,0.59272,3.08265,1.550,1.548,1049.7,55.70325,10.79632
1789866906.753,1534,5.20085,0.61117,3.17860,1.550,1.548,1049.7,55.73515,10.80246
1789866906.763,1535,5.20085,0.59671,3.10340,1.550,1.548,1049.7,55.76630,10.80845
1789866906.773,1536,5.20085,0.58998,3.06840,1.550,1.548,1049.7,55.79692,10.81433
1789866906.783,1537,5.20085,0.63209,3.28741,1.550,1.548,1049.7,55.82973,10.82064
1789866906.793,1538,5.20089,0.58051,3.01917,1.550,1.548,1049.7,55.85987,10.82644
1789866906.803,1539,5.20089,0.62810,3.26668,1.550,1.548,1049.7,55.89247,10.83271
1789866906.813,1540,5.20089,0.58599,3.04767,1.552,1.548,1049.7,55.92306,10.83859
1789866906.823,1541,5.20089,0.59621,3.10082,1.552,1.548,1049.7,55.95418,10.84457
1789866906.833,1542,5.20089,0.61107,3.17811,1.552,1.548,1049.7,55.98607,10.85070
1789866906.843,1543,5.20089,0.59446,3.09172,1.552,1.548,1049.7,56.01710,10.85667
1789866906.853,1544,5.20089,0.61107,3.17811,1.551,1.548,1049.7,56.04890,10.86278
1789866906.863,1545,5.20089,0.64355,3.34703,1.551,1.548,1049.7,56.08238,10.86922
1789866906.873,1546,5.20089,0.59322,3.08527,1.551,1.548,1049.7,56.11325,10.87516
1789866906.883,1547,5.20089,0.61107,3.17811,1.550,1.548,1049.7,56.14504,10.88127
1789866906.893,1548,5.20085,0.61103,3.17788,1.550,1.548,1049.7,56.17665,10.88735
1789866906.903,1549,5.20085,0.59596,3.09950,1.551,1.548,1049.7,56.20747,10.89327
1789866906.913,1550,5.19055,0.63059,3.27311,1.551,1.548,1049.7,56.24002,10.89954
1789866906.923,1551,5.20085,0.58649,3.05025,1.550,1.548,1049.7,56.27035,10.90538
1789866906.933,1552,5.20085,0.61103,3.17788,1.550,1.548,1049.7,56.30224,10.91151
1789866906.943,1553,5.20085,0.62934,3.27310,1.551,1.548,1049.7,56.33507,10.91782
1789866906.953,1554,5.20085,0.59023,3.06970,1.551,1.548,1049.7,56.36587,10.92374
1789866906.963,1555,5.20085,0.61103,3.17788,1.550,1.548,1049.7,56.39776,10.92987
1789866906.973,1556,5.20085,0.63557,3.30550,1.550,1.548,1049.7,56.43071,10.93621
1789866906.983,1557,5.20085,0.58076,3.02045,1.551,1.548,1049.7,56.46081,10.94200
1789866906.993,1558,5.20093,0.61054,3.17538,1.551,1.548,1049.7,56.49247,10.94808
1789866907.003,1559,5.20093,0.58500,3.04254,1.551,1.548,1049.7,56.52280,10.95391
1789866907.013,1560,5.20093,0.61054,3.17538,1.551,1.548,1049.7,56.55466,10.96004
1789866907.023,1561,5.20093,0.58998,3.06844,1.551,1.548,1049.7,56.58545,10.96596
1789866907.033,1562,5.20093,0.58450,3.03994,1.551,1.548,1049.7,56.61596,10.97183
1789866907.043,1563,5.20093,0.62187,3.23430,1.551,1.548,1049.7,56.64841,10.97807
1789866907.053,1564,5.20093,0.59222,3.08009,1.551,1.548,1049.7,56.67929,10.98400
1789866907.063,1565,5.20093,0.58923,3.06454,1.551,1.548,1049.7,56.71001,10.98991
1789866907.073,1566,5.20093,0.61054,3.17538,1.551,1.548,1049.7,56.74184,10.99603
1789866907.083,1567,5.21179,0.58549,3.05145,1.551,1.548,1049.7,56.77243,11.00190
1789866907.093,1568,5.20108,0.59147,3.07628,1.550,1.548,1049.7,56.80305,11.00779
1789866907.103,1569,5.20108,0.61022,3.17380,1.550,1.547,1049.7,56.83464,11.01386
1789866907.113,1570,5.20108,0.58649,3.05038,1.550,1.548,1049.7,56.86500,11.01970
1789866907.123,1571,5.20108,0.61022,3.17380,1.549,1.548,1049.7,56.89659,11.02577
1789866907.133,1572,5.20108,0.58923,3.06463,1.550,1.548,1049.7,56.92733,11.03168
1789866907.143,1573,5.20108,0.58724,3.05428,1.550,1.548,1049.7,56.95797,11.03757
1789866907.153,1574,5.20108,0.61022,3.17380,1.549,1.548,1049.7,56.98980,11.04369
1789866907.163,1575,5.20108,0.58649,3.05038,1.550,1.548,1049.7,57.02040,11.04958
1789866907.173,1576,5.20108,0.59272,3.08278,1.550,1.548,1049.7,57.05111,11.05548
1789866907.183,1577,5.20108,0.61022,3.17380,1.550,1.548,1049.7,57.08273,11.06156
1789866907.193,1578,5.20163,0.58649,3.05070,1.551,1.548,1049.7,57.11312,11.06740
1789866907.203,1579,5.20163,0.58824,3.05981,1.551,1.548,1049.7,57.14361,11.07326
1789866907.213,1580,5.20163,0.60857,3.16556,1.552,1.548,1049.7,57.17528,11.07935
1789866907.223,1581,5.20163,0.57752,3.00405,1.552,1.548,1049.7,57.20535,11.08513
1789866907.233,1582,5.20163,0.60857,3.16556,1.551,1.548,1049.7,57.23703,11.09122
1789866907.243,1583,5.20163,0.59770,3.10901,1.551,1.548,1049.7,57.26814,11.09721
1789866907.253,1584,5.20163,0.60857,3.16556,1.551,1.548,1049.7,57.29987,11.10331
1789866907.263,1585,5.20163,0.60857,3.16556,1.551,1.548,1049.7,57.33159,11.10940
1789866907.273,1586,5.20163,0.62835,3.26844,1.550,1.548,1049.7,57.36435,11.11570
1789866907.283,1587,5.20163,0.58873,3.06236,1.550,1.548,1049.7,57.39505,11.12160
1789866907.293,1588,5.20171,0.60871,3.16633,1.551,1.548,1049.7,57.42668,11.12768
1789866907.303,1589,5.20171,0.58699,3.05335,1.550,1.548,1049.7,57.45718,11.13355
1789866907.313,1590,5.20171,0.58126,3.02355,1.551,1.548,1049.7,57.48738,11.13935
1789866907.323,1591,5.20171,0.62785,3.26589,1.550,1.548,1049.7,57.52001,11.14563
1789866907.333,1592,5.20171,0.59347,3.08706,1.551,1.548,1049.7,57.55098,11.15158
1789866907.343,1593,5.20171,0.60871,3.16633,1.551,1.548,1049.7,57.58275,11.15769
1789866907.353,1594,5.20171,0.59795,3.11036,1.550,1.548,1049.7,57.61395,11.16369
1789866907.363,1595,5.19055,0.64255,3.33519,1.550,1.548,1049.7,57.64741,11.17013
1789866907.373,1596,5.20171,0.62411,3.24644,1.550,1.548,1049.7,57.67975,11.17635
1789866907.383,1597,5.20171,0.58076,3.02095,1.551,1.548,1049.7,57.70984,11.18213
1789866907.393,1598,5.20245,0.58450,3.04083,1.550,1.548,1049.7,57.74013,11.18796
1789866907.403,1599,5.20245,0.60551,3.15014,1.550,1.548,1049.7,57.77151,11.19399
1789866907.413,1600,5.20245,0.58724,3.05509,1.551,1.548,1049.7,57.80205,11.19986
1789866907.423,1601,5.20245,0.60551,3.15014,1.550,1.548,1049.7,57.83354,11.20591
1789866907.433,1602,5.20245,0.63109,3.28321,1.551,1.548,1049.7,57.86636,11.21222
1789866907.443,1603,5.20245,0.60551,3.15014,1.551,1.548,1049.7,57.89785,11.21827
1789866907.453,1604,5.19055,0.60551,3.14293,1.550,1.548,1049.7,57.92937,11.22435
1789866907.463,1605,5.20245,0.59098,3.07454,1.550,1.548,1049.7,57.96020,11.23027
1789866907.473,1606,5.20245,0.60551,3.15014,1.550,1.548,1049.7,57.99179,11.23634
1789866907.483,1607,5.20245,0.60551,3.15014,1.550,1.548,1049.7,58.02338,11.24242
1789866907.493,1608,5.20249,0.58450,3.04086,1.551,1.548,1049.7,58.05368,11.24824
1789866907.503,1609,5.20249,0.60535,3.14933,1.550,1.548,1049.7,58.08506,11.25427
1789866907.513,1610,5.20249,0.62710,3.26248,1.551,1.548,1049.7,58.11757,11.26052
1789866907.523,1611,5.20249,0.58699,3.05381,1.550,1.548,1049.7,58.14799,11.26637
1789866907.533,1612,5.20249,0.60535,3.14933,1.550,1.548,1049.7,58.17959,11.27244
1789866907.543,1613,5.20249,0.58649,3.05121,1.551,1.548,1049.7,58.21021,11.27833
1789866907.553,1614,5.20249,0.61714,3.21066,1.550,1.548,1049.7,58.24242,11.28452
1789866907.563,1615,5.18180,0.68117,3.52969,1.550,1.548,1049.7,58.27784,11.29135
1789866907.573,1616,5.20249,0.58948,3.06676,1.550,1.548,1049.7,58.30839,11.29723
1789866907.583,1617,5.20249,0.62087,3.23007,1.551,1.548,1049.7,58.34056,11.30341
1789866907.593,1618,5.20268,0.59048,3.07208,1.551,1.548,1049.7,58.37116,11.30929
1789866907.603,1619,5.20268,0.58549,3.04612,1.550,1.548,1049.7,58.40151,11.31512
1789866907.613,1620,5.20268,0.59147,3.07723,1.551,1.548,1049.7,58.43238,11.32106
1789866907.623,1621,5.20268,0.58126,3.02411,1.552,1.548,1049.7,58.46271,11.32689
1789866907.633,1622,5.20268,0.58325,3.03446,1.551,1.548,1049.7,58.49316,11.33274
1789866907.643,1623,5.20268,0.60450,3.14502,1.551,1.548,1049.7,58.52471,11.33880
1789866907.653,1624,5.20268,0.59048,3.07208,1.551,1.548,1049.7,58.55546,11.34472
1789866907.663,1625,5.19055,0.63806,3.31188,1.551,1.548,1049.7,58.58861,11.35110
1789866907.673,1626,5.20268,0.61514,3.20038,1.551,1.548,1049.7,58.62065,11.35726
1789866907.683,1627,5.20268,0.60450,3.14502,1.550,1.548,1049.7,58.65213,11.36331
1789866907.693,1628,5.20276,0.58350,3.03581,1.551,1.548,1049.7,58.68238,11.36913
1789866907.703,1629,5.20276,0.60375,3.14117,1.551,1.548,1049.7,58.71368,11.37514
1789866907.713,1630,5.20276,0.58923,3.06562,1.551,1.548,1049.7,58.74423,11.38101
1789866907.723,1631,5.20276,0.60375,3.14117,1.551,1.548,1049.7,58.77552,11.38703
1789866907.733,1632,5.20276,0.58873,3.06302,1.552,1.548,1049.7,58.80617,11.39292
1789866907.743,1633,5.20276,0.58973,3.06822,1.552,1.548,1049.7,58.83686,11.39882
1789866907.753,1634,5.20276,0.60375,3.14117,1.551,1.548,1049.7,58.86829,11.40486
1789866907.763,1635,5.20276,0.59197,3.07988,1.551,1.548,1049.7,58.89910,11.41078
1789866907.773,1636,5.20276,0.63732,3.31582,1.552,1.548,1049.7,58.93243,11.41719
1789866907.783,1637,5.20276,0.60375,3.14117,1.551,1.548,1049.7,58.96399,11.42325
1789866907.793,1638,5.20276,0.58898,3.06432,1.551,1.548,1049.7,58.99479,11.42917
1789866907.803,1639,5.20276,0.58873,3.06302,1.552,1.548,1049.7,59.02557,11.43509
1789866907.813,1640,5.20276,0.60353,3.14002,1.552,1.548,1049.7,59.05683,11.44110
1789866907.823,1641,5.20276,0.58275,3.03191,1.551,1.548,1049.7,59.08701,11.44690
1789866907.833,1642,5.20276,0.60353,3.14002,1.552,1.548,1049.7,59.11827,11.45291
1789866907.843,1643,5.20276,0.58500,3.04361,1.552,1.548,1049.7,59.14857,11.45873
1789866907.853,1644,5.20276,0.58774,3.05787,1.552,1.548,1049.7,59.17925,11.46463
1789866907.863,1645,5.20276,0.61689,3.20953,1.551,1.548,1049.7,59.21146,11.47082
1789866907.873,1646,5.20276,0.59098,3.07473,1.552,1.548,1024.1,59.24231,11.47675
1789866907.883,1647,5.20276,0.58549,3.04616,1.551,1.548,1024.1,59.27287,11.48262
1789866907.893,1648,5.20296,0.61464,3.19795,1.551,1.548,1024.1,59.30469,11.48874
1789866907.903,1649,5.20296,0.60313,3.13806,1.550,1.548,1024.1,59.33591,11.49474
1789866907.913,1650,5.20296,0.58300,3.03333,1.551,1.548,1024.1,59.36609,11.50054
1789866907.923,1651,5.20296,0.61913,3.22131,1.550,1.548,1024.1,59.39814,11.50670
1789866907.933,1652,5.20296,0.58400,3.03853,1.550,1.548,1024.1,59.42856,11.51254
1789866907.943,1653,5.20296,0.60313,3.13806,1.550,1.548,1049.7,59.45998,11.51858
1789866907.953,1654,5.20296,0.58599,3.04888,1.550,1.548,1049.7,59.49050,11.52445
1789866907.963,1655,5.20296,0.58549,3.04628,1.550,1.548,1049.7,59.52101,11.53031
1789866907.973,1656,5.20296,0.63383,3.29779,1.550,1.548,1049.7,59.55410,11.53667
1789866907.983,1657,5.20296,0.59222,3.08130,1.551,1.548,1049.7,59.58502,11.54262
1789866907.993,1658,5.20296,0.62361,3.24462,1.550,1.548,1049.7,59.61758,11.54887
1789866908.003,1659,5.20296,0.60304,3.13759,1.550,1.548,1049.7,59.64907,11.55493
1789866908.013,1660,5.20296,0.58375,3.03723,1.551,1.548,1049.7,59.67942,11.56076
1789866908.023,1661,5.20296,0.58824,3.06059,1.551,1.548,1049.7,59.71000,11.56664
1789866908.033,1662,5.20296,0.60304,3.13759,1.550,1.548,1049.7,59.74136,11.57266
1789866908.043,1663,5.20296,0.60304,3.13759,1.550,1.548,1049.7,59.77271,11.57869
1789866908.053,1664,5.20296,0.63881,3.32370,1.550,1.548,1049.7,59.80598,11.58508
1789866908.063,1665,5.20296,0.60304,3.13759,1.551,1.548,1049.7,59.83739,11.59112
1789866908.073,1666,5.19055,0.67095,3.48260,1.551,1.548,1049.7,59.87225,11.59784
1789866908.083,1667,5.20296,0.63308,3.29389,1.550,1.548,1049.7,59.90522,11.60417
1789866908.093,1668,5.20280,0.58898,3.06435,1.551,1.548,1049.7,59.93580,11.61005
1789866908.103,1669,5.20280,0.60340,3.13937,1.551,1.548,1049.7,59.96713,11.61607
1789866908.113,1670,5.20280,0.63184,3.28734,1.551,1.548,1049.7,59.99994,11.62238
1789866908.123,1671,5.20280,0.58824,3.06050,1.550,1.548,1049.7,60.03048,11.62825
1789866908.133,1672,5.20280,0.60340,3.13937,1.550,1.548,1049.7,60.06196,11.63430
1789866908.143,1673,5.20280,0.58699,3.05399,1.550,1.548,1049.7,60.09259,11.64019
1789866908.153,1674,5.20280,0.61390,3.19400,1.550,1.548,1049.7,60.12462,11.64634
1789866908.163,1675,5.20280,0.64105,3.33525,1.550,1.548,1049.7,60.15806,11.65277
1789866908.173,1676,5.20280,0.61763,3.21341,1.550,1.548,1049.7,60.19006,11.65892
1789866908.183,1677,5.20280,0.61589,3.20435,1.550,1.548,1049.7,60.22198,11.66506
1789866908.193,1678,5.20268,0.58549,3.04612,1.550,1.548,1049.7,60.25231,11.67089
1789866908.203,1679,5.20268,0.59048,3.07208,1.550,1.548,1049.7,60.28291,11.67677
1789866908.213,1680,5.20268,0.61689,3.20948,1.550,1.548,1049.7,60.31497,11.68293
1789866908.223,1681,5.20268,0.60333,3.13893,1.550,1.548,1049.7,60.34633,11.68896
1789866908.233,1682,5.20268,0.58824,3.06042,1.550,1.548,1049.7,60.37690,11.69483
1789866908.243,1683,5.20268,0.60333,3.13893,1.551,1.548,1049.7,60.40826,11.70086
1789866908.253,1684,5.20268,0.58126,3.02411,1.550,1.548,1049.7,60.43858,11.70669
1789866908.263,1685,5.20268,0.60333,3.13893,1.550,1.548,1049.7,60.47006,11.71274
1789866908.273,1686,5.20268,0.63956,3.32743,1.550,1.548,1049.7,60.50342,11.71915
1789866908.283,1687,5.20268,0.59147,3.07723,1.551,1.548,1049.7,60.53428,11.72508
1789866908.293,1688,5.20276,0.61838,3.21728,1.551,1.548,1049.7,60.56633,11.73124
1789866908.303,1689,5.20276,0.60272,3.13581,1.550,1.548,1049.7,60.59757,11.73725
1789866908.313,1690,5.20276,0.60272,3.13581,1.551,1.548,1049.7,60.62880,11.74325
1789866908.323,1691,5.20276,0.61290,3.18877,1.551,1.548,1049.7,60.66056,11.74936
1789866908.333,1692,5.20276,0.60272,3.13581,1.551,1.548,1049.7,60.69204,11.75541
1789866908.343,1693,5.20276,0.59197,3.07988,1.551,1.548,1049.7,60.72296,11.76135
1789866908.353,1694,5.20276,0.60272,3.13581,1.550,1.548,1049.7,60.75444,11.76740
1789866908.363,1695,5.20276,0.60272,3.13581,1.550,1.548,1049.7,60.78592,11.77345
1789866908.373,1696,5.20276,0.58799,3.05917,1.550,1.548,1049.7,60.81652,11.77933
1789866908.383,1697,5.19055,0.66846,3.46968,1.550,1.548,1049.7,60.85122,11.78602
1789866908.393,1698,5.20276,0.60330,3.13883,1.550,1.548,1049.7,60.88261,11.79205
1789866908.403,1699,5.20276,0.60330,3.13883,1.551,1.548,1049.7,60.91400,11.79808
1789866908.413,1700,5.20276,0.60330,3.13883,1.551,1.548,1049.7,60.94534,11.80411
1789866908.423,1701,5.20276,0.58774,3.05787,1.551,1.548,1049.7,60.97587,11.80997
1789866908.433,1702,5.20276,0.61440,3.19658,1.551,1.548,1049.7,61.00778,11.81611
1789866908.443,1703,5.20276,0.60330,3.13883,1.551,1.548,1049.7,61.03912,11.82213
1789866908.453,1704,5.20276,0.58799,3.05917,1.551,1.548,1049.7,61.06978,11.82803
1789866908.463,1705,5.20276,0.60330,3.13883,1.551,1.548,1049.7,61.10124,11.83407
1789866908.473,1706,5.20276,0.59098,3.07473,1.551,1.548,1049.7,61.13205,11.83999
1789866908.483,1707,5.20276,0.61340,3.19137,1.551,1.548,1049.7,61.16404,11.84614
1789866908.493,1708,5.20268,0.59073,3.07338,1.551,1.548,1049.7,61.19469,11.85203
1789866908.503,1709,5.20268,0.58774,3.05782,1.551,1.548,1049.7,61.22518,11.85789
1789866908.513,1710,5.20268,0.62885,3.27171,1.550,1.548,1049.7,61.25781,11.86417
1789866908.523,1711,5.20268,0.58799,3.05912,1.551,1.548,1049.7,61.28831,11.87003
1789866908.533,1712,5.20268,0.60366,3.14065,1.550,1.548,1049.7,61.31980,11.87608
1789866908.543,1713,5.20268,0.58450,3.04097,1.551,1.548,1049.7,61.35029,11.88194
1789866908.553,1714,5.20268,0.58848,3.06167,1.550,1.548,1049.7,61.38099,11.88784
1789866908.563,1715,5.19180,0.62635,3.25188,1.551,1.548,1049.7,61.41359,11.89412
1789866908.573,1716,5.20268,0.58325,3.03446,1.551,1.548,1049.7,61.44387,11.89994
1789866908.583,1717,5.20268,0.64529,3.35724,1.550,1.548,1049.7,61.47738,11.90638
1789866908.593,1718,5.20272,0.58525,3.04489,1.550,1.548,1049.7,61.50776,11.91222
1789866908.603,1719,5.20272,0.58774,3.05785,1.550,1.548,1049.7,61.53828,11.91809
1789866908.613,1720,5.20272,0.63582,3.30799,1.550,1.548,1049.7,61.57134,11.92444
1789866908.623,1721,5.20272,0.59023,3.07080,1.550,1.548,1049.7,61.60203,11.93034
1789866908.633,1722,5.20272,0.62984,3.27688,1.550,1.548,1049.7,61.63478,11.93664
1789866908.643,1723,5.20272,0.58151,3.02543,1.552,1.548,1049.7,61.66502,11.94245
1789866908.653,1724,5.20272,0.61440,3.19655,1.551,1.548,1049.7,61.69706,11.94861
1789866908.663,1725,5.20272,0.62984,3.27688,1.551,1.548,1049.7,61.72990,11.95492
1789866908.673,1726,5.20272,0.59048,3.07210,1.551,1.548,1049.7,61.76069,11.96084
1789866908.683,1727,5.20272,0.63557,3.30669,1.551,1.548,1049.7,61.79384,11.96721
1789866908.693,1728,5.20276,0.63508,3.30417,1.550,1.548,1049.7,61.82672,11.97353
1789866908.703,1729,5.20276,0.60335,3.13909,1.549,1.547,1049.7,61.85796,11.97953
1789866908.713,1730,5.20276,0.62187,3.23544,1.550,1.548,1049.7,61.89016,11.98572
1789866908.723,1731,5.20276,0.60335,3.13909,1.551,1.548,1049.7,61.92140,11.99173
1789866908.733,1732,5.20276,0.60335,3.13909,1.551,1.548,1049.7,61.95290,11.99778
1789866908.743,1733,5.20276,0.63483,3.30287,1.551,1.548,1049.7,61.98604,12.00415
1789866908.753,1734,5.20276,0.58300,3.03321,1.551,1.548,1049.7,62.01648,12.01000
1789866908.763,1735,5.20276,0.60335,3.13909,1.551,1.548,1049.7,62.04798,12.01605
1789866908.773,1736,5.21304,0.60335,3.14529,1.550,1.548,1049.7,62.07941,12.02209
1789866908.783,1737,5.20276,0.60335,3.13909,1.551,1.548,1049.7,62.11079,12.02812
1789866908.793,1738,5.20268,0.60300,3.13722,1.551,1.548,1049.7,62.14215,12.03414
1789866908.803,1739,5.20268,0.60300,3.13722,1.551,1.548,1049.7,62.17350,12.04017
1789866908.813,1740,5.20268,0.60300,3.13722,1.551,1.548,1049.7,62.20493,12.04621
1789866908.823,1741,5.20268,0.58201,3.02801,1.552,1.548,1049.7,62.23527,12.05204
1789866908.833,1742,5.20268,0.60300,3.13722,1.552,1.548,1049.7,62.26670,12.05808
1789866908.843,1743,5.20268,0.58300,3.03316,1.552,1.548,1049.7,62.29709,12.06392
1789866908.853,1744,5.20268,0.60300,3.13722,1.551,1.548,1049.7,62.32851,12.06996
1789866908.863,1745,5.20268,0.61489,3.19908,1.551,1.548,1049.7,62.36055,12.07612
1789866908.873,1746,5.20268,0.58699,3.05392,1.551,1.548,1049.7,62.39113,12.08200
1789866908.883,1747,5.20268,0.60300,3.13722,1.550,1.548,1049.7,62.42255,12.08804
1789866908.893,1748,5.20272,0.64180,3.33911,1.550,1.548,1049.7,62.45586,12.09444
1789866908.903,1749,5.20272,0.58574,3.04744,1.549,1.548,1049.7,62.48625,12.10028
1789866908.913,1750,5.20272,0.60273,3.13584,1.550,1.548,1049.7,62.51753,12.10629
1789866908.923,1751,5.20272,0.58699,3.05394,1.550,1.548,1049.7,62.54799,12.11215
1789866908.933,1752,5.20272,0.59247,3.08246,1.550,1.548,1049.7,62.57882,12.11808
1789866908.943,1753,5.20272,0.60273,3.13584,1.550,1.548,1049.7,62.61018,12.12410
1789866908.953,1754,5.20272,0.58574,3.04744,1.551,1.548,1049.7,62.64066,12.12996
1789866908.963,1755,5.20272,0.58799,3.05915,1.551,1.548,1049.7,62.67126,12.13584
1789866908.973,1756,5.20272,0.60273,3.13584,1.551,1.548,1049.7,62.70265,12.14188
1789866908.983,1757,5.20272,0.58973,3.06820,1.551,1.548,1049.7,62.73336,12.14778
1789866908.993,1758,5.20268,0.61614,3.20558,1.551,1.548,1049.7,62.76545,12.15395
1789866909.003,1759,5.20268,0.58724,3.05522,1.552,1.548,1049.7,62.79603,12.15982
1789866909.013,1760,5.20268,0.60321,3.13831,1.551,1.548,1049.7,62.82745,12.16586
1789866909.023,1761,5.20268,0.62710,3.26260,1.551,1.548,1049.7,62.86013,12.17214
1789866909.033,1762,5.20268,0.58923,3.06558,1.551,1.548,1049.7,62.89083,12.17804
1789866909.043,1763,5.20268,0.60321,3.13831,1.552,1.548,1049.7,62.92225,12.18409
1789866909.053,1764,5.20268,0.62237,3.23799,1.552,1.548,1049.7,62.95459,12.19030
1789866909.063,1765,5.20268,0.61714,3.21078,1.551,1.548,1049.7,62.98667,12.19647
1789866909.073,1766,5.18305,0.64031,3.31876,1.551,1.548,1049.7,63.01981,12.20286
1789866909.083,1767,5.20268,0.63034,3.27946,1.552,1.548,1049.7,63.05257,12.20916
1789866909.093,1768,5.20226,0.64977,3.38027,1.552,1.548,1049.7,63.08622,12.21563
1789866909.103,1769,5.20226,0.62436,3.24808,1.550,1.548,1049.7,63.11855,12.22184
1789866909.113,1770,5.20226,0.62635,3.25844,1.551,1.548,1049.7,63.15098,12.22807
1789866909.123,1771,5.18680,0.66771,3.46328,1.550,1.548,1049.7,63.18545,12.23472
1789866909.133,1772,5.20226,0.57827,3.00831,1.551,1.548,1049.7,63.21579,12.24055
1789866909.143,1773,5.20226,0.60494,3.14706,1.551,1.548,1049.7,63.24752,12.24665
1789866909.153,1774,5.20226,0.58350,3.03552,1.550,1.548,1049.7,63.27814,12.25254
1789866909.163,1775,5.20226,0.60494,3.14706,1.550,1.548,1049.7,63.30987,12.25864
1789866909.173,1776,5.20226,0.63483,3.30255,1.550,1.548,1049.7,63.34268,12.26494
1789866909.183,1777,5.20226,0.60494,3.14706,1.551,1.548,1049.7,63.37394,12.27095
1789866909.193,1778,5.20206,0.60584,3.15162,1.550,1.548,1049.7,63.40525,12.27697
1789866909.203,1779,5.20206,0.59322,3.08597,1.551,1.548,1049.7,63.43591,12.28286
1789866909.213,1780,5.20206,0.60584,3.15162,1.551,1.548,1049.7,63.46753,12.28894
1789866909.223,1781,5.20206,0.58998,3.06911,1.551,1.548,1049.7,63.49832,12.29486
1789866909.233,1782,5.20206,0.60584,3.15162,1.551,1.548,1049.7,63.52994,12.30094
1789866909.243,1783,5.20206,0.63458,3.30112,1.550,1.548,1049.7,63.56306,12.30731
1789866909.253,1784,5.20206,0.58898,3.06391,1.551,1.548,1049.7,63.59359,12.31318
1789866909.263,1785,5.20206,0.60584,3.15162,1.550,1.548,1049.7,63.62499,12.31921
1789866909.273,1786,5.20206,0.60584,3.15162,1.551,1.548,1049.7,63.65638,12.32525
1789866909.283,1787,5.20206,0.60584,3.15162,1.550,1.548,1049.7,63.68778,12.33128
1789866909.293,1788,5.20198,0.62735,3.26346,1.550,1.548,1049.7,63.72045,12.33756
1789866909.303,1789,5.19180,0.63582,3.30105,1.550,1.548,1049.7,63.75349,12.34393
1789866909.313,1790,5.18555,0.66024,3.42371,1.550,1.548,1049.7,63.78777,12.35054
1789866909.323,1791,5.18805,0.63707,3.30515,1.550,1.548,1049.7,63.82085,12.35691
1789866909.333,1792,5.20198,0.63707,3.31403,1.550,1.548,1049.7,63.85390,12.36327
1789866909.343,1793,5.20198,0.60618,3.15334,1.551,1.548,1049.7,63.88535,12.36931
1789866909.353,1794,5.20198,0.63532,3.30492,1.551,1.548,1049.7,63.91830,12.37565
1789866909.363,1795,5.20198,0.60618,3.15334,1.551,1.548,1049.7,63.94975,12.38169
1789866909.373,1796,5.20198,0.60618,3.15334,1.551,1.548,1049.7,63.98129,12.38775
1789866909.383,1797,5.20198,0.58998,3.06906,1.550,1.548,1049.7,64.01198,12.39366
1789866909.393,1798,5.20155,0.60742,3.15953,1.550,1.548,1049.7,64.04358,12.39973
1789866909.403,1799,5.18430,0.59446,3.08186,1.550,1.548,1049.7,64.07440,12.40568
1789866909.413,1800,5.20155,0.60742,3.15953,1.550,1.548,1049.7,64.10610,12.41177
1789866909.423,1801,5.20155,0.63632,3.30985,1.550,1.548,1049.7,64.13931,12.41815
1789866909.433,1802,5.20155,0.60742,3.15953,1.550,1.548,1049.7,64.17100,12.42425
1789866909.443,1803,5.20155,0.60742,3.15953,1.551,1.548,1049.7,64.20270,12.43034
1789866909.453,1804,5.20155,0.59122,3.07526,1.551,1.548,1049.7,64.23344,12.43625
1789866909.463,1805,5.20155,0.60742,3.15953,1.551,1.548,1049.7,64.26502,12.44232
1789866909.473,1806,5.20155,0.58250,3.02990,1.551,1.548,1049.7,64.29531,12.44814
1789866909.483,1807,5.20155,0.60742,3.15953,1.551,1.548,1049.7,64.32689,12.45422
1789866909.493,1808,5.20140,0.58574,3.04667,1.551,1.548,1049.7,64.35723,12.46005
1789866909.503,1809,5.20140,0.60747,3.15969,1.551,1.548,1049.7,64.38870,12.46610
1789866909.513,1810,5.20140,0.61888,3.21904,1.551,1.548,1049.7,64.42076,12.47226
1789866909.523,1811,5.20140,0.58948,3.06612,1.552,1.548,1049.7,64.45130,12.47814
1789866909.533,1812,5.20140,0.60747,3.15969,1.551,1.548,1049.7,64.48309,12.48425
1789866909.543,1813,5.20140,0.58525,3.04412,1.551,1.548,1049.7,64.51371,12.49013
1789866909.553,1814,5.20140,0.58649,3.05057,1.551,1.548,1049.7,64.54440,12.49603
1789866909.563,1815,5.20140,0.60747,3.15969,1.550,1.548,1049.7,64.57619,12.50215
1789866909.573,1816,5.20140,0.58151,3.02467,1.550,1.548,1049.7,64.60637,12.50795
1789866909.583,1817,5.20140,0.60747,3.15969,1.550,1.548,1049.7,64.63790,12.51401
1789866909.593,1818,5.20144,0.58699,3.05319,1.550,1.548,1049.7,64.66837,12.51987
1789866909.603,1819,5.20144,0.59322,3.08560,1.550,1.548,1049.7,64.69916,12.52579
1789866909.613,1820,5.18930,0.66522,3.45203,1.549,1.548,1049.7,64.73363,12.53243
1789866909.623,1821,5.20144,0.58574,3.04669,1.550,1.548,1049.7,64.76406,12.53828
1789866909.633,1822,5.20144,0.58599,3.04799,1.550,1.548,1049.7,64.79449,12.54413
1789866909.643,1823,5.20144,0.60745,3.15961,1.550,1.548,1049.7,64.82605,12.55020
1789866909.653,1824,5.20144,0.58425,3.03894,1.550,1.548,1049.7,64.85653,12.55606
1789866909.663,1825,5.20144,0.58799,3.05839,1.550,1.548,1049.7,64.88722,12.56196
1789866909.673,1826,5.20144,0.60745,3.15961,1.551,1.548,1049.7,64.91892,12.56805
1789866909.683,1827,5.20144,0.58873,3.06224,1.550,1.548,1049.7,64.94964,12.57396
1789866909.693,1828,5.20136,0.60805,3.16269,1.550,1.548,1049.7,64.98113,12.58001
1789866909.703,1829,5.20136,0.59172,3.07775,1.551,1.548,1049.7,65.01177,12.58590
1789866909.713,1830,5.20136,0.60805,3.16269,1.551,1.548,1049.7,65.04326,12.59196
1789866909.723,1831,5.20136,0.63981,3.32788,1.550,1.548,1049.7,65.07639,12.59833
1789866909.733,1832,5.20136,0.59347,3.08685,1.550,1.548,1049.7,65.10742,12.60429
1789866909.743,1833,5.20136,0.60805,3.16269,1.550,1.548,1049.7,65.13921,12.61041
1789866909.753,1834,5.20136,0.58201,3.02724,1.551,1.548,1049.7,65.16964,12.61625
1789866909.763,1835,5.20136,0.60805,3.16269,1.551,1.548,1049.7,65.20142,12.62237
1789866909.773,1836,5.20136,0.61913,3.22032,1.551,1.548,1049.7,65.23355,12.62854
1789866909.783,1837,5.20136,0.58325,3.03369,1.551,1.548,1049.7,65.26381,12.63436
1789866909.793,1838,5.20132,0.58525,3.04407,1.551,1.548,1049.7,65.29417,12.64020
1789866909.803,1839,5.20132,0.62461,3.24880,1.551,1.548,1049.7,65.32658,12.64643
1789866909.813,1840,5.18555,0.60824,3.15406,1.550,1.548,1049.7,65.35813,12.65251
1789866909.823,1841,5.20132,0.60824,3.16365,1.551,1.548,1049.7,65.38977,12.65860
1789866909.833,1842,5.20132,0.63532,3.30450,1.551,1.548,1049.7,65.42282,12.66495
1789866909.843,1843,5.20132,0.58101,3.02202,1.552,1.548,1049.7,65.45305,12.67076
1789866909.853,1844,5.20132,0.60824,3.16365,1.552,1.548,1049.7,65.48481,12.67687
1789866909.863,1845,5.20132,0.63532,3.30450,1.552,1.548,1049.7,65.51798,12.68325
1789866909.873,1846,5.20132,0.58201,3.02722,1.552,1.548,1049.7,65.54837,12.68909
1789866909.883,1847,5.20132,0.60824,3.16365,1.551,1.548,1049.7,65.58013,12.69519
1789866909.893,1848,5.20136,0.58973,3.06740,1.551,1.548,1049.7,65.61058,12.70105
1789866909.903,1849,5.20136,0.59222,3.08035,1.550,1.548,1049.7,65.64116,12.70693
1789866909.913,1850,5.20136,0.60846,3.16482,1.550,1.548,1049.7,65.67258,12.71297
1789866909.923,1851,5.20136,0.63956,3.32658,1.550,1.548,1049.7,65.70561,12.71932
1789866909.933,1852,5.20136,0.60846,3.16482,1.550,1.548,1049.7,65.73733,12.72542
1789866909.943,1853,5.20136,0.59671,3.10370,1.551,1.548,1049.7,65.76844,12.73140
1789866909.953,1854,5.20136,0.58898,3.06350,1.551,1.548,1049.7,65.79914,12.73730
1789866909.963,1855,5.20136,0.58724,3.05445,1.551,1.548,1049.7,65.82976,12.74319
1789866909.973,1856,5.20136,0.65202,3.39139,1.551,1.548,1049.7,65.86369,12.74971
1789866909.983,1857,5.20136,0.58824,3.05965,1.552,1.548,1049.7,65.89431,12.75560
1789866909.993,1858,5.20124,0.60860,3.16547,1.551,1.548,1049.7,65.92599,12.76169
1789866910.003,1859,5.20124,0.58250,3.02972,1.551,1.548,1049.7,65.95631,12.76752
1789866910.013,1860,5.20124,0.60860,3.16547,1.551,1.548,1049.7,65.98785,12.77358
1789866910.023,1861,5.20124,0.64728,3.36666,1.551,1.548,1049.7,66.02140,12.78003
1789866910.033,1862,5.20124,0.59770,3.10878,1.551,1.548,1049.7,66.05239,12.78599
1789866910.043,1863,5.20124,0.61863,3.21764,1.550,1.548,1049.7,66.08445,12.79216
1789866910.053,1864,5.20124,0.58774,3.05698,1.551,1.548,1049.7,66.11515,12.79806
1789866910.063,1865,5.20124,0.60860,3.16547,1.551,1.548,1049.7,66.14695,12.80417
1789866910.073,1866,5.20124,0.58998,3.06863,1.551,1.548,1049.7,66.17776,12.81010
1789866910.083,1867,5.20124,0.58475,3.04143,1.551,1.548,1049.7,66.20831,12.81597
1789866910.093,1868,5.20128,0.60832,3.16404,1.551,1.548,1049.7,66.23978,12.82202
1789866910.103,1869,5.20128,0.59372,3.08810,1.551,1.548,1049.7,66.27050,12.82793
1789866910.113,1870,5.20128,0.62511,3.25137,1.551,1.548,1049.7,66.30285,12.83414
1789866910.123,1871,5.20128,0.64280,3.34338,1.551,1.548,1049.7,66.33610,12.84054
1789866910.133,1872,5.20128,0.59720,3.10620,1.550,1.548,1049.7,66.36732,12.84654
1789866910.143,1873,5.20128,0.60832,3.16404,1.550,1.548,1049.7,66.39911,12.85265
1789866910.153,1874,5.20128,0.58450,3.04015,1.550,1.548,1049.7,66.42966,12.85853
1789866910.163,1875,5.20128,0.60832,3.16404,1.550,1.548,1049.7,66.46146,12.86464
1789866910.173,1876,5.20128,0.58001,3.01679,1.550,1.548,1049.7,66.49160,12.87043
1789866910.183,1877,5.20128,0.62860,3.26952,1.550,1.548,1049.7,66.52426,12.87671
1789866910.193,1878,5.20163,0.62312,3.24124,1.550,1.548,1049.7,66.55665,12.88294
1789866910.203,1879,5.20163,0.60652,3.15489,1.551,1.548,1049.7,66.58817,12.88900
1789866910.213,1880,5.20163,0.60652,3.15489,1.551,1.548,1049.7,66.61976,12.89507
1789866910.223,1881,5.20163,0.63906,3.32415,1.551,1.548,1049.7,66.65305,12.90147
1789866910.233,1882,5.20163,0.58948,3.06626,1.551,1.548,1049.7,66.68376,12.90738
1789866910.243,1883,5.19055,0.60652,3.14817,1.552,1.548,1049.7,66.71528,12.91345
1789866910.253,1884,5.20163,0.59421,3.09086,1.552,1.548,1049.7,66.74616,12.91939
1789866910.263,1885,5.20163,0.60652,3.15489,1.552,1.548,1049.7,66.77768,12.92544
1789866910.273,1886,5.20163,0.58275,3.03125,1.552,1.548,1049.7,66.80796,12.93127
1789866910.283,1887,5.20163,0.58674,3.05200,1.552,1.548,1049.7,66.83845,12.93713
1789866910.293,1888,5.20155,0.63881,3.32280,1.552,1.548,1049.7,66.87163,12.94351
1789866910.303,1889,5.20155,0.58300,3.03250,1.550,1.548,1049.7,66.90192,12.94933
1789866910.313,1890,5.20155,0.60689,3.15677,1.550,1.548,1049.7,66.93345,12.95539
1789866910.323,1891,5.20155,0.60689,3.15677,1.550,1.548,1049.7,66.96498,12.96145
1789866910.333,1892,5.20155,0.65152,3.38891,1.550,1.548,1049.7,66.99897,12.96799
1789866910.343,1893,5.20155,0.63383,3.29690,1.550,1.548,1049.7,67.03204,12.97435
1789866910.353,1894,5.20155,0.59571,3.09862,1.550,1.548,1049.7,67.06312,12.98032
1789866910.363,1895,5.20155,0.59048,3.07141,1.550,1.548,1049.7,67.09393,12.98624
1789866910.373,1896,5.20155,0.60689,3.15677,1.550,1.548,1049.7,67.12537,12.99229
1789866910.383,1897,5.20155,0.58973,3.06751,1.551,1.548,1049.7,67.15592,12.99816
1789866910.393,1898,5.20183,0.60582,3.15137,1.551,1.548,1049.7,67.18731,13.00420
1789866910.403,1899,5.20183,0.62038,3.22711,1.551,1.548,1049.7,67.21945,13.01037
1789866910.413,1900,5.20183,0.60582,3.15137,1.551,1.548,1049.7,67.25105,13.01645
1789866910.423,1901,5.18805,0.65974,3.42276,1.551,1.548,1049.7,67.28537,13.02306
1789866910.433,1902,5.20183,0.59122,3.07543,1.551,1.548,1049.7,67.31621,13.02899
1789866910.443,1903,5.20183,0.62984,3.27632,1.550,1.548,1049.7,67.34906,13.03531
1789866910.453,1904,5.20183,0.60582,3.15137,1.550,1.548,1049.7,67.38064,13.04138
1789866910.463,1905,5.20183,0.62137,3.23226,1.551,1.548,1049.7,67.41303,13.04761
1789866910.473,1906,5.20183,0.62710,3.26207,1.551,1.548,1049.7,67.44572,13.05389
1789866910.483,1907,5.20183,0.58450,3.04047,1.551,1.548,1049.7,67.47619,13.05975
1789866910.493,1908,5.20206,0.60538,3.14922,1.551,1.548,1049.7,67.50749,13.06576
1789866910.503,1909,5.20206,0.58549,3.04575,1.552,1.548,1049.7,67.53775,13.07158
1789866910.513,1910,5.20206,0.60538,3.14922,1.551,1.548,1049.7,67.56905,13.07760
1789866910.523,1911,5.19055,0.63682,3.30545,1.550,1.548,1049.7,67.60190,13.08393
1789866910.533,1912,5.20206,0.59496,3.09502,1.550,1.548,1049.7,67.63303,13.08991
1789866910.543,1913,5.20206,0.62660,3.25961,1.550,1.548,1049.7,67.66582,13.09622
1789866910.553,1914,5.20206,0.59471,3.09372,1.551,1.548,1049.7,67.69695,13.10220
1789866910.563,1915,5.20206,0.58126,3.02375,1.551,1.548,1049.7,67.72736,13.10805
1789866910.573,1916,5.20206,0.60538,3.14922,1.551,1.548,1049.7,67.75871,13.11407
1789866910.583,1917,5.20206,0.60538,3.14922,1.552,1.548,1049.7,67.79005,13.12010
1789866910.593,1918,5.20210,0.58051,3.01987,1.552,1.548,1049.7,67.82011,13.12587
1789866910.603,1919,5.20210,0.60550,3.14987,1.551,1.548,1049.7,67.85146,13.13190
1789866910.613,1920,5.20210,0.58375,3.03673,1.551,1.548,1049.7,67.88191,13.13775
1789866910.623,1921,5.20210,0.62536,3.25319,1.551,1.548,1049.7,67.91452,13.14402
1789866910.633,1922,5.20210,0.64604,3.36076,1.550,1.548,1049.7,67.94822,13.15050
1789866910.643,1923,5.20210,0.59322,3.08599,1.550,1.548,1049.7,67.97916,13.15645
1789866910.653,1924,5.20210,0.60550,3.14987,1.551,1.548,1049.7,68.01070,13.16251
1789866910.663,1925,5.20210,0.58848,3.06133,1.551,1.548,1049.7,68.04136,13.16841
1789866910.673,1926,5.20210,0.58774,3.05748,1.551,1.548,1049.7,68.07198,13.17429
1789866910.683,1927,5.20210,0.60550,3.14987,1.551,1.548,1049.7,68.10353,13.18036
1789866910.693,1928,5.20206,0.58400,3.03800,1.551,1.548,1049.7,68.13372,13.18616
1789866910.703,1929,5.20206,0.60564,3.15058,1.550,1.548,1049.7,68.16503,13.19218
1789866910.713,1930,5.20206,0.60564,3.15058,1.550,1.548,1049.7,68.19634,13.19820
1789866910.723,1931,5.20206,0.58425,3.03930,1.551,1.548,1049.7,68.22654,13.20400
1789866910.733,1932,5.20206,0.65351,3.39960,1.550,1.548,1049.7,68.26067,13.21056
1789866910.743,1933,5.20206,0.60564,3.15058,1.551,1.548,1049.7,68.29230,13.21664
1789866910.753,1934,5.20206,0.58699,3.05356,1.551,1.548,1049.7,68.32295,13.22254
1789866910.763,1935,5.20206,0.61739,3.21170,1.550,1.548,1049.7,68.35519,13.22873
1789866910.773,1936,5.20206,0.58250,3.03020,1.549,1.547,1049.7,68.38545,13.23455
1789866910.783,1937,5.20206,0.60564,3.15058,1.550,1.547,1049.7,68.41690,13.24060
1789866910.793,1938,5.20210,0.59122,3.07559,1.550,1.548,1049.7,68.44761,13.24650
1789866910.803,1939,5.20210,0.58923,3.06523,1.550,1.548,1049.7,68.47821,13.25238
1789866910.813,1940,5.20210,0.60537,3.14920,1.550,1.548,1049.7,68.50974,13.25844
1789866910.823,1941,5.20210,0.57951,3.01467,1.550,1.548,1049.7,68.53992,13.26424
1789866910.833,1942,5.20210,0.63358,3.29595,1.551,1.548,1049.7,68.57291,13.27059
1789866910.843,1943,5.20210,0.63881,3.32315,1.551,1.548,1049.7,68.60618,13.27698
1789866910.853,1944,5.20210,0.58724,3.05488,1.551,1.548,1049.7,68.63681,13.28287
1789866910.863,1945,5.20210,0.61539,3.20132,1.551,1.548,1049.7,68.66892,13.28904
1789866910.873,1946,5.20210,0.58624,3.04968,1.551,1.548,1049.7,68.69950,13.29492
1789866910.883,1947,5.20210,0.58475,3.04193,1.551,1.548,1049.7,68.73000,13.30078
1789866910.893,1948,5.20206,0.60552,3.14995,1.551,1.548,1049.7,68.76145,13.30683
1789866910.903,1949,5.20206,0.58176,3.02635,1.550,1.548,1049.7,68.79166,13.31264
1789866910.913,1950,5.20206,0.57727,3.00299,1.550,1.548,1049.7,68.82164,13.31840
1789866910.923,1951,5.20206,0.63283,3.29202,1.550,1.548,1049.7,68.85450,13.32472
1789866910.933,1952,5.20206,0.59446,3.09242,1.550,1.548,1049.7,68.88547,13.33067
1789866910.943,1953,5.18680,0.66024,3.42453,1.550,1.547,1049.7,68.91976,13.33728
1789866910.953,1954,5.20206,0.64305,3.34518,1.550,1.547,1049.7,68.95326,13.34372
1789866910.963,1955,5.20206,0.60552,3.14995,1.550,1.548,1049.7,68.98480,13.34978
1789866910.973,1956,5.19055,0.61888,3.21233,1.551,1.548,1049.7,69.01685,13.35596
1789866910.983,1957,5.20206,0.58400,3.03800,1.550,1.548,1049.7,69.04716,13.36178
1789866910.993,1958,5.20194,0.62361,3.24398,1.550,1.548,1049.7,69.07952,13.36801
1789866911.003,1959,5.18930,0.60610,3.14523,1.551,1.548,1049.7,69.11090,13.37405
1789866911.013,1960,5.20194,0.58948,3.06644,1.551,1.548,1049.7,69.14165,13.37996
1789866911.023,1961,5.20194,0.60610,3.15290,1.551,1.548,1049.7,69.17327,13.38604
1789866911.033,1962,5.20194,0.59297,3.08459,1.550,1.548,1049.7,69.20420,13.39199
1789866911.043,1963,5.18555,0.68142,3.53354,1.551,1.548,1049.7,69.23964,13.39882
1789866911.053,1964,5.18930,0.71381,3.70417,1.551,1.548,1049.7,69.27671,13.40597
1789866911.063,1965,5.19055,0.64977,3.37266,1.551,1.548,1049.7,69.31047,13.41247
1789866911.073,1966,5.20194,0.61714,3.21033,1.551,1.548,1049.7,69.34261,13.41865
1789866911.083,1967,5.20194,0.58624,3.04959,1.551,1.548,1049.7,69.37314,13.42452
1789866911.093,1968,5.20175,0.60747,3.15991,1.552,1.548,1049.7,69.40455,13.43056
1789866911.103,1969,5.20175,0.59247,3.08188,1.551,1.548,1049.7,69.43519,13.43645
1789866911.113,1970,5.20175,0.59272,3.08318,1.551,1.548,1049.7,69.46585,13.44234
1789866911.123,1971,5.20175,0.60747,3.15991,1.552,1.548,1049.7,69.49726,13.44838
1789866911.133,1972,5.20175,0.58599,3.04817,1.551,1.548,1049.7,69.52789,13.45427
1789866911.143,1973,5.20175,0.67992,3.53677,1.551,1.548,1049.7,69.56343,13.46110
1789866911.153,1974,5.20175,0.59247,3.08188,1.551,1.548,1049.7,69.59439,13.46705
1789866911.163,1975,5.20175,0.59023,3.07023,1.550,1.548,1049.7,69.62524,13.47298
1789866911.173,1976,5.20175,0.62038,3.22706,1.549,1.547,1049.7,69.65738,13.47916
1789866911.183,1977,5.20175,0.58724,3.05468,1.550,1.548,1049.7,69.68781,13.48501
1789866911.193,1978,5.20171,0.60762,3.16066,1.551,1.548,1049.7,69.71929,13.49106
1789866911.203,1979,5.20171,0.58973,3.06760,1.551,1.548,1049.7,69.74985,13.49694
1789866911.213,1980,5.20171,0.58599,3.04815,1.551,1.548,1049.7,69.78041,13.50281
1789866911.223,1981,5.20171,0.60762,3.16066,1.552,1.548,1049.7,69.81211,13.50891
1789866911.233,1982,5.20171,0.58400,3.03780,1.552,1.549,1049.7,69.84258,13.51476
1789866911.243,1983,5.20171,0.60762,3.16066,1.552,1.548,1049.7,69.87428,13.52086
1789866911.253,1984,5.20171,0.63283,3.29180,1.551,1.548,1049.7,69.90725,13.52720
1789866911.263,1985,5.20171,0.59222,3.08056,1.551,1.548,1049.7,69.93810,13.53313
1789866911.273,1986,5.20171,0.62361,3.24384,1.551,1.548,1049.7,69.97059,13.53937
1789866911.283,1987,5.20171,0.58574,3.04685,1.551,1.548,1049.7,70.00111,13.54524
1789866911.293,1988,5.20175,0.60740,3.15954,1.551,1.548,1049.7,70.03260,13.55129
1789866911.303,1989,5.20175,0.58674,3.05207,1.551,1.548,1049.7,70.06301,13.55714
1789866911.313,1990,5.20175,0.57927,3.01322,1.551,1.548,1049.7,70.09304,13.56291
1789866911.323,1991,5.20175,0.60740,3.15954,1.551,1.548,1049.7,70.12453,13.56897
1789866911.333,1992,5.20175,0.60740,3.15954,1.550,1.548,1049.7,70.15621,13.57506
1789866911.343,1993,5.20175,0.60740,3.15954,1.551,1.548,1049.7,70.18790,13.58115
1789866911.353,1994,5.20175,0.63582,3.30738,1.550,1.548,1049.7,70.22106,13.58752
1789866911.363,1995,5.20175,0.59571,3.09873,1.551,1.548,1049.7,70.25214,13.59350
1789866911.373,1996,5.20175,0.61838,3.21666,1.550,1.548,1049.7,70.28417,13.59966
1789866911.383,1997,5.20175,0.59496,3.09483,1.550,1.548,1049.7,70.31499,13.60558
1789866911.393,1998,5.20183,0.58749,3.05602,1.551,1.548,1049.7,70.34543,13.61143
1789866911.403,1999,5.20183,0.60739,3.15954,1.551,1.548,1049.7,70.37690,13.61748
1789866911.413,2000,5.20183,0.58001,3.01711,1.551,1.548,1049.7,70.40712,13.62329
1789866911.423,2001,5.20183,0.58799,3.05862,1.550,1.548,1049.7,70.43776,13.62918
1789866911.433,2002,5.20183,0.62087,3.22966,1.551,1.548,1049.7,70.47011,13.63540
1789866911.443,2003,5.20183,0.58674,3.05212,1.551,1.548,1049.7,70.50068,13.64128
1789866911.453,2004,5.19180,0.67743,3.51708,1.551,1.548,1049.7,70.53594,13.64807
1789866911.463,2005,5.20183,0.59222,3.08063,1.551,1.548,1049.7,70.56683,13.65401
1789866911.473,2006,5.20183,0.58599,3.04822,1.551,1.548,1049.7,70.59738,13.65988
1789866911.483,2007,5.20183,0.63483,3.30228,1.551,1.548,1049.7,70.63049,13.66625
1789866911.493,2008,5.20198,0.58375,3.03666,1.551,1.548,1049.7,70.66079,13.67207
1789866911.503,2009,5.20198,0.59496,3.09497,1.551,1.548,1049.7,70.69166,13.67801
1789866911.513,2010,5.20198,0.60697,3.15745,1.550,1.548,1049.7,70.72317,13.68406
1789866911.523,2011,5.20198,0.58774,3.05741,1.551,1.548,1049.7,70.75367,13.68993
1789866911.533,2012,5.20198,0.59372,3.08852,1.551,1.548,1049.7,70.78463,13.69588
1789866911.543,2013,5.20198,0.61838,3.21680,1.551,1.548,1049.7,70.81687,13.70207
1789866911.553,2014,5.18680,0.60697,3.14823,1.550,1.548,1049.7,70.84843,13.70816
1789866911.563,2015,5.18930,0.65177,3.38223,1.550,1.548,1049.7,70.88233,13.71469
1789866911.573,2016,5.20198,0.58525,3.04446,1.550,1.548,1049.7,70.91265,13.72052
1789866911.583,2017,5.20198,0.62112,3.23105,1.550,1.548,1049.7,70.94482,13.72671
1789866911.593,2018,5.20186,0.62187,3.23488,1.551,1.548,1049.7,70.97704,13.73290
1789866911.603,2019,5.20186,0.60723,3.15873,1.551,1.548,1049.7,71.00850,13.73895
1789866911.613,2020,5.20186,0.64429,3.35151,1.551,1.548,1049.7,71.04205,13.74540
1789866911.623,2021,5.20186,0.59122,3.07544,1.552,1.549,1049.7,71.07284,13.75132
1789866911.633,2022,5.20186,0.60723,3.15873,1.552,1.549,1049.7,71.10446,13.75739
1789866911.643,2023,5.20186,0.59197,3.07935,1.551,1.548,1049.7,71.13529,13.76332
1789866911.653,2024,5.20186,0.62112,3.23098,1.550,1.548,1049.7,71.16767,13.76954
1789866911.663,2025,5.19055,0.60723,3.15186,1.550,1.548,1049.7,71.19924,13.77563
1789866911.673,2026,5.20186,0.59147,3.07674,1.550,1.548,1049.7,71.23007,13.78155
1789866911.683,2027,5.20186,0.60723,3.15873,1.550,1.548,1049.7,71.26171,13.78764
1789866911.693,2028,5.20194,0.58749,3.05609,1.550,1.548,1049.7,71.29223,13.79350
1789866911.703,2029,5.20194,0.61988,3.22458,1.551,1.548,1049.7,71.32444,13.79970
1789866911.713,2030,5.20194,0.63632,3.31010,1.551,1.548,1049.7,71.35749,13.80605
1789866911.723,2031,5.20194,0.57951,3.01458,1.551,1.548,1049.7,71.38760,13.81184
1789866911.733,2032,5.20194,0.60693,3.15721,1.551,1.548,1049.7,71.41920,13.81791
1789866911.743,2033,5.20194,0.58549,3.04568,1.551,1.548,1049.7,71.44969,13.82377
1789866911.753,2034,5.20194,0.60693,3.15721,1.551,1.548,1049.7,71.48129,13.82985
1789866911.763,2035,5.20194,0.63881,3.32305,1.551,1.548,1049.7,71.51456,13.83624
1789866911.773,2036,5.20194,0.59496,3.09495,1.551,1.548,1049.7,71.54541,13.84217
1789866911.783,2037,5.20194,0.60693,3.15721,1.551,1.548,1049.7,71.57688,13.84822
1789866911.793,2038,5.20198,0.58325,3.03405,1.551,1.548,1049.7,71.60713,13.85404
1789866911.803,2039,5.20198,0.60702,3.15771,1.551,1.548,1049.7,71.63861,13.86009
1789866911.813,2040,5.20198,0.58026,3.01850,1.551,1.548,1049.7,71.66883,13.86590
1789866911.823,2041,5.20198,0.61863,3.21810,1.551,1.548,1049.7,71.70104,13.87209
1789866911.833,2042,5.20198,0.65027,3.38269,1.551,1.548,1049.7,71.73491,13.87860
1789866911.843,2043,5.20198,0.62760,3.26476,1.551,1.548,1049.7,71.76759,13.88489
1789866911.853,2044,5.20198,0.65501,3.40735,1.551,1.548,1049.7,71.80177,13.89146
1789866911.863,2045,5.19055,0.63184,3.27960,1.552,1.548,1049.7,71.83468,13.89780
1789866911.873,2046,5.20198,0.63109,3.28292,1.552,1.548,1049.7,71.86761,13.90413
1789866911.883,2047,5.18930,0.64953,3.37061,1.552,1.548,1049.7,71.90143,13.91064
1789866911.893,2048,5.20147,0.62087,3.22944,1.552,1.548,1049.7,71.93366,13.91684
1789866911.903,2049,5.21179,0.57976,3.02159,1.551,1.548,1049.7,71.96381,13.92262
1789866911.913,2050,5.20147,0.60987,3.17222,1.551,1.548,1049.7,71.99547,13.92871
1789866911.923,2051,5.20147,0.59073,3.07266,1.551,1.548,1049.7,72.02613,13.93461
1789866911.933,2052,5.20147,0.59122,3.07521,1.550,1.548,1049.7,72.05692,13.94052
1789866911.943,2053,5.20147,0.60987,3.17222,1.550,1.548,1049.7,72.08867,13.94663
1789866911.953,2054,5.20147,0.58026,3.01820,1.550,1.548,1049.7,72.11888,13.95244
1789866911.963,2055,5.20147,0.67618,3.51713,1.550,1.547,1049.7,72.15409,13.95921
1789866911.973,2056,5.20147,0.58774,3.05711,1.550,1.548,1049.7,72.18453,13.96506
1789866911.983,2057,5.20147,0.58973,3.06746,1.550,1.548,1049.7,72.21507,13.97093
1789866911.993,2058,5.20179,0.60937,3.16981,1.551,1.548,1049.7,72.24662,13.97700
1789866912.003,2059,5.20179,0.58425,3.03915,1.551,1.548,1049.7,72.27688,13.98281
1789866912.013,2060,5.20179,0.60937,3.16981,1.551,1.548,1049.7,72.30869,13.98893
1789866912.023,2061,5.20179,0.59372,3.08841,1.551,1.548,1049.7,72.33969,13.99489
1789866912.033,2062,5.20179,0.58201,3.02749,1.551,1.548,1049.7,72.37007,14.00073
1789866912.043,2063,5.20179,0.62561,3.25429,1.551,1.548,1049.7,72.40273,14.00701
1789866912.053,2064,5.20179,0.60937,3.16981,1.550,1.548,1049.7,72.43453,14.01312
1789866912.063,2065,5.20179,0.62860,3.26985,1.551,1.548,1049.7,72.46732,14.01942
1789866912.073,2066,5.20179,0.59048,3.07155,1.551,1.548,1049.7,72.49813,14.02535
1789866912.083,2067,5.20179,0.59421,3.09096,1.551,1.548,1049.7,72.52914,14.03131
1789866912.093,2068,5.20218,0.62511,3.25193,1.550,1.548,1049.7,72.56142,14.03751
1789866912.103,2069,5.20218,0.58500,3.04328,1.550,1.548,1049.7,72.59164,14.04332
1789866912.113,2070,5.20218,0.65725,3.41913,1.550,1.548,1049.7,72.62559,14.04985
1789866912.123,2071,5.20218,0.58151,3.02512,1.550,1.548,1049.7,72.65563,14.05562
1789866912.133,2072,5.20218,0.60751,3.16038,1.550,1.548,1049.7,72.68737,14.06172
1789866912.143,2073,5.20218,0.62461,3.24933,1.551,1.548,1049.7,72.72000,14.06800
1789866912.153,2074,5.20218,0.60751,3.16038,1.551,1.548,1049.7,72.75173,14.07410
1789866912.163,2075,5.20218,0.62212,3.23638,1.551,1.548,1049.7,72.78423,14.08034
1789866912.173,2076,5.20218,0.60751,3.16038,1.551,1.548,1049.7,72.81575,14.08640
1789866912.183,2077,5.20218,0.62436,3.24803,1.551,1.548,1049.7,72.84813,14.09263
1789866912.193,2078,5.20229,0.59446,3.09255,1.551,1.548,1049.7,72.87896,14.09855
1789866912.203,2079,5.20229,0.58375,3.03684,1.551,1.548,1049.7,72.90924,14.10437
1789866912.213,2080,5.20229,0.60731,3.15940,1.550,1.548,1049.7,72.94093,14.11047
1789866912.223,2081,5.20229,0.63333,3.29477,1.550,1.548,1049.7,72.97398,14.11682
1789866912.233,2082,5.20229,0.58799,3.05889,1.550,1.548,1049.7,73.00467,14.12272
1789866912.243,2083,5.20229,0.61913,3.22089,1.550,1.548,1049.7,73.03697,14.12893
1789866912.253,2084,5.20229,0.59696,3.10556,1.552,1.548,1049.7,73.06808,14.13491
1789866912.263,2085,5.20229,0.59397,3.09000,1.551,1.548,1049.7,73.09904,14.14086
1789866912.273,2086,5.19180,0.64355,3.34118,1.552,1.548,1049.7,73.13251,14.14730
1789866912.283,2087,5.20229,0.58699,3.05369,1.552,1.548,1049.7,73.16310,14.15318
1789866912.293,2088,5.20245,0.60684,3.15705,1.551,1.548,1049.7,73.19444,14.15921
1789866912.303,2089,5.20245,0.60684,3.15705,1.551,1.548,1049.7,73.22578,14.16523
1789866912.313,2090,5.20245,0.60684,3.15705,1.549,1.548,1049.7,73.25712,14.17126
1789866912.323,2091,5.20245,0.59098,3.07454,1.550,1.548,1049.7,73.28764,14.17712
1789866912.333,2092,5.20245,0.59222,3.08099,1.550,1.548,1049.7,73.31857,14.18307
1789866912.343,2093,5.20245,0.60684,3.15705,1.550,1.548,1049.7,73.35027,14.18916
1789866912.353,2094,5.20245,0.58226,3.02918,1.550,1.548,1049.7,73.38069,14.19501
1789866912.363,2095,5.20245,0.60684,3.15705,1.550,1.548,1049.7,73.41239,14.20110
1789866912.373,2096,5.18930,0.63508,3.29562,1.550,1.548,1049.7,73.44526,14.20743
1789866912.383,2097,5.20245,0.58998,3.06934,1.550,1.548,1049.7,73.47587,14.21332
1789866912.393,2098,5.20253,0.61938,3.22234,1.551,1.548,1049.7,73.50800,14.21949
1789866912.403,2099,5.20253,0.60663,3.15601,1.551,1.548,1049.7,73.53947,14.22554
1789866912.413,2100,5.20253,0.58549,3.04603,1.551,1.548,1049.7,73.56992,14.23140
1789866912.423,2101,5.20253,0.60663,3.15601,1.551,1.548,1049.7,73.60147,14.23746
1789866912.433,2102,5.20253,0.58699,3.05383,1.551,1.548,1049.7,73.63199,14.24333
1789866912.443,2103,5.20253,0.58300,3.03307,1.551,1.548,1049.7,73.66231,14.24916
1789866912.453,2104,5.20253,0.60663,3.15601,1.551,1.548,1049.7,73.69401,14.25525
1789866912.463,2105,5.20253,0.59098,3.07459,1.552,1.548,1049.7,73.72489,14.26118
1789866912.473,2106,5.20253,0.61739,3.21199,1.552,1.548,1049.7,73.75715,14.26738
1789866912.483,2107,5.20253,0.59571,3.09920,1.552,1.548,1049.7,73.78827,14.27337
1789866912.493,2108,5.20253,0.59372,3.08885,1.552,1.548,1049.7,73.81913,14.27930
1789866912.503,2109,5.20253,0.60649,3.15528,1.551,1.548,1049.7,73.85066,14.28536
1789866912.513,2110,5.20253,0.58898,3.06419,1.551,1.548,1049.7,73.88128,14.29124
1789866912.523,2111,5.20253,0.60649,3.15528,1.550,1.548,1049.7,73.91281,14.29730
1789866912.533,2112,5.20253,0.58674,3.05253,1.550,1.548,1049.7,73.94341,14.30319
1789866912.543,2113,5.20253,0.58051,3.02012,1.550,1.548,1049.7,73.97370,14.30901
1789866912.553,2114,5.20253,0.62038,3.22755,1.550,1.547,1049.7,74.00606,14.31523
1789866912.563,2115,5.20253,0.59397,3.09015,1.550,1.548,1049.7,74.03705,14.32119
1789866912.573,2116,5.20253,0.62685,3.26121,1.550,1.548,1049.7,74.06952,14.32743
1789866912.583,2117,5.20253,0.58973,3.06809,1.549,1.547,1049.7,74.10008,14.33330
1789866912.593,2118,5.20257,0.58923,3.06551,1.550,1.548,1049.7,74.13060,14.33917
1789866912.603,2119,5.19180,0.60622,3.14737,1.550,1.548,1049.7,74.16195,14.34521
1789866912.613,2120,5.20257,0.58475,3.04220,1.550,1.548,1049.7,74.19246,14.35107
1789866912.623,2121,5.20257,0.60622,3.15390,1.551,1.548,1049.7,74.22410,14.35715
1789866912.633,2122,5.20257,0.57976,3.01624,1.551,1.548,1049.7,74.25436,14.36297
1789866912.643,2123,5.20257,0.58699,3.05386,1.551,1.548,1049.7,74.28499,14.36886
1789866912.653,2124,5.20257,0.63707,3.31440,1.551,1.548,1049.7,74.31815,14.37523
1789866912.663,2125,5.20257,0.58599,3.04865,1.550,1.548,1049.7,74.34865,14.38109
1789866912.673,2126,5.20257,0.60622,3.15390,1.550,1.548,1049.7,74.38020,14.38716
1789866912.683,2127,5.20257,0.59222,3.08107,1.551,1.548,1049.7,74.41102,14.39308
1789866912.693,2128,5.20265,0.60614,3.15353,1.551,1.548,1049.7,74.44247,14.39913
1789866912.703,2129,5.20265,0.63034,3.27944,1.551,1.548,1049.7,74.47518,14.40541
1789866912.713,2130,5.20265,0.59048,3.07206,1.550,1.548,1049.7,74.50582,14.41130
1789866912.723,2131,5.20265,0.59048,3.07206,1.551,1.548,1049.7,74.53646,14.41719
1789866912.733,2132,5.20265,0.64828,3.37277,1.551,1.548,1049.7,74.57024,14.42368
1789866912.743,2133,5.20265,0.58475,3.04225,1.550,1.548,1049.7,74.60071,14.42954
1789866912.753,2134,5.20265,0.60614,3.15353,1.550,1.548,1049.7,74.63230,14.43561
1789866912.763,2135,5.20265,0.62287,3.24057,1.550,1.548,1049.7,74.66476,14.44185
1789866912.773,2136,5.20265,0.60614,3.15353,1.550,1.548,1049.7,74.69621,14.44790
1789866912.783,2137,5.18555,0.67718,3.51155,1.550,1.547,1049.7,74.73124,14.45465
1789866912.793,2138,5.20265,0.58475,3.04225,1.550,1.547,1049.7,74.76158,14.46048
1789866912.803,2139,5.20265,0.61938,3.22242,1.550,1.548,1049.7,74.79373,14.46666
1789866912.813,2140,5.20265,0.60592,3.15239,1.550,1.548,1049.7,74.82535,14.47274
1789866912.823,2141,5.20265,0.61788,3.21461,1.551,1.548,1049.7,74.85760,14.47894
1789866912.833,2142,5.20265,0.62536,3.25353,1.551,1.548,1049.7,74.89023,14.48521
1789866912.843,2143,5.20265,0.58574,3.04740,1.551,1.548,1049.7,74.92080,14.49109
1789866912.853,2144,5.20265,0.60592,3.15239,1.551,1.548,1049.7,74.95227,14.49714
1789866912.863,2145,5.20265,0.59098,3.07466,1.551,1.548,1049.7,74.98295,14.50303
1789866912.873,2146,5.20265,0.60592,3.15239,1.551,1.548,1049.7,75.01442,14.50908
1789866912.883,2147,5.20265,0.64280,3.34426,1.551,1.548,1049.7,75.04779,14.51550
1789866912.893,2148,5.20315,0.59098,3.07496,1.551,1.548,1049.7,75.07848,14.52139
1789866912.903,2149,5.20315,0.62013,3.22663,1.551,1.548,1049.7,75.11069,14.52758
1789866912.913,2150,5.20315,0.59272,3.08401,1.551,1.548,1049.7,75.14147,14.53350
1789866912.923,2151,5.20315,0.60390,3.14218,1.551,1.548,1049.7,75.17283,14.53953
1789866912.933,2152,5.20315,0.58525,3.04514,1.551,1.548,1049.7,75.20340,14.54540
1789866912.943,2153,5.20315,0.58898,3.06455,1.551,1.548,1049.7,75.23416,14.55131
1789866912.953,2154,5.20315,0.60390,3.14218,1.550,1.548,1049.7,75.26570,14.55738
1789866912.963,2155,5.20315,0.58574,3.04769,1.550,1.548,1049.7,75.29630,14.56326
1789866912.973,2156,5.20315,0.62361,3.24474,1.550,1.548,1049.7,75.32861,14.56947
1789866912.983,2157,5.20315,0.60390,3.14218,1.550,1.548,1049.7,75.35989,14.57548
1789866912.993,2158,5.20327,0.59147,3.07758,1.550,1.548,1049.7,75.39054,14.58137
1789866913.003,2159,5.20327,0.61464,3.19814,1.550,1.548,1049.7,75.42239,14.58749
1789866913.013,2160,5.20327,0.58749,3.05687,1.550,1.548,1049.7,75.45309,14.59339
1789866913.023,2161,5.20327,0.59147,3.07758,1.551,1.548,1049.7,75.48401,14.59933
1789866913.033,2162,5.20327,0.60286,3.13684,1.551,1.548,1049.7,75.51551,14.60539
1789866913.043,2163,5.20327,0.58998,3.06983,1.551,1.548,1049.7,75.54635,14.61131
1789866913.053,2164,5.20327,0.58549,3.04646,1.551,1.548,1049.7,75.57681,14.61717
1789866913.063,2165,5.20327,0.60286,3.13684,1.551,1.548,1049.7,75.60818,14.62320
1789866913.073,2166,5.20327,0.58973,3.06852,1.550,1.548,1049.7,75.63886,14.62909
1789866913.083,2167,5.20327,0.60286,3.13684,1.550,1.547,1049.7,75.67022,14.63512
1789866913.093,2168,5.20327,0.63607,3.30964,1.550,1.548,1049.7,75.70327,14.64147
1789866913.103,2169,5.20327,0.58724,3.05557,1.550,1.548,1049.7,75.73378,14.64734
1789866913.113,2170,5.20327,0.60292,3.13716,1.549,1.547,1049.7,75.76510,14.65336
1789866913.123,2171,5.20327,0.58624,3.05037,1.550,1.547,1049.7,75.79556,14.65921
1789866913.133,2172,5.20327,0.59048,3.07243,1.550,1.547,1049.7,75.82633,14.66512
1789866913.143,2173,5.20327,0.60292,3.13716,1.550,1.548,1049.7,75.85775,14.67116
1789866913.153,2174,5.20327,0.58724,3.05557,1.550,1.548,1049.7,75.88836,14.67704
1789866913.163,2175,5.20327,0.58674,3.05297,1.550,1.548,1049.7,75.91893,14.68292
1789866913.173,2176,5.20327,0.60292,3.13716,1.551,1.548,1049.7,75.95025,14.68894
1789866913.183,2177,5.20327,0.58475,3.04261,1.550,1.548,1049.7,75.98063,14.69478
1789866913.193,2178,5.18680,0.67095,3.48008,1.550,1.548,1049.7,76.01537,14.70147
1789866913.203,2179,5.20339,0.58574,3.04783,1.550,1.548,1049.7,76.04579,14.70732
1789866913.213,2180,5.20339,0.58973,3.06860,1.550,1.548,1049.7,76.07650,14.71322
1789866913.223,2181,5.20339,0.63931,3.32658,1.550,1.548,1049.7,76.10979,14.71962
1789866913.233,2182,5.20339,0.58699,3.05434,1.551,1.548,1049.7,76.14036,14.72549
1789866913.243,2183,5.20339,0.61788,3.21507,1.551,1.548,1049.7,76.17253,14.73168
1789866913.253,2184,5.20339,0.58475,3.04268,1.551,1.548,1049.7,76.20294,14.73752
1789866913.263,2185,5.20339,0.60270,3.13608,1.551,1.548,1049.7,76.23429,14.74355
1789866913.273,2186,5.20339,0.62959,3.27600,1.551,1.548,1049.7,76.26704,14.74984
1789866913.283,2187,5.20339,0.62835,3.26955,1.551,1.548,1049.7,76.29972,14.75612
1789866913.293,2188,5.19305,0.62835,3.26305,1.550,1.548,1049.7,76.33230,14.76239
1789866913.303,2189,5.20339,0.63831,3.32138,1.550,1.548,1049.7,76.36546,14.76877
1789866913.313,2190,5.20339,0.64629,3.36290,1.551,1.548,1049.7,76.39904,14.77522
1789866913.323,2191,5.20339,0.60312,3.13827,1.551,1.548,1049.7,76.43037,14.78124
1789866913.333,2192,5.20339,0.57902,3.01287,1.551,1.548,1049.7,76.46057,14.78705
1789866913.343,2193,5.20339,0.60312,3.13827,1.550,1.548,1049.7,76.49202,14.79309
1789866913.353,2194,5.20339,0.64629,3.36290,1.550,1.548,1049.7,76.52573,14.79957
1789866913.363,2195,5.20339,0.58350,3.03618,1.550,1.548,1049.7,76.55616,14.80542
1789866913.373,2196,5.20339,0.60312,3.13827,1.550,1.548,1049.7,76.58747,14.81144
1789866913.383,2197,5.20339,0.58923,3.06599,1.549,1.548,1049.7,76.61806,14.81731
1789866913.393,2198,5.20335,0.58973,3.06857,1.550,1.548,1049.7,76.64868,14.82320
1789866913.403,2199,5.17680,0.69661,3.60621,1.550,1.548,1049.7,76.68466,14.83015
1789866913.413,2200,5.20335,0.64778,3.37063,1.550,1.548,1049.7,76.71844,14.83664
1789866913.423,2201,5.20335,0.60361,3.14079,1.551,1.548,1049.7,76.74992,14.84269
1789866913.433,2202,5.20335,0.58824,3.06082,1.551,1.548,1049.7,76.78060,14.84859
1789866913.443,2203,5.20335,0.61788,3.21505,1.551,1.548,1049.7,76.81282,14.85478
1789866913.453,2204,5.20335,0.61514,3.20079,1.552,1.548,1049.7,76.84484,14.86093
1789866913.463,2205,5.20335,0.58599,3.04911,1.551,1.548,1049.7,76.87535,14.86680
1789866913.473,2206,5.20335,0.60361,3.14079,1.551,1.548,1049.7,76.90677,14.87283
1789866913.483,2207,5.20335,0.59098,3.07508,1.551,1.548,1049.7,76.93753,14.87875
1789866913.493,2208,5.20307,0.60495,3.14760,1.550,1.548,1049.7,76.96891,14.88478
1789866913.503,2209,5.18430,0.65625,3.40220,1.550,1.548,1049.7,77.00284,14.89132
1789866913.513,2210,5.19055,0.65949,3.42312,1.549,1.547,1049.7,77.03697,14.89790
1789866913.523,2211,5.20307,0.61788,3.21487,1.550,1.548,1049.7,77.06902,14.90406
1789866913.533,2212,5.20307,0.60495,3.14760,1.550,1.548,1049.7,77.10055,14.91012
1789866913.543,2213,5.20307,0.61788,3.21487,1.550,1.548,1049.7,77.13276,14.91631
1789866913.553,2214,5.20307,0.58300,3.03339,1.550,1.548,1049.7,77.16314,14.92215
1789866913.563,2215,5.20307,0.58873,3.06320,1.550,1.548,1049.7,77.19383,14.92804
1789866913.573,2216,5.20307,0.60495,3.14760,1.551,1.548,1049.7,77.22531,14.93409
1789866913.583,2217,5.20307,0.58525,3.04510,1.551,1.548,1049.7,77.25576,14.93995
1789866913.593,2218,5.20296,0.60616,3.15383,1.551,1.548,1049.7,77.28729,14.94601
1789866913.603,2219,5.20296,0.60616,3.15383,1.550,1.548,1049.7,77.31883,14.95207
1789866913.613,2220,5.20296,0.59446,3.09295,1.550,1.548,1049.7,77.34979,14.95802
1789866913.623,2221,5.20296,0.61763,3.21350,1.550,1.548,1049.7,77.38196,14.96420
1789866913.633,2222,5.20296,0.58425,3.03983,1.550,1.548,1049.7,77.41239,14.97005
1789866913.643,2223,5.20296,0.60616,3.15383,1.550,1.548,1049.7,77.44396,14.97612
1789866913.653,2224,5.20296,0.58250,3.03072,1.551,1.548,1049.7,77.47424,14.98194
1789866913.663,2225,5.20296,0.58749,3.05669,1.551,1.548,1049.7,77.50478,14.98781
1789866913.673,2226,5.20296,0.60616,3.15383,1.551,1.548,1049.7,77.53630,14.99387
1789866913.683,2227,5.20296,0.58724,3.05539,1.551,1.548,1049.7,77.56683,14.99973
1789866913.693,2228,5.20292,0.61938,3.22258,1.551,1.548,1049.7,77.59894,15.00591
1789866913.703,2229,5.20292,0.62436,3.24850,1.551,1.548,1049.7,77.63131,15.01213
1789866913.713,2230,5.20292,0.58201,3.02815,1.551,1.548,1049.7,77.66148,15.01793
1789866913.723,2231,5.20292,0.60611,3.15354,1.551,1.548,1049.7,77.69290,15.02397
1789866913.733,2232,5.20292,0.59098,3.07482,1.551,1.548,1049.7,77.72364,15.02987
1789866913.743,2233,5.20292,0.58325,3.03460,1.551,1.548,1049.7,77.75397,15.03570
1789866913.753,2234,5.20292,0.60611,3.15354,1.550,1.548,1049.7,77.78549,15.04176
1789866913.763,2235,5.20292,0.58649,3.05146,1.551,1.548,1049.7,77.81599,15.04762
1789866913.773,2236,5.20292,0.58300,3.03330,1.551,1.548,1049.7,77.84635,15.05346
1789866913.783,2237,5.20292,0.63532,3.30552,1.550,1.548,1049.7,77.87944,15.05982
1789866913.793,2238,5.20296,0.58749,3.05669,1.550,1.548,1049.7,77.91004,15.06570
1789866913.803,2239,5.20296,0.60593,3.15263,1.550,1.548,1049.7,77.94160,15.07176
1789866913.813,2240,5.20296,0.58525,3.04503,1.551,1.548,1049.7,77.97211,15.07763
1789866913.823,2241,5.20296,0.59048,3.07224,1.550,1.548,1049.7,78.00289,15.08355
1789866913.833,2242,5.20296,0.63557,3.30685,1.550,1.548,1049.7,78.03603,15.08991
1789866913.843,2243,5.20296,0.59272,3.08390,1.551,1.548,1049.7,78.06693,15.09585
1789866913.853,2244,5.20296,0.60593,3.15263,1.551,1.548,1049.7,78.09846,15.10191
1789866913.863,2245,5.20296,0.57976,3.01647,1.551,1.548,1049.7,78.12864,15.10771
1789866913.873,2246,5.20296,0.57976,3.01647,1.551,1.548,1049.7,78.15881,15.11351
1789866913.883,2247,5.20296,0.62785,3.26668,1.551,1.548,1049.7,78.19148,15.11979
1789866913.893,2248,5.20288,0.58176,3.02683,1.551,1.548,1049.7,78.22174,15.12561
1789866913.903,2249,5.20288,0.63159,3.28609,1.551,1.548,1049.7,78.25459,15.13192
1789866913.913,2250,5.20288,0.64230,3.34181,1.550,1.548,1049.7,78.28799,15.13834
1789866913.923,2251,5.20288,0.62087,3.23031,1.550,1.548,1049.7,78.32028,15.14455
1789866913.933,2252,5.20288,0.63308,3.29384,1.551,1.548,1049.7,78.35331,15.15090
1789866913.943,2253,5.20288,0.58799,3.05924,1.550,1.548,1049.7,78.38400,15.15679
1789866913.953,2254,5.20288,0.60589,3.15237,1.550,1.548,1049.7,78.41561,15.16287
1789866913.963,2255,5.18805,0.62885,3.26251,1.550,1.548,1049.7,78.44833,15.16918
1789866913.973,2256,5.20288,0.58998,3.06960,1.550,1.548,1049.7,78.47893,15.17506
1789866913.983,2257,5.20288,0.61714,3.21091,1.549,1.547,1049.7,78.51094,15.18121
1789866913.993,2258,5.20272,0.60592,3.15243,1.550,1.548,1049.7,78.54237,15.18725
1789866914.003,2259,5.20272,0.60592,3.15243,1.550,1.548,1049.7,78.57380,15.19329
1789866914.013,2260,5.18305,0.68167,3.53313,1.550,1.548,1049.7,78.60924,15.20013
1789866914.023,2261,5.20272,0.63582,3.30799,1.550,1.548,1049.7,78.64242,15.20651
1789866914.033,2262,5.20272,0.60592,3.15243,1.552,1.548,1049.7,78.67405,15.21259
1789866914.043,2263,5.20272,0.59048,3.07210,1.552,1.549,1049.7,78.70487,15.21851
1789866914.053,2264,5.20272,0.58525,3.04489,1.552,1.548,1049.7,78.73531,15.22436
1789866914.063,2265,5.20272,0.61639,3.20690,1.551,1.548,1049.7,78.76737,15.23052
1789866914.073,2266,5.20272,0.63881,3.32355,1.552,1.548,1049.7,78.80060,15.23691
1789866914.083,2267,5.20272,0.58898,3.06430,1.552,1.548,1049.7,78.83123,15.24280
1789866914.093,2268,5.20253,0.61739,3.21199,1.551,1.548,1049.7,78.86325,15.24895
1789866914.103,2269,5.20253,0.59521,3.09660,1.550,1.548,1049.7,78.89412,15.25489
1789866914.113,2270,5.20253,0.62635,3.25860,1.550,1.548,1049.7,78.92660,15.26113
1789866914.123,2271,5.20253,0.65002,3.38175,1.551,1.548,1049.7,78.96031,15.26761
1789866914.133,2272,5.20253,0.59272,3.08364,1.551,1.548,1049.7,78.99124,15.27356
1789866914.143,2273,5.20253,0.60649,3.15528,1.550,1.548,1049.7,79.02289,15.27964
1789866914.153,2274,5.20253,0.59621,3.10180,1.550,1.548,1049.7,79.05401,15.28562
1789866914.163,2275,5.20253,0.61739,3.21199,1.550,1.548,1049.7,79.08623,15.29181
1789866914.173,2276,5.20253,0.58599,3.04863,1.551,1.548,1049.7,79.11657,15.29764
1789866914.183,2277,5.20253,0.58226,3.02923,1.550,1.548,1049.7,79.14673,15.30344
1789866914.193,2278,5.20229,0.60716,3.15862,1.550,1.548,1049.7,79.17817,15.30948
1789866914.203,2279,5.20229,0.59322,3.08610,1.550,1.548,1049.7,79.20889,15.31539
1789866914.213,2280,5.20229,0.60716,3.15862,1.551,1.548,1049.7,79.24056,15.32148
1789866914.223,2281,5.20229,0.65351,3.39975,1.551,1.548,1049.7,79.27466,15.32803
1789866914.233,2282,5.20229,0.59172,3.07830,1.550,1.548,1049.7,79.30553,15.33397
1789866914.243,2283,5.20229,0.59197,3.07960,1.551,1.548,1049.7,79.33641,15.33990
1789866914.253,2284,5.20229,0.60716,3.15862,1.551,1.548,1049.7,79.36810,15.34599
1789866914.263,2285,5.20229,0.58500,3.04334,1.551,1.548,1049.7,79.39864,15.35186
1789866914.273,2286,5.20229,0.58599,3.04849,1.550,1.548,1049.7,79.42923,15.35774
1789866914.283,2287,5.20229,0.60716,3.15862,1.550,1.548,1049.7,79.46092,15.36384
1789866914.293,2288,5.20222,0.58500,3.04330,1.550,1.548,1049.7,79.49123,15.36966
1789866914.303,2289,5.20222,0.58848,3.06140,1.550,1.548,1049.7,79.52172,15.37552
1789866914.313,2290,5.20222,0.64230,3.34139,1.549,1.548,1049.7,79.55500,15.38192
1789866914.323,2291,5.20222,0.59446,3.09251,1.550,1.548,1049.7,79.58580,15.38784
1789866914.333,2292,5.20222,0.59098,3.07441,1.550,1.548,1049.7,79.61653,15.39375
1789866914.343,2293,5.20222,0.60713,3.15842,1.550,1.548,1049.7,79.64811,15.39982
1789866914.353,2294,5.20222,0.58475,3.04200,1.550,1.548,1049.7,79.67852,15.40567
1789866914.363,2295,5.18805,0.64504,3.34650,1.550,1.548,1049.7,79.71198,15.41211
1789866914.373,2296,5.20222,0.63134,3.28437,1.551,1.548,1049.7,79.74481,15.41842
1789866914.383,2297,5.20222,0.59197,3.07956,1.551,1.548,1049.7,79.77559,15.42434
1789866914.393,2298,5.20226,0.58574,3.04717,1.550,1.548,1049.7,79.80604,15.43020
1789866914.403,2299,5.20226,0.60670,3.15621,1.550,1.548,1049.7,79.83759,15.43626
1789866914.413,2300,5.20226,0.58973,3.06793,1.550,1.548,1049.7,79.86830,15.44216
1789866914.423,2301,5.18555,0.64380,3.33846,1.550,1.548,1049.7,79.90173,15.44861
1789866914.433,2302,5.20226,0.63831,3.32065,1.549,1.548,1049.7,79.93497,15.45500
1789866914.443,2303,5.20226,0.59347,3.08739,1.550,1.548,1049.7,79.96588,15.46094
1789866914.453,2304,5.20226,0.61988,3.22478,1.550,1.548,1049.7,79.99817,15.46715
1789866914.463,2305,5.20226,0.60670,3.15621,1.551,1.548,1049.7,80.02977,15.47322
1789866914.473,2306,5.20226,0.58898,3.06403,1.551,1.548,1049.7,80.06044,15.47912
1789866914.483,2307,5.20226,0.60670,3.15621,1.551,1.548,1049.7,80.09204,15.48519
1789866914.493,2308,5.20233,0.64081,3.33371,1.551,1.548,1049.7,80.12530,15.49159
1789866914.503,2309,5.20233,0.58898,3.06407,1.551,1.548,1049.7,80.15587,15.49746
1789866914.513,2310,5.20233,0.59421,3.09128,1.551,1.548,1049.7,80.18671,15.50339
1789866914.523,2311,5.19055,0.62536,3.24596,1.551,1.548,1049.7,80.21910,15.50963
1789866914.533,2312,5.20233,0.66248,3.44644,1.551,1.548,1049.7,80.25367,15.51627
1789866914.543,2313,5.20233,0.62262,3.23907,1.550,1.547,1049.7,80.28616,15.52252
1789866914.553,2314,5.20233,0.59247,3.08222,1.551,1.548,1049.7,80.31707,15.52846
1789866914.563,2315,5.20233,0.60607,3.15298,1.551,1.548,1049.7,80.34870,15.53454
1789866914.573,2316,5.19180,0.60607,3.14659,1.551,1.548,1049.7,80.38006,15.54058
1789866914.583,2317,5.20233,0.58226,3.02911,1.550,1.548,1049.7,80.41025,15.54638
1789866914.593,2318,5.18930,0.65152,3.38093,1.550,1.548,1049.7,80.44394,15.55288
1789866914.603,2319,5.20241,0.63059,3.28059,1.550,1.548,1049.7,80.47664,15.55916
1789866914.613,2320,5.20241,0.64953,3.37912,1.550,1.548,1049.7,80.51049,15.56567
1789866914.623,2321,5.20241,0.69886,3.63576,1.550,1.548,1049.7,80.54692,15.57267
1789866914.633,2322,5.20241,0.63483,3.30265,1.550,1.548,1049.7,80.58000,15.57903
1789866914.643,2323,5.20241,0.65600,3.41278,1.550,1.548,1049.7,80.61420,15.58560
1789866914.653,2324,5.20241,0.63233,3.28964,1.551,1.548,1049.7,80.64713,15.59193
1789866914.663,2325,5.19055,0.65052,3.37656,1.551,1.548,1049.7,80.68094,15.59845
1789866914.673,2326,5.20241,0.57976,3.01615,1.551,1.548,1049.7,80.71114,15.60425
1789866914.683,2327,5.20241,0.58973,3.06802,1.551,1.548,1049.7,80.74186,15.61016
1789866914.693,2328,5.20171,0.60850,3.16524,1.551,1.548,1049.7,80.77343,15.61623
1789866914.703,2329,5.20171,0.58649,3.05075,1.551,1.548,1049.7,80.80386,15.62208
1789866914.713,2330,5.20171,0.60850,3.16524,1.551,1.548,1049.7,80.83543,15.62814
1789866914.723,2331,5.20171,0.60850,3.16524,1.550,1.548,1049.7,80.86699,15.63421
1789866914.733,2332,5.20171,0.58749,3.05595,1.551,1.548,1049.7,80.89758,15.64009
1789866914.743,2333,5.20171,0.60850,3.16524,1.550,1.548,1049.7,80.92926,15.64618
1789866914.753,2334,5.20171,0.58749,3.05595,1.550,1.548,1049.7,80.95985,15.65206
1789866914.763,2335,5.20171,0.58500,3.04300,1.551,1.548,1049.7,80.99030,15.65792
1789866914.773,2336,5.20171,0.60850,3.16524,1.550,1.547,1049.7,81.02188,15.66399
1789866914.783,2337,5.20171,0.59521,3.09611,1.549,1.547,1049.7,81.05276,15.66993
1789866914.793,2338,5.20163,0.58375,3.03645,1.550,1.548,1049.7,81.08304,15.67575
1789866914.803,2339,5.20163,0.60867,3.16608,1.550,1.548,1049.7,81.11462,15.68182
1789866914.813,2340,5.20163,0.58898,3.06366,1.551,1.548,1049.7,81.14528,15.68771
1789866914.823,2341,5.20163,0.60867,3.16608,1.551,1.548,1049.7,81.17697,15.69380
1789866914.833,2342,5.20163,0.58724,3.05461,1.551,1.548,1049.7,81.20753,15.69968
1789866914.843,2343,5.20163,0.59496,3.09476,1.551,1.548,1049.7,81.23850,15.70563
1789866914.853,2344,5.20163,0.60867,3.16608,1.551,1.548,1049.7,81.27027,15.71174
1789866914.863,2345,5.20163,0.59646,3.10256,1.551,1.548,1049.7,81.30141,15.71773
1789866914.873,2346,5.20163,0.60867,3.16608,1.550,1.548,1049.7,81.33318,15.72384
1789866914.883,2347,5.20163,0.58898,3.06366,1.550,1.548,1049.7,81.36392,15.72975
1789866914.893,2348,5.20175,0.58126,3.02357,1.550,1.548,1049.7,81.39398,15.73553
1789866914.903,2349,5.20175,0.60887,3.16719,1.551,1.548,1049.7,81.42547,15.74158
1789866914.913,2350,5.20175,0.58724,3.05468,1.551,1.548,1049.7,81.45584,15.74742
1789866914.923,2351,5.20175,0.60887,3.16719,1.551,1.548,1049.7,81.48733,15.75347
1789866914.933,2352,5.20175,0.64330,3.34629,1.551,1.548,1049.7,81.52100,15.75994
1789866914.943,2353,5.20175,0.59671,3.10394,1.551,1.548,1049.7,81.55224,15.76595
1789866914.953,2354,5.20175,0.63433,3.29963,1.552,1.548,1049.7,81.58544,15.77233
1789866914.963,2355,5.20175,0.59347,3.08708,1.551,1.548,1049.7,81.61651,15.77830
1789866914.973,2356,5.20175,0.58525,3.04432,1.550,1.548,1049.7,81.64701,15.78417
1789866914.983,2357,5.20175,0.60887,3.16719,1.551,1.548,1049.7,81.67874,15.79027
1789866914.993,2358,5.20194,0.58350,3.03533,1.552,1.548,1049.7,81.70915,15.79611
1789866915.003,2359,5.20194,0.58724,3.05479,1.552,1.548,1049.7,81.73976,15.80200
1789866915.013,2360,5.20194,0.63009,3.27769,1.552,1.548,1049.7,81.77241,15.80828
1789866915.023,2361,5.20194,0.58724,3.05479,1.552,1.548,1049.7,81.80285,15.81413
1789866915.033,2362,5.20194,0.63757,3.31660,1.552,1.548,1049.7,81.83590,15.82048
1789866915.043,2363,5.20194,0.59172,3.07809,1.552,1.548,1049.7,81.86657,15.82638
1789866915.053,2364,5.20194,0.60878,3.16684,1.552,1.548,1049.7,81.89829,15.83247
1789866915.063,2365,5.20194,0.63881,3.32305,1.552,1.548,1049.7,81.93157,15.83887
1789866915.073,2366,5.20194,0.57852,3.00943,1.551,1.548,1049.7,81.96171,15.84466
1789866915.083,2367,5.20194,0.57852,3.00943,1.551,1.548,1049.7,81.99185,15.85046
1789866915.093,2368,5.20226,0.63283,3.29215,1.551,1.548,1049.7,82.02469,15.85677
1789866915.103,2369,5.20226,0.58848,3.06143,1.551,1.548,1049.7,82.05523,15.86264
1789866915.113,2370,5.20226,0.60819,3.16396,1.550,1.548,1049.7,82.08680,15.86871
1789866915.123,2371,5.20226,0.59720,3.10679,1.550,1.548,1049.7,82.11779,15.87467
1789866915.133,2372,5.20226,0.60819,3.16396,1.550,1.548,1049.7,82.14950,15.88076
1789866915.143,2373,5.20226,0.62934,3.27399,1.550,1.548,1049.7,82.18230,15.88707
1789866915.153,2374,5.20226,0.58948,3.06663,1.550,1.548,1049.7,82.21303,15.89298
1789866915.163,2375,5.20226,0.60819,3.16396,1.550,1.548,1049.7,82.24474,15.89907
1789866915.173,2376,5.20226,0.58574,3.04717,1.550,1.548,1049.7,82.27505,15.90490
1789866915.183,2377,5.20226,0.60819,3.16396,1.550,1.548,1049.7,82.30653,15.91095
1789866915.193,2378,5.20241,0.60777,3.16187,1.550,1.548,1049.7,82.33799,15.91699
1789866915.203,2379,5.20241,0.58873,3.06281,1.550,1.548,1049.7,82.36846,15.92285
1789866915.213,2380,5.20241,0.60777,3.16187,1.550,1.548,1049.7,82.40023,15.92896
1789866915.223,2381,5.20241,0.58848,3.06151,1.550,1.548,1049.7,82.43099,15.93487
1789866915.233,2382,5.20241,0.60777,3.16187,1.550,1.548,1049.7,82.46276,15.94098
1789866915.243,2383,5.18680,0.64130,3.32629,1.550,1.548,1049.7,82.49619,15.94742
1789866915.253,2384,5.20241,0.59197,3.07967,1.549,1.548,1049.7,82.52696,15.95334
1789866915.263,2385,5.20241,0.60777,3.16187,1.549,1.547,1049.7,82.55855,15.95941
1789866915.273,2386,5.20241,0.58848,3.06151,1.550,1.548,1049.7,82.58914,15.96529
1789866915.283,2387,5.20241,0.60777,3.16187,1.550,1.547,1049.7,82.62073,15.97136
1789866915.293,2388,5.20245,0.58250,3.03043,1.550,1.548,1049.7,82.65098,15.97718
1789866915.303,2389,5.20245,0.58699,3.05379,1.550,1.548,1049.7,82.68145,15.98303
1789866915.313,2390,5.20245,0.60799,3.16304,1.551,1.548,1049.7,82.71302,15.98910
1789866915.323,2391,5.20245,0.57802,3.00712,1.551,1.548,1049.7,82.74302,15.99487
1789866915.333,2392,5.20245,0.60799,3.16304,1.550,1.548,1049.7,82.77469,16.00096
1789866915.343,2393,5.20245,0.63134,3.28451,1.550,1.548,1049.7,82.80757,16.00728
1789866915.353,2394,5.20245,0.58973,3.06804,1.550,1.548,1049.7,82.83829,16.01318
1789866915.363,2395,5.20245,0.61813,3.21579,1.550,1.548,1049.7,82.87048,16.01937
1789866915.373,2396,5.20245,0.58574,3.04728,1.550,1.548,1049.7,82.90090,16.02522
1789866915.383,2397,5.20245,0.58101,3.02268,1.549,1.548,1049.7,82.93108,16.03102
1789866915.393,2398,5.20261,0.60749,3.16053,1.549,1.548,1049.7,82.96263,16.03708
1789866915.403,2399,5.20261,0.58549,3.04608,1.549,1.548,1049.7,82.99303,16.04293
1789866915.413,2400,5.20261,0.58724,3.05518,1.549,1.548,1049.7,83.02364,16.04881
1789866915.423,2401,5.20261,0.62212,3.23665,1.549,1.548,1049.7,83.05606,16.05504
1789866915.433,2402,5.20261,0.60749,3.16053,1.550,1.548,1049.7,83.08771,16.06112
1789866915.443,2403,5.20261,0.64629,3.36239,1.550,1.548,1049.7,83.12139,16.06760
1789866915.453,2404,5.20261,0.58300,3.03312,1.550,1.548,1049.7,83.15174,16.07343
1789866915.463,2405,5.20261,0.59122,3.07589,1.551,1.548,1049.7,83.18252,16.07935
1789866915.473,2406,5.20261,0.60749,3.16053,1.551,1.548,1049.7,83.21415,16.08543
1789866915.483,2407,5.20261,0.58126,3.02407,1.551,1.548,1049.7,83.24441,16.09124
1789866915.493,2408,5.20276,0.61739,3.21213,1.551,1.548,1049.7,83.27644,16.09740
1789866915.503,2409,5.20276,0.59247,3.08248,1.551,1.548,1049.7,83.30718,16.10331
1789866915.513,2410,5.20276,0.58724,3.05527,1.551,1.548,1049.7,83.33764,16.10916
1789866915.523,2411,5.20276,0.64230,3.34173,1.550,1.548,1049.7,83.37096,16.11557
1789866915.533,2412,5.20276,0.58549,3.04616,1.550,1.548,1049.7,83.40149,16.12143
1789866915.543,2413,5.20276,0.61938,3.22249,1.550,1.548,1049.7,83.43378,16.12764
1789866915.553,2414,5.20276,0.59073,3.07343,1.550,1.548,1049.7,83.46458,16.13356
1789866915.563,2415,5.20276,0.59172,3.07858,1.550,1.548,1049.7,83.49543,16.13949
1789866915.573,2416,5.19180,0.63956,3.32047,1.550,1.548,1049.7,83.52860,16.14588
1789866915.583,2417,5.20276,0.59671,3.10454,1.550,1.548,1049.7,83.55961,16.15184
1789866915.593,2418,5.20284,0.60713,3.15880,1.550,1.548,1049.7,83.59116,16.15790
1789866915.603,2419,5.20284,0.57976,3.01640,1.551,1.548,1049.7,83.62129,16.16370
1789866915.613,2420,5.20284,0.57902,3.01255,1.551,1.548,1049.7,83.65146,16.16949
1789866915.623,2421,5.20284,0.60713,3.15880,1.551,1.548,1049.7,83.68310,16.17557
1789866915.633,2422,5.20284,0.58724,3.05532,1.551,1.548,1049.7,83.71369,16.18145
1789866915.643,2423,5.20284,0.63831,3.32102,1.552,1.548,1049.7,83.74695,16.18785
1789866915.653,2424,5.20284,0.60713,3.15880,1.551,1.548,1049.7,83.77860,16.19393
1789866915.663,2425,5.20284,0.60713,3.15880,1.551,1.548,1049.7,83.81025,16.20001
1789866915.673,2426,5.20284,0.62934,3.27436,1.551,1.548,1049.7,83.84306,16.20632
1789866915.683,2427,5.20284,0.60713,3.15880,1.550,1.548,1049.7,83.87471,16.21240
1789866915.693,2428,5.20370,0.62735,3.26454,1.550,1.548,1049.7,83.90715,16.21864
1789866915.703,2429,5.20370,0.58275,3.03246,1.551,1.548,1049.7,83.93728,16.22443
1789866915.713,2430,5.20370,0.61913,3.22177,1.551,1.548,1049.7,83.96929,16.23058
1789866915.723,2431,5.20370,0.59122,3.07653,1.550,1.548,1049.7,83.99986,16.23645
1789866915.733,2432,5.20370,0.60359,3.14090,1.550,1.548,1049.7,84.03138,16.24251
1789866915.743,2433,5.19180,0.63582,3.30105,1.550,1.548,1049.7,84.06451,16.24889
1789866915.753,2434,5.20370,0.62685,3.26194,1.550,1.548,1049.7,84.09724,16.25518
1789866915.763,2435,5.20370,0.60359,3.14090,1.550,1.548,1049.7,84.12876,16.26124
1789866915.773,2436,5.20370,0.59073,3.07398,1.550,1.548,1049.7,84.15945,16.26714
1789866915.783,2437,5.20370,0.60359,3.14090,1.550,1.548,1049.7,84.19082,16.27316
1789866915.793,2438,5.20374,0.63383,3.29829,1.550,1.548,1049.7,84.22375,16.27949
1789866915.803,2439,5.20374,0.59222,3.08176,1.551,1.548,1049.7,84.25452,16.28541
1789866915.813,2440,5.20374,0.60379,3.14197,1.550,1.548,1049.7,84.28605,16.29146
1789866915.823,2441,5.20374,0.58226,3.02993,1.550,1.548,1049.7,84.31645,16.29731
1789866915.833,2442,5.20374,0.60379,3.14197,1.551,1.548,1049.7,84.34798,16.30337
1789866915.843,2443,5.20374,0.60379,3.14197,1.550,1.548,1049.7,84.37951,16.30942
1789866915.853,2444,5.20374,0.60379,3.14197,1.551,1.548,1049.7,84.41091,16.31546
1789866915.863,2445,5.20374,0.62536,3.25421,1.551,1.548,1049.7,84.44342,16.32171
1789866915.873,2446,5.20374,0.60379,3.14197,1.551,1.548,1049.7,84.47482,16.32774
1789866915.883,2447,5.20374,0.59147,3.07786,1.551,1.548,1049.7,84.50557,16.33365
1789866915.893,2448,5.20374,0.60357,3.14082,1.551,1.548,1049.7,84.53683,16.33966
1789866915.903,2449,5.20374,0.58799,3.05975,1.551,1.548,1049.7,84.56728,16.34551
1789866915.913,2450,5.20374,0.58450,3.04159,1.551,1.548,1049.7,84.59755,16.35133
1789866915.923,2451,5.20374,0.60357,3.14082,1.550,1.547,1049.7,84.62881,16.35733
1789866915.933,2452,5.20374,0.59098,3.07531,1.551,1.548,1049.7,84.65965,16.36326
1789866915.943,2453,5.20374,0.60357,3.14082,1.551,1.548,1049.7,84.69114,16.36931
1789866915.953,2454,5.20374,0.58948,3.06750,1.550,1.548,1049.7,84.72189,16.37522
1789866915.963,2455,5.19180,0.64355,3.34118,1.550,1.548,1049.7,84.75540,16.38167
1789866915.973,2456,5.20374,0.61489,3.19973,1.551,1.548,1049.7,84.78726,16.38780
1789866915.983,2457,5.20374,0.58500,3.04419,1.550,1.548,1049.7,84.81757,16.39362
1789866915.993,2458,5.20362,0.58774,3.05838,1.551,1.548,1049.7,84.84802,16.39947
1789866916.003,2459,5.20362,0.60386,3.14226,1.551,1.548,1049.7,84.87931,16.40549
1789866916.013,2460,5.20362,0.58749,3.05707,1.552,1.548,1049.7,84.90998,16.41138
1789866916.023,2461,5.20362,0.59347,3.08819,1.552,1.548,1049.7,84.94096,16.41733
1789866916.033,2462,5.20362,0.61763,3.21391,1.551,1.548,1049.7,84.97320,16.42353
1789866916.043,2463,5.20362,0.58425,3.04021,1.552,1.548,1049.7,85.00369,16.42939
1789866916.053,2464,5.20362,0.60386,3.14226,1.552,1.548,1049.7,85.03509,16.43542
1789866916.063,2465,5.20362,0.59172,3.07909,1.551,1.548,1049.7,85.06586,16.44134
1789866916.073,2466,5.20362,0.59247,3.08299,1.551,1.548,1049.7,85.09667,16.44726
1789866916.083,2467,5.20362,0.61440,3.19710,1.551,1.548,1049.7,85.12862,16.45340
1789866916.093,2468,5.20343,0.60371,3.14136,1.551,1.548,1049.7,85.16007,16.45944
1789866916.103,2469,5.20343,0.60371,3.14136,1.550,1.548,1049.7,85.19152,16.46548
1789866916.113,2470,5.20343,0.58425,3.04010,1.550,1.548,1049.7,85.22196,16.47133
1789866916.123,2471,5.20343,0.58799,3.05956,1.550,1.548,1049.7,85.25259,16.47722
1789866916.133,2472,5.20343,0.60371,3.14136,1.550,1.548,1049.7,85.28401,16.48326
1789866916.143,2473,5.20343,0.58599,3.04916,1.550,1.548,1049.7,85.31451,16.48912
1789866916.153,2474,5.20343,0.62237,3.23846,1.550,1.548,1049.7,85.34691,16.49535
1789866916.163,2475,5.19180,0.64479,3.34762,1.551,1.548,1049.7,85.38039,16.50180
1789866916.173,2476,5.20343,0.60371,3.14136,1.551,1.548,1049.7,85.41178,16.50783
1789866916.183,2477,5.20343,0.63881,3.32400,1.550,1.548,1049.7,85.44499,16.51421
1789866916.193,2478,5.20335,0.58948,3.06727,1.550,1.548,1049.7,85.47564,16.52010
1789866916.203,2479,5.20335,0.58699,3.05431,1.550,1.548,1049.7,85.50616,16.52597
1789866916.213,2480,5.20335,0.63433,3.30064,1.549,1.547,1049.7,85.53927,16.53233
1789866916.223,2481,5.20335,0.57902,3.01284,1.549,1.548,1049.7,85.56949,16.53814
1789866916.233,2482,5.20335,0.60378,3.14168,1.549,1.548,1049.7,85.60100,16.54419
1789866916.243,2483,5.20335,0.62586,3.25657,1.550,1.548,1049.7,85.63367,16.55047
1789866916.253,2484,5.20335,0.60378,3.14168,1.550,1.548,1049.7,85.66509,16.55651
1789866916.263,2485,5.19180,0.68665,3.56495,1.551,1.548,1049.7,85.70073,16.56338
1789866916.273,2486,5.20335,0.60378,3.14168,1.550,1.548,1049.7,85.73215,16.56941
1789866916.283,2487,5.20335,0.62262,3.23971,1.551,1.548,1049.7,85.76454,16.57564
1789866916.293,2488,5.20335,0.58973,3.06857,1.551,1.548,1049.7,85.79510,16.58151
1789866916.303,2489,5.20335,0.60339,3.13965,1.551,1.548,1049.7,85.82637,16.58752
1789866916.313,2490,5.20335,0.60339,3.13965,1.551,1.548,1049.7,85.85764,16.59353
1789866916.323,2491,5.20335,0.59297,3.08543,1.550,1.548,1049.7,85.88837,16.59944
1789866916.333,2492,5.20335,0.60339,3.13965,1.551,1.548,1049.7,85.91981,16.60548
1789866916.343,2493,5.20335,0.60339,3.13965,1.550,1.548,1049.7,85.95124,16.61152
1789866916.353,2494,5.20335,0.60339,3.13965,1.550,1.547,1049.7,85.98268,16.61756
1789866916.363,2495,5.20335,0.64006,3.33046,1.550,1.548,1049.7,86.01603,16.62397
1789866916.373,2496,5.20335,0.64404,3.35117,1.550,1.548,1049.7,86.04955,16.63041
1789866916.383,2497,5.18805,0.66722,3.46157,1.551,1.548,1049.7,86.08416,16.63709
1789866916.393,2498,5.20315,0.59073,3.07366,1.551,1.548,1049.7,86.11490,16.64299
1789866916.403,2499,5.20315,0.59272,3.08401,1.551,1.548,1049.7,86.14575,16.64892
1789866916.413,2500,5.20315,0.61514,3.20067,1.551,1.548,1049.7,86.17769,16.65506
1789866916.423,2501,5.20315,0.59372,3.08921,1.551,1.548,1049.7,86.20853,16.66099
1789866916.433,2502,5.20315,0.59247,3.08271,1.550,1.548,1049.7,86.23930,16.66690
1789866916.443,2503,5.20315,0.61464,3.19806,1.550,1.548,1049.7,86.27122,16.67304
1789866916.453,2504,5.20315,0.58201,3.02829,1.550,1.548,1049.7,86.30155,16.67886
1789866916.463,2505,5.20315,0.61689,3.20977,1.550,1.548,1049.7,86.33370,16.68504
1789866916.473,2506,5.20315,0.59247,3.08271,1.550,1.548,1049.7,86.36458,16.69098
1789866916.483,2507,5.20315,0.60424,3.14395,1.550,1.548,1049.7,86.39607,16.69703
1789866916.493,2508,5.20304,0.62685,3.26153,1.550,1.548,1049.7,86.42872,16.70331
1789866916.503,2509,5.20304,0.59421,3.09170,1.549,1.548,1049.7,86.45966,16.70925
1789866916.513,2510,5.20304,0.60425,3.14394,1.549,1.548,1049.7,86.49114,16.71530
1789866916.523,2511,5.20304,0.58475,3.04248,1.550,1.548,1049.7,86.52159,16.72116
1789866916.533,2512,5.20304,0.58375,3.03727,1.550,1.548,1049.7,86.55199,16.72700
1789866916.543,2513,5.20304,0.60425,3.14394,1.550,1.547,1049.7,86.58346,16.73305
1789866916.553,2514,5.20304,0.58350,3.03597,1.550,1.548,1049.7,86.61384,16.73889
1789866916.563,2515,5.20304,0.60425,3.14394,1.550,1.548,1049.7,86.64531,16.74493
1789866916.573,2516,5.19055,0.64155,3.33000,1.551,1.548,1049.7,86.67855,16.75134
1789866916.583,2517,5.20304,0.59421,3.09170,1.550,1.548,1049.7,86.70942,16.75727
1789866916.593,2518,5.20307,0.62162,3.23433,1.550,1.548,1049.7,86.74171,16.76348
1789866916.603,2519,5.20307,0.59322,3.08657,1.551,1.548,1049.7,86.77252,16.76940
1789866916.613,2520,5.20307,0.58026,3.01913,1.551,1.548,1049.7,86.80279,16.77522
1789866916.623,2521,5.20307,0.60424,3.14390,1.551,1.548,1049.7,86.83431,16.78127
1789866916.633,2522,5.20307,0.58350,3.03599,1.551,1.548,1049.7,86.86474,16.78712
1789866916.643,2523,5.20307,0.58599,3.04895,1.551,1.548,1049.7,86.89531,16.79300
1789866916.653,2524,5.20307,0.62835,3.26935,1.551,1.548,1049.7,86.92803,16.79929
1789866916.663,2525,5.20307,0.60424,3.14390,1.551,1.548,1049.7,86.95950,16.80533
1789866916.673,2526,5.18930,0.67021,3.47792,1.550,1.548,1049.7,86.99431,16.81204
1789866916.683,2527,5.20307,0.58525,3.04510,1.550,1.548,1049.7,87.02478,16.81790
1789866916.693,2528,5.20296,0.59172,3.07870,1.550,1.548,1049.7,87.05540,16.82378
1789866916.703,2529,5.20296,0.61788,3.21480,1.550,1.548,1049.7,87.08738,16.82993
1789866916.713,2530,5.20296,0.58250,3.03072,1.550,1.548,1049.7,87.11752,16.83572
1789866916.723,2531,5.20296,0.58749,3.05669,1.550,1.548,1049.7,87.14792,16.84157
1789866916.733,2532,5.20296,0.60423,3.14378,1.550,1.548,1049.7,87.17935,16.84761
1789866916.743,2533,5.20296,0.58549,3.04628,1.550,1.548,1049.7,87.20981,16.85346
1789866916.753,2534,5.20296,0.59023,3.07094,1.550,1.548,1049.7,87.24051,16.85936
1789866916.763,2535,5.20296,0.63109,3.28354,1.550,1.548,1049.7,87.27334,16.86567
1789866916.773,2536,5.20296,0.60423,3.14378,1.550,1.548,1049.7,87.30486,16.87173
1789866916.783,2537,5.20296,0.60423,3.14378,1.549,1.548,1049.7,87.33639,16.87779
1789866916.793,2538,5.20292,0.58649,3.05146,1.550,1.548,1049.7,87.36699,16.88367
1789866916.803,2539,5.20292,0.59023,3.07092,1.550,1.548,1049.7,87.39778,16.88959
1789866916.813,2540,5.20292,0.60414,3.14329,1.550,1.548,1049.7,87.42927,16.89564
1789866916.823,2541,5.20292,0.59197,3.07997,1.550,1.548,1049.7,87.46012,16.90157
1789866916.833,2542,5.20292,0.63159,3.28611,1.550,1.548,1049.7,87.49304,16.90790
1789866916.843,2543,5.20292,0.58325,3.03460,1.551,1.548,1049.7,87.52344,16.91374
1789866916.853,2544,5.20292,0.60414,3.14329,1.550,1.548,1049.7,87.55488,16.91978
1789866916.863,2545,5.20292,0.62835,3.26925,1.550,1.548,1049.7,87.58758,16.92607
1789866916.873,2546,5.20292,0.60414,3.14329,1.550,1.548,1049.7,87.61902,16.93211
1789866916.883,2547,5.20292,0.60414,3.14329,1.550,1.548,1049.7,87.65045,16.93815
1789866916.893,2548,5.20292,0.58699,3.05406,1.550,1.548,1049.7,87.68089,16.94400
1789866916.903,2549,5.20292,0.61913,3.22128,1.550,1.548,1049.7,87.71299,16.95017
1789866916.913,2550,5.20292,0.59347,3.08778,1.551,1.548,1049.7,87.74376,16.95609
1789866916.923,2551,5.20292,0.61564,3.20313,1.551,1.548,1049.7,87.77568,16.96222
1789866916.933,2552,5.20292,0.60386,3.14184,1.552,1.548,1049.7,87.80724,16.96829
1789866916.943,2553,5.20292,0.58574,3.04756,1.551,1.548,1049.7,87.83785,16.97417
1789866916.953,2554,5.20292,0.60386,3.14184,1.551,1.548,1049.7,87.86940,16.98023
1789866916.963,2555,5.20292,0.58649,3.05146,1.551,1.548,1049.7,87.90005,16.98612
1789866916.973,2556,5.20292,0.60386,3.14184,1.551,1.548,1049.7,87.93135,16.99214
1789866916.983,2557,5.20292,0.64778,3.37035,1.551,1.548,1049.7,87.96494,16.99860
1789866916.993,2558,5.20300,0.58774,3.05801,1.551,1.548,1049.7,87.99541,17.00445
1789866917.003,2559,5.20300,0.62312,3.24209,1.551,1.548,1049.7,88.02772,17.01066
1789866917.013,2560,5.20300,0.59122,3.07612,1.551,1.548,1049.7,88.05861,17.01660
1789866917.023,2561,5.20300,0.60379,3.14152,1.551,1.548,1049.7,88.09016,17.02266
1789866917.033,2562,5.20300,0.58549,3.04630,1.550,1.548,1049.7,88.12075,17.02854
1789866917.043,2563,5.20300,0.58649,3.05151,1.550,1.548,1049.7,88.15139,17.03443
1789866917.053,2564,5.20300,0.60379,3.14152,1.550,1.547,1049.7,88.18281,17.04047
1789866917.063,2565,5.20300,0.58325,3.03465,1.552,1.548,1049.7,88.21316,17.04630
1789866917.073,2566,5.20300,0.61913,3.22133,1.551,1.548,1049.7,88.24537,17.05250
1789866917.083,2567,5.18805,0.59347,3.07895,1.551,1.548,1049.7,88.27616,17.05843
1789866917.093,2568,5.20311,0.59347,3.08789,1.551,1.548,1049.7,88.30686,17.06433
1789866917.103,2569,5.20311,0.61963,3.22400,1.551,1.548,1049.7,88.33891,17.07049
1789866917.113,2570,5.20311,0.59172,3.07878,1.551,1.548,1049.7,88.36952,17.07637
1789866917.123,2571,5.20311,0.57877,3.01140,1.550,1.548,1049.7,88.39946,17.08213
1789866917.133,2572,5.20311,0.60392,3.14226,1.551,1.548,1049.7,88.43093,17.08817
1789866917.143,2573,5.20311,0.58898,3.06453,1.551,1.548,1049.7,88.46162,17.09407
1789866917.153,2574,5.20311,0.58201,3.02826,1.550,1.547,1049.7,88.49194,17.09990
1789866917.163,2575,5.20311,0.61963,3.22400,1.551,1.547,1049.7,88.52423,17.10611
1789866917.173,2576,5.20311,0.59372,3.08919,1.551,1.548,1049.7,88.55514,17.11205
1789866917.183,2577,5.20311,0.62511,3.25252,1.550,1.548,1049.7,88.58769,17.11830
1789866917.193,2578,5.20315,0.60384,3.14187,1.551,1.548,1049.7,88.61913,17.12435
1789866917.203,2579,5.20315,0.59272,3.08401,1.551,1.548,1049.7,88.64999,17.13028
1789866917.213,2580,5.20315,0.60384,3.14187,1.551,1.548,1049.7,88.68146,17.13633
1789866917.223,2581,5.20315,0.58450,3.04124,1.551,1.548,1049.7,88.71193,17.14218
1789866917.233,2582,5.20315,0.60384,3.14187,1.550,1.548,1049.7,88.74340,17.14823
1789866917.243,2583,5.20315,0.57976,3.01658,1.550,1.548,1049.7,88.77362,17.15404
1789866917.253,2584,5.20315,0.58574,3.04769,1.550,1.548,1049.7,88.80410,17.15989
1789866917.263,2585,5.20315,0.63782,3.31867,1.550,1.547,1049.7,88.83728,17.16627
1789866917.273,2586,5.20315,0.58799,3.05940,1.549,1.547,1049.7,88.86788,17.17215
1789866917.283,2587,5.20315,0.62212,3.23698,1.549,1.547,1049.7,88.90025,17.17837
1789866917.293,2588,5.20315,0.59098,3.07496,1.550,1.548,1049.7,88.93095,17.18428
1789866917.303,2589,5.20315,0.58300,3.03344,1.550,1.548,1049.7,88.96124,17.19010
1789866917.313,2590,5.19305,0.63782,3.31223,1.550,1.548,1049.7,88.99432,17.19647
1789866917.323,2591,5.20315,0.60378,3.14156,1.550,1.548,1049.7,89.02568,17.20249
1789866917.333,2592,5.20315,0.60378,3.14156,1.550,1.547,1049.7,89.05721,17.20855
1789866917.343,2593,5.20315,0.58475,3.04254,1.550,1.548,1049.7,89.08775,17.21442
1789866917.353,2594,5.20315,0.62885,3.27200,1.550,1.547,1049.7,89.12058,17.22073
1789866917.363,2595,5.18680,0.66223,3.43485,1.550,1.548,1049.7,89.15506,17.22738
1789866917.373,2596,5.18805,0.61489,3.19008,1.550,1.548,1049.7,89.18680,17.23350
1789866917.383,2597,5.19305,0.66921,3.47524,1.550,1.548,1049.7,89.22137,17.24016
1789866917.393,2598,5.18430,0.67270,3.48748,1.550,1.548,1049.7,89.25607,17.24685
1789866917.403,2599,5.20276,0.64828,3.37285,1.551,1.548,1049.7,89.28963,17.25330
1789866917.413,2600,5.20276,0.67419,3.50765,1.550,1.548,1049.7,89.32475,17.26005
1789866917.423,2601,5.20276,0.62287,3.24064,1.550,1.548,1049.7,89.35720,17.26629
1789866917.433,2602,5.20276,0.65850,3.42602,1.550,1.548,1049.7,89.39150,17.27288
1789866917.443,2603,5.20276,0.64429,3.35209,1.550,1.548,1049.7,89.42506,17.27933
1789866917.453,2604,5.20276,0.58699,3.05397,1.550,1.548,1049.7,89.45566,17.28521
1789866917.463,2605,5.20276,0.60525,3.14897,1.551,1.548,1049.7,89.48720,17.29127
1789866917.473,2606,5.20276,0.58674,3.05267,1.550,1.548,1049.7,89.51779,17.29715
1789866917.483,2607,5.20276,0.60525,3.14897,1.550,1.548,1049.7,89.54933,17.30322
1789866917.493,2608,5.18805,0.67868,3.52103,1.550,1.548,1049.7,89.58447,17.30999
1789866917.503,2609,5.20261,0.59322,3.08629,1.551,1.548,1049.7,89.61527,17.31591
1789866917.513,2610,5.20261,0.61689,3.20944,1.551,1.548,1049.7,89.64730,17.32207
1789866917.523,2611,5.20261,0.58400,3.03832,1.550,1.547,1049.7,89.67763,17.32789
1789866917.533,2612,5.20261,0.59571,3.09925,1.550,1.548,1049.7,89.70849,17.33383
1789866917.543,2613,5.20261,0.58873,3.06293,1.551,1.548,1049.7,89.73900,17.33969
1789866917.553,2614,5.20261,0.58250,3.03052,1.551,1.548,1049.7,89.76919,17.34549
1789866917.563,2615,5.20261,0.60613,3.15346,1.551,1.548,1049.7,89.80059,17.35153
1789866917.573,2616,5.20261,0.58998,3.06944,1.551,1.548,1049.7,89.83136,17.35744
1789866917.583,2617,5.20261,0.60613,3.15346,1.551,1.548,1049.7,89.86297,17.36352
1789866917.593,2618,5.20257,0.60569,3.15114,1.551,1.548,1049.7,89.89456,17.36959
1789866917.603,2619,5.20257,0.64205,3.34031,1.550,1.548,1049.7,89.92805,17.37603
1789866917.613,2620,5.20257,0.60569,3.15114,1.551,1.548,1049.7,89.95971,17.38211
1789866917.623,2621,5.20257,0.58649,3.05126,1.550,1.548,1049.7,89.99037,17.38801
1789866917.633,2622,5.20257,0.58450,3.04090,1.550,1.548,1049.7,90.02093,17.39388
1789866917.643,2623,5.20257,0.60569,3.15114,1.551,1.548,1049.7,90.05259,17.39997
1789866917.653,2624,5.20257,0.58525,3.04480,1.551,1.548,1049.7,90.08302,17.40581
1789866917.663,2625,5.20257,0.59272,3.08367,1.551,1.548,1049.7,90.11383,17.41174
1789866917.673,2626,5.20257,0.60569,3.15114,1.550,1.548,1049.7,90.14532,17.41779
1789866917.683,2627,5.20257,0.58674,3.05256,1.550,1.548,1049.7,90.17582,17.42365
1789866917.693,2628,5.20257,0.60618,3.15369,1.550,1.548,1049.7,90.20727,17.42970
1789866917.703,2629,5.20257,0.59272,3.08367,1.550,1.547,1049.7,90.23803,17.43561
1789866917.713,2630,5.20257,0.58998,3.06941,1.550,1.547,1049.7,90.26864,17.44149
1789866917.723,2631,5.20257,0.60618,3.15369,1.550,1.547,1049.7,90.30009,17.44754
1789866917.733,2632,5.20257,0.58998,3.06941,1.550,1.548,1049.7,90.33087,17.45345
1789866917.743,2633,5.20257,0.58350,3.03570,1.551,1.548,1049.7,90.36130,17.45930
1789866917.753,2634,5.20257,0.60618,3.15369,1.551,1.548,1049.7,90.39292,17.46538
1789866917.763,2635,5.20257,0.59347,3.08757,1.551,1.548,1049.7,90.42388,17.47133
1789866917.773,2636,5.20257,0.58599,3.04865,1.551,1.548,1049.7,90.45434,17.47719
1789866917.783,2637,5.20257,0.60618,3.15369,1.550,1.548,1049.7,90.48586,17.48325
1789866917.793,2638,5.20257,0.58275,3.03180,1.550,1.548,1049.7,90.51616,17.48907
1789866917.803,2639,5.20257,0.60635,3.15458,1.550,1.548,1049.7,90.54769,17.49513
1789866917.813,2640,5.20257,0.58973,3.06811,1.550,1.548,1049.7,90.57839,17.50103
1789866917.823,2641,5.20257,0.60635,3.15458,1.550,1.548,1049.7,90.60995,17.50710
1789866917.833,2642,5.20257,0.60635,3.15458,1.550,1.548,1049.7,90.64152,17.51317
1789866917.843,2643,5.20257,0.58076,3.02144,1.550,1.548,1049.7,90.67175,17.51898
1789866917.853,2644,5.20257,0.60635,3.15458,1.550,1.548,1049.7,90.70325,17.52503
1789866917.863,2645,5.20257,0.58475,3.04220,1.551,1.548,1049.7,90.73363,17.53087
1789866917.873,2646,5.20257,0.58076,3.02144,1.551,1.548,1049.7,90.76380,17.53667
1789866917.883,2647,5.20257,0.63233,3.28974,1.550,1.548,1049.7,90.79665,17.54298
1789866917.893,2648,5.20253,0.58674,3.05253,1.551,1.548,1049.7,90.82713,17.54884
1789866917.903,2649,5.18555,0.65750,3.40950,1.551,1.548,1049.7,90.86118,17.55541
1789866917.913,2650,5.20253,0.58948,3.06679,1.552,1.548,1049.7,90.89181,17.56130
1789866917.923,2651,5.20253,0.59397,3.09015,1.551,1.548,1049.7,90.92267,17.56723
1789866917.933,2652,5.20253,0.62561,3.25475,1.551,1.548,1049.7,90.95534,17.57351
1789866917.943,2653,5.20253,0.58051,3.02012,1.551,1.548,1049.7,90.98566,17.57933
1789866917.953,2654,5.20253,0.58674,3.05253,1.550,1.548,1049.7,91.01630,17.58522
1789866917.963,2655,5.20253,0.61888,3.21974,1.550,1.548,1049.7,91.04861,17.59144
1789866917.973,2656,5.20253,0.58275,3.03177,1.550,1.548,1049.7,91.07889,17.59726
1789866917.983,2657,5.20253,0.60652,3.15544,1.549,1.548,1049.7,91.11041,17.60331
1789866917.993,2658,5.20245,0.63732,3.31563,1.550,1.548,1049.7,91.14352,17.60968
1789866918.003,2659,5.20245,0.63358,3.29617,1.551,1.548,1049.7,91.17644,17.61601
1789866918.013,2660,5.20245,0.60651,3.15534,1.551,1.548,1049.7,91.20800,17.62207
1789866918.023,2661,5.20245,0.58699,3.05379,1.551,1.548,1049.7,91.23854,17.62794
1789866918.033,2662,5.20245,0.60651,3.15534,1.551,1.548,1049.7,91.27010,17.63401
1789866918.043,2663,5.20245,0.58749,3.05639,1.551,1.548,1049.7,91.30067,17.63988
1789866918.053,2664,5.20245,0.62112,3.23135,1.551,1.548,1049.7,91.33290,17.64608
1789866918.063,2665,5.20245,0.63532,3.30522,1.551,1.548,1049.7,91.36587,17.65242
1789866918.073,2666,5.20245,0.58799,3.05899,1.550,1.548,1049.7,91.39638,17.65828
1789866918.083,2667,5.20245,0.61714,3.21064,1.550,1.548,1049.7,91.42841,17.66444
1789866918.093,2668,5.20241,0.60655,3.15552,1.551,1.548,1049.7,91.45992,17.67050
1789866918.103,2669,5.20241,0.60655,3.15552,1.551,1.548,1049.7,91.49144,17.67655
1789866918.113,2670,5.20241,0.64056,3.33246,1.551,1.548,1049.7,91.52472,17.68295
1789866918.123,2671,5.20241,0.58923,3.06542,1.551,1.548,1049.7,91.55534,17.68884
1789866918.133,2672,5.20241,0.60655,3.15552,1.551,1.548,1049.7,91.58707,17.69494
1789866918.143,2673,5.20241,0.60655,3.15552,1.551,1.548,1049.7,91.61880,17.70104
1789866918.153,2674,5.20241,0.60655,3.15552,1.551,1.548,1049.7,91.65053,17.70714
1789866918.163,2675,5.20241,0.58998,3.06932,1.551,1.548,1049.7,91.68139,17.71307
1789866918.173,2676,5.20241,0.58425,3.03951,1.551,1.548,1049.7,91.71172,17.71890
1789866918.183,2677,5.20241,0.65725,3.41928,1.551,1.548,1049.7,91.74584,17.72545
1789866918.193,2678,5.20237,0.58973,3.06799,1.551,1.548,1049.7,91.77645,17.73134
1789866918.203,2679,5.20237,0.61938,3.22224,1.551,1.548,1049.7,91.80859,17.73752
1789866918.213,2680,5.20237,0.58774,3.05764,1.551,1.548,1049.7,91.83918,17.74340
1789866918.223,2681,5.20237,0.59372,3.08875,1.550,1.548,1049.7,91.87007,17.74933
1789866918.233,2682,5.20237,0.62112,3.23130,1.550,1.548,1049.7,91.90239,17.75555
1789866918.243,2683,5.20237,0.59272,3.08355,1.550,1.548,1049.7,91.93323,17.76148
1789866918.253,2684,5.20237,0.60679,3.15675,1.550,1.547,1049.7,91.96479,17.76754
1789866918.263,2685,5.20237,0.58674,3.05244,1.551,1.548,1049.7,91.99531,17.77341
1789866918.273,2686,5.20237,0.58201,3.02783,1.551,1.548,1049.7,92.02559,17.77923
1789866918.283,2687,5.20237,0.60679,3.15675,1.551,1.548,1049.7,92.05715,17.78529
1789866918.293,2688,5.20222,0.58350,3.03550,1.552,1.548,1049.7,92.08737,17.79110
1789866918.303,2689,5.20222,0.61813,3.21565,1.552,1.548,1049.7,92.11939,17.79726
1789866918.313,2690,5.20222,0.62038,3.22735,1.552,1.548,1049.7,92.15152,17.80344
1789866918.323,2691,5.20222,0.59646,3.10292,1.551,1.548,1049.7,92.18242,17.80937
1789866918.333,2692,5.20222,0.60663,3.15582,1.551,1.548,1049.7,92.21415,17.81547
1789866918.343,2693,5.20222,0.58749,3.05625,1.551,1.548,1049.7,92.24488,17.82138
1789866918.353,2694,5.20222,0.58300,3.03289,1.550,1.548,1049.7,92.27538,17.82724
1789866918.363,2695,5.20222,0.60663,3.15582,1.550,1.548,1049.7,92.30711,17.83334
1789866918.373,2696,5.20222,0.58176,3.02644,1.550,1.548,1049.7,92.33734,17.83915
1789866918.383,2697,5.20222,0.58450,3.04070,1.551,1.548,1049.7,92.36770,17.84499
1789866918.393,2698,5.20233,0.63607,3.30905,1.551,1.548,1049.7,92.40075,17.85134
1789866918.403,2699,5.20233,0.60597,3.15246,1.551,1.548,1049.7,92.43223,17.85740
1789866918.413,2700,5.20233,0.62212,3.23647,1.552,1.548,1049.7,92.46463,17.86362
1789866918.423,2701,5.20233,0.59471,3.09388,1.552,1.548,1049.7,92.49559,17.86957
1789866918.433,2702,5.20233,0.58500,3.04336,1.551,1.548,1049.7,92.52605,17.87543
1789866918.443,2703,5.20233,0.60597,3.15246,1.551,1.548,1049.7,92.55761,17.88149
1789866918.453,2704,5.20233,0.58475,3.04206,1.551,1.548,1049.7,92.58800,17.88734
1789866918.463,2705,5.20233,0.60597,3.15246,1.551,1.548,1049.7,92.61950,17.89339
1789866918.473,2706,5.20233,0.58350,3.03556,1.550,1.548,1049.7,92.64983,17.89922
1789866918.483,2707,5.20233,0.58749,3.05632,1.550,1.548,1049.7,92.68036,17.90509
1789866918.493,2708,5.20284,0.64006,3.33013,1.550,1.548,1049.7,92.71358,17.91148
1789866918.503,2709,5.20284,0.58250,3.03065,1.549,1.548,1049.7,92.74382,17.91729
1789866918.513,2710,5.20284,0.62810,3.26790,1.550,1.547,1049.7,92.77642,17.92355
1789866918.523,2711,5.20284,0.59197,3.07993,1.550,1.548,1049.7,92.80714,17.92946
1789866918.533,2712,5.20284,0.60357,3.14028,1.551,1.548,1049.7,92.83859,17.93550
1789866918.543,2713,5.20284,0.63408,3.29902,1.551,1.548,1049.7,92.87164,17.94186
1789866918.553,2714,5.20284,0.62611,3.25755,1.551,1.548,1049.7,92.90427,17.94813
1789866918.563,2715,5.20284,0.60357,3.14028,1.551,1.548,1049.7,92.93572,17.95417
1789866918.573,2716,5.20284,0.58699,3.05402,1.551,1.548,1049.7,92.96620,17.96003
1789866918.583,2717,5.20284,0.60357,3.14028,1.551,1.548,1049.7,92.99753,17.96605
1789866918.593,2718,5.20300,0.58375,3.03725,1.551,1.548,1049.7,93.02784,17.97188
1789866918.603,2719,5.20300,0.60382,3.14168,1.551,1.548,1049.7,93.05918,17.97790
1789866918.613,2720,5.20300,0.64803,3.37170,1.551,1.548,1049.7,93.09305,17.98441
1789866918.623,2721,5.20300,0.59322,3.08652,1.551,1.548,1049.7,93.12405,17.99037
1789866918.633,2722,5.20300,0.61539,3.20187,1.550,1.548,1049.7,93.15622,17.99655
1789866918.643,2723,5.20300,0.62635,3.25890,1.550,1.548,1049.7,93.18895,18.00284
1789866918.653,2724,5.20300,0.58699,3.05411,1.551,1.548,1049.7,93.21944,18.00870
1789866918.663,2725,5.20300,0.60382,3.14168,1.551,1.548,1049.7,93.25080,18.01473
1789866918.673,2726,5.20300,0.60382,3.14168,1.551,1.548,1049.7,93.28216,18.02076
1789866918.683,2727,5.20300,0.58574,3.04761,1.550,1.548,1049.7,93.31258,18.02660
1789866918.693,2728,5.20311,0.60348,3.13997,1.551,1.548,1049.7,93.34395,18.03263
1789866918.703,2729,5.20311,0.58824,3.06068,1.550,1.548,1049.7,93.37452,18.03851
1789866918.713,2730,5.20311,0.60348,3.13997,1.551,1.548,1049.7,93.40589,18.04454
1789866918.723,2731,5.20311,0.64429,3.35231,1.550,1.548,1049.7,93.43938,18.05097
1789866918.733,2732,5.20311,0.60348,3.13997,1.550,1.548,1049.7,93.47080,18.05701
1789866918.743,2733,5.20311,0.62137,3.23306,1.551,1.548,1049.7,93.50315,18.06323
1789866918.753,2734,5.20311,0.58101,3.02306,1.550,1.547,1049.7,93.53340,18.06904
1789866918.763,2735,5.20311,0.60348,3.13997,1.550,1.547,1049.7,93.56482,18.07508
1789866918.773,2736,5.20311,0.58375,3.03732,1.550,1.547,1049.7,93.59519,18.08092
1789866918.783,2737,5.20311,0.58749,3.05678,1.550,1.547,1049.7,93.62575,18.08679
1789866918.793,2738,5.20319,0.60309,3.13799,1.550,1.547,1049.7,93.65713,18.09282
1789866918.803,2739,5.20319,0.60309,3.13799,1.550,1.547,1049.7,93.68851,18.09885
1789866918.813,2740,5.20319,0.61714,3.21110,1.550,1.547,1049.7,93.72063,18.10503
1789866918.823,2741,5.20319,0.65401,3.40294,1.550,1.547,1049.7,93.75467,18.11157
1789866918.833,2742,5.20319,0.60309,3.13799,1.550,1.547,1049.7,93.78606,18.11760
1789866918.843,2743,5.20319,0.60309,3.13799,1.550,1.547,1049.7,93.81745,18.12364
1789866918.853,2744,5.20319,0.58375,3.03736,1.550,1.547,1049.7,93.84781,18.12947
1789866918.863,2745,5.20319,0.60309,3.13799,1.550,1.548,1049.7,93.87917,18.13550
1789866918.873,2746,5.20319,0.58450,3.04126,1.550,1.548,1049.7,93.90956,18.14134
1789866918.883,2747,5.20319,0.58599,3.04902,1.551,1.548,1049.7,93.94004,18.14720
1789866918.893,2748,5.20319,0.60314,3.13825,1.551,1.548,1049.7,93.97138,18.15322
1789866918.903,2749,5.20319,0.58973,3.06848,1.552,1.548,1049.7,94.00202,18.15911
1789866918.913,2750,5.20319,0.60314,3.13825,1.552,1.548,1049.7,94.03336,18.16513
1789866918.923,2751,5.20319,0.60314,3.13825,1.551,1.548,1049.7,94.06470,18.17115
1789866918.933,2752,5.20319,0.58724,3.05552,1.552,1.548,1049.7,94.09525,18.17702
1789866918.943,2753,5.20319,0.60314,3.13825,1.551,1.548,1049.7,94.12662,18.18305
1789866918.953,2754,5.20319,0.59073,3.07368,1.551,1.548,1049.7,94.15735,18.18896
1789866918.963,2755,5.20319,0.60314,3.13825,1.550,1.547,1049.7,94.18873,18.19499
1789866918.973,2756,5.20319,0.58126,3.02441,1.550,1.548,1049.7,94.21901,18.20081
1789866918.983,2757,5.20319,0.58549,3.04642,1.551,1.548,1049.7,94.24951,18.20667
1789866918.993,2758,5.20323,0.61290,3.18906,1.550,1.548,1049.7,94.28143,18.21281
1789866919.003,2759,5.20323,0.58724,3.05554,1.550,1.548,1049.7,94.31203,18.21869
1789866919.013,2760,5.20323,0.60281,3.13656,1.551,1.548,1049.7,94.34353,18.22474
1789866919.023,2761,5.20323,0.58375,3.03739,1.551,1.548,1049.7,94.37405,18.23061
1789866919.033,2762,5.20323,0.63159,3.28631,1.550,1.548,1049.7,94.40706,18.23695
1789866919.043,2763,5.20323,0.60281,3.13656,1.550,1.548,1049.7,94.43857,18.24301
1789866919.053,2764,5.20323,0.59197,3.08016,1.550,1.548,1049.7,94.46928,18.24891
1789866919.063,2765,5.20323,0.59172,3.07886,1.551,1.548,1049.7,94.49999,18.25481
1789866919.073,2766,5.20323,0.60281,3.13656,1.551,1.548,1049.7,94.53127,18.26082
1789866919.083,2767,5.20323,0.59172,3.07886,1.551,1.548,1049.7,94.56197,18.26672
1789866919.093,2768,5.20331,0.58774,3.05819,1.551,1.548,1049.7,94.59241,18.27257
1789866919.103,2769,5.19305,0.61739,3.20614,1.551,1.548,1049.7,94.62432,18.27872
1789866919.113,2770,5.20331,0.58176,3.02708,1.551,1.548,1049.7,94.65445,18.28451
1789866919.123,2771,5.20331,0.60233,3.13411,1.550,1.548,1049.7,94.68565,18.29050
1789866919.133,2772,5.19305,0.63458,3.29541,1.550,1.547,1049.7,94.71878,18.29689
1789866919.143,2773,5.20331,0.60233,3.13411,1.551,1.548,1049.7,94.75030,18.30294
1789866919.153,2774,5.20331,0.63458,3.30192,1.550,1.548,1049.7,94.78351,18.30932
1789866919.163,2775,5.20331,0.58973,3.06855,1.550,1.548,1049.7,94.81437,18.31526
1789866919.173,2776,5.20331,0.63134,3.28506,1.551,1.548,1049.7,94.84708,18.32154
1789866919.183,2777,5.20331,0.60233,3.13411,1.550,1.548,1049.7,94.87830,18.32754
1789866919.193,2778,5.20335,0.57752,3.00504,1.550,1.548,1049.7,94.90823,18.33329
1789866919.203,2779,5.20335,0.59147,3.07763,1.550,1.547,1049.7,94.93888,18.33918
1789866919.213,2780,5.20335,0.59048,3.07247,1.551,1.548,1049.7,94.96969,18.34511
1789866919.223,2781,5.20335,0.60255,3.13528,1.551,1.548,1049.7,95.00113,18.35115
1789866919.233,2782,5.20335,0.64280,3.34471,1.551,1.548,1049.7,95.03466,18.35759
1789866919.243,2783,5.20335,0.59147,3.07763,1.551,1.548,1049.7,95.06553,18.36352
1789866919.253,2784,5.20335,0.61689,3.20989,1.551,1.548,1049.7,95.09756,18.36968
1789866919.263,2785,5.20335,0.60255,3.13528,1.551,1.548,1049.7,95.12884,18.37569
1789866919.273,2786,5.20335,0.60255,3.13528,1.550,1.548,1049.7,95.16013,18.38171
1789866919.283,2787,5.19305,0.57902,3.00688,1.550,1.548,1049.7,95.19014,18.38748
1789866919.293,2788,5.20354,0.58001,3.01811,1.550,1.548,1049.7,95.22037,18.39329
1789866919.303,2789,5.20354,0.60228,3.13399,1.550,1.547,1049.7,95.25175,18.39933
1789866919.313,2790,5.20354,0.58674,3.05313,1.550,1.548,1049.7,95.28233,18.40520
1789866919.323,2791,5.20354,0.61440,3.19705,1.550,1.548,1049.7,95.31435,18.41135
1789866919.333,2792,5.19305,0.60228,3.12767,1.550,1.547,1049.7,95.34563,18.41738
1789866919.343,2793,5.20354,0.59073,3.07389,1.550,1.548,1049.7,95.37637,18.42329
1789866919.353,2794,5.20354,0.60228,3.13399,1.550,1.548,1049.7,95.40771,18.42931
1789866919.363,2795,5.20354,0.58799,3.05963,1.550,1.548,1049.7,95.43831,18.43519
1789866919.373,2796,5.20354,0.58201,3.02851,1.550,1.548,1049.7,95.46848,18.44099
1789866919.383,2797,5.20354,0.60228,3.13399,1.550,1.548,1049.7,95.49969,18.44699
1789866919.393,2798,5.20350,0.59222,3.08162,1.550,1.548,1049.7,95.53039,18.45288
1789866919.403,2799,5.20350,0.58674,3.05310,1.550,1.548,1049.7,95.56080,18.45873
1789866919.413,2800,5.20350,0.61440,3.19703,1.550,1.548,1049.7,95.59285,18.46489
1789866919.423,2801,5.20350,0.58898,3.06476,1.550,1.547,1049.7,95.62357,18.47079
1789866919.433,2802,5.20350,0.60245,3.13485,1.549,1.547,1049.7,95.65499,18.47683
1789866919.443,2803,5.20350,0.58549,3.04660,1.550,1.548,1049.7,95.68553,18.48270
1789866919.453,2804,5.20350,0.59098,3.07516,1.550,1.548,1049.7,95.71637,18.48863
1789866919.463,2805,5.20350,0.60245,3.13485,1.551,1.548,1049.7,95.74781,18.49467
1789866919.473,2806,5.20350,0.60245,3.13485,1.552,1.548,1049.7,95.77925,18.50071
1789866919.483,2807,5.20350,0.61489,3.19958,1.551,1.548,1049.7,95.81134,18.50688
1789866919.493,2808,5.20358,0.59122,3.07646,1.552,1.548,1049.7,95.84205,18.51278
1789866919.503,2809,5.20358,0.58699,3.05445,1.552,1.548,1049.7,95.87254,18.51864
1789866919.513,2810,5.20358,0.60224,3.13380,1.552,1.548,1049.7,95.90382,18.52465
1789866919.523,2811,5.20358,0.58375,3.03759,1.550,1.548,1049.7,95.93414,18.53048
1789866919.533,2812,5.20358,0.60224,3.13380,1.550,1.548,1049.7,95.96547,18.53650
1789866919.543,2813,5.19180,0.61614,3.19888,1.550,1.548,1049.7,95.99746,18.54266
1789866919.553,2814,5.20358,0.60224,3.13380,1.550,1.548,1049.7,96.02880,18.54868
1789866919.563,2815,5.20358,0.61639,3.20743,1.550,1.548,1049.7,96.06087,18.55484
1789866919.573,2816,5.20358,0.58674,3.05315,1.550,1.548,1049.7,96.09135,18.56070
1789866919.583,2817,5.20358,0.60224,3.13380,1.550,1.548,1049.7,96.12264,18.56672
1789866919.593,2818,5.20354,0.60215,3.13331,1.549,1.548,1049.7,96.15392,18.57273
1789866919.603,2819,5.20354,0.58051,3.02071,1.549,1.548,1049.7,96.18408,18.57852
1789866919.613,2820,5.20354,0.58425,3.04017,1.550,1.548,1049.7,96.21454,18.58438
1789866919.623,2821,5.20354,0.63059,3.28130,1.550,1.548,1049.7,96.24740,18.59069
1789866919.633,2822,5.20354,0.58898,3.06478,1.550,1.548,1049.7,96.27810,18.59659
1789866919.643,2823,5.20354,0.66697,3.47061,1.550,1.548,1049.7,96.31287,18.60327
1789866919.653,2824,5.20354,0.60215,3.13331,1.552,1.548,1049.7,96.34422,18.60930
1789866919.663,2825,5.20354,0.58948,3.06738,1.551,1.548,1049.7,96.37491,18.61520
1789866919.673,2826,5.20354,0.63782,3.31892,1.550,1.548,1049.7,96.40812,18.62158
1789866919.683,2827,5.20354,0.59147,3.07774,1.550,1.548,1049.7,96.43892,18.62750
1789866919.693,2828,5.20343,0.60221,3.13356,1.550,1.548,1049.7,96.47014,18.63350
1789866919.703,2829,5.20343,0.58624,3.05046,1.550,1.548,1049.7,96.50054,18.63934
1789866919.713,2830,5.20343,0.59122,3.07637,1.550,1.548,1049.7,96.53119,18.64523
1789866919.723,2831,5.19305,0.61340,3.18542,1.550,1.548,1049.7,96.56293,18.65134
1789866919.733,2832,5.20343,0.59098,3.07512,1.550,1.548,1049.7,96.59417,18.65735
1789866919.743,2833,5.20343,0.65775,3.42256,1.550,1.548,1049.7,96.62893,18.66403
1789866919.753,2834,5.20343,0.58724,3.05566,1.551,1.548,1049.7,96.65997,18.66999
1789866919.763,2835,5.20343,0.61589,3.20474,1.551,1.548,1049.7,96.69252,18.67625
1789866919.773,2836,5.20343,0.63408,3.29939,1.551,1.548,1049.7,96.72510,18.68251
1789866919.783,2837,5.20343,0.60221,3.13356,1.551,1.548,1049.7,96.75604,18.68845
1789866919.793,2838,5.19305,0.63308,3.28762,1.552,1.548,1049.7,96.78850,18.69470
1789866919.803,2839,5.20339,0.60208,3.13286,1.552,1.548,1049.7,96.81943,18.70065
1789866919.813,2840,5.20339,0.61489,3.19951,1.551,1.548,1049.7,96.85132,18.70678
1789866919.823,2841,5.20339,0.58699,3.05434,1.551,1.548,1049.7,96.88176,18.71263
1789866919.833,2842,5.20339,0.61963,3.22418,1.551,1.548,1049.7,96.91389,18.71880
1789866919.843,2843,5.19305,0.62461,3.24363,1.551,1.548,1049.7,96.94622,18.72503
1789866919.853,2844,5.20339,0.58674,3.05304,1.551,1.548,1049.7,96.97680,18.73091
1789866919.863,2845,5.20339,0.61614,3.20602,1.551,1.548,1049.7,97.00892,18.73708
1789866919.873,2846,5.20339,0.59098,3.07510,1.551,1.548,1049.7,97.03972,18.74300
1789866919.883,2847,5.20339,0.58848,3.06209,1.551,1.548,1049.7,97.07039,18.74889
1789866919.893,2848,5.20339,0.60178,3.13130,1.551,1.548,1049.7,97.10158,18.75488
1789866919.903,2849,5.19305,0.59147,3.07153,1.551,1.548,1049.7,97.13217,18.76078
1789866919.913,2850,5.20339,0.57902,3.01287,1.551,1.548,1049.7,97.16217,18.76654
1789866919.922,2851,5.20339,0.60178,3.13130,1.551,1.548,1049.7,97.19336,18.77254
1789866919.933,2852,5.20339,0.58973,3.06860,1.550,1.548,1049.7,97.22416,18.77846
1789866919.943,2853,5.20339,0.60178,3.13130,1.550,1.548,1049.7,97.25560,18.78450
1789866919.953,2854,5.20339,0.60178,3.13130,1.549,1.548,1049.7,97.28703,18.79054
1789866919.963,2855,5.20339,0.60178,3.13130,1.549,1.548,1049.7,97.31847,18.79658
1789866919.973,2856,5.20339,0.61340,3.19176,1.549,1.547,1049.7,97.35039,18.80271
1789866919.983,2857,5.20339,0.60178,3.13130,1.549,1.548,1049.7,97.38170,18.80873
1789866919.993,2858,5.20331,0.60168,3.13073,1.549,1.547,1049.7,97.41301,18.81475
1789866920.003,2859,5.20331,0.58026,3.01927,1.549,1.547,1049.7,97.44321,18.82055
1789866920.013,2860,5.20331,0.58151,3.02578,1.550,1.548,1049.7,97.47336,18.82635
1789866920.023,2861,5.20331,0.60168,3.13073,1.551,1.548,1049.7,97.50455,18.83234
1789866920.033,2862,5.20331,0.58599,3.04909,1.551,1.548,1049.7,97.53494,18.83818
1789866920.043,2863,5.20331,0.61564,3.20337,1.551,1.548,1049.7,97.56686,18.84432
1789866920.053,2864,5.18930,0.60168,3.12230,1.551,1.548,1049.7,97.59822,18.85036
1789866920.063,2865,5.20331,0.64404,3.35114,1.552,1.548,1049.7,97.63188,18.85683
1789866920.073,2866,5.20331,0.60168,3.13073,1.551,1.548,1049.7,97.66333,18.86287
1789866920.083,2867,5.20331,0.59147,3.07760,1.551,1.548,1049.7,97.69424,18.86881
1789866920.093,2868,5.20307,0.58151,3.02564,1.551,1.548,1049.7,97.72438,18.87461
1789866920.103,2869,5.20307,0.60263,3.13553,1.551,1.548,1049.7,97.75560,18.88061
1789866920.113,2870,5.20307,0.59147,3.07746,1.552,1.548,1049.7,97.78625,18.88650
1789866920.123,2871,5.20307,0.62910,3.27325,1.551,1.548,1049.7,97.81885,18.89276
1789866920.133,2872,5.19305,0.65227,3.38727,1.551,1.548,1049.7,97.85268,18.89928
1789866920.142,2873,5.20307,0.63059,3.28100,1.551,1.548,1049.7,97.88546,18.90558
1789866920.152,2874,5.19305,0.65152,3.38338,1.551,1.548,1049.7,97.91925,18.91208
1789866920.162,2875,5.17680,0.69138,3.57914,1.551,1.548,1049.7,97.95500,18.91899
1789866920.173,2876,5.18305,0.69263,3.58994,1.551,1.548,1049.7,97.99101,18.92594
1789866920.183,2877,5.17680,0.71306,3.69137,1.551,1.548,1049.7,98.02805,18.93309
1789866920.193,2878,5.20206,0.63034,3.27907,1.551,1.548,1049.7,98.06094,18.93942
1789866920.203,2879,5.20206,0.65675,3.41645,1.550,1.548,1049.7,98.09522,18.94600
1789866920.213,2880,5.20206,0.59446,3.09242,1.550,1.548,1049.7,98.12610,18.95194
1789866920.223,2881,5.20206,0.59023,3.07041,1.550,1.548,1049.7,98.15676,18.95784
1789866920.233,2882,5.19180,0.62461,3.24285,1.550,1.548,1049.7,98.18915,18.96407
1789866920.243,2883,5.20206,0.58624,3.04966,1.550,1.548,1049.7,98.21960,18.96993
1789866920.253,2884,5.20206,0.64604,3.36074,1.550,1.548,1049.7,98.25332,18.97641
1789866920.263,2885,5.20206,0.59272,3.08337,1.551,1.548,1049.7,98.28425,18.98236
1789866920.273,2886,5.20206,0.61763,3.21295,1.551,1.548,1049.7,98.31649,18.98855
1789866920.283,2887,5.20206,0.65276,3.39570,1.551,1.548,1049.7,98.35056,18.99510
1789866920.293,2888,5.20186,0.62436,3.24783,1.551,1.548,1049.7,98.38300,19.00134
1789866920.303,2889,5.19055,0.64230,3.33389,1.550,1.548,1049.7,98.41630,19.00775
1789866920.313,2890,5.20186,0.59073,3.07289,1.551,1.548,1049.7,98.44699,19.01365
1789866920.323,2891,5.20186,0.60768,3.16107,1.550,1.548,1049.7,98.47857,19.01972
1789866920.333,2892,5.20186,0.59322,3.08585,1.549,1.547,1049.7,98.50950,19.02567
1789866920.343,2893,5.20186,0.58300,3.03268,1.550,1.548,1049.7,98.53990,19.03151
1789866920.353,2894,5.20186,0.59696,3.10530,1.550,1.548,1049.7,98.57103,19.03750
1789866920.363,2895,5.20186,0.64330,3.34636,1.550,1.548,1049.7,98.60457,19.04395
1789866920.373,2896,5.20186,0.58923,3.06509,1.550,1.548,1049.7,98.63515,19.04982
1789866920.383,2897,5.20186,0.61988,3.22453,1.550,1.548,1049.7,98.66731,19.05601
1789866920.393,2898,5.20183,0.58824,3.05992,1.551,1.548,1049.7,98.69784,19.06188
1789866920.403,2899,5.20183,0.60790,3.16219,1.550,1.548,1049.7,98.72938,19.06794
1789866920.413,2900,5.20183,0.60790,3.16219,1.550,1.548,1049.7,98.76104,19.07403
1789866920.423,2901,5.20183,0.58799,3.05862,1.550,1.548,1049.7,98.79166,19.07991
1789866920.433,2902,5.20183,0.60790,3.16219,1.550,1.548,1049.7,98.82331,19.08600
1789866920.443,2903,5.20183,0.58525,3.04437,1.550,1.548,1049.7,98.85379,19.09186
1789866920.453,2904,5.20183,0.60790,3.16219,1.550,1.548,1049.7,98.88543,19.09794
1789866920.463,2905,5.20183,0.69786,3.63015,1.550,1.548,1049.7,98.92174,19.10492
1789866920.473,2906,5.20183,0.59621,3.10138,1.551,1.548,1049.7,98.95277,19.11088
1789866920.483,2907,5.20183,0.61988,3.22451,1.551,1.548,1049.7,98.98503,19.11709
1789866920.493,2908,5.20179,0.58201,3.02749,1.551,1.548,1049.7,99.01528,19.12290
1789866920.503,2909,5.20179,0.60816,3.16352,1.552,1.548,1049.7,99.04688,19.12897
1789866920.513,2910,5.20179,0.58674,3.05210,1.551,1.548,1049.7,99.07736,19.13484
1789866920.523,2911,5.20179,0.58549,3.04560,1.551,1.548,1049.7,99.10779,19.14068
1789866920.533,2912,5.20179,0.60816,3.16352,1.551,1.548,1049.7,99.13952,19.14679
1789866920.543,2913,5.20179,0.59372,3.08841,1.551,1.548,1049.7,99.17050,19.15274
1789866920.553,2914,5.20179,0.60816,3.16352,1.550,1.548,1049.7,99.20223,19.15884
1789866920.563,2915,5.20179,0.61913,3.22058,1.550,1.548,1049.7,99.23454,19.16505
1789866920.573,2916,5.20179,0.59147,3.07670,1.550,1.548,1049.7,99.26519,19.17094
1789866920.583,2917,5.20179,0.60816,3.16352,1.550,1.548,1049.7,99.29670,19.17700
1789866920.593,2918,5.20179,0.58525,3.04435,1.550,1.548,1049.7,99.32703,19.18283
1789866920.603,2919,5.20179,0.58799,3.05860,1.550,1.548,1049.7,99.35749,19.18869
1789866920.613,2920,5.20179,0.60806,3.16300,1.550,1.548,1049.7,99.38920,19.19478
1789866920.623,2921,5.20179,0.58799,3.05860,1.550,1.548,1049.7,99.41987,19.20068
1789866920.633,2922,5.20179,0.59222,3.08060,1.550,1.548,1049.7,99.45075,19.20662
1789866920.643,2923,5.20179,0.60806,3.16300,1.550,1.548,1049.7,99.48247,19.21271
1789866920.653,2924,5.20179,0.58350,3.03524,1.550,1.548,1049.7,99.51285,19.21855
1789866920.663,2925,5.20179,0.60806,3.16300,1.550,1.547,1049.7,99.54450,19.22464
1789866920.673,2926,5.20179,0.58699,3.05340,1.551,1.548,1049.7,99.57506,19.23051
1789866920.683,2927,5.20179,0.59372,3.08841,1.550,1.548,1049.7,99.60597,19.23646
1789866920.693,2928,5.20175,0.60819,3.16365,1.551,1.548,1049.7,99.63749,19.24251
1789866920.703,2929,5.20175,0.59048,3.07153,1.551,1.548,1049.7,99.66808,19.24840
1789866920.713,2930,5.20175,0.60819,3.16365,1.552,1.548,1049.7,99.69959,19.25445
1789866920.723,2931,5.20175,0.58350,3.03522,1.552,1.548,1049.7,99.72983,19.26027
1789866920.733,2932,5.20175,0.59023,3.07023,1.551,1.548,1049.7,99.76066,19.26619
1789866920.743,2933,5.20175,0.60819,3.16365,1.552,1.548,1049.7,99.79244,19.27230
1789866920.753,2934,5.20175,0.58649,3.05077,1.551,1.548,1049.7,99.82308,19.27819
1789866920.763,2935,5.20175,0.60819,3.16365,1.550,1.548,1049.7,99.85486,19.28430
1789866920.773,2936,5.20175,0.63532,3.30478,1.550,1.548,1049.7,99.88774,19.29062
1789866920.783,2937,5.20175,0.59421,3.09093,1.550,1.548,1049.7,99.91850,19.29654
1789866920.793,2938,5.20175,0.64305,3.34499,1.550,1.547,1049.7,99.95178,19.30294
1789866920.803,2939,5.20175,0.58973,3.06763,1.550,1.547,1049.7,99.98231,19.30880
1789866920.813,2940,5.20175,0.58599,3.04817,1.551,1.548,1049.7,100.01287,19.31468
1789866920.823,2941,5.20175,0.60871,3.16636,1.551,1.548,1049.7,100.04461,19.32078
1789866920.833,2942,5.20175,0.57976,3.01577,1.551,1.548,1049.7,100.07485,19.32659
1789866920.843,2943,5.20175,0.58275,3.03132,1.550,1.548,1049.7,100.10524,19.33244
1789866920.853,2944,5.20175,0.63856,3.32163,1.551,1.548,1049.7,100.13852,19.33883
1789866920.863,2945,5.20175,0.59621,3.10134,1.551,1.548,1049.7,100.16959,19.34481
1789866920.873,2946,5.18430,0.66323,3.43838,1.551,1.548,1049.7,100.20404,19.35145
1789866920.883,2947,5.20175,0.64081,3.33333,1.551,1.548,1049.7,100.23743,19.35787
1789866920.893,2948,5.20175,0.60916,3.16870,1.551,1.548,1049.7,100.26896,19.36393
1789866920.903,2949,5.20175,0.63308,3.29312,1.551,1.548,1049.7,100.30173,19.37023
1789866920.913,2950,5.20175,0.58250,3.03002,1.551,1.548,1049.7,100.33188,19.37603
1789866920.923,2951,5.20175,0.58749,3.05598,1.551,1.548,1049.7,100.36229,19.38188
1789866920.933,2952,5.20175,0.60916,3.16870,1.551,1.548,1049.7,100.39415,19.38800
1789866920.943,2953,5.20175,0.58799,3.05858,1.551,1.548,1049.7,100.42491,19.39391
1789866920.953,2954,5.20175,0.60916,3.16870,1.551,1.548,1049.7,100.45677,19.40004
1789866920.963,2955,5.20175,0.60916,3.16870,1.550,1.548,1049.7,100.48863,19.40616
1789866920.973,2956,5.17930,0.65949,3.41570,1.550,1.548,1049.7,100.52262,19.41273
1789866920.983,2957,5.20175,0.64529,3.35664,1.550,1.548,1049.7,100.55603,19.41915
1789866920.993,2958,5.20183,0.58649,3.05082,1.550,1.548,1049.7,100.58638,19.42498
1789866921.003,2959,5.20183,0.60945,3.17026,1.550,1.548,1049.7,100.61793,19.43105
1789866921.013,2960,5.20183,0.58898,3.06377,1.550,1.548,1049.7,100.64870,19.43696
1789866921.023,2961,5.20183,0.60945,3.17026,1.551,1.548,1049.7,100.68053,19.44308
1789866921.033,2962,5.20183,0.62586,3.25562,1.551,1.548,1049.7,100.71322,19.44937
1789866921.043,2963,5.20183,0.58799,3.05862,1.551,1.548,1049.7,100.74393,19.45527
1789866921.053,2964,5.20183,0.60945,3.17026,1.550,1.547,1049.7,100.77563,19.46137
1789866921.063,2965,5.20183,0.60945,3.17026,1.551,1.548,1049.7,100.80734,19.46746
1789866921.073,2966,5.20183,0.62984,3.27632,1.551,1.548,1049.7,100.84010,19.47376
1789866921.083,2967,5.20183,0.63906,3.32428,1.551,1.548,1049.7,100.87335,19.48015
1789866921.093,2968,5.20202,0.58325,3.03408,1.551,1.548,1049.7,100.90361,19.48597
1789866921.103,2969,5.20202,0.60897,3.16787,1.551,1.548,1049.7,100.93521,19.49204
1789866921.113,2970,5.20202,0.59023,3.07039,1.551,1.548,1049.7,100.96584,19.49793
1789866921.123,2971,5.20202,0.60897,3.16787,1.551,1.548,1049.7,100.99743,19.50400
1789866921.133,2972,5.20202,0.58799,3.05874,1.550,1.548,1049.7,101.02806,19.50989
1789866921.143,2973,5.20202,0.58350,3.03538,1.551,1.548,1049.7,101.05846,19.51573
1789866921.153,2974,5.20202,0.60897,3.16787,1.550,1.548,1049.7,101.09018,19.52183
1789866921.163,2975,5.20202,0.58674,3.05223,1.550,1.548,1049.7,101.12075,19.52771
1789866921.173,2976,5.20202,0.60897,3.16787,1.550,1.548,1049.7,101.15241,19.53379
1789866921.183,2977,5.20202,0.64903,3.37627,1.549,1.547,1049.7,101.18615,19.54028
1789866921.193,2978,5.19180,0.64355,3.34118,1.549,1.547,1049.7,101.21955,19.54671
1789866921.203,2979,5.20253,0.61938,3.22234,1.549,1.547,1049.7,101.25175,19.55290
1789866921.213,2980,5.20253,0.58549,3.04603,1.551,1.548,1049.7,101.28227,19.55877
1789866921.223,2981,5.20253,0.57951,3.01492,1.550,1.548,1049.7,101.31248,19.56458
1789866921.233,2982,5.20253,0.60721,3.15903,1.551,1.548,1049.7,101.34414,19.57066
1789866921.243,2983,5.20253,0.58574,3.04733,1.552,1.548,1049.7,101.37467,19.57653
1789866921.253,2984,5.20253,0.58525,3.04478,1.552,1.548,1049.7,101.40508,19.58238
1789866921.263,2985,5.20253,0.61888,3.21974,1.552,1.548,1049.7,101.43724,19.58856
1789866921.273,2986,5.20253,0.58948,3.06679,1.551,1.548,1049.7,101.46787,19.59444
1789866921.283,2987,5.18305,0.68092,3.52924,1.551,1.548,1049.7,101.50312,19.60125
1789866921.293,2988,5.20288,0.59496,3.09551,1.551,1.548,1049.7,101.53404,19.60719
1789866921.303,2989,5.20288,0.59098,3.07480,1.551,1.548,1049.7,101.56475,19.61309
1789866921.313,2990,5.19055,0.60566,3.14371,1.550,1.548,1049.7,101.59615,19.61914
1789866921.323,2991,5.20288,0.58674,3.05274,1.551,1.548,1049.7,101.62664,19.62500
1789866921.333,2992,5.20288,0.60566,3.15118,1.550,1.548,1049.7,101.65815,19.63106
1789866921.343,2993,5.20288,0.58425,3.03978,1.551,1.548,1049.7,101.68854,19.63690
1789866921.353,2994,5.20288,0.59048,3.07220,1.551,1.548,1049.7,101.71926,19.64280
1789866921.363,2995,5.20288,0.63283,3.29254,1.551,1.548,1049.7,101.75218,19.64913
1789866921.373,2996,5.20288,0.58873,3.06309,1.551,1.548,1049.7,101.78286,19.65503
1789866921.383,2997,5.20288,0.63532,3.30549,1.551,1.548,1049.7,101.81597,19.66139
1789866921.393,2998,5.20292,0.58998,3.06962,1.551,1.548,1049.7,101.84672,19.66730
1789866921.403,2999,5.20292,0.58226,3.02945,1.551,1.548,1049.7,101.87707,19.67313
1789866921.413,3000,5.20292,0.63757,3.31723,1.551,1.548,1049.7,101.91018,19.67950
1789866921.423,3001,5.20292,0.60533,3.14948,1.551,1.548,1049.7,101.94162,19.68554
1789866921.433,3002,5.20292,0.60533,3.14948,1.551,1.548,1049.7,101.97306,19.69158
1789866921.443,3003,5.20292,0.58774,3.05796,1.551,1.548,1049.7,102.00359,19.69745
1789866921.453,3004,5.20292,0.58599,3.04886,1.551,1.548,1049.7,102.03409,19.70331
1789866921.463,3005,5.19180,0.60533,3.14275,1.551,1.548,1049.7,102.06554,19.70937
1789866921.473,3006,5.20292,0.58400,3.03851,1.552,1.548,1049.7,102.09594,19.71521
1789866921.483,3007,5.20292,0.63084,3.28221,1.551,1.548,1049.7,102.12877,19.72152
1789866921.493,3008,5.20288,0.63732,3.31590,1.551,1.548,1049.7,102.16181,19.72787
1789866921.503,3009,5.20288,0.61564,3.20310,1.551,1.548,1049.7,102.19373,19.73401
1789866921.513,3010,5.20288,0.64205,3.34051,1.551,1.548,1049.7,102.22701,19.74041
1789866921.523,3011,5.20288,0.58998,3.06960,1.551,1.548,1049.7,102.25759,19.74628
1789866921.533,3012,5.20288,0.61514,3.20050,1.550,1.548,1049.7,102.28973,19.75246
1789866921.543,3013,5.20288,0.63458,3.30164,1.550,1.548,1049.7,102.32288,19.75883
1789866921.553,3014,5.20288,0.58051,3.02032,1.550,1.548,1049.7,102.35320,19.76466
1789866921.563,3015,5.20288,0.60512,3.14837,1.550,1.547,1049.7,102.38481,19.77074
1789866921.573,3016,5.20288,0.60512,3.14837,1.550,1.547,1049.7,102.41621,19.77677
1789866921.583,3017,5.20288,0.60512,3.14837,1.550,1.548,1049.7,102.44761,19.78280
1789866921.593,3018,5.20276,0.63433,3.30027,1.550,1.548,1049.7,102.48052,19.78913
1789866921.603,3019,5.20276,0.60527,3.14907,1.550,1.547,1049.7,102.51192,19.79517
1789866921.613,3020,5.20276,0.60527,3.14907,1.550,1.548,1049.7,102.54354,19.80124
1789866921.623,3021,5.20276,0.58126,3.02416,1.551,1.548,1049.7,102.57390,19.80708
1789866921.633,3022,5.20276,0.60527,3.14907,1.550,1.548,1049.7,102.60552,19.81316
1789866921.643,3023,5.20276,0.58450,3.04101,1.550,1.548,1049.7,102.63605,19.81902
1789866921.653,3024,5.20276,0.58549,3.04616,1.551,1.548,1049.7,102.66651,19.82488
1789866921.663,3025,5.20276,0.60527,3.14907,1.552,1.548,1049.7,102.69799,19.83093
1789866921.673,3026,5.20276,0.58923,3.06562,1.551,1.548,1049.7,102.72863,19.83682
1789866921.683,3027,5.20276,0.60527,3.14907,1.551,1.548,1049.7,102.76011,19.84287
1789866921.693,3028,5.18930,0.65077,3.37704,1.551,1.548,1049.7,102.79380,19.84936
1789866921.703,3029,5.20268,0.63831,3.32092,1.551,1.548,1049.7,102.82692,19.85573
1789866921.713,3030,5.18805,0.65800,3.41374,1.551,1.548,1049.7,102.86097,19.86229
1789866921.723,3031,5.20268,0.59048,3.07208,1.551,1.548,1049.7,102.89161,19.86818
1789866921.733,3032,5.20268,0.60505,3.14788,1.551,1.548,1049.7,102.92314,19.87424
1789866921.743,3033,5.20268,0.60505,3.14788,1.551,1.548,1049.7,102.95467,19.88030
1789866921.753,3034,5.20268,0.59172,3.07853,1.551,1.548,1049.7,102.98550,19.88623
1789866921.763,3035,5.20268,0.59073,3.07338,1.551,1.548,1049.7,103.01629,19.89214
1789866921.773,3036,5.20268,0.60505,3.14788,1.551,1.548,1049.7,103.04773,19.89819
1789866921.783,3037,5.20268,0.58699,3.05392,1.551,1.548,1049.7,103.07824,19.90405
1789866921.793,3038,5.18430,0.65326,3.38670,1.551,1.548,1049.7,103.11207,19.91058
1789866921.803,3039,5.20249,0.58873,3.06286,1.551,1.548,1049.7,103.14267,19.91646
1789866921.813,3040,5.20249,0.59421,3.09137,1.551,1.548,1049.7,103.17365,19.92241
1789866921.823,3041,5.20249,0.61938,3.22232,1.551,1.548,1049.7,103.20595,19.92862
1789866921.833,3042,5.20249,0.59272,3.08362,1.551,1.548,1049.7,103.23685,19.93456
1789866921.843,3043,5.20249,0.60619,3.15370,1.551,1.548,1049.7,103.26846,19.94064
1789866921.853,3044,5.20249,0.58450,3.04086,1.551,1.548,1049.7,103.29879,19.94647
1789866921.863,3045,5.20249,0.58250,3.03045,1.551,1.548,1049.7,103.32902,19.95228
1789866921.873,3046,5.20249,0.60619,3.15370,1.552,1.548,1049.7,103.36047,19.95832
1789866921.883,3047,5.20249,0.59098,3.07457,1.551,1.548,1049.7,103.39114,19.96422
1789866921.893,3048,5.20226,0.62735,3.26364,1.551,1.548,1049.7,103.42374,19.97048
1789866921.903,3049,5.20226,0.59098,3.07443,1.551,1.548,1049.7,103.45444,19.97639
1789866921.913,3050,5.20226,0.59596,3.10034,1.551,1.548,1049.7,103.48541,19.98234
1789866921.923,3051,5.20226,0.61863,3.21827,1.552,1.548,1049.7,103.51755,19.98852
1789866921.933,3052,5.20226,0.57628,2.99796,1.550,1.548,1049.7,103.54763,19.99430
1789866921.943,3053,5.20226,0.58624,3.04977,1.550,1.548,1049.7,103.57823,20.00018
1789866921.953,3054,5.20226,0.60659,3.15564,1.550,1.548,1049.7,103.60989,20.00627
1789866921.963,3055,5.20226,0.58475,3.04202,1.551,1.548,1049.7,103.64041,20.01213
1789866921.973,3056,5.20226,0.58674,3.05237,1.550,1.548,1049.7,103.67085,20.01798
1789866921.983,3057,5.20226,0.64056,3.33236,1.550,1.548,1049.7,103.70408,20.02437
1789866921.993,3058,5.20237,0.58026,3.01873,1.550,1.548,1049.7,103.73418,20.03016
1789866922.003,3059,5.20237,0.59372,3.08875,1.550,1.548,1049.7,103.76498,20.03608
1789866922.013,3060,5.20237,0.60602,3.15274,1.550,1.548,1049.7,103.79655,20.04215
1789866922.023,3061,5.20237,0.58226,3.02913,1.551,1.548,1049.7,103.82688,20.04798
1789866922.033,3062,5.20237,0.58176,3.02653,1.550,1.548,1049.7,103.85718,20.05380
1789866922.043,3063,5.20237,0.63483,3.30262,1.551,1.548,1049.7,103.89025,20.06016
1789866922.053,3064,5.20237,0.58898,3.06409,1.551,1.548,1049.7,103.92099,20.06607
1789866922.063,3065,5.20237,0.62984,3.27666,1.551,1.548,1049.7,103.95387,20.07239
1789866922.073,3066,5.20237,0.58250,3.03038,1.551,1.548,1049.7,103.98427,20.07823
1789866922.083,3067,5.20237,0.60602,3.15274,1.550,1.548,1049.7,104.01590,20.08431
1789866922.093,3068,5.20253,0.62536,3.25345,1.550,1.548,1049.7,104.04823,20.09053
1789866922.103,3069,5.20253,0.64479,3.35454,1.550,1.547,1049.7,104.08157,20.09693
1789866922.113,3070,5.20253,0.60570,3.15117,1.551,1.548,1049.7,104.11289,20.10295
1789866922.123,3071,5.20253,0.63856,3.32213,1.551,1.548,1049.7,104.14590,20.10930
1789866922.133,3072,5.20253,0.59172,3.07844,1.551,1.548,1049.7,104.17682,20.11524
1789866922.143,3073,5.20253,0.61589,3.20419,1.550,1.548,1049.7,104.20901,20.12143
1789866922.153,3074,5.20253,0.62860,3.27031,1.551,1.548,1049.7,104.24186,20.12774
1789866922.163,3075,5.20253,0.59247,3.08234,1.551,1.548,1049.7,104.27282,20.13369
1789866922.173,3076,5.20253,0.62137,3.23270,1.550,1.548,1049.7,104.30507,20.13989
1789866922.183,3077,5.20253,0.63981,3.32863,1.550,1.548,1049.7,104.33828,20.14628
1789866922.193,3078,5.20249,0.60584,3.15188,1.550,1.548,1049.7,104.36973,20.15232
1789866922.203,3079,5.20249,0.66871,3.47896,1.550,1.548,1049.7,104.40444,20.15900
1789866922.213,3080,5.20249,0.60584,3.15188,1.551,1.548,1049.7,104.43601,20.16506
1789866922.223,3081,5.20249,0.60584,3.15188,1.551,1.548,1049.7,104.46758,20.17113
1789866922.233,3082,5.20249,0.60584,3.15188,1.551,1.548,1049.7,104.49915,20.17720
1789866922.243,3083,5.20249,0.59421,3.09137,1.551,1.548,1049.7,104.53012,20.18315
1789866922.253,3084,5.20249,0.58226,3.02920,1.551,1.548,1049.7,104.56042,20.18898
1789866922.263,3085,5.20249,0.60584,3.15188,1.551,1.548,1049.7,104.59195,20.19504
1789866922.273,3086,5.20249,0.58848,3.06156,1.552,1.548,1049.7,104.62258,20.20092
1789866922.283,3087,5.20249,0.61988,3.22492,1.551,1.548,1049.7,104.65485,20.20713
1789866922.293,3088,5.20268,0.58848,3.06167,1.551,1.548,1049.7,104.68531,20.21298
1789866922.303,3089,5.20268,0.59272,3.08373,1.551,1.548,1049.7,104.71599,20.21888
1789866922.313,3090,5.20268,0.62162,3.23409,1.551,1.548,1049.7,104.74817,20.22506
1789866922.323,3091,5.20268,0.59397,3.09024,1.551,1.548,1049.7,104.77892,20.23097
1789866922.333,3092,5.20268,0.58749,3.05652,1.550,1.548,1049.7,104.80965,20.23688
1789866922.343,3093,5.20268,0.60514,3.14835,1.551,1.548,1049.7,104.84130,20.24296
1789866922.353,3094,5.20268,0.58176,3.02671,1.551,1.548,1049.7,104.87173,20.24881
1789866922.363,3095,5.20268,0.58699,3.05392,1.551,1.548,1049.7,104.90243,20.25471
1789866922.373,3096,5.20268,0.62536,3.25355,1.551,1.548,1049.7,104.93491,20.26096
1789866922.383,3097,5.20268,0.60514,3.14835,1.550,1.548,1049.7,104.96633,20.26700
1789866922.393,3098,5.20292,0.60428,3.14402,1.551,1.548,1049.7,104.99771,20.27303
1789866922.403,3099,5.20292,0.59048,3.07222,1.550,1.548,1049.7,105.02837,20.27892
1789866922.413,3100,5.20292,0.60428,3.14402,1.550,1.548,1049.7,105.05981,20.28496
1789866922.423,3101,5.20292,0.61739,3.21223,1.550,1.548,1049.7,105.09193,20.29114
1789866922.433,3102,5.20292,0.58749,3.05666,1.551,1.547,1049.7,105.12250,20.29701
1789866922.443,3103,5.20292,0.58948,3.06702,1.551,1.548,1049.7,105.15317,20.30291
1789866922.453,3104,5.20292,0.60428,3.14402,1.551,1.548,1049.7,105.18469,20.30896
1789866922.463,3105,5.20292,0.58549,3.04626,1.551,1.548,1049.7,105.21522,20.31483
1789866922.473,3106,5.20292,0.58848,3.06181,1.550,1.548,1049.7,105.24591,20.32073
1789866922.483,3107,5.20292,0.60428,3.14402,1.550,1.547,1049.7,105.27742,20.32679
1789866922.493,3108,5.20304,0.58973,3.06839,1.550,1.548,1049.7,105.30801,20.33267
1789866922.503,3109,5.20304,0.60421,3.14373,1.550,1.548,1049.7,105.33935,20.33869
1789866922.513,3110,5.18805,0.63483,3.29353,1.550,1.548,1049.7,105.37218,20.34502
1789866922.523,3111,5.20304,0.63657,3.31210,1.550,1.548,1049.7,105.40520,20.35136
1789866922.533,3112,5.20304,0.60421,3.14373,1.550,1.548,1049.7,105.43673,20.35742
1789866922.543,3113,5.20304,0.60421,3.14373,1.551,1.548,1049.7,105.46825,20.36348
1789866922.553,3114,5.20304,0.58799,3.05934,1.551,1.548,1049.7,105.49893,20.36938
1789866922.563,3115,5.20304,0.60421,3.14373,1.551,1.548,1049.7,105.53046,20.37544
1789866922.573,3116,5.20304,0.58574,3.04763,1.550,1.548,1049.7,105.56083,20.38128
1789866922.583,3117,5.20304,0.58375,3.03727,1.550,1.548,1049.7,105.59109,20.38709
1789866922.593,3118,5.19055,0.62287,3.23304,1.551,1.548,1049.7,105.62331,20.39330
1789866922.603,3119,5.20284,0.60512,3.14834,1.550,1.548,1049.7,105.65468,20.39933
1789866922.613,3120,5.17930,0.70210,3.63639,1.550,1.548,1049.7,105.69116,20.40637
1789866922.623,3121,5.20284,0.60512,3.14834,1.551,1.548,1049.7,105.72275,20.41244
1789866922.633,3122,5.20284,0.61863,3.21863,1.550,1.548,1049.7,105.75504,20.41865
1789866922.643,3123,5.20284,0.64130,3.33658,1.550,1.548,1049.7,105.78851,20.42508
1789866922.653,3124,5.20284,0.62337,3.24329,1.550,1.548,1049.7,105.82094,20.43132
1789866922.663,3125,5.20284,0.61539,3.20178,1.550,1.548,1049.7,105.85296,20.43747
1789866922.673,3126,5.20284,0.58126,3.02420,1.551,1.548,1049.7,105.88319,20.44328
1789866922.683,3127,5.20284,0.60512,3.14834,1.550,1.548,1049.7,105.91468,20.44933
1789866922.693,3128,5.20292,0.59471,3.09423,1.550,1.548,1049.7,105.94548,20.45525
1789866922.703,3129,5.20292,0.62611,3.25760,1.550,1.548,1049.7,105.97792,20.46149
1789866922.713,3130,5.19180,0.64977,3.37348,1.549,1.548,1049.7,106.01150,20.46796
1789866922.723,3131,5.20292,0.60550,3.15037,1.550,1.548,1049.7,106.04287,20.47398
1789866922.733,3132,5.20292,0.60550,3.15037,1.549,1.548,1049.7,106.07443,20.48005
1789866922.743,3133,5.20292,0.60550,3.15037,1.549,1.548,1049.7,106.10599,20.48612
1789866922.753,3134,5.20292,0.58599,3.04886,1.550,1.548,1049.7,106.13653,20.49199
1789866922.763,3135,5.20292,0.60550,3.15037,1.550,1.548,1049.7,106.16809,20.49805
1789866922.773,3136,5.20292,0.60550,3.15037,1.550,1.548,1049.7,106.19953,20.50410
1789866922.783,3137,5.20292,0.59297,3.08518,1.550,1.548,1049.7,106.23032,20.51001
1789866922.793,3138,5.20315,0.60438,3.14468,1.550,1.548,1049.7,106.26171,20.51605
1789866922.803,3139,5.20315,0.58599,3.04899,1.550,1.548,1049.7,106.29214,20.52189
1789866922.813,3140,5.20315,0.62561,3.25514,1.551,1.548,1049.7,106.32485,20.52818
1789866922.823,3141,5.20315,0.63881,3.32382,1.551,1.548,1049.7,106.35825,20.53460
1789866922.833,3142,5.20315,0.58475,3.04254,1.551,1.548,1049.7,106.38882,20.54048
1789866922.843,3143,5.20315,0.61689,3.20977,1.551,1.548,1049.7,106.42107,20.54667
1789866922.853,3144,5.20315,0.58674,3.05290,1.551,1.548,1049.7,106.45150,20.55252
1789866922.863,3145,5.20315,0.60438,3.14468,1.551,1.548,1049.7,106.48284,20.55854
1789866922.873,3146,5.20315,0.60438,3.14468,1.551,1.548,1049.7,106.51417,20.56457
1789866922.883,3147,5.20315,0.59172,3.07881,1.550,1.548,1049.7,106.54486,20.57046
1789866922.893,3148,5.19055,0.64604,3.35330,1.550,1.548,1049.7,106.57837,20.57692
1789866922.903,3149,5.20327,0.62137,3.23316,1.550,1.548,1049.7,106.61068,20.58313
1789866922.913,3150,5.19055,0.64429,3.34422,1.550,1.548,1049.7,106.64410,20.58957
1789866922.923,3151,5.20327,0.62536,3.25392,1.550,1.548,1049.7,106.67662,20.59582
1789866922.933,3152,5.20327,0.62860,3.27078,1.550,1.548,1049.7,106.70943,20.60213
1789866922.943,3153,5.19180,0.65750,3.41361,1.550,1.548,1049.7,106.74368,20.60872
1789866922.953,3154,5.20327,0.62486,3.25132,1.550,1.548,1049.7,106.77630,20.61499
1789866922.963,3155,5.20327,0.62337,3.24356,1.550,1.548,1049.7,106.80884,20.62125
1789866922.973,3156,5.20327,0.60419,3.14376,1.551,1.548,1049.7,106.84023,20.62728
1789866922.983,3157,5.20327,0.58101,3.02315,1.551,1.548,1049.7,106.87041,20.63308
1789866922.993,3158,5.20253,0.58176,3.02662,1.551,1.548,1049.7,106.90062,20.63888
1789866923.003,3159,5.20253,0.60721,3.15903,1.550,1.548,1049.7,106.93216,20.64495
1789866923.013,3160,5.20253,0.58151,3.02532,1.550,1.548,1049.7,106.96249,20.65078
1789866923.023,3161,5.18555,0.60721,3.14872,1.550,1.547,1049.7,106.99406,20.65687
1789866923.033,3162,5.20253,0.60721,3.15903,1.550,1.548,1049.7,107.02574,20.66295
1789866923.043,3163,5.20253,0.59322,3.08624,1.550,1.548,1049.7,107.05669,20.66890
1789866923.053,3164,5.20253,0.60721,3.15903,1.550,1.547,1049.7,107.08829,20.67498
1789866923.063,3165,5.20253,0.58624,3.04993,1.550,1.547,1049.7,107.11879,20.68084
1789866923.073,3166,5.20253,0.57927,3.01367,1.550,1.548,1049.7,107.14894,20.68663
1789866923.083,3167,5.20253,0.60721,3.15903,1.551,1.548,1049.7,107.18054,20.69271
1789866923.093,3168,5.20245,0.58873,3.06284,1.550,1.548,1049.7,107.21108,20.69858
1789866923.103,3169,5.20245,0.58948,3.06674,1.550,1.547,1049.7,107.24166,20.70446
1789866923.113,3170,5.20245,0.62785,3.26636,1.551,1.548,1049.7,107.27424,20.71072
1789866923.123,3171,5.20245,0.59098,3.07454,1.551,1.548,1049.7,107.30490,20.71661
1789866923.133,3172,5.19055,0.64255,3.33519,1.550,1.548,1049.7,107.33827,20.72304
1789866923.143,3173,5.20245,0.58799,3.05899,1.550,1.548,1049.7,107.36888,20.72893
1789866923.153,3174,5.20245,0.58848,3.06154,1.550,1.548,1049.7,107.39952,20.73481
1789866923.163,3175,5.20245,0.60769,3.16148,1.550,1.548,1049.7,107.43115,20.74090
1789866923.173,3176,5.20245,0.58001,3.01747,1.550,1.548,1049.7,107.46127,20.74668
1789866923.183,3177,5.20245,0.58824,3.06029,1.551,1.548,1049.7,107.49181,20.75255
1789866923.193,3178,5.20249,0.60776,3.16187,1.551,1.548,1049.7,107.52336,20.75862
1789866923.203,3179,5.20249,0.58549,3.04601,1.551,1.548,1049.7,107.55376,20.76446
1789866923.213,3180,5.20249,0.59646,3.10308,1.551,1.548,1049.7,107.58487,20.77044
1789866923.223,3181,5.20249,0.64031,3.33121,1.551,1.548,1049.7,107.61826,20.77686
1789866923.233,3182,5.20249,0.60776,3.16187,1.551,1.548,1049.7,107.64996,20.78295
1789866923.243,3183,5.20249,0.60776,3.16187,1.551,1.548,1049.7,107.68166,20.78905
1789866923.253,3184,5.20249,0.58749,3.05641,1.551,1.548,1049.7,107.71225,20.79493
1789866923.263,3185,5.20249,0.58574,3.04731,1.552,1.548,1049.7,107.74274,20.80079
1789866923.273,3186,5.20249,0.60776,3.16187,1.551,1.548,1049.7,107.77439,20.80687
1789866923.283,3187,5.20249,0.59147,3.07712,1.551,1.548,1049.7,107.80518,20.81279
1789866923.293,3188,5.20253,0.64504,3.35584,1.550,1.548,1049.7,107.83866,20.81922
1789866923.303,3189,5.20253,0.57752,3.00457,1.550,1.548,1049.7,107.86863,20.82499
1789866923.313,3190,5.20253,0.60742,3.16012,1.550,1.548,1049.7,107.90016,20.83105
1789866923.323,3191,5.20253,0.58250,3.03047,1.549,1.547,1049.7,107.93039,20.83686
1789866923.333,3192,5.18930,0.65276,3.38737,1.549,1.547,1049.7,107.96433,20.84340
1789866923.343,3193,5.20253,0.60742,3.16012,1.549,1.547,1049.7,107.99600,20.84948
1789866923.353,3194,5.20253,0.59147,3.07714,1.550,1.548,1049.7,108.02683,20.85541
1789866923.363,3195,5.20253,0.61938,3.22234,1.551,1.548,1049.7,108.05912,20.86162
1789866923.373,3196,5.20253,0.60742,3.16012,1.551,1.548,1049.7,108.09060,20.86767
1789866923.383,3197,5.20253,0.60742,3.16012,1.551,1.548,1049.7,108.12208,20.87372
1789866923.393,3198,5.20226,0.61863,3.21827,1.551,1.548,1049.7,108.15413,20.87988
1789866923.403,3199,5.20226,0.58475,3.04202,1.551,1.548,1049.7,108.18444,20.88570
1789866923.413,3200,5.20226,0.60820,3.16401,1.550,1.548,1049.7,108.21613,20.89180
1789866923.423,3201,5.20226,0.58475,3.04202,1.550,1.548,1049.7,108.24660,20.89765
1789866923.433,3202,5.18805,0.68466,3.55205,1.549,1.547,1049.7,108.28218,20.90451
1789866923.443,3203,5.20226,0.58948,3.06663,1.549,1.548,1049.7,108.31290,20.91042
1789866923.453,3204,5.20226,0.59172,3.07828,1.550,1.548,1049.7,108.34377,20.91635
1789866923.463,3205,5.20226,0.61938,3.22218,1.550,1.548,1049.7,108.37608,20.92256
1789866923.473,3206,5.20226,0.58525,3.04462,1.551,1.548,1049.7,108.40660,20.92843
1789866923.483,3207,5.20226,0.60820,3.16401,1.552,1.548,1049.7,108.43833,20.93453
1789866923.493,3208,5.20226,0.58500,3.04332,1.552,1.548,1049.7,108.46876,20.94038
1789866923.503,3209,5.20226,0.58574,3.04717,1.552,1.548,1049.7,108.49923,20.94623
1789866923.513,3210,5.20226,0.60832,3.16464,1.551,1.548,1049.7,108.53087,20.95232
1789866923.523,3211,5.20226,0.59098,3.07443,1.551,1.548,1049.7,108.56161,20.95823
1789866923.533,3212,5.20226,0.62287,3.24033,1.550,1.548,1049.7,108.59404,20.96446
1789866923.543,3213,5.20226,0.58774,3.05758,1.549,1.547,1049.7,108.62463,20.97034
1789866923.553,3214,5.20226,0.59272,3.08348,1.550,1.548,1049.7,108.65549,20.97627
1789866923.563,3215,5.20226,0.60832,3.16464,1.549,1.548,1049.7,108.68716,20.98236
1789866923.573,3216,5.20226,0.57877,3.01091,1.550,1.548,1049.7,108.71714,20.98812
1789866923.583,3217,5.20226,0.58525,3.04462,1.550,1.548,1049.7,108.74745,20.99395
1789866923.593,3218,5.20253,0.60731,3.15955,1.550,1.548,1049.7,108.77891,20.99999
1789866923.603,3219,5.20253,0.58674,3.05253,1.550,1.548,1049.7,108.80930,21.00584
1789866923.613,3220,5.20253,0.58425,3.03958,1.550,1.548,1049.7,108.83978,21.01170
1789866923.623,3221,5.20253,0.60731,3.15955,1.550,1.548,1049.7,108.87147,21.01779
1789866923.633,3222,5.20253,0.60731,3.15955,1.550,1.548,1049.7,108.90315,21.02388
1789866923.643,3223,5.20253,0.60731,3.15955,1.550,1.548,1049.7,108.93484,21.02997
1789866923.653,3224,5.20253,0.59272,3.08364,1.551,1.548,1049.7,108.96569,21.03590
1789866923.663,3225,5.20253,0.58475,3.04218,1.551,1.548,1049.7,108.99612,21.04175
1789866923.673,3226,5.20253,0.60731,3.15955,1.550,1.548,1049.7,109.02773,21.04782
1789866923.683,3227,5.20253,0.59172,3.07844,1.550,1.548,1049.7,109.05852,21.05374
1789866923.693,3228,5.20257,0.60724,3.15921,1.550,1.548,1049.7,109.09003,21.05980
1789866923.703,3229,5.20257,0.58624,3.04995,1.550,1.548,1049.7,109.12044,21.06564
1789866923.713,3230,5.20257,0.58500,3.04350,1.550,1.548,1049.7,109.15079,21.07148
1789866923.723,3231,5.20257,0.62885,3.27164,1.551,1.548,1049.7,109.18342,21.07775
1789866923.733,3232,5.20257,0.58076,3.02144,1.551,1.548,1049.7,109.21363,21.08355
1789866923.743,3233,5.18680,0.65825,3.41421,1.551,1.548,1049.7,109.24777,21.09014
1789866923.753,3234,5.20257,0.58898,3.06421,1.551,1.548,1049.7,109.27841,21.09603
1789866923.763,3235,5.20257,0.58799,3.05906,1.550,1.548,1049.7,109.30900,21.10191
1789866923.773,3236,5.20257,0.64330,3.34681,1.551,1.548,1049.7,109.34249,21.10834
1789866923.783,3237,5.20257,0.60724,3.15921,1.550,1.548,1049.7,109.37410,21.11442
1789866923.793,3238,5.20253,0.60742,3.16012,1.550,1.548,1049.7,109.40572,21.12050
1789866923.803,3239,5.20253,0.58201,3.02792,1.550,1.548,1049.7,109.43602,21.12632
1789866923.813,3240,5.20253,0.58500,3.04348,1.550,1.548,1049.7,109.46650,21.13218
1789866923.823,3241,5.20253,0.60742,3.16012,1.550,1.548,1049.7,109.49816,21.13826
1789866923.833,3242,5.20253,0.59172,3.07844,1.550,1.548,1049.7,109.52900,21.14419
1789866923.843,3243,5.20253,0.63881,3.32343,1.550,1.548,1049.7,109.56229,21.15059
1789866923.853,3244,5.20253,0.58674,3.05253,1.550,1.548,1049.7,109.59274,21.15645
1789866923.863,3245,5.20253,0.62461,3.24955,1.550,1.548,1049.7,109.62516,21.16268
1789866923.873,3246,5.20253,0.63657,3.31177,1.551,1.548,1049.7,109.65820,21.16903
1789866923.883,3247,5.20253,0.59720,3.10695,1.551,1.548,1049.7,109.68920,21.17499
1789866923.893,3248,5.20253,0.63931,3.32603,1.550,1.548,1049.7,109.72243,21.18137
1789866923.903,3249,5.20253,0.58749,3.05643,1.550,1.548,1049.7,109.75297,21.18724
1789866923.913,3250,5.20253,0.60730,3.15950,1.550,1.548,1049.7,109.78453,21.19331
1789866923.923,3251,5.20253,0.59446,3.09270,1.550,1.548,1049.7,109.81543,21.19925
1789866923.933,3252,5.20253,0.60730,3.15950,1.549,1.548,1049.7,109.84703,21.20532
1789866923.943,3253,5.20253,0.69437,3.61248,1.549,1.547,1049.7,109.88316,21.21227
1789866923.953,3254,5.20253,0.58649,3.05123,1.550,1.547,1049.7,109.91368,21.21813
1789866923.963,3255,5.20253,0.62461,3.24955,1.550,1.548,1049.7,109.94618,21.22438
1789866923.973,3256,5.20253,0.59048,3.07199,1.550,1.548,1049.7,109.97694,21.23029
1789866923.983,3257,5.20253,0.58774,3.05773,1.551,1.548,1049.7,110.00755,21.23618
1789866923.993,3258,5.20327,0.60444,3.14506,1.550,1.548,1049.7,110.03903,21.24223
1789866924.003,3259,5.20327,0.59322,3.08668,1.550,1.548,1049.7,110.06993,21.24817
1789866924.013,3260,5.20327,0.58475,3.04261,1.550,1.548,1049.7,110.10040,21.25402
1789866924.023,3261,5.20327,0.60444,3.14506,1.550,1.548,1049.7,110.13190,21.26008
1789866924.033,3262,5.20327,0.58250,3.03090,1.550,1.548,1049.7,110.16226,21.26591
1789866924.043,3263,5.20327,0.63034,3.27983,1.550,1.548,1049.7,110.19511,21.27222
1789866924.053,3264,5.20327,0.60444,3.14506,1.550,1.548,1049.7,110.22661,21.27828
1789866924.063,3265,5.20327,0.58898,3.06462,1.551,1.548,1049.7,110.25730,21.28418
1789866924.073,3266,5.20327,0.60444,3.14506,1.551,1.548,1049.7,110.28880,21.29023
1789866924.083,3267,5.20327,0.59272,3.08408,1.550,1.548,1049.7,110.31969,21.29617
1789866924.093,3268,5.20331,0.61464,3.19816,1.550,1.548,1049.7,110.35159,21.30230
1789866924.103,3269,5.20331,0.58375,3.03743,1.551,1.548,1049.7,110.38188,21.30812
1789866924.113,3270,5.20331,0.58201,3.02838,1.551,1.548,1049.7,110.41209,21.31392
1789866924.123,3271,5.20331,0.60406,3.14311,1.550,1.548,1049.7,110.44343,21.31995
1789866924.133,3272,5.20331,0.58425,3.04003,1.550,1.548,1049.7,110.47400,21.32582
1789866924.143,3273,5.20331,0.60406,3.14311,1.550,1.548,1049.7,110.50561,21.33190
1789866924.153,3274,5.20331,0.64006,3.33043,1.550,1.548,1049.7,110.53909,21.33833
1789866924.163,3275,5.20331,0.59297,3.08541,1.550,1.548,1049.7,110.57012,21.34429
1789866924.173,3276,5.20331,0.60406,3.14311,1.550,1.548,1049.7,110.60137,21.35030
1789866924.183,3277,5.20331,0.58599,3.04909,1.550,1.548,1049.7,110.63169,21.35613
1789866924.193,3278,5.20335,0.58101,3.02320,1.550,1.548,1049.7,110.66175,21.36191
1789866924.203,3279,5.20335,0.60383,3.14194,1.550,1.548,1049.7,110.69299,21.36791
1789866924.213,3280,5.20335,0.59147,3.07763,1.550,1.548,1049.7,110.72381,21.37383
1789866924.223,3281,5.20335,0.58824,3.06082,1.550,1.548,1049.7,110.75447,21.37972
1789866924.233,3282,5.20335,0.60383,3.14194,1.550,1.548,1049.7,110.78594,21.38577
1789866924.243,3283,5.20335,0.60383,3.14194,1.550,1.548,1049.7,110.81741,21.39182
1789866924.253,3284,5.18805,0.65999,3.42406,1.550,1.547,1049.7,110.85168,21.39843
1789866924.263,3285,5.20335,0.58799,3.05952,1.550,1.547,1049.7,110.88231,21.40431
1789866924.273,3286,5.20335,0.59322,3.08673,1.550,1.548,1049.7,110.91321,21.41025
1789866924.283,3287,5.20335,0.60383,3.14194,1.551,1.548,1049.7,110.94466,21.41629
1789866924.293,3288,5.20327,0.58350,3.03611,1.550,1.548,1049.7,110.97492,21.42211
1789866924.303,3289,5.20327,0.61564,3.20334,1.551,1.547,1049.7,111.00684,21.42825
1789866924.313,3290,5.20327,0.59147,3.07758,1.551,1.548,1049.7,111.03751,21.43414
1789866924.323,3291,5.20327,0.58475,3.04261,1.552,1.548,1049.7,111.06784,21.43997
1789866924.333,3292,5.20327,0.63906,3.32520,1.551,1.548,1049.7,111.10116,21.44637
1789866924.343,3293,5.20327,0.58873,3.06332,1.551,1.548,1049.7,111.13186,21.45227
1789866924.353,3294,5.20327,0.65675,3.41725,1.551,1.548,1049.7,111.16611,21.45885
1789866924.363,3295,5.20327,0.59197,3.08018,1.550,1.548,1049.7,111.19698,21.46479
1789866924.373,3296,5.20327,0.60417,3.14366,1.550,1.547,1049.7,111.22838,21.47082
1789866924.383,3297,5.20327,0.64355,3.34856,1.550,1.547,1049.7,111.26183,21.47725
1789866924.393,3298,5.20335,0.59147,3.07763,1.550,1.548,1049.7,111.29258,21.48316
1789866924.403,3299,5.20335,0.60393,3.14246,1.550,1.548,1049.7,111.32397,21.48919
1789866924.413,3300,5.20335,0.62735,3.26432,1.550,1.547,1049.7,111.35661,21.49547
1789866924.423,3301,5.20335,0.60393,3.14246,1.550,1.547,1049.7,111.38803,21.50151
1789866924.433,3302,5.20335,0.62162,3.23451,1.551,1.548,1049.7,111.42037,21.50772
1789866924.443,3303,5.20335,0.62735,3.26432,1.551,1.548,1049.7,111.45301,21.51399
1789866924.453,3304,5.20335,0.60393,3.14246,1.550,1.548,1049.7,111.48448,21.52004
1789866924.463,3305,5.20335,0.64305,3.34601,1.551,1.548,1049.7,111.51798,21.52648
1789866924.473,3306,5.20335,0.59197,3.08023,1.551,1.548,1049.7,111.54883,21.53241
1789866924.483,3307,5.20335,0.62087,3.23060,1.551,1.548,1049.7,111.58117,21.53862
1789866924.493,3308,5.20323,0.58375,3.03739,1.551,1.548,1049.7,111.61149,21.54445
1789866924.503,3309,5.20323,0.60393,3.14239,1.551,1.548,1049.7,111.64286,21.55048
1789866924.513,3310,5.20323,0.60393,3.14239,1.552,1.548,1049.7,111.67423,21.55651
1789866924.523,3311,5.20323,0.59247,3.08276,1.551,1.548,1049.7,111.70501,21.56242
1789866924.533,3312,5.20323,0.60393,3.14239,1.551,1.548,1049.7,111.73650,21.56848
1789866924.543,3313,5.20323,0.59122,3.07625,1.551,1.548,1049.7,111.76733,21.57440
1789866924.553,3314,5.20323,0.62187,3.23573,1.551,1.548,1049.7,111.79976,21.58063
1789866924.563,3315,5.20323,0.64629,3.36280,1.551,1.548,1049.7,111.83347,21.58711
1789866924.573,3316,5.20323,0.60393,3.14239,1.550,1.548,1049.7,111.86483,21.59314
1789866924.583,3317,5.20323,0.61639,3.20722,1.550,1.548,1049.7,111.89685,21.59929
1789866924.593,3318,5.20331,0.57902,3.01282,1.551,1.548,1049.7,111.92692,21.60507
1789866924.603,3319,5.20331,0.60379,3.14171,1.551,1.548,1049.7,111.95829,21.61110
1789866924.613,3320,5.20331,0.58948,3.06725,1.551,1.548,1049.7,111.98903,21.61701
1789866924.623,3321,5.20331,0.59322,3.08671,1.551,1.548,1049.7,112.01997,21.62296
1789866924.633,3322,5.20331,0.60379,3.14171,1.552,1.548,1049.7,112.05147,21.62901
1789866924.643,3323,5.20331,0.59347,3.08801,1.552,1.548,1049.7,112.08242,21.63496
1789866924.653,3324,5.20331,0.60379,3.14171,1.551,1.548,1049.7,112.11391,21.64101
1789866924.663,3325,5.20331,0.60379,3.14171,1.551,1.548,1049.7,112.14540,21.64706
1789866924.673,3326,5.19305,0.63806,3.31348,1.551,1.548,1049.7,112.17860,21.65345
1789866924.683,3327,5.18680,0.65949,3.42064,1.551,1.548,1049.7,112.21289,21.66006
1789866924.693,3328,5.20304,0.63732,3.31600,1.550,1.548,1049.7,112.24588,21.66641
1789866924.703,3329,5.20304,0.59272,3.08395,1.550,1.548,1049.7,112.27656,21.67230
1789866924.713,3330,5.20304,0.60519,3.14883,1.551,1.548,1049.7,112.30789,21.67832
1789866924.723,3331,5.20304,0.58400,3.03858,1.551,1.548,1049.7,112.33812,21.68413
1789866924.733,3332,5.20304,0.58998,3.06969,1.551,1.548,1049.7,112.36886,21.69004
1789866924.743,3333,5.20304,0.62062,3.22911,1.551,1.548,1049.7,112.40119,21.69625
1789866924.753,3334,5.20304,0.59222,3.08134,1.552,1.548,1049.7,112.43203,21.70218
1789866924.763,3335,5.20304,0.62461,3.24987,1.551,1.548,1049.7,112.46457,21.70844
1789866924.773,3336,5.19055,0.60519,3.14127,1.551,1.548,1049.7,112.49593,21.71448
1789866924.783,3337,5.20304,0.60519,3.14883,1.550,1.548,1049.7,112.52737,21.72052
1789866924.793,3338,5.20284,0.63831,3.32102,1.549,1.548,1049.7,112.56052,21.72689
1789866924.803,3339,5.20284,0.59222,3.08123,1.549,1.547,1049.7,112.59128,21.73281
1789866924.813,3340,5.20284,0.60590,3.15240,1.549,1.547,1049.7,112.62286,21.73887
1789866924.823,3341,5.20284,0.59122,3.07602,1.550,1.548,1049.7,112.65368,21.74480
1789866924.833,3342,5.20284,0.58923,3.06567,1.550,1.548,1049.7,112.68439,21.75070
1789866924.843,3343,5.18680,0.61888,3.21001,1.550,1.548,1049.7,112.71655,21.75690
1789866924.853,3344,5.20284,0.58275,3.03196,1.550,1.548,1049.7,112.74688,21.76273
1789866924.863,3345,5.20284,0.60590,3.15240,1.551,1.548,1049.7,112.77842,21.76879
1789866924.873,3346,5.20284,0.58998,3.06957,1.551,1.548,1049.7,112.80913,21.77470
1789866924.883,3347,5.20284,0.59446,3.09288,1.551,1.548,1049.7,112.84008,21.78064
1789866924.893,3348,5.20268,0.64031,3.33133,1.551,1.548,1049.7,112.87325,21.78702
1789866924.903,3349,5.20268,0.58325,3.03446,1.551,1.548,1049.7,112.90346,21.79283
1789866924.913,3350,5.20268,0.58998,3.06948,1.551,1.548,1049.7,112.93402,21.79870
1789866924.922,3351,5.20268,0.60645,3.15517,1.551,1.548,1049.7,112.96544,21.80474
1789866924.933,3352,5.20268,0.57677,3.00075,1.551,1.548,1049.7,112.99562,21.81054
1789866924.943,3353,5.20268,0.58425,3.03967,1.551,1.548,1049.7,113.02620,21.81642
1789866924.953,3354,5.20268,0.63333,3.29501,1.551,1.548,1049.7,113.05935,21.82279
1789866924.963,3355,5.20268,0.58948,3.06688,1.551,1.548,1049.7,113.09020,21.82872
1789866924.973,3356,5.18930,0.67394,3.49728,1.551,1.548,1049.7,113.12502,21.83543
1789866924.983,3357,5.20268,0.59372,3.08894,1.551,1.548,1049.7,113.15576,21.84134
1789866924.993,3358,5.20265,0.60650,3.15541,1.550,1.548,1049.7,113.18717,21.84738
1789866925.003,3359,5.20265,0.62386,3.24573,1.550,1.548,1049.7,113.21948,21.85359
1789866925.013,3360,5.20265,0.58475,3.04225,1.550,1.548,1049.7,113.24998,21.85945
1789866925.023,3361,5.20265,0.58724,3.05520,1.550,1.548,1049.7,113.28060,21.86533
1789866925.033,3362,5.20265,0.62910,3.27299,1.550,1.547,1049.7,113.31341,21.87164
1789866925.043,3363,5.20265,0.58774,3.05781,1.550,1.548,1049.7,113.34407,21.87753
1789866925.053,3364,5.20265,0.60650,3.15541,1.550,1.548,1049.7,113.37566,21.88361
1789866925.063,3365,5.20265,0.62436,3.24833,1.550,1.548,1049.7,113.40819,21.88986
1789866925.073,3366,5.18055,0.64230,3.32747,1.550,1.548,1049.7,113.44151,21.89629
1789866925.083,3367,5.19055,0.63283,3.28474,1.551,1.548,1049.7,113.47440,21.90263
1789866925.093,3368,5.20249,0.58948,3.06676,1.551,1.548,1049.7,113.50494,21.90850
1789866925.103,3369,5.20249,0.61813,3.21582,1.550,1.548,1049.7,113.53697,21.91465
1789866925.113,3370,5.20249,0.58275,3.03175,1.551,1.548,1049.7,113.56716,21.92046
1789866925.123,3371,5.20249,0.60650,3.15531,1.550,1.548,1049.7,113.59858,21.92649
1789866925.133,3372,5.20249,0.62685,3.26118,1.551,1.548,1049.7,113.63134,21.93279
1789866925.143,3373,5.20249,0.58774,3.05771,1.549,1.548,1049.7,113.66205,21.93869
1789866925.153,3374,5.20249,0.60650,3.15531,1.550,1.548,1049.7,113.69374,21.94479
1789866925.163,3375,5.20249,0.59048,3.07197,1.550,1.548,1049.7,113.72459,21.95072
1789866925.173,3376,5.20249,0.59222,3.08102,1.550,1.547,1049.7,113.75531,21.95662
1789866925.183,3377,5.20249,0.60650,3.15531,1.550,1.547,1049.7,113.78676,21.96267
1789866925.193,3378,5.20237,0.59372,3.08875,1.550,1.548,1049.7,113.81756,21.96859
1789866925.203,3379,5.20237,0.59446,3.09260,1.549,1.547,1049.7,113.84839,21.97451
1789866925.213,3380,5.20237,0.60667,3.15612,1.549,1.547,1049.7,113.88006,21.98060
1789866925.223,3381,5.21304,0.58824,3.06652,1.550,1.548,1049.7,113.91084,21.98650
1789866925.233,3382,5.20237,0.60667,3.15612,1.550,1.548,1049.7,113.94251,21.99259
1789866925.243,3383,5.20237,0.58574,3.04724,1.550,1.548,1049.7,113.97309,21.99847
1789866925.253,3384,5.20237,0.58525,3.04469,1.550,1.548,1049.7,114.00346,22.00431
1789866925.263,3385,5.20237,0.60667,3.15612,1.551,1.548,1049.7,114.03493,22.01036
1789866925.273,3386,5.20237,0.60667,3.15612,1.551,1.548,1049.7,114.06641,22.01641
1789866925.283,3387,5.18930,0.66522,3.45203,1.550,1.548,1049.7,114.10083,22.02304
1789866925.293,3388,5.20226,0.60708,3.15819,1.551,1.548,1049.7,114.13235,22.02910
1789866925.303,3389,5.20226,0.59023,3.07053,1.551,1.548,1049.7,114.16299,22.03499
1789866925.313,3390,5.20226,0.60708,3.15819,1.551,1.548,1049.7,114.19450,22.04105
1789866925.323,3391,5.20226,0.58699,3.05367,1.551,1.548,1049.7,114.22497,22.04690
1789866925.333,3392,5.20226,0.60708,3.15819,1.551,1.548,1049.7,114.25668,22.05300
1789866925.343,3393,5.20226,0.57976,3.01606,1.551,1.548,1049.7,114.28697,22.05882
1789866925.353,3394,5.20226,0.58973,3.06793,1.551,1.548,1049.7,114.31777,22.06474
1789866925.363,3395,5.20226,0.60708,3.15819,1.550,1.548,1049.7,114.34948,22.07084
1789866925.373,3396,5.20226,0.59397,3.08999,1.551,1.548,1049.7,114.38028,22.07676
1789866925.383,3397,5.20226,0.59446,3.09254,1.551,1.548,1049.7,114.41110,22.08268
1789866925.393,3398,5.20226,0.62536,3.25329,1.551,1.548,1049.7,114.44353,22.08892
1789866925.403,3399,5.20226,0.60693,3.15741,1.551,1.548,1049.7,114.47500,22.09497
1789866925.413,3400,5.20226,0.58948,3.06663,1.551,1.548,1049.7,114.50569,22.10087
1789866925.423,3401,5.20226,0.62536,3.25329,1.551,1.548,1049.7,114.53825,22.10712
1789866925.433,3402,5.20226,0.58126,3.02387,1.551,1.548,1049.7,114.56851,22.11294
1789866925.443,3403,5.20226,0.60693,3.15741,1.551,1.548,1049.7,114.60011,22.11902
1789866925.453,3404,5.20226,0.58824,3.06018,1.550,1.548,1049.7,114.63080,22.12491
1789866925.463,3405,5.20226,0.58724,3.05498,1.551,1.548,1049.7,114.66143,22.13080
1789866925.473,3406,5.20226,0.63931,3.32586,1.551,1.548,1049.7,114.69477,22.13721
1789866925.483,3407,5.20226,0.58973,3.06793,1.552,1.548,1049.7,114.72553,22.14312
1789866925.493,3408,5.20245,0.58574,3.04728,1.551,1.548,1049.7,114.75585,22.14895
1789866925.503,3409,5.20245,0.60640,3.15477,1.551,1.548,1049.7,114.78724,22.15498
1789866925.513,3410,5.20245,0.57976,3.01617,1.551,1.548,1049.7,114.81724,22.16075
1789866925.523,3411,5.20245,0.60640,3.15477,1.551,1.548,1049.7,114.84863,22.16678
1789866925.533,3412,5.20245,0.63607,3.30912,1.551,1.548,1049.7,114.88189,22.17318
1789866925.543,3413,5.20245,0.60640,3.15477,1.549,1.547,1049.7,114.91359,22.17927
1789866925.553,3414,5.20245,0.60640,3.15477,1.550,1.548,1049.7,114.94530,22.18537
1789866925.563,3415,5.20245,0.59122,3.07579,1.550,1.548,1049.7,114.97622,22.19131
1789866925.573,3416,5.20245,0.59546,3.09785,1.549,1.547,1049.7,115.00715,22.19725
1789866925.583,3417,5.18305,0.66771,3.46077,1.549,1.547,1049.7,115.04170,22.20392
1789866925.593,3418,5.20257,0.59023,3.07071,1.550,1.547,1049.7,115.07236,22.20981
1789866925.603,3419,5.20257,0.60639,3.15479,1.549,1.547,1049.7,115.10386,22.21587
1789866925.613,3420,5.20257,0.60639,3.15479,1.549,1.547,1049.7,115.13538,22.22193
1789866925.623,3421,5.20257,0.59446,3.09272,1.550,1.547,1049.7,115.16629,22.22787
1789866925.633,3422,5.20257,0.61838,3.21717,1.550,1.548,1049.7,115.19844,22.23405
1789866925.643,3423,5.20257,0.58450,3.04090,1.550,1.548,1049.7,115.22883,22.23989
1789866925.653,3424,5.20257,0.60639,3.15479,1.550,1.548,1049.7,115.26045,22.24597
1789866925.663,3425,5.18555,0.66074,3.42630,1.551,1.548,1049.7,115.29479,22.25259
1789866925.673,3426,5.20257,0.62586,3.25608,1.551,1.548,1049.7,115.32742,22.25886
1789866925.683,3427,5.18680,0.65825,3.41421,1.550,1.548,1049.7,115.36164,22.26546
1789866925.693,3428,5.20226,0.63308,3.29345,1.551,1.548,1049.7,115.39444,22.27177
1789866925.703,3429,5.20226,0.62536,3.25329,1.550,1.548,1049.7,115.42685,22.27799
1789866925.713,3430,5.20226,0.64429,3.35176,1.550,1.548,1049.7,115.46024,22.28441
1789866925.723,3431,5.18680,0.63632,3.30046,1.550,1.548,1049.7,115.49311,22.29075
1789866925.733,3432,5.20226,0.62038,3.22738,1.550,1.548,1049.7,115.52542,22.29696
1789866925.743,3433,5.20226,0.60768,3.16131,1.550,1.548,1049.7,115.55706,22.30304
1789866925.753,3434,5.20226,0.58475,3.04202,1.550,1.548,1049.7,115.58751,22.30890
1789866925.763,3435,5.20226,0.60768,3.16131,1.551,1.548,1049.7,115.61916,22.31498
1789866925.773,3436,5.20226,0.60768,3.16131,1.551,1.548,1049.7,115.65074,22.32105
1789866925.783,3437,5.20226,0.59347,3.08739,1.551,1.548,1049.7,115.68159,22.32698
1789866925.793,3438,5.20237,0.60735,3.15966,1.551,1.548,1049.7,115.71316,22.33305
1789866925.803,3439,5.20237,0.59297,3.08485,1.551,1.548,1049.7,115.74398,22.33897
1789866925.813,3440,5.20237,0.59421,3.09130,1.551,1.548,1049.7,115.77499,22.34493
1789866925.823,3441,5.20237,0.60735,3.15966,1.551,1.548,1049.7,115.80668,22.35103
1789866925.833,3442,5.20237,0.57927,3.01358,1.550,1.547,1049.7,115.83690,22.35684
1789866925.843,3443,5.20237,0.58724,3.05504,1.550,1.547,1049.7,115.86754,22.36272
1789866925.853,3444,5.20237,0.60735,3.15966,1.550,1.547,1049.7,115.89914,22.36880
1789866925.863,3445,5.20237,0.58948,3.06669,1.550,1.548,1049.7,115.92980,22.37469
1789866925.873,3446,5.20237,0.60735,3.15966,1.550,1.548,1049.7,115.96139,22.38076
1789866925.883,3447,5.20237,0.59297,3.08485,1.551,1.548,1049.7,115.99223,22.38669
1789866925.893,3448,5.20253,0.63806,3.31953,1.551,1.548,1049.7,116.02530,22.39305
1789866925.903,3449,5.20253,0.61813,3.21584,1.551,1.548,1049.7,116.05733,22.39920
1789866925.913,3450,5.20253,0.59471,3.09400,1.551,1.548,1049.7,116.08814,22.40513
1789866925.923,3451,5.20253,0.58948,3.06679,1.551,1.548,1049.7,116.11869,22.41100
1789866925.933,3452,5.20253,0.60659,3.15580,1.551,1.548,1049.7,116.15035,22.41708
1789866925.943,3453,5.20253,0.59073,3.07329,1.550,1.547,1049.7,116.18118,22.42301
1789866925.953,3454,5.20253,0.58749,3.05643,1.551,1.548,1049.7,116.21184,22.42890
1789866925.963,3455,5.20253,0.60659,3.15580,1.550,1.548,1049.7,116.24350,22.43499
1789866925.973,3456,5.20253,0.58400,3.03828,1.550,1.548,1049.7,116.27387,22.44083
1789866925.983,3457,5.20253,0.60659,3.15580,1.550,1.548,1049.7,116.30541,22.44689
1789866925.993,3458,5.18430,0.60692,3.14646,1.550,1.548,1049.7,116.33686,22.45296
1789866926.003,3459,5.20261,0.64155,3.33773,1.550,1.547,1049.7,116.37022,22.45937
1789866926.013,3460,5.20261,0.60692,3.15757,1.550,1.547,1049.7,116.40182,22.46544
1789866926.023,3461,5.20261,0.59521,3.09665,1.551,1.548,1049.7,116.43281,22.47140
1789866926.033,3462,5.20261,0.58998,3.06944,1.551,1.548,1049.7,116.46353,22.47730
1789866926.043,3463,5.20261,0.60692,3.15757,1.551,1.548,1049.7,116.49513,22.48338
1789866926.053,3464,5.20261,0.58076,3.02147,1.551,1.548,1049.7,116.52538,22.48919
1789866926.063,3465,5.20261,0.58599,3.04868,1.551,1.548,1049.7,116.55591,22.49506
1789866926.073,3466,5.18555,0.60692,3.14721,1.551,1.548,1049.7,116.58742,22.50114
1789866926.083,3467,5.20261,0.58599,3.04868,1.550,1.548,1049.7,116.61795,22.50700
1789866926.093,3468,5.20261,0.62511,3.25220,1.551,1.548,1049.7,116.65037,22.51324
1789866926.103,3469,5.20261,0.59222,3.08109,1.551,1.548,1049.7,116.68109,22.51914
1789866926.113,3470,5.20261,0.58973,3.06814,1.550,1.548,1049.7,116.71168,22.52502
1789866926.123,3471,5.20261,0.65476,3.40646,1.551,1.548,1049.7,116.74564,22.53155
1789866926.133,3472,5.20261,0.58350,3.03572,1.550,1.548,1049.7,116.77608,22.53740
1789866926.143,3473,5.20261,0.60716,3.15882,1.550,1.548,1049.7,116.80776,22.54349
1789866926.153,3474,5.20261,0.58574,3.04738,1.550,1.548,1049.7,116.83831,22.54936
1789866926.163,3475,5.20261,0.60716,3.15882,1.550,1.548,1049.7,116.86999,22.55545
1789866926.173,3476,5.20261,0.63258,3.29107,1.551,1.548,1049.7,116.90282,22.56176
1789866926.183,3477,5.20261,0.60716,3.15882,1.550,1.548,1049.7,116.93433,22.56782
1789866926.193,3478,5.20261,0.59496,3.09534,1.550,1.548,1049.7,116.96521,22.57375
1789866926.203,3479,5.20261,0.63881,3.32348,1.550,1.548,1049.7,116.99836,22.58012
1789866926.213,3480,5.20261,0.58475,3.04223,1.550,1.548,1049.7,117.02881,22.58598
1789866926.223,3481,5.20261,0.60720,3.15902,1.550,1.548,1049.7,117.06043,22.59205
1789866926.233,3482,5.20261,0.62611,3.25741,1.550,1.548,1049.7,117.09303,22.59832
1789866926.243,3483,5.20261,0.60720,3.15902,1.550,1.548,1049.7,117.12465,22.60440
1789866926.253,3484,5.20261,0.63433,3.30017,1.550,1.548,1049.7,117.15773,22.61076
1789866926.263,3485,5.20261,0.58848,3.06163,1.551,1.548,1049.7,117.18841,22.61665
1789866926.273,3486,5.20261,0.60720,3.15902,1.551,1.548,1049.7,117.22007,22.62274
1789866926.283,3487,5.20261,0.59421,3.09144,1.552,1.548,1049.7,117.25105,22.62869
1789866926.293,3488,5.20253,0.60750,3.16054,1.551,1.548,1049.7,117.28253,22.63474
1789866926.303,3489,5.19180,0.62112,3.22473,1.551,1.548,1049.7,117.31464,22.64093
1789866926.313,3490,5.20253,0.62835,3.26901,1.551,1.548,1049.7,117.34720,22.64719
1789866926.323,3491,5.20253,0.61888,3.21974,1.550,1.548,1049.7,117.37927,22.65335
1789866926.333,3492,5.20253,0.58998,3.06939,1.550,1.548,1049.7,117.40996,22.65925
1789866926.343,3493,5.20253,0.62660,3.25991,1.549,1.547,1049.7,117.44255,22.66552
1789866926.353,3494,5.20253,0.62361,3.24435,1.549,1.547,1049.7,117.47500,22.67175
1789866926.363,3495,5.20253,0.60750,3.16054,1.550,1.548,1049.7,117.50660,22.67783
1789866926.373,3496,5.20253,0.60750,3.16054,1.550,1.548,1049.7,117.53817,22.68390
1789866926.383,3497,5.20253,0.58475,3.04218,1.551,1.548,1049.7,117.56856,22.68974
1789866926.393,3498,5.20268,0.62187,3.23539,1.551,1.548,1049.7,117.60088,22.69595
1789866926.403,3499,5.20268,0.65227,3.39355,1.550,1.548,1049.7,117.63479,22.70247
1789866926.413,3500,5.20268,0.58574,3.04742,1.550,1.548,1049.7,117.66538,22.70835
1789866926.423,3501,5.20268,0.60728,3.15948,1.551,1.548,1049.7,117.69709,22.71444
1789866926.433,3502,5.20268,0.58799,3.05912,1.551,1.548,1049.7,117.72780,22.72034
1789866926.443,3503,5.20268,0.58799,3.05912,1.550,1.548,1049.7,117.75851,22.72625
1789866926.453,3504,5.20268,0.60728,3.15948,1.550,1.548,1049.7,117.79016,22.73233
1789866926.463,3505,5.20268,0.58774,3.05782,1.550,1.548,1049.7,117.82080,22.73822
1789866926.473,3506,5.20268,0.57653,2.99950,1.550,1.548,1049.7,117.85085,22.74399
1789866926.483,3507,5.20268,0.60728,3.15948,1.549,1.547,1049.7,117.88250,22.75008
1789866926.493,3508,5.20268,0.58749,3.05652,1.549,1.547,1049.7,117.91294,22.75593
1789866926.503,3509,5.20268,0.62187,3.23539,1.549,1.547,1049.7,117.94516,22.76212
1789866926.513,3510,5.20268,0.59122,3.07593,1.550,1.547,1049.7,117.97579,22.76801
1789866926.523,3511,5.20268,0.59496,3.09539,1.550,1.548,1049.7,118.00662,22.77393
1789866926.533,3512,5.20268,0.60733,3.15974,1.551,1.548,1049.7,118.03826,22.78002
1789866926.543,3513,5.20268,0.58350,3.03576,1.551,1.548,1049.7,118.06867,22.78586
1789866926.553,3514,5.20268,0.58450,3.04097,1.552,1.548,1049.7,118.09912,22.79171
1789866926.563,3515,5.20268,0.60733,3.15974,1.552,1.548,1049.7,118.13077,22.79780
1789866926.573,3516,5.20268,0.58425,3.03967,1.551,1.548,1049.7,118.16111,22.80363
1789866926.583,3517,5.20268,0.59322,3.08633,1.551,1.548,1049.7,118.19192,22.80955
1789866926.593,3518,5.20257,0.62461,3.24958,1.551,1.548,1049.7,118.22436,22.81579
1789866926.603,3519,5.20257,0.58948,3.06681,1.550,1.548,1049.7,118.25497,22.82167
1789866926.613,3520,5.20257,0.59596,3.10052,1.550,1.548,1049.7,118.28600,22.82763
1789866926.623,3521,5.20257,0.60731,3.15957,1.551,1.548,1049.7,118.31761,22.83371
1789866926.633,3522,5.20257,0.58624,3.04995,1.550,1.548,1049.7,118.34813,22.83958
1789866926.643,3523,5.20257,0.58400,3.03830,1.550,1.548,1049.7,118.37853,22.84542
1789866926.653,3524,5.20257,0.62660,3.25993,1.550,1.548,1049.7,118.41113,22.85169
1789866926.663,3525,5.20257,0.58574,3.04735,1.550,1.548,1049.7,118.44159,22.85754
1789866926.673,3526,5.20257,0.62038,3.22757,1.550,1.548,1049.7,118.47386,22.86374
1789866926.683,3527,5.20257,0.59446,3.09272,1.550,1.548,1049.7,118.50478,22.86969
1789866926.693,3528,5.20261,0.59372,3.08889,1.551,1.548,1049.7,118.53567,22.87562
1789866926.703,3529,5.20261,0.63981,3.32868,1.551,1.548,1049.7,118.56895,22.88202
1789866926.713,3530,5.20261,0.63358,3.29627,1.551,1.548,1049.7,118.60191,22.88836
1789866926.723,3531,5.20261,0.58848,3.06163,1.551,1.548,1049.7,118.63252,22.89424
1789866926.733,3532,5.20261,0.59247,3.08239,1.550,1.548,1049.7,118.66338,22.90017
1789866926.743,3533,5.20261,0.58799,3.05908,1.549,1.548,1049.7,118.69401,22.90606
1789866926.753,3534,5.20261,0.60695,3.15772,1.550,1.548,1049.7,118.72562,22.91214
1789866926.763,3535,5.20261,0.63657,3.31183,1.550,1.548,1049.7,118.75878,22.91851
1789866926.773,3536,5.20261,0.61714,3.21074,1.549,1.548,1049.7,118.79084,22.92467
1789866926.783,3537,5.20261,0.60695,3.15772,1.549,1.547,1049.7,118.82237,22.93073
1789866926.793,3538,5.20304,0.58201,3.02822,1.550,1.548,1049.7,118.85261,22.93654
1789866926.803,3539,5.20304,0.60463,3.14591,1.550,1.547,1049.7,118.88402,22.94258
1789866926.813,3540,5.18305,0.63856,3.30969,1.550,1.547,1049.7,118.91705,22.94895
1789866926.823,3541,5.20304,0.59073,3.07359,1.550,1.548,1049.7,118.94772,22.95485
1789866926.832,3542,5.20304,0.60463,3.14591,1.551,1.548,1049.7,118.97911,22.96088
1789866926.842,3543,5.20304,0.63881,3.32375,1.551,1.548,1049.7,119.01227,22.96725
1789866926.853,3544,5.20304,0.58998,3.06969,1.551,1.548,1049.7,119.04313,22.97319
1789866926.863,3545,5.20304,0.60463,3.14591,1.551,1.548,1049.7,119.07476,22.97926
1789866926.873,3546,5.20304,0.57951,3.01521,1.551,1.548,1049.7,119.10507,22.98509
1789866926.883,3547,5.20304,0.58948,3.06709,1.550,1.548,1049.7,119.13591,22.99102
1789866926.893,3548,5.20288,0.60464,3.14587,1.550,1.548,1049.7,119.16723,22.99704
1789866926.903,3549,5.20288,0.59073,3.07350,1.550,1.548,1049.7,119.19783,23.00292
1789866926.913,3550,5.20288,0.63508,3.30425,1.549,1.547,1049.7,119.23072,23.00924
1789866926.923,3551,5.20288,0.60464,3.14587,1.549,1.548,1049.7,119.26204,23.01526
1789866926.933,3552,5.20288,0.59222,3.08125,1.549,1.547,1049.7,119.29301,23.02121
1789866926.943,3553,5.20288,0.60464,3.14587,1.549,1.548,1049.7,119.32463,23.02729
1789866926.953,3554,5.20288,0.60464,3.14587,1.549,1.548,1049.7,119.35626,23.03337
1789866926.963,3555,5.20288,0.58325,3.03458,1.549,1.548,1049.7,119.38676,23.03923
1789866926.973,3556,5.20288,0.60464,3.14587,1.550,1.548,1049.7,119.41810,23.04525
1789866926.983,3557,5.20288,0.58998,3.06960,1.550,1.548,1049.7,119.44869,23.05113
1789866926.993,3558,5.20296,0.61440,3.19670,1.550,1.548,1049.7,119.48054,23.05725
1789866927.003,3559,5.20296,0.58848,3.06184,1.550,1.548,1049.7,119.51104,23.06312
1789866927.013,3560,5.20296,0.60414,3.14332,1.551,1.548,1049.7,119.54255,23.06917
1789866927.023,3561,5.20296,0.60414,3.14332,1.550,1.548,1049.7,119.57405,23.07523
1789866927.033,3562,5.20296,0.58649,3.05148,1.551,1.548,1049.7,119.60464,23.08111
1789866927.043,3563,5.20296,0.59272,3.08390,1.551,1.548,1049.7,119.63555,23.08705
1789866927.053,3564,5.20296,0.60414,3.14332,1.551,1.547,1049.7,119.66698,23.09309
1789866927.063,3565,5.20296,0.58300,3.03333,1.551,1.547,1049.7,119.69731,23.09892
1789866927.073,3566,5.20296,0.59247,3.08260,1.551,1.548,1049.7,119.72813,23.10484
1789866927.083,3567,5.20296,0.61440,3.19670,1.551,1.548,1075.3,119.76010,23.11099
1789866927.093,3568,5.20304,0.58325,3.03467,1.551,1.548,1049.7,119.79041,23.11681
1789866927.103,3569,5.20304,0.60368,3.14097,1.550,1.548,1049.7,119.82179,23.12284
1789866927.113,3570,5.20304,0.58026,3.01912,1.551,1.548,1049.7,119.85195,23.12864
1789866927.123,3571,5.20304,0.63383,3.29784,1.550,1.548,1049.7,119.88489,23.13497
1789866927.133,3572,5.20304,0.61564,3.20320,1.550,1.548,1049.7,119.91697,23.14114
1789866927.143,3573,5.20304,0.60368,3.14097,1.549,1.548,1049.7,119.94843,23.14718
1789866927.153,3574,5.20304,0.58275,3.03207,1.550,1.547,1049.7,119.97879,23.15302
1789866927.163,3575,5.20304,0.60368,3.14097,1.550,1.548,1049.7,120.01025,23.15906
1789866927.173,3576,5.20304,0.58749,3.05673,1.550,1.548,1049.7,120.04073,23.16492
1789866927.183,3577,5.20304,0.58375,3.03727,1.550,1.548,1049.7,120.07102,23.17074
1789866927.193,3578,5.20307,0.60332,3.13912,1.551,1.548,1049.7,120.10232,23.17676
1789866927.203,3579,5.20307,0.58300,3.03339,1.550,1.548,1049.7,120.13257,23.18257
1789866927.213,3580,5.20307,0.60332,3.13912,1.550,1.548,1049.7,120.16403,23.18862
1789866927.223,3581,5.20307,0.58998,3.06971,1.551,1.548,1049.7,120.19480,23.19453
1789866927.233,3582,5.20307,0.63931,3.32637,1.551,1.548,1049.7,120.22814,23.20094
1789866927.243,3583,5.18430,0.65999,3.42159,1.551,1.548,1049.7,120.26243,23.20756
1789866927.253,3584,5.20307,0.60332,3.13912,1.551,1.548,1075.3,120.29377,23.21358
1789866927.263,3585,5.20307,0.58873,3.06320,1.551,1.548,1075.3,120.32435,23.21946
1789866927.273,3586,5.20307,0.60332,3.13912,1.551,1.548,1049.7,120.35569,23.22548
1789866927.283,3587,5.20307,0.58126,3.02434,1.550,1.548,1049.7,120.38588,23.23128
1789866927.293,3588,5.20292,0.58699,3.05406,1.550,1.548,1049.7,120.41632,23.23713
1789866927.303,3589,5.20292,0.65825,3.42482,1.550,1.548,1049.7,120.45046,23.24369
1789866927.312,3590,5.20292,0.59347,3.08778,1.550,1.548,1049.7,120.48124,23.24961
1789866927.322,3591,5.18555,0.61689,3.19891,1.550,1.548,1049.7,120.51313,23.25576
1789866927.332,3592,5.20292,0.60402,3.14267,1.550,1.548,1049.7,120.54467,23.26182
1789866927.343,3593,5.20292,0.59247,3.08257,1.550,1.548,1049.7,120.57561,23.26777
1789866927.353,3594,5.19055,0.65301,3.38948,1.551,1.548,1049.7,120.60964,23.27432
1789866927.363,3595,5.20292,0.58126,3.02425,1.550,1.548,1049.7,120.63999,23.28016
1789866927.373,3596,5.20292,0.62038,3.22779,1.551,1.548,1049.7,120.67225,23.28636
1789866927.383,3597,5.20292,0.62187,3.23554,1.550,1.548,1049.7,120.70458,23.29257
1789866927.393,3598,5.20280,0.58475,3.04234,1.551,1.548,1049.7,120.73498,23.29842
1789866927.403,3599,5.20280,0.60379,3.14140,1.551,1.548,1049.7,120.76638,23.30445
1789866927.413,3600,5.20280,0.59222,3.08120,1.551,1.548,1049.7,120.79714,23.31036
1789866927.423,3601,5.20280,0.61838,3.21731,1.551,1.548,1049.7,120.82927,23.31654
1789866927.433,3602,5.20280,0.64180,3.33916,1.551,1.548,1049.7,120.86261,23.32295
1789866927.443,3603,5.20280,0.59197,3.07990,1.550,1.548,1049.7,120.89336,23.32886
1789866927.453,3604,5.20280,0.58724,3.05529,1.551,1.548,1049.7,120.92393,23.33473
1789866927.463,3605,5.20280,0.59322,3.08641,1.550,1.548,1049.7,120.95481,23.34067
1789866927.473,3606,5.20280,0.58848,3.06174,1.550,1.548,1049.7,120.98544,23.34655
1789866927.483,3607,5.20280,0.60379,3.14140,1.550,1.548,1049.7,121.01686,23.35259
1789866927.493,3608,5.20276,0.60368,3.14080,1.551,1.548,1049.7,121.04821,23.35862
1789866927.503,3609,5.20276,0.58923,3.06562,1.551,1.548,1049.7,121.07882,23.36450
1789866927.512,3610,5.20276,0.61988,3.22509,1.551,1.548,1049.7,121.11101,23.37069
1789866927.522,3611,5.20276,0.60368,3.14080,1.550,1.548,1049.7,121.14236,23.37672
1789866927.533,3612,5.20276,0.61564,3.20303,1.550,1.548,1049.7,121.17451,23.38289
1789866927.543,3613,5.20276,0.58649,3.05137,1.550,1.548,1049.7,121.20514,23.38878
1789866927.553,3614,5.20276,0.58525,3.04492,1.550,1.547,1049.7,121.23571,23.39466
1789866927.563,3615,5.20276,0.60368,3.14080,1.550,1.548,1049.7,121.26723,23.40072
1789866927.573,3616,5.20276,0.58998,3.06952,1.550,1.548,1049.7,121.29789,23.40661
1789866927.583,3617,5.20276,0.60368,3.14080,1.550,1.548,1049.7,121.32925,23.41264
1789866927.593,3618,5.20276,0.59023,3.07083,1.550,1.548,1049.7,121.35992,23.41853
1789866927.603,3619,5.20276,0.59048,3.07213,1.550,1.547,1049.7,121.39060,23.42443
1789866927.613,3620,5.20276,0.60371,3.14096,1.550,1.547,1049.7,121.42206,23.43047
1789866927.623,3621,5.20276,0.59122,3.07598,1.550,1.547,1049.7,121.45287,23.43640
1789866927.633,3622,5.20276,0.62660,3.26005,1.551,1.548,1049.7,121.48552,23.44267
1789866927.643,3623,5.20276,0.58873,3.06302,1.551,1.548,1049.7,121.51619,23.44857
1789866927.653,3624,5.20276,0.60371,3.14096,1.551,1.548,1049.7,121.54761,23.45461
1789866927.663,3625,5.20276,0.61464,3.19782,1.551,1.548,1049.7,121.57960,23.46076
1789866927.673,3626,5.20276,0.58574,3.04746,1.551,1.548,1049.7,121.61009,23.46662
1789866927.683,3627,5.20276,0.58799,3.05917,1.551,1.548,1075.3,121.64069,23.47250
1789866927.693,3628,5.20280,0.60335,3.13911,1.550,1.548,1049.7,121.67202,23.47852
1789866927.703,3629,5.20280,0.58126,3.02418,1.550,1.548,1049.7,121.70219,23.48432
1789866927.713,3630,5.20280,0.60335,3.13911,1.550,1.548,1049.7,121.73351,23.49034
1789866927.723,3631,5.20280,0.60335,3.13911,1.550,1.548,1049.7,121.76484,23.49636
1789866927.733,3632,5.20280,0.62486,3.25102,1.550,1.548,1049.7,121.79743,23.50262
1789866927.743,3633,5.20280,0.61988,3.22511,1.550,1.547,1049.7,121.82977,23.50884
1789866927.753,3634,5.20280,0.60335,3.13911,1.550,1.548,1049.7,121.86124,23.51489
1789866927.763,3635,5.20280,0.58724,3.05529,1.550,1.548,1049.7,121.89187,23.52078
1789866927.773,3636,5.20280,0.60335,3.13911,1.550,1.548,1049.7,121.92312,23.52678
1789866927.783,3637,5.20280,0.58500,3.04364,1.550,1.548,1049.7,121.95342,23.53261
1789866927.793,3638,5.20292,0.60333,3.13908,1.550,1.548,1049.7,121.98467,23.53861
1789866927.802,3639,5.20292,0.58923,3.06572,1.550,1.548,1075.3,122.01519,23.54448
1789866927.813,3640,5.20292,0.58998,3.06962,1.550,1.548,1075.3,122.04607,23.55041
1789866927.823,3641,5.20292,0.63333,3.29517,1.550,1.548,1049.7,122.07921,23.55678
1789866927.833,3642,5.20292,0.58699,3.05406,1.550,1.548,1075.3,122.10993,23.56269
1789866927.843,3643,5.20292,0.61440,3.19667,1.550,1.548,1049.7,122.14209,23.56887
1789866927.853,3644,5.20292,0.58549,3.04626,1.550,1.548,1049.7,122.17251,23.57471
1789866927.863,3645,5.20292,0.59272,3.08387,1.551,1.548,1049.7,122.20331,23.58063
1789866927.873,3646,5.20292,0.63184,3.28741,1.551,1.548,1049.7,122.23614,23.58694
1789866927.883,3647,5.20292,0.60333,3.13908,1.551,1.548,1075.3,122.26749,23.59297
1789866927.893,3648,5.20292,0.60347,3.13981,1.551,1.548,1075.3,122.29874,23.59898
1789866927.903,3649,5.20292,0.59073,3.07352,1.551,1.548,1075.3,122.32934,23.60486
1789866927.913,3650,5.20292,0.58475,3.04241,1.551,1.548,1075.3,122.35962,23.61068
1789866927.922,3651,5.20292,0.62087,3.23034,1.551,1.548,1075.3,122.39178,23.61686
1789866927.933,3652,5.20292,0.59048,3.07222,1.551,1.548,1075.3,122.42261,23.62278
1789866927.943,3653,5.20292,0.63881,3.32368,1.551,1.548,1049.7,122.45596,23.62919
1789866927.953,3654,5.20292,0.58699,3.05406,1.551,1.548,1049.7,122.48661,23.63508
1789866927.963,3655,5.20292,0.61888,3.21998,1.551,1.548,1049.7,122.51893,23.64129
1789866927.973,3656,5.20292,0.63433,3.30037,1.551,1.548,1049.7,122.55185,23.64762
1789866927.983,3657,5.20292,0.60347,3.13981,1.551,1.548,1049.7,122.58317,23.65364
1789866927.993,3658,5.20280,0.63682,3.31325,1.551,1.548,1049.7,122.61623,23.66000
1789866928.003,3659,5.20280,0.58325,3.03453,1.551,1.548,1049.7,122.64650,23.66582
1789866928.013,3660,5.20280,0.60387,3.14181,1.550,1.548,1049.7,122.67801,23.67187
1789866928.023,3661,5.20280,0.59023,3.07085,1.550,1.548,1049.7,122.70881,23.67779
1789866928.033,3662,5.20280,0.60387,3.14181,1.551,1.548,1049.7,122.74032,23.68385
1789866928.043,3663,5.18055,0.64479,3.34037,1.550,1.548,1049.7,122.77383,23.69032
1789866928.053,3664,5.20280,0.60387,3.14181,1.551,1.548,1049.7,122.80517,23.69634
1789866928.063,3665,5.20280,0.61988,3.22511,1.551,1.548,1049.7,122.83734,23.70252
1789866928.073,3666,5.20280,0.63682,3.31325,1.551,1.548,1049.7,122.87039,23.70888
1789866928.083,3667,5.20280,0.58674,3.05269,1.550,1.548,1049.7,122.90085,23.71473
1789866928.093,3668,5.20292,0.60345,3.13970,1.550,1.547,1075.3,122.93225,23.72076
1789866928.103,3669,5.20292,0.58624,3.05016,1.551,1.547,1049.7,122.96275,23.72663
1789866928.113,3670,5.20292,0.58973,3.06832,1.550,1.547,1075.3,122.99343,23.73252
1789866928.123,3671,5.20292,0.60345,3.13970,1.550,1.548,1049.7,123.02483,23.73856
1789866928.133,3672,5.20292,0.59147,3.07737,1.551,1.548,1075.3,123.05567,23.74449
1789866928.143,3673,5.20292,0.63657,3.31202,1.551,1.548,1075.3,123.08886,23.75087
1789866928.153,3674,5.20292,0.60345,3.13970,1.551,1.548,1075.3,123.12032,23.75691
1789866928.163,3675,5.20292,0.58574,3.04756,1.551,1.548,1075.3,123.15086,23.76278
1789866928.173,3676,5.20292,0.60345,3.13970,1.551,1.548,1075.3,123.18222,23.76881
1789866928.183,3677,5.20292,0.58500,3.04371,1.551,1.548,1075.3,123.21262,23.77465
1789866928.193,3678,5.20300,0.61340,3.19152,1.551,1.548,1049.7,123.24450,23.78078
1789866928.203,3679,5.20300,0.60330,3.13897,1.550,1.548,1049.7,123.27585,23.78680
1789866928.213,3680,5.20300,0.60330,3.13897,1.550,1.547,1049.7,123.30728,23.79285
1789866928.223,3681,5.20300,0.60330,3.13897,1.550,1.547,1049.7,123.33871,23.79889
1789866928.233,3682,5.20300,0.58001,3.01779,1.550,1.547,1075.3,123.36893,23.80469
1789866928.243,3683,5.20300,0.61539,3.20187,1.550,1.547,1075.3,123.40100,23.81086
1789866928.253,3684,5.20300,0.59048,3.07227,1.550,1.547,1075.3,123.43171,23.81676
1789866928.263,3685,5.20300,0.59272,3.08392,1.550,1.547,1075.3,123.46255,23.82269
1789866928.273,3686,5.20300,0.61888,3.22003,1.551,1.548,1075.3,123.49474,23.82887
1789866928.283,3687,5.20300,0.58599,3.04891,1.551,1.548,1075.3,123.52522,23.83473
1789866928.293,3688,5.20323,0.58450,3.04129,1.552,1.548,1075.3,123.55560,23.84057
1789866928.303,3689,5.20323,0.60230,3.13391,1.552,1.548,1075.3,123.58689,23.84659
1789866928.313,3690,5.20323,0.58076,3.02183,1.552,1.548,1075.3,123.61707,23.85239
1789866928.323,3691,5.20323,0.58325,3.03478,1.551,1.548,1049.7,123.64738,23.85821
1789866928.333,3692,5.20323,0.61265,3.18776,1.551,1.548,1049.7,123.67920,23.86433
1789866928.343,3693,5.20323,0.58375,3.03739,1.551,1.548,1049.7,123.70952,23.87015
1789866928.353,3694,5.19055,0.66198,3.43604,1.550,1.547,1049.7,123.74382,23.87676
1789866928.363,3695,5.20323,0.60230,3.13391,1.550,1.548,1049.7,123.77510,23.88277
1789866928.373,3696,5.20323,0.58898,3.06460,1.550,1.548,1049.7,123.80577,23.88867
1789866928.383,3697,5.20323,0.61265,3.18776,1.551,1.547,1049.7,123.83768,23.89480
1789866928.393,3698,5.20323,0.60228,3.13380,1.551,1.548,1049.7,123.86904,23.90083
1789866928.403,3699,5.20323,0.58051,3.02053,1.550,1.548,1049.7,123.89927,23.90664
1789866928.413,3700,5.20323,0.60228,3.13380,1.550,1.548,1049.7,123.93061,23.91266
1789866928.423,3701,5.20323,0.59147,3.07755,1.550,1.548,1049.7,123.96138,23.91857
1789866928.433,3702,5.20323,0.63582,3.30832,1.550,1.548,1049.7,123.99446,23.92493
1789866928.443,3703,5.18930,0.67270,3.49084,1.550,1.548,1049.7,124.02937,23.93166
1789866928.453,3704,5.20323,0.65825,3.42503,1.550,1.548,1049.7,124.06362,23.93824
1789866928.463,3705,5.18555,0.65002,3.37071,1.549,1.547,1049.7,124.09733,23.94474
1789866928.473,3706,5.20323,0.62735,3.26425,1.550,1.548,1049.7,124.12998,23.95102
1789866928.483,3707,5.18930,0.62561,3.24648,1.549,1.547,1075.3,124.16244,23.95727
1789866928.493,3708,5.18555,0.63657,3.30097,1.549,1.547,1075.3,124.19537,23.96362
1789866928.502,3709,5.20265,0.63632,3.31055,1.549,1.547,1075.3,124.22840,23.96997
1789866928.512,3710,5.20265,0.63856,3.32220,1.549,1.547,1075.3,124.26154,23.97634
1789866928.522,3711,5.20265,0.58674,3.05260,1.549,1.548,1075.3,124.29199,23.98219
1789866928.532,3712,5.20265,0.60465,3.14578,1.549,1.547,1075.3,124.32360,23.98827
1789866928.543,3713,5.20265,0.63806,3.31960,1.549,1.548,1075.3,124.35696,23.99468
1789866928.553,3714,5.20265,0.60465,3.14578,1.549,1.548,1075.3,124.38858,24.00076
1789866928.563,3715,5.18305,0.68167,3.53313,1.550,1.548,1075.3,124.42409,24.00761
1789866928.573,3716,5.20265,0.63881,3.32350,1.550,1.548,1075.3,124.45722,24.01398
1789866928.583,3717,5.18430,0.68391,3.54559,1.550,1.547,1075.3,124.49257,24.02080
1789866928.593,3718,5.20202,0.60718,3.15856,1.550,1.548,1075.3,124.52405,24.02685
1789866928.603,3719,5.20202,0.60718,3.15856,1.551,1.548,1075.3,124.55554,24.03290
1789866928.613,3720,5.20202,0.58824,3.06004,1.551,1.548,1075.3,124.58618,24.03879
1789866928.623,3721,5.20202,0.58226,3.02893,1.551,1.548,1075.3,124.61651,24.04462
1789866928.633,3722,5.20202,0.60718,3.15856,1.551,1.548,1075.3,124.64813,24.05070
1789866928.643,3723,5.20202,0.59446,3.09239,1.551,1.548,1075.3,124.67909,24.05665
1789866928.653,3724,5.20202,0.68789,3.57842,1.551,1.548,1075.3,124.71493,24.06354
1789866928.663,3725,5.20202,0.60718,3.15856,1.551,1.548,1075.3,124.74657,24.06962
1789866928.673,3726,5.20202,0.60718,3.15856,1.550,1.548,1075.3,124.77820,24.07570
1789866928.683,3727,5.20202,0.62337,3.24278,1.550,1.548,1075.3,124.81067,24.08195
1789866928.693,3728,5.20190,0.59247,3.08197,1.551,1.548,1075.3,124.84135,24.08784
1789866928.703,3729,5.20190,0.60755,3.16041,1.550,1.548,1075.3,124.87281,24.09389
1789866928.712,3730,5.20190,0.58201,3.02756,1.550,1.548,1075.3,124.90295,24.09969
1789866928.722,3731,5.20190,0.58599,3.04826,1.550,1.548,1075.3,124.93329,24.10552
1789866928.732,3732,5.20190,0.60755,3.16041,1.550,1.548,1075.3,124.96495,24.11160
1789866928.742,3733,5.20190,0.58749,3.05606,1.551,1.548,1075.3,124.99557,24.11749
1789866928.752,3734,5.20190,0.64031,3.33083,1.549,1.547,1075.3,125.02893,24.12390
1789866928.763,3735,5.20190,0.60755,3.16041,1.550,1.548,1075.3,125.06059,24.12999
1789866928.773,3736,5.20190,0.59122,3.07547,1.550,1.548,1075.3,125.09142,24.13592
1789866928.783,3737,5.20190,0.60755,3.16041,1.550,1.548,1049.7,125.12309,24.14201
1789866928.793,3738,5.20183,0.58425,3.03917,1.550,1.548,1049.7,125.15355,24.14786
1789866928.803,3739,5.20183,0.58400,3.03787,1.550,1.548,1049.7,125.18400,24.15371
1789866928.813,3740,5.20183,0.60776,3.16146,1.550,1.548,1049.7,125.21557,24.15978
1789866928.823,3741,5.20183,0.58749,3.05602,1.549,1.547,1075.3,125.24608,24.16565
1789866928.833,3742,5.20183,0.58425,3.03917,1.549,1.548,1075.3,125.27642,24.17148
1789866928.843,3743,5.20183,0.60776,3.16146,1.550,1.547,1075.3,125.30799,24.17755
1789866928.853,3744,5.20183,0.59596,3.10008,1.550,1.548,1075.3,125.33906,24.18352
1789866928.863,3745,5.18805,0.66198,3.43439,1.550,1.548,1075.3,125.37347,24.19016
1789866928.873,3746,5.20183,0.58574,3.04692,1.551,1.548,1075.3,125.40400,24.19602
1789866928.883,3747,5.20183,0.59197,3.07933,1.551,1.548,1075.3,125.43486,24.20196
1789866928.893,3748,5.20194,0.60783,3.16190,1.551,1.548,1075.3,125.46632,24.20800
1789866928.903,3749,5.20194,0.58126,3.02368,1.551,1.548,1075.3,125.49641,24.21379
1789866928.912,3750,5.20194,0.60783,3.16190,1.551,1.548,1075.3,125.52787,24.21984
1789866928.922,3751,5.20194,0.58674,3.05219,1.551,1.548,1075.3,125.55824,24.22567
1789866928.932,3752,5.20194,0.58425,3.03923,1.550,1.548,1075.3,125.58873,24.23154
1789866928.942,3753,5.20194,0.60783,3.16190,1.550,1.548,1075.3,125.62045,24.23763
1789866928.953,3754,5.20194,0.58250,3.03013,1.550,1.548,1075.3,125.65085,24.24348
1789866928.963,3755,5.18430,0.63458,3.28985,1.550,1.547,1075.3,125.68386,24.24985
1789866928.973,3756,5.20194,0.64205,3.33991,1.550,1.548,1075.3,125.71727,24.25627
1789866928.983,3757,5.19055,0.66024,3.42701,1.550,1.547,1075.3,125.75155,24.26287
1789866928.993,3758,5.18805,0.65575,3.40206,1.551,1.548,1075.3,125.78558,24.26943
1789866929.003,3759,5.20163,0.65077,3.38506,1.551,1.548,1075.3,125.81944,24.27594
1789866929.013,3760,5.20163,0.58923,3.06496,1.551,1.548,1075.3,125.85029,24.28187
1789866929.023,3761,5.20163,0.60931,3.16941,1.551,1.548,1075.3,125.88219,24.28800
1789866929.033,3762,5.20163,0.58923,3.06496,1.551,1.548,1075.3,125.91304,24.29394
1789866929.043,3763,5.20163,0.58749,3.05591,1.551,1.548,1075.3,125.94380,24.29985
1789866929.053,3764,5.18805,0.62038,3.21856,1.551,1.548,1075.3,125.97580,24.30602
1789866929.063,3765,5.20163,0.58873,3.06236,1.550,1.548,1075.3,126.00625,24.31187
1789866929.073,3766,5.18555,0.71605,3.71311,1.550,1.547,1075.3,126.04317,24.31899
1789866929.083,3767,5.20163,0.62486,3.25029,1.550,1.547,1075.3,126.07549,24.32520
1789866929.093,3768,5.20112,0.62536,3.25257,1.551,1.548,1075.3,126.10790,24.33144
1789866929.103,3769,5.20112,0.64579,3.35883,1.550,1.548,1075.3,126.14137,24.33787
1789866929.112,3770,5.20112,0.61099,3.17783,1.550,1.548,1075.3,126.17304,24.34396
1789866929.122,3771,5.18930,0.63358,3.28784,1.551,1.547,1075.3,126.20580,24.35027
1789866929.132,3772,5.20112,0.58898,3.06336,1.551,1.548,1049.7,126.23651,24.35618
1789866929.143,3773,5.20112,0.61099,3.17783,1.551,1.548,1049.7,126.26837,24.36230
1789866929.153,3774,5.20112,0.59322,3.08541,1.550,1.547,1049.7,126.29930,24.36825
1789866929.163,3775,5.20112,0.63408,3.29793,1.550,1.547,1049.7,126.33237,24.37461
1789866929.173,3776,5.17680,0.70683,3.65912,1.550,1.548,1049.7,126.36898,24.38168
1789866929.183,3777,5.20112,0.64504,3.35493,1.550,1.547,1049.7,126.40255,24.38813
1789866929.193,3778,5.20081,0.61278,3.18695,1.550,1.548,1049.7,126.43444,24.39427
1789866929.203,3779,5.20081,0.59646,3.10208,1.550,1.548,1049.7,126.46548,24.40023
1789866929.213,3780,5.20081,0.59995,3.12023,1.550,1.548,1075.3,126.49668,24.40623
1789866929.223,3781,5.20081,0.64654,3.36253,1.550,1.548,1075.3,126.53030,24.41270
1789866929.233,3782,5.20081,0.59098,3.07357,1.551,1.548,1075.3,126.56104,24.41861
1789866929.243,3783,5.20081,0.61278,3.18695,1.551,1.548,1075.3,126.59290,24.42473
1789866929.253,3784,5.20081,0.59048,3.07097,1.551,1.548,1075.3,126.62366,24.43065
1789866929.263,3785,5.20081,0.61278,3.18695,1.550,1.548,1075.3,126.65558,24.43679
1789866929.273,3786,5.17930,0.64006,3.31506,1.550,1.548,1075.3,126.68878,24.44320
1789866929.283,3787,5.20081,0.59845,3.11242,1.550,1.548,1075.3,126.71995,24.44919
1789866929.293,3788,5.20077,0.61335,3.18989,1.550,1.548,1075.3,126.75182,24.45532
1789866929.303,3789,5.20077,0.59172,3.07740,1.550,1.547,1075.3,126.78256,24.46123
1789866929.313,3790,5.20077,0.61335,3.18989,1.550,1.547,1075.3,126.81442,24.46735
1789866929.323,3791,5.20077,0.59521,3.09555,1.550,1.547,1075.3,126.84534,24.47330
1789866929.333,3792,5.20077,0.58724,3.05410,1.550,1.547,1075.3,126.87589,24.47917
1789866929.343,3793,5.20077,0.61335,3.18989,1.550,1.547,1075.3,126.90780,24.48531
1789866929.353,3794,5.20077,0.58201,3.02690,1.549,1.547,1075.3,126.93807,24.49113
1789866929.363,3795,5.20077,0.61335,3.18989,1.550,1.547,1075.3,126.96998,24.49727
1789866929.373,3796,5.20077,0.63109,3.28215,1.550,1.548,1075.3,127.00272,24.50356
1789866929.383,3797,5.20077,0.61335,3.18989,1.550,1.547,1075.3,127.03454,24.50968
1789866929.393,3798,5.20085,0.61360,3.19124,1.549,1.547,1075.3,127.06638,24.51580
1789866929.403,3799,5.20085,0.59372,3.08785,1.550,1.548,1075.3,127.09718,24.52172
1789866929.413,3800,5.20085,0.59147,3.07615,1.550,1.548,1075.3,127.12794,24.52764
1789866929.423,3801,5.20085,0.61360,3.19124,1.550,1.548,1075.3,127.15986,24.53378
1789866929.433,3802,5.20085,0.58226,3.02825,1.550,1.548,1075.3,127.19015,24.53960
1789866929.443,3803,5.20085,0.58101,3.02175,1.551,1.548,1075.3,127.22037,24.54541
1789866929.453,3804,5.20085,0.61360,3.19124,1.551,1.547,1075.3,127.25237,24.55156
1789866929.463,3805,5.20085,0.58848,3.06060,1.550,1.548,1049.7,127.28306,24.55746
1789866929.473,3806,5.19055,0.61360,3.18492,1.550,1.547,1049.7,127.31500,24.56362
1789866929.483,3807,5.20085,0.58848,3.06060,1.550,1.547,1075.3,127.34569,24.56952
1789866929.493,3808,5.20132,0.58923,3.06477,1.551,1.548,1075.3,127.37623,24.57539
1789866929.503,3809,5.20132,0.59347,3.08683,1.551,1.548,1075.3,127.40699,24.58130
1789866929.513,3810,5.20132,0.57976,3.01552,1.551,1.548,1049.7,127.43703,24.58708
1789866929.522,3811,5.20132,0.58425,3.03887,1.551,1.548,1049.7,127.46731,24.59290
1789866929.533,3812,5.20132,0.61157,3.18097,1.550,1.548,1049.7,127.49922,24.59904
1789866929.543,3813,5.20132,0.63782,3.31751,1.550,1.548,1049.7,127.53250,24.60543
1789866929.553,3814,5.20132,0.61157,3.18097,1.549,1.547,1049.7,127.56440,24.61157
1789866929.563,3815,5.20132,0.63582,3.30710,1.549,1.547,1075.3,127.59757,24.61794
1789866929.573,3816,5.20132,0.59920,3.11663,1.550,1.548,1075.3,127.62873,24.62393
1789866929.583,3817,5.20132,0.59023,3.06998,1.550,1.547,1075.3,127.65942,24.62984
1789866929.593,3818,5.20179,0.61021,3.17418,1.550,1.548,1075.3,127.69115,24.63594
1789866929.603,3819,5.20179,0.58525,3.04435,1.550,1.547,1075.3,127.72159,24.64179
1789866929.613,3820,5.20179,0.57852,3.00934,1.550,1.548,1075.3,127.75184,24.64760
1789866929.623,3821,5.20179,0.62984,3.27630,1.550,1.548,1075.3,127.78477,24.65393
1789866929.633,3822,5.20179,0.58799,3.05860,1.550,1.547,1075.3,127.81551,24.65984
1789866929.643,3823,5.20179,0.63184,3.28670,1.551,1.548,1075.3,127.84854,24.66619
1789866929.653,3824,5.20179,0.58624,3.04950,1.550,1.548,1075.3,127.87892,24.67203
1789866929.663,3825,5.20179,0.61021,3.17418,1.551,1.548,1075.3,127.91054,24.67811
1789866929.673,3826,5.20179,0.62885,3.27115,1.551,1.548,1075.3,127.94312,24.68437
1789866929.683,3827,5.20179,0.64230,3.34111,1.550,1.548,1075.3,127.97640,24.69077
1789866929.693,3828,5.18555,0.64928,3.36687,1.550,1.548,1075.3,128.00998,24.69725
1789866929.703,3829,5.20218,0.64155,3.33746,1.550,1.547,1075.3,128.04326,24.70364
1789866929.713,3830,5.20218,0.58973,3.06788,1.550,1.548,1075.3,128.07385,24.70952
1789866929.723,3831,5.20218,0.60906,3.16844,1.551,1.548,1075.3,128.10544,24.71560
1789866929.733,3832,5.20218,0.60906,3.16844,1.551,1.548,1075.3,128.13716,24.72170
1789866929.743,3833,5.20218,0.60906,3.16844,1.551,1.548,1075.3,128.16888,24.72779
1789866929.753,3834,5.20218,0.62635,3.25839,1.551,1.548,1075.3,128.20149,24.73406
1789866929.763,3835,5.20218,0.58126,3.02382,1.551,1.548,1075.3,128.23176,24.73988
1789866929.773,3836,5.20218,0.62486,3.25063,1.550,1.548,1075.3,128.26428,24.74613
1789866929.783,3837,5.20218,0.65800,3.42303,1.550,1.548,1075.3,128.29852,24.75271
1789866929.793,3838,5.20186,0.66348,3.45133,1.550,1.548,1075.3,128.33304,24.75935
1789866929.803,3839,5.20186,0.60981,3.17215,1.550,1.548,1075.3,128.36477,24.76545
1789866929.813,3840,5.20186,0.59671,3.10400,1.550,1.548,1075.3,128.39583,24.77142
1789866929.823,3841,5.20186,0.60981,3.17215,1.550,1.548,1075.3,128.42757,24.77752
1789866929.833,3842,5.20186,0.58525,3.04439,1.550,1.548,1075.3,128.45803,24.78338
1789866929.843,3843,5.20186,0.60981,3.17215,1.551,1.548,1075.3,128.48976,24.78948
1789866929.853,3844,5.20186,0.58749,3.05604,1.551,1.548,1075.3,128.52029,24.79535
1789866929.863,3845,5.20186,0.60981,3.17215,1.551,1.548,1075.3,128.55198,24.80144
1789866929.873,3846,5.20186,0.62162,3.23358,1.551,1.548,1075.3,128.58428,24.80765
1789866929.883,3847,5.20186,0.60981,3.17215,1.551,1.548,1075.3,128.61597,24.81374
1789866929.893,3848,5.20179,0.61026,3.17444,1.552,1.548,1075.3,128.64759,24.81982
1789866929.902,3849,5.20179,0.59446,3.09226,1.551,1.548,1075.3,128.67839,24.82574
1789866929.912,3850,5.20179,0.58599,3.04820,1.551,1.548,1075.3,128.70875,24.83158
1789866929.922,3851,5.20179,0.61026,3.17444,1.552,1.548,1075.3,128.74037,24.83765
1789866929.932,3852,5.20179,0.59172,3.07800,1.552,1.548,1075.3,128.77134,24.84361
1789866929.943,3853,5.20179,0.61026,3.17444,1.552,1.548,1075.3,128.80328,24.84975
1789866929.953,3854,5.20179,0.58624,3.04950,1.551,1.548,1049.7,128.83397,24.85565
1789866929.963,3855,5.20179,0.58973,3.06765,1.551,1.548,1075.3,128.86484,24.86158
1789866929.973,3856,5.20179,0.61026,3.17444,1.551,1.548,1075.3,128.89653,24.86767
1789866929.983,3857,5.20179,0.59770,3.10911,1.551,1.548,1075.3,128.92757,24.87364
1789866929.993,3858,5.20183,0.61031,3.17473,1.551,1.548,1075.3,128.95926,24.87973
1789866930.003,3859,5.20183,0.58525,3.04437,1.551,1.548,1075.3,128.98965,24.88558
1789866930.013,3860,5.20183,0.58624,3.04952,1.551,1.548,1075.3,129.02018,24.89145
1789866930.023,3861,5.20183,0.61031,3.17473,1.551,1.548,1075.3,129.05197,24.89756
1789866930.033,3862,5.20183,0.59197,3.07933,1.551,1.548,1075.3,129.08280,24.90348
1789866930.043,3863,5.20183,0.61031,3.17473,1.551,1.548,1075.3,129.11459,24.90959
1789866930.053,3864,5.20183,0.58574,3.04692,1.551,1.548,1075.3,129.14505,24.91545
1789866930.063,3865,5.20183,0.58400,3.03787,1.551,1.548,1075.3,129.17543,24.92129
1789866930.073,3866,5.20183,0.61031,3.17473,1.551,1.548,1075.3,129.20717,24.92739
1789866930.083,3867,5.20183,0.58525,3.04437,1.551,1.548,1075.3,129.23760,24.93324
1789866930.093,3868,5.20229,0.60838,3.16497,1.550,1.548,1075.3,129.26913,24.93930
1789866930.103,3869,5.20229,0.58873,3.06274,1.550,1.548,1075.3,129.29964,24.94517
1789866930.113,3870,5.20229,0.59621,3.10166,1.550,1.548,1075.3,129.33054,24.95111
1789866930.122,3871,5.20229,0.62959,3.27531,1.550,1.548,1075.3,129.36317,24.95738
1789866930.133,3872,5.20229,0.58101,3.02258,1.550,1.548,1075.3,129.39349,24.96321
1789866930.143,3873,5.20229,0.60838,3.16497,1.551,1.548,1075.3,129.42524,24.96931
1789866930.153,3874,5.20229,0.58475,3.04204,1.550,1.548,1075.3,129.45576,24.97518
1789866930.163,3875,5.20229,0.57951,3.01478,1.550,1.548,1075.3,129.48601,24.98099
1789866930.173,3876,5.20229,0.60838,3.16497,1.550,1.548,1075.3,129.51766,24.98708
1789866930.183,3877,5.20229,0.58375,3.03684,1.550,1.548,1075.3,129.54804,24.99292
1789866930.193,3878,5.19055,0.66298,3.44123,1.550,1.548,1075.3,129.58246,24.99955
1789866930.203,3879,5.20253,0.60720,3.15898,1.550,1.548,1075.3,129.61406,25.00562
1789866930.213,3880,5.20253,0.59521,3.09660,1.550,1.548,1075.3,129.64498,25.01156
1789866930.223,3881,5.20253,0.63209,3.28847,1.550,1.548,1075.3,129.67782,25.01788
1789866930.233,3882,5.20253,0.57951,3.01492,1.550,1.547,1075.3,129.70792,25.02366
1789866930.243,3883,5.20253,0.61763,3.21324,1.550,1.547,1075.3,129.74001,25.02983
1789866930.253,3884,5.20253,0.58051,3.02012,1.550,1.548,1075.3,129.77019,25.03563
1789866930.263,3885,5.20253,0.60720,3.15898,1.550,1.548,1075.3,129.80175,25.04170
1789866930.273,3886,5.20253,0.63358,3.29622,1.549,1.548,1075.3,129.83469,25.04803
1789866930.283,3887,5.20253,0.62835,3.26901,1.549,1.547,1075.3,129.86736,25.05431
1789866930.293,3888,5.20284,0.60622,3.15407,1.550,1.548,1075.3,129.89886,25.06036
1789866930.303,3889,5.20284,0.59496,3.09548,1.550,1.548,1075.3,129.92978,25.06631
1789866930.312,3890,5.20284,0.60622,3.15407,1.550,1.547,1075.3,129.96129,25.07236
1789866930.322,3891,5.20284,0.59546,3.09808,1.550,1.547,1075.3,129.99224,25.07831
1789866930.333,3892,5.20284,0.60622,3.15407,1.550,1.547,1075.3,130.02391,25.08440
1789866930.343,3893,5.20284,0.63806,3.31972,1.550,1.547,1075.3,130.05725,25.09081
1789866930.353,3894,5.20284,0.58749,3.05662,1.549,1.547,1075.3,130.08795,25.09671
1789866930.363,3895,5.20284,0.61763,3.21343,1.550,1.547,1075.3,130.12022,25.10291
1789866930.373,3896,5.20284,0.60622,3.15407,1.551,1.547,1075.3,130.15171,25.10896
1789866930.383,3897,5.20284,0.60622,3.15407,1.550,1.547,1075.3,130.18320,25.11501
1789866930.393,3898,5.20292,0.63806,3.31978,1.551,1.548,1075.3,130.21634,25.12138
1789866930.403,3899,5.20292,0.60590,3.15245,1.551,1.548,1075.3,130.24781,25.12743
1789866930.413,3900,5.20292,0.60590,3.15245,1.551,1.548,1075.3,130.27926,25.13348
1789866930.423,3901,5.20292,0.59372,3.08908,1.550,1.547,1075.3,130.31008,25.13940
1789866930.433,3902,5.20292,0.58325,3.03460,1.550,1.548,1075.3,130.34036,25.14522
1789866930.442,3903,5.20292,0.60590,3.15245,1.550,1.547,1075.3,130.37181,25.15126
1789866930.453,3904,5.20292,0.58973,3.06832,1.550,1.547,1075.3,130.40259,25.15718
1789866930.463,3905,5.20292,0.58998,3.06962,1.550,1.547,1049.7,130.43339,25.16310
1789866930.473,3906,5.20292,0.60590,3.15245,1.550,1.547,1049.7,130.46502,25.16918
1789866930.483,3907,5.20292,0.58948,3.06702,1.550,1.548,1049.7,130.49579,25.17509
1789866930.493,3908,5.20300,0.60606,3.15333,1.550,1.548,1049.7,130.52719,25.18113
1789866930.503,3909,5.20300,0.58973,3.06837,1.551,1.548,1075.3,130.55773,25.18700
1789866930.512,3910,5.20300,0.59347,3.08782,1.550,1.548,1075.3,130.58847,25.19291
1789866930.522,3911,5.20300,0.61963,3.22393,1.550,1.548,1075.3,130.62057,25.19908
1789866930.532,3912,5.20300,0.58774,3.05801,1.551,1.548,1075.3,130.65126,25.20498
1789866930.543,3913,5.20300,0.59546,3.09818,1.550,1.548,1075.3,130.68236,25.21095
1789866930.553,3914,5.20300,0.60606,3.15333,1.550,1.548,1075.3,130.71401,25.21704
1789866930.563,3915,5.20300,0.58350,3.03595,1.550,1.548,1075.3,130.74448,25.22289
1789866930.573,3916,5.20300,0.58525,3.04506,1.550,1.548,1075.3,130.77492,25.22874
1789866930.583,3917,5.20300,0.60606,3.15333,1.550,1.548,1075.3,130.80643,25.23480
1789866930.593,3918,5.20311,0.57951,3.01525,1.550,1.548,1075.3,130.83656,25.24059
1789866930.603,3919,5.20311,0.65202,3.39253,1.550,1.548,1075.3,130.87047,25.24711
1789866930.613,3920,5.20311,0.60541,3.15001,1.550,1.548,1075.3,130.90195,25.25316
1789866930.623,3921,5.20311,0.59172,3.07878,1.550,1.548,1075.3,130.93272,25.25907
1789866930.633,3922,5.20311,0.60541,3.15001,1.550,1.547,1075.3,130.96421,25.26512
1789866930.643,3923,5.20311,0.58375,3.03732,1.550,1.548,1075.3,130.99456,25.27096
1789866930.653,3924,5.20311,0.57976,3.01656,1.550,1.548,1075.3,131.02474,25.27675
1789866930.663,3925,5.20311,0.60541,3.15001,1.550,1.548,1075.3,131.05624,25.28281
1789866930.673,3926,5.20311,0.58375,3.03732,1.550,1.548,1075.3,131.08663,25.28865
1789866930.683,3927,5.20311,0.58475,3.04252,1.550,1.547,1075.3,131.11706,25.29450
1789866930.693,3928,5.20307,0.63931,3.32637,1.551,1.548,1075.3,131.15023,25.30087
1789866930.703,3929,5.20307,0.63433,3.30046,1.551,1.548,1075.3,131.18314,25.30720
1789866930.712,3930,5.20307,0.60520,3.14890,1.550,1.548,1075.3,131.21454,25.31323
1789866930.722,3931,5.20307,0.58425,3.03989,1.551,1.548,1075.3,131.24485,25.31906
1789866930.732,3932,5.20307,0.58749,3.05675,1.551,1.548,1075.3,131.27548,25.32495
1789866930.742,3933,5.20307,0.60520,3.14890,1.550,1.548,1075.3,131.30703,25.33101
1789866930.753,3934,5.20307,0.58624,3.05025,1.549,1.547,1049.7,131.33759,25.33688
1789866930.763,3935,5.20307,0.58948,3.06711,1.550,1.547,1075.3,131.36832,25.34279
1789866930.773,3936,5.20307,0.60520,3.14890,1.550,1.548,1049.7,131.39983,25.34885
1789866930.783,3937,5.20307,0.58599,3.04895,1.550,1.547,1049.7,131.43034,25.35471
1789866930.793,3938,5.20327,0.60432,3.14444,1.550,1.548,1049.7,131.46181,25.36076
1789866930.803,3939,5.19305,0.64006,3.32386,1.550,1.548,1049.7,131.49507,25.36716
1789866930.813,3940,5.20327,0.60432,3.14444,1.550,1.548,1049.7,131.52653,25.37321
1789866930.823,3941,5.20327,0.60432,3.14444,1.550,1.548,1049.7,131.55799,25.37925
1789866930.833,3942,5.20327,0.59172,3.07888,1.549,1.547,1049.7,131.58879,25.38517
1789866930.843,3943,5.20327,0.58226,3.02966,1.550,1.548,1075.3,131.61911,25.39100
1789866930.853,3944,5.20327,0.60432,3.14444,1.550,1.548,1075.3,131.65052,25.39704
1789866930.863,3945,5.20327,0.60432,3.14444,1.550,1.548,1075.3,131.68193,25.40307
1789866930.873,3946,5.20327,0.63283,3.29279,1.550,1.548,1075.3,131.71482,25.40940
1789866930.883,3947,5.20327,0.58250,3.03090,1.551,1.548,1075.3,131.74510,25.41521
1789866930.893,3948,5.20347,0.60350,3.14029,1.551,1.548,1075.3,131.77644,25.42124
1789866930.902,3949,5.20347,0.61938,3.22293,1.550,1.548,1075.3,131.80860,25.42742
1789866930.912,3950,5.20347,0.64180,3.33959,1.550,1.548,1075.3,131.84193,25.43382
1789866930.922,3951,5.20347,0.63333,3.29551,1.550,1.548,1075.3,131.87481,25.44014
1789866930.932,3952,5.20347,0.63931,3.32663,1.550,1.548,1075.3,131.90819,25.44656
1789866930.943,3953,5.20347,0.58824,3.06089,1.551,1.548,1075.3,131.93889,25.45246
1789866930.953,3954,5.20347,0.60350,3.14029,1.550,1.547,1075.3,131.97040,25.45851
1789866930.963,3955,5.20347,0.58201,3.02847,1.550,1.547,1075.3,132.00078,25.46435
1789866930.973,3956,5.20347,0.60350,3.14029,1.550,1.547,1075.3,132.03211,25.47037
1789866930.983,3957,5.20347,0.63657,3.31237,1.550,1.547,1075.3,132.06516,25.47672
1789866930.993,3958,5.20343,0.58873,3.06342,1.550,1.547,1075.3,132.09573,25.48260
1789866931.002,3959,5.20343,0.61963,3.22420,1.549,1.547,1075.3,132.12790,25.48878
1789866931.013,3960,5.20343,0.60349,3.14022,1.550,1.547,1075.3,132.15939,25.49483
1789866931.023,3961,5.20343,0.60349,3.14022,1.550,1.548,1075.3,132.19088,25.50088
1789866931.033,3962,5.20343,0.60349,3.14022,1.551,1.548,1075.3,132.22237,25.50694
1789866931.043,3963,5.20343,0.59247,3.08288,1.551,1.548,1075.3,132.25329,25.51288
1789866931.053,3964,5.20343,0.60349,3.14022,1.551,1.548,1075.3,132.28471,25.51892
1789866931.063,3965,5.20343,0.58525,3.04531,1.551,1.548,1075.3,132.31519,25.52477
1789866931.073,3966,5.20343,0.60349,3.14022,1.551,1.548,1075.3,132.34662,25.53081
1789866931.083,3967,5.20343,0.58998,3.06992,1.550,1.547,1075.3,132.37734,25.53672
1789866931.093,3968,5.20350,0.60360,3.14083,1.551,1.548,1075.3,132.40863,25.54273
1789866931.103,3969,5.20350,0.61614,3.20608,1.551,1.548,1075.3,132.44056,25.54887
1789866931.113,3970,5.20350,0.63283,3.29293,1.550,1.547,1075.3,132.47336,25.55517
1789866931.122,3971,5.20350,0.58375,3.03754,1.550,1.548,1075.3,132.50361,25.56099
1789866931.132,3972,5.20350,0.61390,3.19443,1.551,1.548,1075.3,132.53558,25.56713
1789866931.142,3973,5.20350,0.59122,3.07641,1.551,1.548,1075.3,132.56637,25.57305
1789866931.153,3974,5.20350,0.58375,3.03754,1.550,1.548,1075.3,132.59677,25.57889
1789866931.163,3975,5.20350,0.61739,3.21259,1.550,1.547,1075.3,132.62892,25.58507
1789866931.173,3976,5.20350,0.58774,3.05831,1.551,1.548,1075.3,132.65955,25.59095
1789866931.183,3977,5.20350,0.60360,3.14083,1.550,1.548,1075.3,132.69100,25.59700
1789866931.193,3978,5.20366,0.60368,3.14135,1.551,1.548,1075.3,132.72246,25.60304
1789866931.203,3979,5.20366,0.61838,3.21784,1.551,1.548,1075.3,132.75469,25.60924
1789866931.213,3980,5.18930,0.65850,3.41715,1.551,1.548,1075.3,132.78890,25.61583
1789866931.223,3981,5.20366,0.63084,3.28268,1.550,1.548,1075.3,132.82177,25.62215
1789866931.233,3982,5.20366,0.62710,3.26322,1.550,1.548,1075.3,132.85444,25.62842
1789866931.243,3983,5.20366,0.64778,3.37083,1.551,1.548,1075.3,132.88819,25.63491
1789866931.253,3984,5.20366,0.62635,3.25931,1.551,1.548,1075.3,132.92070,25.64116
1789866931.263,3985,5.20366,0.62984,3.27747,1.551,1.548,1075.3,132.95338,25.64744
1789866931.273,3986,5.20366,0.64579,3.36047,1.550,1.548,1075.3,132.98690,25.65388
1789866931.283,3987,5.20366,0.58475,3.04284,1.551,1.548,1075.3,133.01725,25.65971
1789866931.293,3988,5.20304,0.60627,3.15445,1.550,1.548,1075.3,133.04879,25.66577
1789866931.303,3989,5.20304,0.57852,3.01006,1.550,1.548,1075.3,133.07889,25.67156
1789866931.313,3990,5.20304,0.58973,3.06839,1.550,1.548,1075.3,133.10957,25.67745
1789866931.323,3991,5.20304,0.61863,3.21876,1.550,1.548,1075.3,133.14175,25.68364
1789866931.333,3992,5.20304,0.59023,3.07099,1.550,1.548,1075.3,133.17249,25.68955
1789866931.343,3993,5.20304,0.59297,3.08525,1.550,1.548,1075.3,133.20337,25.69548
1789866931.353,3994,5.20304,0.60627,3.15445,1.550,1.548,1075.3,133.23494,25.70155
1789866931.363,3995,5.20304,0.58076,3.02172,1.549,1.548,1075.3,133.26519,25.70736
1789866931.373,3996,5.20304,0.58649,3.05153,1.549,1.548,1075.3,133.29574,25.71324
1789866931.383,3997,5.20304,0.62087,3.23041,1.550,1.548,1075.3,133.32808,25.71945
1789866931.393,3998,5.20315,0.57852,3.01013,1.550,1.548,1075.3,133.35822,25.72524
1789866931.403,3999,5.20315,0.60593,3.15274,1.550,1.548,1075.3,133.38978,25.73131
1789866931.413,4000,5.20315,0.58824,3.06070,1.549,1.548,1075.3,133.42032,25.73718
1789866931.423,4001,5.19055,0.64404,3.34292,1.549,1.547,1075.3,133.45368,25.74361
1789866931.433,4002,5.20315,0.64180,3.33938,1.549,1.547,1075.3,133.48701,25.75001
1789866931.443,4003,5.20315,0.58948,3.06715,1.549,1.547,1075.3,133.51761,25.75589
1789866931.453,4004,5.20315,0.60593,3.15274,1.549,1.547,1075.3,133.54912,25.76195
1789866931.462,4005,5.20315,0.60593,3.15274,1.549,1.547,1075.3,133.58064,25.76801
1789866931.472,4006,5.20315,0.58275,3.03214,1.550,1.548,1075.3,133.61094,25.77383
1789866931.482,4007,5.20315,0.59098,3.07496,1.550,1.547,1075.3,133.64168,25.77974
1789866931.492,4008,5.20311,0.59297,3.08529,1.551,1.548,1075.3,133.67256,25.78567
1789866931.503,4009,5.20311,0.61714,3.21105,1.551,1.548,1075.3,133.70469,25.79185
1789866931.513,4010,5.20311,0.63134,3.28493,1.551,1.548,1075.3,133.73757,25.79817
1789866931.523,4011,5.20311,0.65301,3.39768,1.551,1.548,1075.3,133.77157,25.80470
1789866931.533,4012,5.20311,0.60602,3.15319,1.551,1.548,1075.3,133.80307,25.81076
1789866931.543,4013,5.20311,0.59197,3.08009,1.551,1.548,1075.3,133.83384,25.81667
1789866931.552,4014,5.20311,0.58873,3.06323,1.550,1.548,1049.7,133.86445,25.82255
1789866931.562,4015,5.20311,0.60602,3.15319,1.550,1.548,1075.3,133.89595,25.82861
1789866931.573,4016,5.20311,0.62984,3.27713,1.550,1.548,1075.3,133.92879,25.83492
1789866931.583,4017,5.20311,0.59172,3.07878,1.550,1.548,1075.3,133.95963,25.84085
1789866931.593,4018,5.20315,0.61614,3.20587,1.550,1.548,1075.3,133.99176,25.84702
1789866931.603,4019,5.20315,0.58674,3.05290,1.550,1.548,1075.3,134.02234,25.85290
1789866931.613,4020,5.20315,0.60603,3.15326,1.550,1.548,1075.3,134.05390,25.85896
1789866931.623,4021,5.20315,0.59521,3.09697,1.550,1.548,1075.3,134.08489,25.86492
1789866931.633,4022,5.20315,0.58848,3.06195,1.551,1.548,1075.3,134.11552,25.87081
1789866931.643,4023,5.20315,0.61788,3.21492,1.551,1.548,1075.3,134.14769,25.87699
1789866931.653,4024,5.20315,0.60603,3.15326,1.551,1.547,1075.3,134.17917,25.88304
1789866931.663,4025,5.20315,0.60603,3.15326,1.550,1.547,1075.3,134.21065,25.88909
1789866931.673,4026,5.20315,0.60603,3.15326,1.549,1.547,1075.3,134.24213,25.89514
1789866931.683,4027,5.20315,0.60603,3.15326,1.550,1.548,1075.3,134.27361,25.90119
1789866931.692,4028,5.20311,0.60623,3.15428,1.550,1.547,1075.3,134.30510,25.90724
1789866931.702,4029,5.20311,0.58176,3.02696,1.550,1.547,1075.3,134.33531,25.91305
1789866931.712,4030,5.20311,0.60623,3.15428,1.550,1.547,1075.3,134.36680,25.91910
1789866931.722,4031,5.20311,0.60623,3.15428,1.551,1.548,1075.3,134.39829,25.92515
1789866931.732,4032,5.20311,0.58898,3.06453,1.551,1.548,1075.3,134.42900,25.93105
1789866931.742,4033,5.20311,0.62087,3.23045,1.550,1.548,1075.3,134.46136,25.93727
1789866931.753,4034,5.20311,0.59347,3.08789,1.550,1.548,1075.3,134.49230,25.94322
1789866931.763,4035,5.20311,0.58799,3.05938,1.550,1.548,1075.3,134.52295,25.94911
1789866931.773,4036,5.20311,0.60623,3.15428,1.550,1.548,1075.3,134.55452,25.95518
1789866931.783,4037,5.20311,0.58400,3.03862,1.550,1.548,1075.3,134.58493,25.96102
1789866931.793,4038,5.20323,0.57827,3.00887,1.551,1.548,1075.3,134.61504,25.96681
1789866931.803,4039,5.20323,0.60639,3.15519,1.550,1.548,1075.3,134.64662,25.97288
1789866931.813,4040,5.20323,0.58774,3.05815,1.550,1.548,1075.3,134.67719,25.97876
1789866931.823,4041,5.20323,0.60639,3.15519,1.550,1.548,1075.3,134.70873,25.98482
1789866931.833,4042,5.20323,0.59372,3.08926,1.550,1.548,1075.3,134.73962,25.99075
1789866931.843,4043,5.20323,0.59621,3.10222,1.550,1.548,1075.3,134.77063,25.99671
1789866931.853,4044,5.20323,0.60639,3.15519,1.550,1.548,1075.3,134.80219,26.00278
1789866931.863,4045,5.20323,0.59098,3.07500,1.550,1.547,1075.3,134.83294,26.00869
1789866931.873,4046,5.20323,0.60639,3.15519,1.550,1.548,1075.3,134.86450,26.01475
1789866931.883,4047,5.20323,0.58151,3.02573,1.550,1.548,1075.3,134.89476,26.02057
1789866931.893,4048,5.20331,0.58525,3.04524,1.552,1.548,1075.3,134.92513,26.02641
1789866931.902,4049,5.20331,0.63632,3.31097,1.552,1.548,1075.3,134.95815,26.03275
1789866931.912,4050,5.20331,0.58799,3.05949,1.552,1.548,1075.3,134.98867,26.03862
1789866931.922,4051,5.20331,0.61863,3.21892,1.552,1.548,1075.3,135.02077,26.04479
1789866931.932,4052,5.20331,0.64305,3.34599,1.551,1.548,1075.3,135.05437,26.05124
1789866931.943,4053,5.20331,0.58275,3.03223,1.551,1.548,1075.3,135.08482,26.05710
1789866931.953,4054,5.20331,0.62860,3.27080,1.550,1.548,1075.3,135.11766,26.06341
1789866931.963,4055,5.20331,0.60647,3.15565,1.550,1.547,1075.3,135.14935,26.06950
1789866931.973,4056,5.20331,0.60647,3.15565,1.550,1.547,1075.3,135.18074,26.07553
1789866931.983,4057,5.20331,0.58574,3.04779,1.550,1.548,1075.3,135.21105,26.08136
1789866931.992,4058,5.20339,0.59147,3.07765,1.551,1.548,1075.3,135.24167,26.08724
1789866932.002,4059,5.20339,0.61863,3.21897,1.550,1.547,1075.3,135.27368,26.09339
1789866932.012,4060,5.20339,0.57752,3.00506,1.551,1.548,1075.3,135.30388,26.09920
1789866932.022,4061,5.20339,0.64579,3.36030,1.550,1.547,1075.3,135.33765,26.10569
1789866932.033,4062,5.20339,0.58973,3.06860,1.550,1.547,1075.3,135.36849,26.11161
1789866932.043,4063,5.20339,0.61639,3.20732,1.550,1.548,1075.3,135.40072,26.11781
1789866932.053,4064,5.20339,0.64255,3.34344,1.550,1.548,1075.3,135.43417,26.12423
1789866932.063,4065,5.20339,0.60597,3.15310,1.551,1.548,1075.3,135.46571,26.13030
1789866932.073,4066,5.20339,0.60597,3.15310,1.551,1.548,1075.3,135.49725,26.13636
1789866932.083,4067,5.20339,0.64006,3.33048,1.551,1.548,1075.3,135.53056,26.14276
1789866932.093,4068,5.20339,0.58624,3.05044,1.551,1.548,1075.3,135.56096,26.14860
1789866932.103,4069,5.20339,0.60563,3.15133,1.550,1.548,1075.3,135.59237,26.15464
1789866932.113,4070,5.20339,0.59098,3.07510,1.550,1.548,1075.3,135.62302,26.16053
1789866932.122,4071,5.20339,0.60563,3.15133,1.549,1.547,1075.3,135.65443,26.16657
1789866932.132,4072,5.20339,0.63483,3.30327,1.549,1.547,1075.3,135.68754,26.17293
1789866932.143,4073,5.18805,0.64778,3.36072,1.549,1.548,1075.3,135.72124,26.17942
1789866932.153,4074,5.20339,0.60563,3.15133,1.549,1.548,1075.3,135.75283,26.18550
1789866932.163,4075,5.20339,0.58749,3.05694,1.549,1.548,1075.3,135.78348,26.19138
1789866932.173,4076,5.20339,0.58350,3.03618,1.549,1.547,1075.3,135.81375,26.19720
1789866932.183,4077,5.20339,0.60563,3.15133,1.550,1.547,1075.3,135.84517,26.20324
1789866932.192,4078,5.20319,0.62660,3.26032,1.550,1.548,1075.3,135.87768,26.20949
1789866932.202,4079,5.20319,0.59222,3.08143,1.550,1.547,1075.3,135.90841,26.21540
1789866932.212,4080,5.20319,0.61739,3.21240,1.550,1.547,1075.3,135.94064,26.22159
1789866932.223,4081,5.20319,0.58973,3.06848,1.550,1.547,1075.3,135.97143,26.22751
1789866932.233,4082,5.20319,0.60576,3.15188,1.550,1.547,1075.3,136.00305,26.23358
1789866932.243,4083,5.20319,0.60576,3.15188,1.550,1.547,1075.3,136.03467,26.23966
1789866932.253,4084,5.19180,0.64380,3.34248,1.550,1.547,1075.3,136.06810,26.24610
1789866932.263,4085,5.18680,0.67021,3.47625,1.550,1.547,1075.3,136.10287,26.25280
1789866932.273,4086,5.20319,0.65551,3.41074,1.549,1.547,1075.3,136.13699,26.25936
1789866932.283,4087,5.20319,0.58998,3.06978,1.550,1.547,1075.3,136.16769,26.26526
1789866932.293,4088,5.20331,0.60481,3.14701,1.550,1.548,1075.3,136.19906,26.27129
1789866932.303,4089,5.20331,0.60481,3.14701,1.551,1.548,1075.3,136.23044,26.27732
1789866932.313,4090,5.20331,0.58799,3.05949,1.550,1.548,1075.3,136.26094,26.28318
1789866932.322,4091,5.18680,0.64953,3.36898,1.550,1.548,1075.3,136.29452,26.28966
1789866932.333,4092,5.20331,0.60481,3.14701,1.551,1.548,1075.3,136.32610,26.29573
1789866932.343,4093,5.18055,0.69163,3.58302,1.551,1.548,1075.3,136.36205,26.30267
1789866932.353,4094,5.20331,0.60481,3.14701,1.551,1.548,1075.3,136.39362,26.30873
1789866932.363,4095,5.20331,0.60481,3.14701,1.550,1.548,1075.3,136.42520,26.31480
1789866932.373,4096,5.20331,0.62312,3.24229,1.550,1.548,1075.3,136.45758,26.32102
1789866932.383,4097,5.20331,0.58649,3.05169,1.550,1.548,1075.3,136.48805,26.32688
1789866932.393,4098,5.20296,0.60551,3.15044,1.550,1.548,1075.3,136.51951,26.33293
1789866932.403,4099,5.20296,0.59172,3.07870,1.550,1.548,1075.3,136.55026,26.33884
1789866932.413,4100,5.20296,0.58226,3.02948,1.550,1.548,1075.3,136.58054,26.34466
1789866932.423,4101,5.20296,0.60551,3.15044,1.550,1.548,1075.3,136.61203,26.35071
1789866932.433,4102,5.20296,0.59222,3.08130,1.549,1.548,1075.3,136.64283,26.35663
1789866932.443,4103,5.20296,0.62162,3.23426,1.549,1.547,1075.3,136.67515,26.36284
1789866932.453,4104,5.20296,0.59023,3.07094,1.549,1.547,1075.3,136.70587,26.36875
1789866932.463,4105,5.20296,0.58898,3.06444,1.550,1.548,1075.3,136.73653,26.37464
1789866932.473,4106,5.20296,0.60551,3.15044,1.550,1.548,1075.3,136.76804,26.38070
1789866932.483,4107,5.20296,0.58400,3.03853,1.550,1.548,1075.3,136.79844,26.38654
1789866932.493,4108,5.20300,0.60546,3.15021,1.551,1.548,1075.3,136.82999,26.39260
1789866932.503,4109,5.20300,0.58425,3.03985,1.551,1.548,1075.3,136.86044,26.39845
1789866932.513,4110,5.20300,0.58649,3.05151,1.551,1.548,1075.3,136.89100,26.40433
1789866932.523,4111,5.20300,0.64130,3.33668,1.550,1.547,1075.3,136.92441,26.41075
1789866932.533,4112,5.20300,0.60546,3.15021,1.550,1.547,1075.3,136.95587,26.41680
1789866932.543,4113,5.19180,0.60546,3.14343,1.550,1.547,1075.3,136.98726,26.42284
1789866932.553,4114,5.20300,0.58749,3.05671,1.550,1.547,1075.3,137.01779,26.42871
1789866932.563,4115,5.20300,0.59098,3.07487,1.550,1.547,1075.3,137.04849,26.43461
1789866932.573,4116,5.20300,0.62934,3.27446,1.550,1.548,1075.3,137.08115,26.44089
1789866932.583,4117,5.20300,0.59197,3.08002,1.550,1.548,1075.3,137.11187,26.44679
1789866932.592,4118,5.20292,0.61564,3.20313,1.550,1.548,1075.3,137.14382,26.45293
1789866932.602,4119,5.20292,0.60544,3.15006,1.550,1.548,1075.3,137.17524,26.45897
1789866932.612,4120,5.20292,0.58898,3.06442,1.550,1.548,1075.3,137.20597,26.46488
1789866932.623,4121,5.20292,0.60544,3.15006,1.550,1.548,1075.3,137.23757,26.47095
1789866932.633,4122,5.20292,0.58001,3.01775,1.550,1.548,1075.3,137.26784,26.47677
1789866932.643,4123,5.20292,0.62511,3.25240,1.550,1.548,1075.3,137.30046,26.48304
1789866932.653,4124,5.19180,0.64654,3.35671,1.550,1.548,1075.3,137.33405,26.48951
1789866932.663,4125,5.20292,0.58824,3.06057,1.550,1.548,1075.3,137.36468,26.49539
1789866932.673,4126,5.20292,0.61788,3.21478,1.550,1.548,1075.3,137.39685,26.50158
1789866932.683,4127,5.20292,0.59073,3.07352,1.550,1.547,1075.3,137.42760,26.50749
1789866932.693,4128,5.20292,0.60548,3.15026,1.550,1.548,1075.3,137.45898,26.51352
1789866932.703,4129,5.20292,0.63383,3.29777,1.550,1.548,1075.3,137.49183,26.51983
1789866932.712,4130,5.20292,0.58275,3.03200,1.550,1.548,1075.3,137.52203,26.52564
1789866932.722,4131,5.20292,0.60548,3.15026,1.551,1.548,1075.3,137.55340,26.53167
1789866932.732,4132,5.20292,0.59247,3.08257,1.551,1.548,1075.3,137.58427,26.53760
1789866932.742,4133,5.20292,0.60548,3.15026,1.551,1.548,1075.3,137.61581,26.54366
1789866932.752,4134,5.20292,0.60548,3.15026,1.551,1.548,1075.3,137.64735,26.54972
1789866932.762,4135,5.20292,0.63333,3.29517,1.550,1.547,1075.3,137.68034,26.55607
1789866932.772,4136,5.18930,0.65825,3.41586,1.551,1.548,1075.3,137.71444,26.56264
1789866932.782,4137,5.20292,0.63682,3.31332,1.551,1.548,1075.3,137.74752,26.56899
1789866932.792,4138,5.20257,0.58799,3.05906,1.551,1.548,1075.3,137.77806,26.57486
1789866932.802,4139,5.20257,0.60691,3.15749,1.550,1.548,1075.3,137.80958,26.58092
1789866932.812,4140,5.20257,0.58948,3.06681,1.551,1.548,1075.3,137.84040,26.58685
1789866932.823,4141,5.20257,0.59048,3.07201,1.550,1.548,1075.3,137.87128,26.59278
1789866932.833,4142,5.20257,0.61714,3.21071,1.550,1.548,1075.3,137.90354,26.59898
1789866932.843,4143,5.20257,0.58574,3.04735,1.550,1.548,1075.3,137.93417,26.60487
1789866932.853,4144,5.20257,0.68789,3.57880,1.549,1.547,1075.3,137.96983,26.61172
1789866932.863,4145,5.20257,0.59496,3.09532,1.550,1.548,1075.3,138.00067,26.61765
1789866932.873,4146,5.20257,0.59073,3.07331,1.550,1.547,1075.3,138.03129,26.62354
1789866932.882,4147,5.20257,0.62436,3.24828,1.550,1.547,1075.3,138.06365,26.62976
1789866932.892,4148,5.20233,0.59596,3.10038,1.551,1.548,1075.3,138.09464,26.63571
1789866932.902,4149,5.20233,0.60743,3.16005,1.551,1.548,1075.3,138.12622,26.64178
1789866932.912,4150,5.20233,0.58051,3.02000,1.551,1.548,1075.3,138.15640,26.64759
1789866932.922,4151,5.20233,0.58525,3.04466,1.551,1.548,1075.3,138.18683,26.65344
1789866932.932,4152,5.20233,0.60743,3.16005,1.551,1.548,1075.3,138.21849,26.65952
1789866932.942,4153,5.20233,0.58226,3.02911,1.551,1.548,1075.3,138.24884,26.66536
1789866932.953,4154,5.20233,0.62461,3.24943,1.551,1.548,1075.3,138.28140,26.67161
1789866932.963,4155,5.20233,0.60743,3.16005,1.551,1.548,1075.3,138.31307,26.67770
1789866932.972,4156,5.20233,0.60743,3.16005,1.551,1.548,1075.3,138.34457,26.68376
1789866932.982,4157,5.20233,0.60743,3.16005,1.551,1.548,1075.3,138.37607,26.68981
1789866932.992,4158,5.20226,0.58749,3.05628,1.551,1.548,1075.3,138.40653,26.69567
1789866933.002,4159,5.20226,0.60755,3.16063,1.550,1.548,1075.3,138.43804,26.70172
1789866933.012,4160,5.20226,0.58375,3.03682,1.551,1.548,1075.3,138.46853,26.70758
1789866933.022,4161,5.20226,0.59073,3.07313,1.550,1.548,1075.3,138.49938,26.71351
1789866933.033,4162,5.20226,0.61888,3.21957,1.550,1.547,1075.3,138.53171,26.71973
1789866933.043,4163,5.20226,0.59222,3.08088,1.551,1.548,1075.3,138.56264,26.72567
1789866933.053,4164,5.20226,0.60755,3.16063,1.550,1.548,1075.3,138.59424,26.73175
1789866933.063,4165,5.20226,0.63508,3.30385,1.550,1.548,1075.3,138.62727,26.73810
1789866933.073,4166,5.20226,0.59247,3.08218,1.550,1.548,1075.3,138.65808,26.74402
1789866933.083,4167,5.20226,0.60755,3.16063,1.550,1.548,1075.3,138.68968,26.75010
1789866933.093,4168,5.20214,0.57927,3.01344,1.550,1.548,1075.3,138.71976,26.75588
1789866933.103,4169,5.20214,0.58649,3.05100,1.551,1.548,1075.3,138.75021,26.76173
1789866933.112,4170,5.20214,0.60775,3.16160,1.550,1.548,1075.3,138.78176,26.76780
1789866933.122,4171,5.20214,0.58749,3.05621,1.550,1.548,1075.3,138.81227,26.77366
1789866933.133,4172,5.20214,0.59073,3.07306,1.550,1.548,1075.3,138.84307,26.77958
1789866933.143,4173,5.19180,0.64056,3.32566,1.550,1.548,1075.3,138.87641,26.78600
1789866933.153,4174,5.20214,0.59546,3.09767,1.550,1.547,1075.3,138.90745,26.79197
1789866933.163,4175,5.17930,0.65874,3.41181,1.549,1.547,1075.3,138.94165,26.79857
1789866933.173,4176,5.20214,0.58898,3.06396,1.550,1.548,1075.3,138.97228,26.80446
1789866933.183,4177,5.20214,0.59521,3.09637,1.550,1.547,1075.3,139.00324,26.81041
1789866933.193,4178,5.20218,0.61813,3.21562,1.550,1.547,1075.3,139.03539,26.81659
1789866933.203,4179,5.20218,0.58873,3.06268,1.550,1.548,1075.3,139.06601,26.82248
1789866933.213,4180,5.20218,0.63034,3.27914,1.549,1.547,1075.3,139.09874,26.82877
1789866933.223,4181,5.20218,0.57902,3.01217,1.549,1.547,1075.3,139.12881,26.83455
1789866933.233,4182,5.20218,0.60759,3.16079,1.549,1.547,1075.3,139.16036,26.84062
1789866933.242,4183,5.20218,0.62137,3.23248,1.550,1.548,1075.3,139.19263,26.84682
1789866933.253,4184,5.20218,0.60759,3.16079,1.550,1.548,1075.3,139.22433,26.85291
1789866933.263,4185,5.18055,0.68765,3.56241,1.550,1.547,1075.3,139.26005,26.85981
1789866933.273,4186,5.20218,0.59247,3.08214,1.550,1.548,1075.3,139.29096,26.86575
1789866933.283,4187,5.20218,0.62685,3.26099,1.550,1.548,1075.3,139.32366,26.87203
1789866933.293,4188,5.20245,0.59147,3.07709,1.551,1.548,1075.3,139.35436,26.87794
1789866933.303,4189,5.20245,0.59446,3.09265,1.550,1.548,1075.3,139.38522,26.88387
1789866933.313,4190,5.20245,0.62785,3.26636,1.550,1.548,1075.3,139.41781,26.89013
1789866933.323,4191,5.20245,0.58375,3.03693,1.551,1.548,1075.3,139.44812,26.89596
1789866933.333,4192,5.20245,0.60639,3.15471,1.551,1.548,1075.3,139.47973,26.90203
1789866933.343,4193,5.20245,0.58151,3.02528,1.550,1.548,1075.3,139.51005,26.90786
1789866933.353,4194,5.20245,0.60639,3.15471,1.550,1.547,1075.3,139.54167,26.91394
1789866933.363,4195,5.20245,0.65600,3.41281,1.550,1.547,1075.3,139.57587,26.92051
1789866933.373,4196,5.20245,0.59048,3.07194,1.550,1.547,1075.3,139.60654,26.92641
1789866933.383,4197,5.20245,0.60639,3.15471,1.549,1.547,1075.3,139.63804,26.93246
1789866933.393,4198,5.20284,0.58774,3.05792,1.550,1.547,1075.3,139.66858,26.93833
1789866933.403,4199,5.20284,0.60546,3.15011,1.550,1.547,1075.3,139.70003,26.94438
1789866933.413,4200,5.20284,0.58500,3.04366,1.550,1.548,1075.3,139.73039,26.95021
1789866933.422,4201,5.20284,0.58799,3.05922,1.550,1.548,1075.3,139.76090,26.95608
1789866933.432,4202,5.20284,0.60546,3.15011,1.550,1.548,1075.3,139.79231,26.96211
1789866933.442,4203,5.20284,0.58350,3.03586,1.551,1.548,1075.3,139.82259,26.96793
1789866933.452,4204,5.20284,0.61639,3.20698,1.550,1.548,1075.3,139.85465,26.97410
1789866933.462,4205,5.20284,0.58624,3.05011,1.550,1.548,1075.3,139.88514,26.97996
1789866933.472,4206,5.19055,0.63508,3.29641,1.550,1.548,1075.3,139.91809,26.98630
1789866933.482,4207,5.20284,0.60546,3.15011,1.550,1.548,1075.3,139.94958,26.99236
1789866933.492,4208,5.20280,0.58699,3.05399,1.551,1.548,1075.3,139.98012,26.99823
1789866933.502,4209,5.20280,0.58325,3.03453,1.551,1.548,1075.3,140.01046,27.00406
1789866933.512,4210,5.20280,0.60551,3.15035,1.551,1.548,1075.3,140.04196,27.01011
1789866933.522,4211,5.20280,0.58699,3.05399,1.551,1.548,1075.3,140.07250,27.01598
1789866933.532,4212,5.20280,0.58375,3.03713,1.551,1.548,1075.3,140.10300,27.02185
1789866933.543,4213,5.20280,0.60551,3.15035,1.552,1.548,1075.3,140.13465,27.02793
1789866933.553,4214,5.20280,0.58599,3.04879,1.551,1.548,1075.3,140.16527,27.03381
1789866933.563,4215,5.20280,0.61913,3.22121,1.550,1.548,1075.3,140.19763,27.04003
1789866933.573,4216,5.20280,0.59347,3.08771,1.551,1.548,1075.3,140.22838,27.04594
1789866933.583,4217,5.20280,0.59272,3.08380,1.551,1.548,1075.3,140.25908,27.05185
1789866933.592,4218,5.20292,0.60532,3.14943,1.551,1.548,1075.3,140.29044,27.05787
1789866933.602,4219,5.17555,0.79453,4.11213,1.551,1.548,1075.3,140.33139,27.06578
1789866933.612,4220,5.14931,0.79976,4.11821,1.550,1.548,1075.3,140.37272,27.07381
1789866933.622,4221,5.14806,0.84062,4.32756,1.550,1.547,1075.3,140.41616,27.08225
1789866933.633,4222,5.14806,0.84835,4.36736,1.550,1.547,1075.3,140.45999,27.09076
1789866933.643,4223,5.14806,0.79902,4.11340,1.551,1.547,1075.3,140.50127,27.09878
1789866933.653,4224,5.20292,0.58176,3.02685,1.551,1.548,1075.3,140.53151,27.10459
1789866933.663,4225,5.20292,0.61539,3.20182,1.551,1.548,1075.3,140.56350,27.11074
1789866933.673,4226,5.18930,0.65077,3.37704,1.552,1.548,1075.3,140.59724,27.11724
1789866933.683,4227,5.20292,0.59023,3.07092,1.552,1.548,1075.3,140.62792,27.12314
1789866933.693,4228,5.20065,0.64529,3.35593,1.552,1.548,1075.3,140.66147,27.12959
1789866933.703,4229,5.20065,0.61505,3.19866,1.552,1.548,1075.3,140.69344,27.13574
1789866933.713,4230,5.20065,0.61505,3.19866,1.551,1.548,1075.3,140.72541,27.14188
1789866933.723,4231,5.20065,0.59147,3.07603,1.551,1.548,1075.3,140.75615,27.14780
1789866933.733,4232,5.20065,0.59272,3.08253,1.550,1.548,1075.3,140.78713,27.15375
1789866933.743,4233,5.20065,0.59073,3.07218,1.550,1.548,1075.3,140.81801,27.15969
1789866933.753,4234,5.20065,0.59073,3.07218,1.550,1.548,1075.3,140.84888,27.16563
1789866933.763,4235,5.18430,0.63607,3.29758,1.550,1.548,1075.3,140.88202,27.17202
1789866933.773,4236,5.20065,0.61505,3.19866,1.550,1.548,1075.3,140.91379,27.17813
1789866933.783,4237,5.20065,0.64130,3.33518,1.550,1.548,1075.3,140.94691,27.18450
1789866933.793,4238,5.20050,0.59795,3.10964,1.550,1.548,1075.3,140.97779,27.19043
1789866933.802,4239,5.20050,0.61543,3.20054,1.550,1.548,1075.3,141.00957,27.19655
1789866933.812,4240,5.20050,0.64130,3.33508,1.550,1.548,1075.3,141.04300,27.20297
1789866933.822,4241,5.20050,0.58101,3.02154,1.550,1.548,1075.3,141.07328,27.20880
1789866933.833,4242,5.20050,0.61543,3.20054,1.550,1.547,1075.3,141.10536,27.21496
1789866933.843,4243,5.20050,0.59197,3.07854,1.550,1.548,1075.3,141.13621,27.22090
1789866933.853,4244,5.20050,0.61543,3.20054,1.550,1.547,1075.3,141.16823,27.22705
1789866933.863,4245,5.20050,0.63981,3.32733,1.550,1.548,1075.3,141.20152,27.23346
1789866933.873,4246,5.20050,0.58425,3.03839,1.550,1.548,1075.3,141.23192,27.23930
1789866933.883,4247,5.20050,0.62760,3.26383,1.550,1.547,1075.3,141.26457,27.24558
1789866933.893,4248,5.20069,0.59696,3.10460,1.550,1.547,1075.3,141.29555,27.25154
1789866933.903,4249,5.20069,0.61442,3.19541,1.551,1.547,1075.3,141.32744,27.25767
1789866933.912,4250,5.20069,0.64130,3.33520,1.550,1.547,1075.3,141.36071,27.26407
1789866933.922,4251,5.20069,0.58425,3.03850,1.550,1.547,1075.3,141.39103,27.26990
1789866933.932,4252,5.20069,0.61442,3.19541,1.550,1.547,1075.3,141.42307,27.27606
1789866933.943,4253,5.20069,0.59720,3.10585,1.550,1.547,1075.3,141.45420,27.28204
1789866933.953,4254,5.20069,0.61442,3.19541,1.550,1.548,1075.3,141.48624,27.28820
1789866933.963,4255,5.19055,0.62860,3.26278,1.549,1.547,1075.3,141.51895,27.29450
1789866933.973,4256,5.20069,0.62635,3.25745,1.550,1.547,1075.3,141.55143,27.30075
1789866933.982,4257,5.20069,0.65301,3.39610,1.550,1.547,1075.3,141.58528,27.30726
1789866933.992,4258,5.20046,0.62910,3.27161,1.550,1.547,1075.3,141.61790,27.31353
1789866934.002,4259,5.20046,0.63408,3.29751,1.550,1.547,1075.3,141.65078,27.31985
1789866934.012,4260,5.20046,0.65426,3.40245,1.549,1.547,1075.3,141.68491,27.32642
1789866934.023,4261,5.20046,0.62810,3.26641,1.550,1.547,1075.3,141.71767,27.33272
1789866934.033,4262,5.20046,0.63184,3.28586,1.549,1.547,1075.3,141.75063,27.33905
1789866934.043,4263,5.20046,0.65575,3.41020,1.550,1.548,1075.3,141.78484,27.34563
1789866934.053,4264,5.20046,0.57852,3.00857,1.550,1.548,1075.3,141.81497,27.35143
1789866934.063,4265,5.20046,0.61567,3.20177,1.551,1.548,1075.3,141.84704,27.35759
1789866934.073,4266,5.20046,0.58450,3.03967,1.551,1.548,1075.3,141.87748,27.36345
1789866934.083,4267,5.20046,0.59521,3.09537,1.551,1.548,1075.3,141.90848,27.36941
1789866934.093,4268,5.19999,0.61746,3.21079,1.551,1.548,1075.3,141.94051,27.37557
1789866934.103,4269,5.19999,0.59297,3.08344,1.550,1.547,1075.3,141.97128,27.38148
1789866934.113,4270,5.19999,0.58400,3.03679,1.550,1.547,1075.3,142.00157,27.38731
1789866934.123,4271,5.19999,0.61746,3.21079,1.549,1.547,1075.3,142.03361,27.39347
1789866934.133,4272,5.19999,0.58774,3.05624,1.549,1.547,1075.3,142.06421,27.39935
1789866934.143,4273,5.19999,0.58051,3.01865,1.550,1.548,1075.3,142.09443,27.40517
1789866934.153,4274,5.19999,0.61746,3.21079,1.550,1.548,1075.3,142.12658,27.41135
1789866934.163,4275,5.21054,0.58848,3.06630,1.550,1.548,1075.3,142.15728,27.41724
1789866934.173,4276,5.19999,0.61746,3.21079,1.550,1.548,1075.3,142.18930,27.42340
1789866934.183,4277,5.19999,0.61746,3.21079,1.550,1.548,1075.3,142.22132,27.42956
1789866934.192,4278,5.19999,0.59297,3.08344,1.550,1.548,1075.3,142.25206,27.43547
1789866934.202,4279,5.19999,0.61728,3.20985,1.550,1.547,1075.3,142.28407,27.44162
1789866934.212,4280,5.19999,0.58923,3.06399,1.550,1.548,1075.3,142.31476,27.44753
1789866934.222,4281,5.19999,0.58624,3.04844,1.550,1.548,1075.3,142.34529,27.45340
1789866934.233,4282,5.19999,0.61728,3.20985,1.550,1.548,1075.3,142.37744,27.45958
1789866934.243,4283,5.21179,0.59197,3.08522,1.551,1.548,1075.3,142.40834,27.46551
1789866934.253,4284,5.21179,0.59571,3.10472,1.551,1.548,1075.3,142.43943,27.47147
1789866934.263,4285,5.19999,0.64230,3.33995,1.551,1.548,1075.3,142.47287,27.47790
1789866934.273,4286,5.19999,0.58176,3.02515,1.551,1.548,1075.3,142.50316,27.48373
1789866934.283,4287,5.19999,0.61728,3.20985,1.551,1.548,1075.3,142.53530,27.48991
1789866934.293,4288,5.20007,0.59048,3.07054,1.551,1.548,1075.3,142.56595,27.49581
1789866934.303,4289,5.20007,0.59322,3.08479,1.552,1.548,1075.3,142.59675,27.50173
1789866934.313,4290,5.20007,0.63931,3.32446,1.551,1.548,1075.3,142.62994,27.50811
1789866934.323,4291,5.21054,0.59372,3.09360,1.551,1.548,1075.3,142.66083,27.51404
1789866934.333,4292,5.20007,0.61732,3.21011,1.550,1.548,1075.3,142.69294,27.52021
1789866934.343,4293,5.21054,0.59197,3.08448,1.550,1.548,1075.3,142.72379,27.52613
1789866934.353,4294,5.20007,0.58624,3.04849,1.550,1.548,1075.3,142.75429,27.53200
1789866934.363,4295,5.20007,0.61732,3.21011,1.549,1.547,1075.3,142.78640,27.53817
1789866934.373,4296,5.20007,0.58774,3.05629,1.550,1.547,1075.3,142.81703,27.54406
1789866934.383,4297,5.20007,0.63532,3.30371,1.550,1.547,1075.3,142.85014,27.55043
1789866934.393,4298,5.19995,0.60169,3.12876,1.550,1.547,1075.3,142.88149,27.55646
1789866934.403,4299,5.19995,0.62885,3.26999,1.551,1.548,1075.3,142.91426,27.56276
1789866934.413,4300,5.19995,0.64031,3.32958,1.551,1.548,1075.3,142.94744,27.56914
1789866934.423,4301,5.19995,0.58549,3.04452,1.551,1.548,1075.3,142.97777,27.57498
1789866934.433,4302,5.19995,0.61739,3.21040,1.551,1.547,1075.3,143.00976,27.58113
1789866934.442,4303,5.19995,0.61739,3.21040,1.551,1.548,1075.3,143.04174,27.58728
1789866934.452,4304,5.19995,0.58400,3.03677,1.551,1.548,1075.3,143.07220,27.59314
1789866934.463,4305,5.19995,0.61739,3.21040,1.550,1.548,1075.3,143.10440,27.59933
1789866934.473,4306,5.21054,0.61739,3.21694,1.550,1.548,1075.3,143.13667,27.60552
1789866934.483,4307,5.19995,0.60642,3.15335,1.550,1.548,1075.3,143.16830,27.61160
1789866934.493,4308,5.19991,0.68067,3.53942,1.550,1.548,1075.3,143.20351,27.61838
1789866934.502,4309,5.19991,0.59197,3.07819,1.550,1.548,1075.3,143.23414,27.62427
1789866934.512,4310,5.19991,0.61785,3.21276,1.550,1.547,1075.3,143.26610,27.63041
1789866934.522,4311,5.19991,0.59272,3.08209,1.551,1.548,1075.3,143.29677,27.63631
1789866934.532,4312,5.19991,0.60169,3.12873,1.550,1.547,1075.3,143.32820,27.64235
1789866934.542,4313,5.19991,0.59197,3.07819,1.550,1.548,1075.3,143.35912,27.64830
1789866934.553,4314,5.19991,0.58848,3.06004,1.550,1.547,1075.3,143.38986,27.65421
1789866934.563,4315,5.19991,0.61785,3.21276,1.550,1.547,1075.3,143.42214,27.66042
1789866934.573,4316,5.19991,0.59147,3.07559,1.550,1.547,1075.3,143.45284,27.66632
1789866934.583,4317,5.19991,0.61785,3.21276,1.549,1.547,1075.3,143.48491,27.67249
1789866934.593,4318,5.19987,0.61764,3.21165,1.550,1.547,1075.3,143.51697,27.67866
1789866934.602,4319,5.19987,0.58749,3.05487,1.550,1.547,1075.3,143.54746,27.68452
1789866934.613,4320,5.19987,0.61764,3.21165,1.550,1.547,1075.3,143.57959,27.69070
1789866934.623,4321,5.19987,0.59297,3.08337,1.551,1.548,1075.3,143.61043,27.69663
1789866934.633,4322,5.19987,0.60742,3.15851,1.550,1.547,1075.3,143.64202,27.70271
1789866934.643,4323,5.19987,0.59073,3.07172,1.550,1.548,1075.3,143.67274,27.70861
1789866934.653,4324,5.19987,0.59023,3.06912,1.551,1.548,1075.3,143.70351,27.71453
1789866934.663,4325,5.19987,0.61764,3.21165,1.550,1.548,1075.3,143.73570,27.72072
1789866934.673,4326,5.19987,0.59073,3.07172,1.550,1.548,1075.3,143.76649,27.72664
1789866934.683,4327,5.19987,0.61764,3.21165,1.550,1.547,1075.3,143.79868,27.73283
1789866934.693,4328,5.20190,0.59546,3.09752,1.550,1.548,1075.3,143.82948,27.73875
1789866934.702,4329,5.20190,0.59471,3.09362,1.550,1.548,1075.3,143.86025,27.74467
1789866934.712,4330,5.20190,0.61963,3.22325,1.550,1.548,1075.3,143.89230,27.75083
1789866934.722,4331,5.20190,0.59172,3.07807,1.550,1.547,1075.3,143.92291,27.75672
1789866934.732,4332,5.20190,0.59322,3.08587,1.550,1.547,1075.3,143.95378,27.76265
1789866934.742,4333,5.20190,0.60846,3.16515,1.550,1.547,1075.3,143.98544,27.76874
1789866934.752,4334,5.20190,0.58201,3.02756,1.550,1.547,1075.3,144.01572,27.77456
1789866934.762,4335,5.20190,0.58400,3.03791,1.550,1.547,1075.3,144.04611,27.78040
1789866934.772,4336,5.20190,0.61863,3.21805,1.550,1.547,1075.3,144.07831,27.78659
1789866934.782,4337,5.20190,0.58425,3.03921,1.550,1.547,1075.3,144.10871,27.79243
1789866934.792,4338,5.20210,0.60754,3.16048,1.550,1.547,1075.3,144.14033,27.79851
1789866934.802,4339,5.20210,0.60754,3.16048,1.551,1.547,1075.3,144.17195,27.80459
1789866934.812,4340,5.20210,0.59272,3.08339,1.550,1.548,1075.3,144.20284,27.81053
1789866934.822,4341,5.20210,0.60754,3.16048,1.550,1.547,1075.3,144.23451,27.81662
1789866934.832,4342,5.20210,0.58799,3.05878,1.549,1.547,1075.3,144.26515,27.82251
1789866934.842,4343,5.20210,0.58774,3.05748,1.550,1.547,1075.3,144.29579,27.82840
1789866934.853,4344,5.20210,0.60754,3.16048,1.550,1.547,1075.3,144.32747,27.83449
1789866934.863,4345,5.20210,0.58649,3.05098,1.550,1.548,1075.3,144.35806,27.84036
1789866934.873,4346,5.20210,0.58674,3.05228,1.550,1.547,1075.3,144.38865,27.84625
1789866934.883,4347,5.20210,0.63607,3.30890,1.551,1.547,1075.3,144.42182,27.85262
1789866934.893,4348,5.20218,0.60710,3.15824,1.551,1.548,1075.3,144.45330,27.85867
1789866934.903,4349,5.20218,0.61863,3.21822,1.550,1.547,1075.3,144.48537,27.86484
1789866934.912,4350,5.20218,0.58749,3.05623,1.550,1.548,1075.3,144.51583,27.87069
1789866934.922,4351,5.20218,0.59421,3.09119,1.550,1.547,1075.3,144.54664,27.87662
1789866934.932,4352,5.20218,0.60710,3.15824,1.549,1.547,1075.3,144.57827,27.88270
1789866934.942,4353,5.20218,0.58450,3.04067,1.550,1.548,1075.3,144.60873,27.88855
1789866934.952,4354,5.20218,0.60710,3.15824,1.550,1.548,1075.3,144.64036,27.89463
1789866934.963,4355,5.20218,0.58948,3.06658,1.550,1.548,1075.3,144.67108,27.90054
1789866934.973,4356,5.20218,0.60710,3.15824,1.550,1.548,1075.3,144.70263,27.90660
1789866934.982,4357,5.20218,0.62810,3.26749,1.551,1.548,1075.3,144.73527,27.91288
1789866934.992,4358,5.20222,0.60691,3.15728,1.551,1.548,1075.3,144.76681,27.91894
1789866935.002,4359,5.17805,0.63134,3.26911,1.551,1.548,1075.3,144.79947,27.92525
1789866935.012,4360,5.20222,0.59172,3.07826,1.551,1.548,1075.3,144.83025,27.93116
1789866935.022,4361,5.20222,0.62187,3.23510,1.550,1.548,1075.3,144.86260,27.93738
1789866935.032,4362,5.20222,0.58624,3.04975,1.550,1.548,1075.3,144.89309,27.94324
1789866935.042,4363,5.20222,0.60691,3.15728,1.550,1.548,1075.3,144.92466,27.94931
1789866935.053,4364,5.20222,0.62984,3.27657,1.550,1.548,1075.3,144.95753,27.95563
1789866935.063,4365,5.20222,0.58923,3.06530,1.550,1.548,1075.3,144.98828,27.96154
1789866935.073,4366,5.20222,0.61888,3.21955,1.550,1.548,1075.3,145.02057,27.96775
1789866935.083,4367,5.20222,0.60691,3.15728,1.551,1.548,1075.3,145.05224,27.97383
1789866935.093,4368,5.20296,0.60421,3.14368,1.551,1.548,1075.3,145.08365,27.97987
1789866935.103,4369,5.20296,0.63283,3.29259,1.551,1.548,1075.3,145.11656,27.98620
1789866935.113,4370,5.20296,0.59322,3.08650,1.552,1.548,1075.3,145.14740,27.99213
1789866935.123,4371,5.20296,0.61863,3.21871,1.551,1.548,1075.3,145.17957,27.99831
1789866935.133,4372,5.20296,0.59247,3.08260,1.552,1.548,1075.3,145.21039,28.00423
1789866935.143,4373,5.20296,0.61489,3.19925,1.551,1.548,1075.3,145.24238,28.01038
1789866935.153,4374,5.20296,0.58824,3.06059,1.551,1.548,1075.3,145.27298,28.01626
1789866935.163,4375,5.20296,0.58400,3.03853,1.550,1.548,1075.3,145.30335,28.02210
1789866935.173,4376,5.19055,0.65227,3.38564,1.550,1.547,1075.3,145.33715,28.02861
1789866935.183,4377,5.20296,0.58624,3.05018,1.550,1.547,1075.3,145.36760,28.03446
1789866935.193,4378,5.20288,0.60511,3.14831,1.550,1.547,1075.3,145.39903,28.04050
1789866935.202,4379,5.20288,0.59172,3.07865,1.550,1.547,1075.3,145.42977,28.04641
1789866935.212,4380,5.20288,0.59197,3.07995,1.551,1.548,1075.3,145.46055,28.05233
1789866935.222,4381,5.20288,0.61539,3.20180,1.550,1.547,1075.3,145.49255,28.05848
1789866935.232,4382,5.20288,0.60511,3.14831,1.550,1.547,1075.3,145.52401,28.06452
1789866935.242,4383,5.20288,0.58998,3.06960,1.550,1.548,1075.3,145.55469,28.07042
1789866935.252,4384,5.20288,0.60511,3.14831,1.550,1.547,1075.3,145.58627,28.07649
1789866935.263,4385,5.20288,0.58275,3.03198,1.551,1.548,1075.3,145.61669,28.08234
1789866935.273,4386,5.20288,0.58450,3.04108,1.551,1.548,1075.3,145.64720,28.08820
1789866935.283,4387,5.20288,0.60511,3.14831,1.551,1.548,1075.3,145.67878,28.09427
1789866935.293,4388,5.20284,0.58923,3.06567,1.551,1.548,1075.3,145.70925,28.10013
1789866935.302,4389,5.20284,0.61813,3.21603,1.551,1.548,1075.3,145.74122,28.10627
1789866935.312,4390,5.19180,0.63458,3.29461,1.551,1.548,1075.3,145.77396,28.11258
1789866935.322,4391,5.20284,0.59496,3.09548,1.550,1.548,1075.3,145.80473,28.11849
1789866935.332,4392,5.20284,0.62361,3.24454,1.550,1.548,1075.3,145.83734,28.12476
1789866935.342,4393,5.20284,0.58973,3.06827,1.550,1.548,1075.3,145.86817,28.13069
1789866935.353,4394,5.20284,0.58325,3.03456,1.550,1.547,1075.3,145.89867,28.13655
1789866935.363,4395,5.20284,0.61564,3.20308,1.550,1.548,1075.3,145.93086,28.14274
1789866935.373,4396,5.20284,0.58450,3.04106,1.550,1.547,1075.3,145.96119,28.14857
1789866935.382,4397,5.20284,0.58549,3.04621,1.550,1.547,1075.3,145.99158,28.15441
1789866935.392,4398,5.20288,0.62511,3.25237,1.551,1.548,1075.3,146.02402,28.16064
1789866935.402,4399,5.20288,0.58799,3.05924,1.550,1.547,1075.3,146.05453,28.16651
1789866935.412,4400,5.20288,0.62337,3.24332,1.550,1.547,1075.3,146.08703,28.17275
1789866935.422,4401,5.20288,0.60525,3.14904,1.550,1.547,1075.3,146.11859,28.17882
1789866935.433,4402,5.20288,0.58873,3.06309,1.550,1.547,1075.3,146.14928,28.18472
1789866935.443,4403,5.19055,0.60525,3.14158,1.550,1.547,1075.3,146.18076,28.19078
1789866935.453,4404,5.20288,0.58774,3.05794,1.550,1.547,1075.3,146.21139,28.19667
1789866935.463,4405,5.20288,0.61739,3.21221,1.550,1.547,1075.3,146.24357,28.20285
1789866935.473,4406,5.20288,0.58275,3.03198,1.550,1.547,1075.3,146.27394,28.20869
1789866935.483,4407,5.20288,0.58998,3.06960,1.550,1.547,1075.3,146.30469,28.21460
1789866935.493,4408,5.20280,0.63831,3.32100,1.550,1.548,1075.3,146.33780,28.22096
1789866935.503,4409,5.20280,0.59446,3.09286,1.550,1.548,1075.3,146.36863,28.22689
1789866935.513,4410,5.20280,0.61763,3.21341,1.551,1.548,1075.3,146.40067,28.23305
1789866935.522,4411,5.20280,0.59048,3.07215,1.551,1.548,1075.3,146.43129,28.23893
1789866935.532,4412,5.20280,0.60543,3.14993,1.551,1.548,1075.3,146.46287,28.24500
1789866935.543,4413,5.20280,0.63508,3.30419,1.551,1.548,1075.3,146.49599,28.25137
1789866935.553,4414,5.20280,0.62062,3.22896,1.551,1.548,1075.3,146.52836,28.25759
1789866935.563,4415,5.20280,0.60543,3.14993,1.550,1.548,1075.3,146.55993,28.26366
1789866935.573,4416,5.20280,0.59073,3.07345,1.550,1.547,1075.3,146.59060,28.26955
1789866935.583,4417,5.20280,0.60543,3.14993,1.550,1.547,1075.3,146.62203,28.27559
1789866935.593,4418,5.20284,0.59048,3.07217,1.550,1.548,1075.3,146.65269,28.28149
1789866935.602,4419,5.20284,0.60541,3.14985,1.550,1.547,1075.3,146.68412,28.28753
1789866935.613,4420,5.20284,0.63283,3.29251,1.550,1.548,1075.3,146.71710,28.29387
1789866935.623,4421,5.20284,0.59197,3.07993,1.550,1.548,1075.3,146.74795,28.29980
1789866935.633,4422,5.20284,0.61763,3.21343,1.549,1.548,1075.3,146.78014,28.30598
1789866935.643,4423,5.20284,0.60541,3.14985,1.550,1.548,1075.3,146.81170,28.31205
1789866935.653,4424,5.20284,0.58699,3.05402,1.550,1.548,1075.3,146.84219,28.31791
1789866935.663,4425,5.20284,0.60541,3.14985,1.550,1.548,1075.3,146.87363,28.32395
1789866935.673,4426,5.20284,0.63034,3.27956,1.550,1.548,1075.3,146.90637,28.33025
1789866935.682,4427,5.20284,0.58923,3.06567,1.550,1.548,1075.3,146.93698,28.33613
1789866935.692,4428,5.20296,0.60517,3.14868,1.550,1.548,1075.3,146.96845,28.34218
1789866935.702,4429,5.20296,0.58799,3.05929,1.549,1.548,1075.3,146.99902,28.34805
1789866935.712,4430,5.20296,0.60517,3.14868,1.549,1.547,1075.3,147.03048,28.35410
1789866935.722,4431,5.19055,0.63358,3.28863,1.549,1.547,1075.3,147.06335,28.36043
1789866935.732,4432,5.20296,0.59496,3.09555,1.549,1.547,1075.3,147.09440,28.36640
1789866935.743,4433,5.20296,0.61714,3.21095,1.550,1.547,1075.3,147.12661,28.37259
1789866935.753,4434,5.20296,0.58624,3.05018,1.550,1.547,1075.3,147.15721,28.37847
1789866935.763,4435,5.20296,0.60517,3.14868,1.550,1.547,1075.3,147.18879,28.38454
1789866935.773,4436,5.20296,0.60517,3.14868,1.550,1.548,1075.3,147.22015,28.39057
1789866935.783,4437,5.20296,0.58774,3.05799,1.550,1.548,1075.3,147.25061,28.39642
1789866935.792,4438,5.20296,0.58500,3.04373,1.550,1.548,1075.3,147.28093,28.40225
1789866935.802,4439,5.20296,0.60535,3.14961,1.550,1.548,1075.3,147.31230,28.40828
1789866935.812,4440,5.20296,0.59023,3.07094,1.550,1.548,1075.3,147.34307,28.41419
1789866935.822,4441,5.20296,0.68341,3.55575,1.550,1.547,1075.3,147.37870,28.42104
1789866935.832,4442,5.20296,0.60535,3.14961,1.550,1.548,1075.3,147.41026,28.42711
1789866935.843,4443,5.20296,0.59347,3.08780,1.551,1.548,1075.3,147.44121,28.43306
1789866935.853,4444,5.20296,0.62536,3.25372,1.550,1.547,1075.3,147.47378,28.43932
1789866935.863,4445,5.20296,0.58973,3.06834,1.551,1.547,1075.3,147.50449,28.44522
1789866935.873,4446,5.20296,0.60535,3.14961,1.550,1.547,1075.3,147.53602,28.45128
1789866935.883,4447,5.20296,0.58574,3.04758,1.550,1.547,1075.3,147.56652,28.45714
1789866935.893,4448,5.20304,0.58973,3.06839,1.550,1.548,1075.3,147.59729,28.46305
1789866935.903,4449,5.20304,0.60540,3.14992,1.551,1.547,1075.3,147.62888,28.46913
1789866935.913,4450,5.20304,0.59172,3.07874,1.552,1.548,1075.3,147.65976,28.47506
1789866935.923,4451,5.20304,0.62486,3.25117,1.551,1.548,1075.3,147.69236,28.48133
1789866935.933,4452,5.20304,0.59197,3.08004,1.551,1.548,1075.3,147.72311,28.48724
1789866935.943,4453,5.20304,0.60540,3.14992,1.551,1.548,1075.3,147.75455,28.49328
1789866935.953,4454,5.20304,0.61763,3.21355,1.550,1.548,1075.3,147.78664,28.49945
1789866935.963,4455,5.20304,0.58076,3.02172,1.550,1.548,1075.3,147.81680,28.50524
1789866935.973,4456,5.20304,0.60540,3.14992,1.549,1.547,1075.3,147.84812,28.51126
1789866935.982,4457,5.20304,0.58848,3.06188,1.550,1.548,1075.3,147.87857,28.51711
1789866935.992,4458,5.20304,0.59247,3.08265,1.550,1.548,1075.3,147.90922,28.52301
1789866936.002,4459,5.20304,0.63682,3.31340,1.550,1.547,1075.3,147.94216,28.52934
1789866936.012,4460,5.20304,0.59272,3.08395,1.550,1.548,1075.3,147.97315,28.53529
1789866936.022,4461,5.20304,0.60554,3.15065,1.550,1.548,1075.3,148.00481,28.54138
1789866936.033,4462,5.20304,0.58749,3.05673,1.550,1.548,1075.3,148.03553,28.54728
1789866936.043,4463,5.20304,0.59247,3.08265,1.550,1.547,1075.3,148.06650,28.55323
1789866936.053,4464,5.20304,0.63508,3.30435,1.550,1.548,1075.3,148.09954,28.55958
1789866936.063,4465,5.20304,0.60554,3.15065,1.551,1.548,1075.3,148.13103,28.56564
1789866936.073,4466,5.20304,0.62187,3.23561,1.551,1.548,1075.3,148.16338,28.57185
1789866936.083,4467,5.20304,0.58973,3.06839,1.551,1.548,1075.3,148.19405,28.57775
1789866936.092,4468,5.20307,0.58749,3.05675,1.552,1.548,1075.3,148.22445,28.58359
1789866936.102,4469,5.20307,0.62735,3.26415,1.551,1.548,1075.3,148.25691,28.58983
1789866936.112,4470,5.20307,0.58425,3.03989,1.550,1.548,1075.3,148.28714,28.59564
1789866936.122,4471,5.20307,0.62934,3.27450,1.550,1.547,1075.3,148.31970,28.60190
1789866936.132,4472,5.20307,0.64130,3.33673,1.550,1.547,1075.3,148.35325,28.60835
1789866936.142,4473,5.19180,0.66697,3.46277,1.550,1.547,1075.3,148.38806,28.61505
1789866936.152,4474,5.19055,0.68192,3.53954,1.550,1.547,1075.3,148.42365,28.62191
1789866936.163,4475,5.20307,0.59222,3.08136,1.550,1.547,1075.3,148.45463,28.62786
1789866936.173,4476,5.20307,0.63258,3.29136,1.550,1.547,1075.3,148.48748,28.63418
1789866936.183,4477,5.20307,0.64554,3.35879,1.550,1.547,1075.3,148.52101,28.64062
1789866936.192,4478,5.20276,0.58201,3.02806,1.550,1.547,1075.3,148.55124,28.64643
1789866936.202,4479,5.20276,0.60669,3.15646,1.550,1.547,1075.3,148.58275,28.65249
1789866936.212,4480,5.20276,0.58848,3.06172,1.550,1.547,1075.3,148.61328,28.65835
1789866936.222,4481,5.20276,0.60669,3.15646,1.550,1.547,1075.3,148.64475,28.66440
1789866936.232,4482,5.19180,0.66423,3.44855,1.550,1.547,1075.3,148.67914,28.67103
1789866936.242,4483,5.20276,0.60669,3.15646,1.551,1.548,1075.3,148.71061,28.67708
1789866936.252,4484,5.20276,0.62038,3.22769,1.550,1.548,1075.3,148.74290,28.68328
1789866936.262,4485,5.20276,0.60669,3.15646,1.550,1.548,1075.3,148.77447,28.68935
1789866936.272,4486,5.20276,0.60669,3.15646,1.550,1.548,1075.3,148.80604,28.69542
1789866936.282,4487,5.19180,0.65227,3.38646,1.550,1.548,1075.3,148.83992,28.70194
1789866936.292,4488,5.20280,0.59048,3.07215,1.551,1.548,1075.3,148.87058,28.70784
1789866936.302,4489,5.20280,0.60664,3.15623,1.552,1.548,1075.3,148.90209,28.71389
1789866936.312,4490,5.20280,0.58724,3.05529,1.552,1.548,1075.3,148.93259,28.71975
1789866936.322,4491,5.20280,0.62436,3.24842,1.552,1.548,1075.3,148.96501,28.72599
1789866936.332,4492,5.20280,0.62112,3.23156,1.552,1.548,1075.3,148.99732,28.73220
1789866936.342,4493,5.20280,0.59421,3.09156,1.552,1.548,1075.3,149.02824,28.73814
1789866936.352,4494,5.20280,0.62062,3.22896,1.552,1.548,1075.3,149.06053,28.74434
1789866936.362,4495,5.20280,0.59446,3.09286,1.551,1.548,1075.3,149.09145,28.75029
1789866936.372,4496,5.20280,0.58101,3.02288,1.549,1.547,1075.3,149.12171,28.75610
1789866936.382,4497,5.20280,0.60664,3.15623,1.550,1.547,1075.3,149.15330,28.76218
1789866936.392,4498,5.20265,0.59247,3.08241,1.550,1.548,1075.3,149.18415,28.76811
1789866936.402,4499,5.20265,0.58475,3.04225,1.550,1.548,1075.3,149.21461,28.77396
1789866936.412,4500,5.20265,0.61689,3.20946,1.549,1.548,1075.3,149.24676,28.78014
1789866936.422,4501,5.20265,0.58923,3.06556,1.550,1.548,1075.3,149.27747,28.78604
1789866936.432,4502,5.20265,0.62187,3.23537,1.550,1.548,1075.3,149.30988,28.79227
1789866936.442,4503,5.20265,0.60677,3.15681,1.550,1.548,1075.3,149.34151,28.79835
1789866936.452,4504,5.20265,0.59471,3.09407,1.549,1.548,1075.3,149.37248,28.80431
1789866936.462,4505,5.20265,0.60677,3.15681,1.550,1.548,1075.3,149.40409,28.81038
1789866936.472,4506,5.20265,0.59446,3.09277,1.550,1.548,1075.3,149.43505,28.81633
1789866936.482,4507,5.20265,0.58948,3.06686,1.550,1.548,1075.3,149.46576,28.82223
1789866936.492,4508,5.20272,0.60641,3.15498,1.550,1.548,1075.3,149.49722,28.82828
1789866936.502,4509,5.20272,0.59098,3.07470,1.550,1.548,1075.3,149.52789,28.83418
1789866936.512,4510,5.20272,0.59197,3.07985,1.550,1.548,1075.3,149.55861,28.84008
1789866936.522,4511,5.20272,0.60641,3.15498,1.550,1.548,1075.3,149.59007,28.84613
1789866936.532,4512,5.20272,0.58325,3.03449,1.549,1.547,1075.3,149.62053,28.85198
1789866936.542,4513,5.20272,0.62262,3.23932,1.550,1.548,1075.3,149.65303,28.85823
1789866936.552,4514,5.20272,0.59446,3.09281,1.550,1.547,1075.3,149.68407,28.86420
1789866936.562,4515,5.20272,0.58923,3.06560,1.550,1.548,1075.3,149.71484,28.87011
1789866936.572,4516,5.20272,0.62934,3.27428,1.550,1.548,1075.3,149.74748,28.87638
1789866936.582,4517,5.20272,0.59073,3.07340,1.550,1.548,1075.3,149.77813,28.88227
1789866936.592,4518,5.20272,0.60654,3.15566,1.550,1.548,1075.3,149.80959,28.88832
1789866936.602,4519,5.20272,0.59471,3.09411,1.550,1.547,1075.3,149.84044,28.89425
1789866936.612,4520,5.20272,0.58799,3.05915,1.550,1.548,1075.3,149.87118,28.90016
1789866936.622,4521,5.20272,0.63134,3.28469,1.550,1.547,1075.3,149.90418,28.90650
1789866936.633,4522,5.20272,0.59098,3.07470,1.550,1.547,1075.3,149.93508,28.91244
1789866936.643,4523,5.20272,0.67021,3.48691,1.550,1.548,1075.3,149.97012,28.91918
1789866936.653,4524,5.20272,0.59272,3.08376,1.551,1.548,1075.3,150.00091,28.92509
1789866936.663,4525,5.20272,0.60654,3.15566,1.551,1.548,1075.3,150.03241,28.93115
1789866936.673,4526,5.20272,0.64404,3.35076,1.551,1.548,1075.3,150.06586,28.93758
1789866936.682,4527,5.20272,0.59322,3.08636,1.551,1.548,1075.3,150.09668,28.94350
1789866936.692,4528,5.20261,0.60675,3.15668,1.551,1.548,1075.3,150.12820,28.94956
1789866936.702,4529,5.20261,0.58226,3.02927,1.551,1.548,1075.3,150.15844,28.95537
1789866936.712,4530,5.20261,0.58724,3.05518,1.552,1.548,1075.3,150.18895,28.96124
1789866936.722,4531,5.20261,0.60675,3.15668,1.551,1.548,1075.3,150.22046,28.96729
1789866936.732,4532,5.18805,0.62835,3.25991,1.551,1.548,1075.3,150.25318,28.97360
1789866936.743,4533,5.18055,0.67718,3.50816,1.551,1.548,1075.3,150.28838,28.98040
1789866936.753,4534,5.20261,0.63508,3.30407,1.551,1.548,1075.3,150.32154,28.98677
1789866936.763,4535,5.20261,0.66223,3.44532,1.551,1.547,1075.3,150.35611,28.99341
1789866936.773,4536,5.20261,0.62635,3.25865,1.549,1.546,1075.3,150.38858,28.99965
1789866936.782,4537,5.20261,0.61788,3.21459,1.550,1.547,1075.3,150.42060,29.00581
1789866936.792,4538,5.20210,0.64056,3.33226,1.550,1.547,1075.3,150.45380,29.01219
1789866936.802,4539,5.18305,0.64903,3.36395,1.550,1.547,1075.3,150.48731,29.01866
1789866936.812,4540,5.20210,0.61938,3.22208,1.550,1.547,1075.3,150.51968,29.02488
1789866936.823,4541,5.20210,0.60879,3.16699,1.550,1.547,1075.3,150.55150,29.03100
1789866936.833,4542,5.20210,0.58948,3.06653,1.550,1.547,1075.3,150.58231,29.03692
1789866936.843,4543,5.20210,0.60879,3.16699,1.550,1.547,1075.3,150.61413,29.04304
1789866936.853,4544,5.20210,0.60879,3.16699,1.550,1.547,1075.3,150.64576,29.04911
1789866936.863,4545,5.20210,0.58923,3.06523,1.550,1.547,1075.3,150.67637,29.05500
1789866936.873,4546,5.20210,0.60879,3.16699,1.550,1.547,1075.3,150.70799,29.06108
1789866936.883,4547,5.20210,0.60879,3.16699,1.550,1.547,1075.3,150.73962,29.06716
1789866936.893,4548,5.20186,0.58824,3.05994,1.550,1.548,1075.3,150.77039,29.07307
1789866936.903,4549,5.20186,0.60975,3.17183,1.550,1.547,1075.3,150.80228,29.07920
1789866936.913,4550,5.20186,0.59222,3.08065,1.550,1.548,1075.3,150.83326,29.08516
1789866936.923,4551,5.20186,0.59147,3.07674,1.550,1.548,1075.3,150.86420,29.09111
1789866936.933,4552,5.20186,0.60975,3.17183,1.551,1.548,1075.3,150.89580,29.09718
1789866936.943,4553,5.20186,0.58649,3.05084,1.551,1.548,1075.3,150.92620,29.10303
1789866936.953,4554,5.18805,0.60975,3.16341,1.551,1.547,1075.3,150.95772,29.10910
1789866936.963,4555,5.20186,0.58724,3.05474,1.552,1.548,1075.3,150.98816,29.11495
1789866936.973,4556,5.20186,0.59272,3.08325,1.552,1.548,1075.3,151.01879,29.12084
1789866936.983,4557,5.20186,0.62287,3.24008,1.551,1.548,1075.3,151.05098,29.12703
1789866936.992,4558,5.20175,0.58674,3.05207,1.550,1.548,1075.3,151.08130,29.13286
1789866937.002,4559,5.20175,0.60968,3.17140,1.550,1.548,1075.3,151.11280,29.13891
1789866937.012,4560,5.20175,0.59546,3.09743,1.550,1.548,1075.3,151.14394,29.14490
1789866937.022,4561,5.20175,0.58350,3.03522,1.550,1.548,1075.3,151.17445,29.15077
1789866937.033,4562,5.20175,0.60968,3.17140,1.549,1.547,1075.3,151.20632,29.15689
1789866937.043,4563,5.20175,0.58749,3.05598,1.550,1.548,1075.3,151.23704,29.16280
1789866937.053,4564,5.18180,0.64554,3.34506,1.550,1.547,1075.3,151.27048,29.16925
1789866937.063,4565,5.20175,0.59496,3.09483,1.550,1.547,1075.3,151.30141,29.17520
1789866937.073,4566,5.20175,0.59845,3.11299,1.550,1.547,1075.3,151.33253,29.18118
1789866937.083,4567,5.20175,0.60968,3.17140,1.550,1.547,1075.3,151.36423,29.18727
1789866937.093,4568,5.20167,0.58624,3.04943,1.550,1.548,1075.3,151.39459,29.19311
1789866937.102,4569,5.20167,0.60964,3.17115,1.550,1.547,1075.3,151.42616,29.19918
1789866937.112,4570,5.20167,0.58400,3.03778,1.552,1.548,1075.3,151.45640,29.20499
1789866937.122,4571,5.20167,0.58375,3.03647,1.551,1.548,1075.3,151.48663,29.21081
1789866937.132,4572,5.20167,0.62511,3.25162,1.551,1.548,1075.3,151.51929,29.21708
1789866937.142,4573,5.20167,0.59098,3.07408,1.551,1.548,1075.3,151.55017,29.22302
1789866937.153,4574,5.20167,0.62511,3.25162,1.551,1.548,1075.3,151.58284,29.22930
1789866937.163,4575,5.20167,0.59471,3.09349,1.550,1.548,1075.3,151.61391,29.23527
1789866937.173,4576,5.20167,0.59048,3.07148,1.549,1.547,1075.3,151.64454,29.24116
1789866937.183,4577,5.18930,0.60964,3.16360,1.549,1.547,1075.3,151.67609,29.24724
1789866937.192,4578,5.20183,0.58848,3.06117,1.550,1.548,1075.3,151.70661,29.25311
1789866937.202,4579,5.20183,0.60848,3.16521,1.549,1.547,1075.3,151.73818,29.25918
1789866937.212,4580,5.20183,0.58350,3.03527,1.549,1.548,1075.3,151.76861,29.26503
1789866937.223,4581,5.20183,0.58799,3.05862,1.550,1.548,1075.3,151.79927,29.27092
1789866937.233,4582,5.20183,0.63308,3.29317,1.549,1.547,1075.3,151.83229,29.27727
1789866937.243,4583,5.20183,0.58525,3.04437,1.550,1.548,1075.3,151.86281,29.28314
1789866937.253,4584,5.20183,0.61913,3.22061,1.550,1.547,1075.3,151.89506,29.28934
1789866937.263,4585,5.19180,0.63931,3.31917,1.551,1.548,1075.3,151.92831,29.29574
1789866937.273,4586,5.20183,0.60848,3.16521,1.551,1.548,1075.3,151.96001,29.30184
1789866937.283,4587,5.20183,0.63483,3.30228,1.550,1.548,1075.3,151.99308,29.30819
1789866937.293,4588,5.20175,0.58998,3.06893,1.551,1.548,1075.3,152.02360,29.31406
1789866937.303,4589,5.20175,0.59671,3.10394,1.551,1.548,1075.3,152.05446,29.31999
1789866937.312,4590,5.20175,0.63308,3.29312,1.550,1.548,1075.3,152.08720,29.32629
1789866937.322,4591,5.20175,0.58574,3.04687,1.550,1.547,1075.3,152.11750,29.33211
1789866937.332,4592,5.20175,0.60863,3.16594,1.550,1.547,1075.3,152.14934,29.33823
1789866937.343,4593,5.20175,0.62735,3.26332,1.550,1.547,1075.3,152.18216,29.34454
1789866937.353,4594,5.20175,0.58774,3.05728,1.549,1.547,1075.3,152.21291,29.35045
1789866937.363,4595,5.18305,0.72502,3.75781,1.550,1.547,1075.3,152.25070,29.35774
1789866937.373,4596,5.18680,0.64728,3.35731,1.550,1.548,1075.3,152.28412,29.36419
1789866937.383,4597,5.20175,0.60863,3.16594,1.550,1.548,1075.3,152.31564,29.37025
1789866937.392,4598,5.20175,0.62735,3.26332,1.550,1.548,1075.3,152.34813,29.37649
1789866937.402,4599,5.20175,0.58574,3.04687,1.550,1.548,1075.3,152.37847,29.38233
1789866937.412,4600,5.20175,0.60874,3.16651,1.550,1.548,1075.3,152.41023,29.38843
1789866937.423,4601,5.20175,0.64629,3.36184,1.550,1.548,1075.3,152.44395,29.39492
1789866937.433,4602,5.20175,0.58749,3.05598,1.550,1.548,1075.3,152.47461,29.40081
1789866937.443,4603,5.20175,0.60874,3.16651,1.550,1.548,1075.3,152.50637,29.40691
1789866937.453,4604,5.20175,0.60874,3.16651,1.551,1.548,1075.3,152.53804,29.41300
1789866937.463,4605,5.20175,0.60874,3.16651,1.551,1.548,1075.3,152.56970,29.41909
1789866937.473,4606,5.20175,0.60874,3.16651,1.551,1.548,1075.3,152.60137,29.42518
1789866937.483,4607,5.20175,0.59197,3.07928,1.550,1.548,1075.3,152.63216,29.43110
1789866937.492,4608,5.20171,0.60910,3.16836,1.551,1.548,1075.3,152.66363,29.43715
1789866937.502,4609,5.20171,0.58624,3.04945,1.550,1.548,1075.3,152.69391,29.44297
1789866937.512,4610,5.20171,0.60910,3.16836,1.551,1.548,1075.3,152.72538,29.44902
1789866937.522,4611,5.20171,0.64380,3.34886,1.551,1.548,1075.3,152.75864,29.45541
1789866937.532,4612,5.20171,0.58948,3.06630,1.551,1.548,1075.3,152.78941,29.46133
1789866937.542,4613,5.20171,0.62237,3.23739,1.551,1.548,1075.3,152.82189,29.46757
1789866937.552,4614,5.20171,0.60910,3.16836,1.551,1.548,1075.3,152.85369,29.47368
1789866937.562,4615,5.18805,0.60910,3.16004,1.550,1.548,1075.3,152.88540,29.47980
1789866937.572,4616,5.20171,0.58998,3.06890,1.549,1.547,1075.3,152.91611,29.48570
1789866937.582,4617,5.20171,0.59397,3.08966,1.550,1.547,1075.3,152.94702,29.49164
1789866937.592,4618,5.20151,0.60924,3.16897,1.550,1.547,1075.3,152.97873,29.49774
1789866937.602,4619,5.20151,0.58998,3.06879,1.549,1.547,1075.3,153.00944,29.50364
1789866937.612,4620,5.20151,0.59347,3.08694,1.550,1.548,1075.3,153.04030,29.50958
1789866937.622,4621,5.20151,0.60924,3.16897,1.550,1.548,1075.3,153.07197,29.51567
1789866937.632,4622,5.20151,0.59446,3.09209,1.549,1.547,1075.3,153.10288,29.52161
1789866937.642,4623,5.20151,0.58699,3.05323,1.549,1.547,1075.3,153.13340,29.52747
1789866937.652,4624,5.20151,0.60924,3.16897,1.549,1.547,1075.3,153.16509,29.53357
1789866937.662,4625,5.20151,0.58699,3.05323,1.550,1.547,1075.3,153.19563,29.53944
1789866937.672,4626,5.20151,0.62337,3.24247,1.550,1.547,1075.3,153.22806,29.54567
1789866937.682,4627,5.20151,0.59745,3.10764,1.550,1.547,1075.3,153.25915,29.55165
1789866937.692,4628,5.20155,0.59521,3.09601,1.550,1.548,1075.3,153.29001,29.55758
1789866937.702,4629,5.20155,0.60900,3.16774,1.550,1.548,1075.3,153.32159,29.56365
1789866937.712,4630,5.20155,0.58774,3.05716,1.550,1.548,1075.3,153.35207,29.56951
1789866937.722,4631,5.20155,0.60900,3.16774,1.550,1.548,1075.3,153.38365,29.57559
1789866937.732,4632,5.20155,0.58574,3.04676,1.550,1.548,1075.3,153.41415,29.58145
1789866937.742,4633,5.20155,0.58574,3.04676,1.550,1.548,1075.3,153.44465,29.58731
1789866937.752,4634,5.20155,0.62013,3.22564,1.550,1.547,1075.3,153.47694,29.59352
1789866937.762,4635,5.20155,0.59521,3.09601,1.550,1.548,1075.3,153.50793,29.59948
1789866937.772,4636,5.20155,0.62212,3.23599,1.550,1.548,1075.3,153.54036,29.60571
1789866937.782,4637,5.20155,0.59073,3.07271,1.551,1.548,1075.3,153.57115,29.61163
1789866937.792,4638,5.20186,0.59322,3.08585,1.551,1.548,1075.3,153.60208,29.61758
1789866937.802,4639,5.20186,0.61813,3.21543,1.550,1.547,1075.3,153.63430,29.62377
1789866937.812,4640,5.20186,0.58226,3.02884,1.551,1.548,1075.3,153.66457,29.62959
1789866937.822,4641,5.20186,0.62212,3.23618,1.550,1.548,1075.3,153.69691,29.63581
1789866937.832,4642,5.20186,0.58375,3.03659,1.550,1.548,1075.3,153.72726,29.64164
1789866937.842,4643,5.20186,0.60755,3.16039,1.550,1.547,1075.3,153.75884,29.64771
1789866937.852,4644,5.20186,0.64155,3.33725,1.550,1.547,1075.3,153.79229,29.65414
1789866937.862,4645,5.20186,0.62386,3.24523,1.550,1.548,1075.3,153.82481,29.66040
1789866937.872,4646,5.19180,0.63383,3.29072,1.550,1.547,1075.3,153.85779,29.66675
1789866937.883,4647,5.20186,0.59596,3.10010,1.550,1.548,1075.3,153.88886,29.67272
1789866937.892,4648,5.20222,0.60600,3.15255,1.550,1.548,1075.3,153.92023,29.67875
1789866937.902,4649,5.20222,0.58549,3.04585,1.550,1.548,1075.3,153.95053,29.68458
1789866937.912,4650,5.20222,0.62038,3.22735,1.551,1.548,1075.3,153.98264,29.69075
1789866937.922,4651,5.20222,0.63209,3.28827,1.551,1.548,1075.3,154.01535,29.69704
1789866937.932,4652,5.20222,0.58624,3.04975,1.551,1.548,1075.3,154.04605,29.70294
1789866937.942,4653,5.20222,0.62361,3.24416,1.550,1.548,1075.3,154.07870,29.70921
1789866937.953,4654,5.20222,0.59272,3.08346,1.550,1.548,1075.3,154.10974,29.71518
1789866937.963,4655,5.20222,0.60600,3.15255,1.550,1.548,1075.3,154.14147,29.72128
1789866937.973,4656,5.20222,0.63383,3.29732,1.549,1.547,1075.3,154.17434,29.72760
1789866937.983,4657,5.20222,0.59471,3.09381,1.550,1.548,1075.3,154.20518,29.73353
1789866937.992,4658,5.20218,0.61938,3.22213,1.550,1.548,1075.3,154.23730,29.73970
1789866938.002,4659,5.20218,0.59023,3.07048,1.550,1.548,1075.3,154.26791,29.74558
1789866938.012,4660,5.20218,0.60609,3.15299,1.551,1.548,1075.3,154.29950,29.75166
1789866938.022,4661,5.20218,0.59397,3.08994,1.551,1.548,1075.3,154.33047,29.75761
1789866938.033,4662,5.20218,0.58574,3.04712,1.550,1.548,1075.3,154.36101,29.76348
1789866938.043,4663,5.20218,0.60609,3.15299,1.550,1.548,1075.3,154.39261,29.76955
1789866938.053,4664,5.20218,0.58350,3.03547,1.550,1.548,1075.3,154.42288,29.77537
1789866938.062,4665,5.19055,0.62312,3.23434,1.550,1.548,1075.3,154.45513,29.78159
1789866938.072,4666,5.20218,0.60609,3.15299,1.550,1.548,1075.3,154.48657,29.78763
1789866938.082,4667,5.20218,0.59521,3.09639,1.550,1.548,1075.3,154.51745,29.79357
1789866938.092,4668,5.20226,0.60602,3.15267,1.550,1.548,1075.3,154.54888,29.79961
1789866938.102,4669,5.20226,0.60602,3.15267,1.550,1.547,1075.3,154.58032,29.80565
1789866938.112,4670,5.20226,0.61838,3.21697,1.550,1.547,1075.3,154.61239,29.81182
1789866938.122,4671,5.20226,0.58724,3.05498,1.550,1.547,1075.3,154.64285,29.81767
1789866938.132,4672,5.20226,0.58375,3.03682,1.550,1.547,1075.3,154.67339,29.82354
1789866938.142,4673,5.20226,0.60602,3.15267,1.550,1.547,1075.3,154.70510,29.82964
1789866938.152,4674,5.20226,0.58475,3.04202,1.550,1.547,1075.3,154.73569,29.83552
1789866938.163,4675,5.20226,0.60602,3.15267,1.550,1.547,1075.3,154.76740,29.84161
1789866938.173,4676,5.20226,0.59496,3.09514,1.549,1.547,1075.3,154.79827,29.84755
1789866938.182,4677,5.20226,0.59272,3.08348,1.550,1.547,1075.3,154.82903,29.85346
1789866938.192,4678,5.20237,0.60591,3.15217,1.550,1.547,1075.3,154.86048,29.85950
1789866938.202,4679,5.20237,0.59546,3.09780,1.550,1.547,1075.3,154.89138,29.86544
1789866938.212,4680,5.20237,0.58525,3.04469,1.551,1.548,1075.3,154.92192,29.87131
1789866938.222,4681,5.20237,0.60591,3.15217,1.551,1.548,1075.3,154.95353,29.87739
1789866938.233,4682,5.20237,0.58873,3.06279,1.551,1.548,1075.3,154.98425,29.88330
1789866938.243,4683,5.20237,0.58973,3.06799,1.550,1.548,1075.3,155.01502,29.88921
1789866938.253,4684,5.20237,0.60591,3.15217,1.550,1.547,1075.3,155.04653,29.89527
1789866938.263,4685,5.20237,0.59546,3.09780,1.550,1.547,1075.3,155.07749,29.90122
1789866938.273,4686,5.20237,0.60591,3.15217,1.550,1.547,1075.3,155.10900,29.90728
1789866938.283,4687,5.20237,0.58973,3.06799,1.550,1.547,1075.3,155.13967,29.91317
1789866938.292,4688,5.20253,0.59073,3.07329,1.550,1.547,1075.3,155.17028,29.91905
1789866938.302,4689,5.20253,0.62611,3.25736,1.551,1.548,1075.3,155.20272,29.92529
1789866938.312,4690,5.20253,0.60525,3.14883,1.551,1.548,1075.3,155.23408,29.93132
1789866938.322,4691,5.20253,0.61938,3.22234,1.551,1.548,1075.3,155.26617,29.93749
1789866938.332,4692,5.20253,0.60525,3.14883,1.551,1.548,1075.3,155.29778,29.94356
1789866938.342,4693,5.20253,0.60525,3.14883,1.551,1.548,1075.3,155.32939,29.94964
1789866938.352,4694,5.20253,0.60525,3.14883,1.550,1.548,1075.3,155.36100,29.95571
1789866938.363,4695,5.20253,0.59147,3.07714,1.550,1.548,1075.3,155.39188,29.96165
1789866938.372,4696,5.20253,0.62187,3.23530,1.549,1.547,1075.3,155.42414,29.96785
1789866938.382,4697,5.20253,0.58873,3.06289,1.549,1.547,1075.3,155.45467,29.97372
1789866938.392,4698,5.20261,0.60534,3.14935,1.550,1.548,1075.3,155.48607,29.97975
1789866938.402,4699,5.20261,0.64380,3.34944,1.550,1.547,1075.3,155.51946,29.98617
1789866938.412,4700,5.20261,0.60534,3.14935,1.551,1.548,1075.3,155.55094,29.99222
1789866938.422,4701,5.20261,0.60534,3.14935,1.550,1.547,1075.3,155.58241,29.99827
1789866938.432,4702,5.20261,0.60534,3.14935,1.551,1.548,1075.3,155.61388,30.00432
1789866938.442,4703,5.20261,0.58250,3.03052,1.551,1.548,1075.3,155.64416,30.01014
1789866938.452,4704,5.20261,0.58749,3.05648,1.551,1.548,1075.3,155.67486,30.01604
1789866938.462,4705,5.20261,0.60534,3.14935,1.551,1.548,1075.3,155.70649,30.02212
1789866938.473,4706,5.20261,0.58475,3.04223,1.550,1.548,1075.3,155.73704,30.02799
1789866938.483,4707,5.20261,0.64355,3.34814,1.550,1.548,1075.3,155.77067,30.03446
1789866938.493,4708,5.20265,0.60459,3.14547,1.550,1.548,1075.3,155.80200,30.04048
1789866938.502,4709,5.20265,0.61788,3.21461,1.550,1.548,1075.3,155.83401,30.04663
1789866938.512,4710,5.20265,0.63532,3.30535,1.550,1.548,1075.3,155.86693,30.05296
1789866938.522,4711,5.20265,0.60459,3.14547,1.549,1.548,1075.3,155.89826,30.05898
1789866938.532,4712,5.19180,0.62536,3.24674,1.549,1.548,1075.3,155.93069,30.06523
1789866938.542,4713,5.20265,0.58425,3.03965,1.550,1.548,1075.3,155.96104,30.07106
1789866938.552,4714,5.20265,0.62038,3.22762,1.550,1.547,1075.3,155.99328,30.07726
1789866938.562,4715,5.20265,0.58500,3.04355,1.550,1.548,1075.3,156.02367,30.08310
1789866938.572,4716,5.20265,0.60459,3.14547,1.550,1.547,1075.3,156.05516,30.08915
1789866938.582,4717,5.20265,0.62835,3.26909,1.550,1.547,1075.3,156.08789,30.09544
1789866938.592,4718,5.20280,0.60456,3.14540,1.550,1.547,1075.3,156.11939,30.10150
1789866938.602,4719,5.20280,0.61689,3.20956,1.550,1.547,1075.3,156.15152,30.10767
1789866938.612,4720,5.20280,0.59347,3.08771,1.550,1.547,1075.3,156.18245,30.11362
1789866938.622,4721,5.20280,0.58325,3.03453,1.550,1.547,1075.3,156.21286,30.11946
1789866938.632,4722,5.20280,0.60456,3.14540,1.549,1.547,1075.3,156.24437,30.12552
1789866938.642,4723,5.20280,0.63532,3.30544,1.549,1.547,1075.3,156.27749,30.13188
1789866938.652,4724,5.20280,0.59397,3.09031,1.549,1.547,1075.3,156.30847,30.13784
1789866938.663,4725,5.20280,0.60456,3.14540,1.549,1.547,1075.3,156.34000,30.14390
1789866938.673,4726,5.20280,0.59322,3.08641,1.550,1.547,1075.3,156.37094,30.14985
1789866938.683,4727,5.20280,0.60456,3.14540,1.550,1.548,1075.3,156.40247,30.15591
1789866938.693,4728,5.18805,0.66024,3.42536,1.550,1.548,1075.3,156.43665,30.16249
1789866938.703,4729,5.20272,0.64155,3.33781,1.550,1.548,1075.3,156.46995,30.16889
1789866938.712,4730,5.18680,0.66572,3.45296,1.551,1.548,1075.3,156.50439,30.17554
1789866938.722,4731,5.20272,0.58923,3.06560,1.551,1.548,1075.3,156.53498,30.18141
1789866938.732,4732,5.20272,0.59073,3.07340,1.550,1.548,1075.3,156.56576,30.18733
1789866938.742,4733,5.20272,0.61564,3.20300,1.550,1.548,1075.3,156.59783,30.19350
1789866938.753,4734,5.20272,0.59421,3.09151,1.550,1.548,1075.3,156.62879,30.19945
1789866938.763,4735,5.20272,0.58973,3.06820,1.551,1.548,1075.3,156.65952,30.20535
1789866938.773,4736,5.20272,0.61888,3.21986,1.550,1.548,1075.3,156.69167,30.21153
1789866938.782,4737,5.20272,0.58350,3.03579,1.550,1.548,1075.3,156.72199,30.21736
1789866938.792,4738,5.17930,0.68092,3.52669,1.551,1.548,1075.3,156.75720,30.22416
1789866938.802,4739,5.20249,0.60598,3.15260,1.550,1.548,1075.3,156.78869,30.23021
1789866938.812,4740,5.20249,0.60598,3.15260,1.551,1.548,1075.3,156.82020,30.23627
1789866938.822,4741,5.20249,0.62062,3.22877,1.551,1.548,1075.3,156.85247,30.24247
1789866938.832,4742,5.20249,0.59172,3.07842,1.551,1.548,1075.3,156.88324,30.24838
1789866938.842,4743,5.20249,0.61763,3.21321,1.549,1.547,1075.3,156.91535,30.25456
1789866938.852,4744,5.20249,0.60598,3.15260,1.550,1.548,1075.3,156.94695,30.26063
1789866938.862,4745,5.20249,0.58549,3.04601,1.550,1.548,1075.3,156.97748,30.26650
1789866938.873,4746,5.20249,0.61689,3.20936,1.550,1.548,1075.3,157.00965,30.27268
1789866938.883,4747,5.20249,0.58724,3.05511,1.550,1.548,1075.3,157.04027,30.27857
1789866938.892,4748,5.20226,0.66348,3.45160,1.550,1.547,1075.3,157.07465,30.28518
1789866938.902,4749,5.20226,0.59496,3.09514,1.551,1.548,1075.3,157.10549,30.29110
1789866938.912,4750,5.20226,0.59397,3.08999,1.551,1.548,1075.3,157.13627,30.29702
1789866938.922,4751,5.20226,0.62536,3.25329,1.550,1.548,1075.3,157.16868,30.30325
1789866938.932,4752,5.20226,0.58300,3.03292,1.551,1.548,1075.3,157.19912,30.30910
1789866938.942,4753,5.20226,0.58325,3.03422,1.550,1.548,1075.3,157.22956,30.31495
1789866938.952,4754,5.20226,0.60629,3.15408,1.550,1.548,1075.3,157.26121,30.32104
1789866938.963,4755,5.20226,0.58724,3.05498,1.550,1.548,1075.3,157.29186,30.32693
1789866938.972,4756,5.20226,0.60629,3.15408,1.550,1.548,1075.3,157.32331,30.33297
1789866938.982,4757,5.20226,0.64305,3.34531,1.550,1.548,1075.3,157.35666,30.33939
1789866938.992,4758,5.20229,0.63159,3.28571,1.550,1.548,1075.3,157.38942,30.34568
1789866939.002,4759,5.20229,0.60587,3.15191,1.550,1.547,1075.3,157.42084,30.35172
1789866939.012,4760,5.20229,0.59023,3.07055,1.550,1.548,1075.3,157.45158,30.35763
1789866939.022,4761,5.20229,0.59222,3.08090,1.550,1.547,1075.3,157.48242,30.36356
1789866939.032,4762,5.20229,0.59471,3.09385,1.550,1.547,1075.3,157.51339,30.36951
1789866939.042,4763,5.20229,0.60587,3.15191,1.550,1.547,1075.3,157.54495,30.37558
1789866939.052,4764,5.20229,0.63258,3.29086,1.549,1.547,1075.3,157.57790,30.38191
1789866939.062,4765,5.20229,0.58350,3.03554,1.550,1.547,1075.3,157.60830,30.38776
1789866939.072,4766,5.20229,0.61988,3.22480,1.550,1.547,1075.3,157.64059,30.39396
1789866939.082,4767,5.20229,0.60587,3.15191,1.550,1.547,1075.3,157.67215,30.40003
1789866939.093,4768,5.20226,0.59023,3.07053,1.549,1.547,1075.3,157.70299,30.40596
1789866939.103,4769,5.19180,0.63508,3.29721,1.549,1.547,1075.3,157.73611,30.41234
1789866939.113,4770,5.20226,0.59222,3.08088,1.550,1.548,1075.3,157.76706,30.41829
1789866939.123,4771,5.20226,0.61988,3.22478,1.550,1.548,1075.3,157.79945,30.42451
1789866939.133,4772,5.20226,0.59421,3.09123,1.550,1.547,1075.3,157.83025,30.43043
1789866939.143,4773,5.20226,0.60588,3.15195,1.550,1.548,1075.3,157.86166,30.43647
1789866939.153,4774,5.20226,0.60588,3.15195,1.549,1.547,1075.3,157.89306,30.44251
1789866939.163,4775,5.20226,0.58176,3.02647,1.549,1.548,1075.3,157.92322,30.44830
1789866939.172,4776,5.20226,0.60588,3.15195,1.549,1.547,1075.3,157.95464,30.45434
1789866939.182,4777,5.20226,0.58250,3.03032,1.549,1.547,1075.3,157.98485,30.46015
1789866939.192,4778,5.20218,0.60595,3.15226,1.550,1.548,1075.3,158.01627,30.46619
1789866939.202,4779,5.20218,0.64130,3.33616,1.549,1.547,1075.3,158.04952,30.47258
1789866939.212,4780,5.20218,0.64330,3.34656,1.549,1.547,1075.3,158.08307,30.47903
1789866939.222,4781,5.20218,0.61664,3.20787,1.550,1.547,1075.3,158.11522,30.48521
1789866939.232,4782,5.20218,0.59571,3.09899,1.549,1.547,1075.3,158.14629,30.49118
1789866939.242,4783,5.20218,0.58973,3.06788,1.549,1.547,1075.3,158.17704,30.49710
1789866939.252,4784,5.20218,0.60595,3.15226,1.549,1.547,1075.3,158.20856,30.50315
1789866939.262,4785,5.20218,0.58599,3.04843,1.550,1.547,1075.3,158.23904,30.50901
1789866939.272,4786,5.20218,0.58525,3.04458,1.550,1.547,1075.3,158.26949,30.51487
1789866939.282,4787,5.20218,0.60595,3.15226,1.550,1.547,1075.3,158.30101,30.52093
1789866939.292,4788,5.20190,0.59521,3.09622,1.551,1.548,1075.3,158.33191,30.52687
1789866939.302,4789,5.20190,0.62237,3.23751,1.551,1.547,1075.3,158.36422,30.53308
1789866939.312,4790,5.19180,0.64853,3.36704,1.550,1.547,1075.3,158.39782,30.53955
1789866939.322,4791,5.20190,0.59496,3.09492,1.550,1.547,1075.3,158.42871,30.54549
1789866939.332,4792,5.20190,0.62262,3.23881,1.550,1.547,1075.3,158.46114,30.55172
1789866939.342,4793,5.20190,0.58325,3.03401,1.551,1.548,1075.3,158.49152,30.55756
1789866939.352,4794,5.20190,0.60702,3.15766,1.551,1.547,1075.3,158.52314,30.56364
1789866939.362,4795,5.20190,0.59048,3.07162,1.552,1.548,1075.3,158.55390,30.56955
1789866939.372,4796,5.20190,0.58450,3.04051,1.551,1.548,1075.3,158.58429,30.57540
1789866939.382,4797,5.20190,0.60702,3.15766,1.551,1.547,1075.3,158.61585,30.58146
1789866939.392,4798,5.20179,0.59671,3.10396,1.551,1.548,1075.3,158.64687,30.58743
1789866939.402,4799,5.20179,0.62685,3.26074,1.550,1.548,1075.3,158.67946,30.59369
1789866939.412,4800,5.20179,0.60707,3.15785,1.550,1.548,1075.3,158.71100,30.59975
1789866939.422,4801,5.20179,0.59222,3.08060,1.550,1.548,1075.3,158.74177,30.60567
1789866939.432,4802,5.20179,0.60707,3.15785,1.550,1.548,1075.3,158.77332,30.61173
1789866939.442,4803,5.20179,0.58176,3.02619,1.551,1.548,1075.3,158.80355,30.61755
1789866939.452,4804,5.20179,0.59646,3.10266,1.550,1.548,1075.3,158.83465,30.62352
1789866939.462,4805,5.20179,0.61988,3.22449,1.550,1.548,1075.3,158.86697,30.62974
1789866939.472,4806,5.20179,0.59397,3.08971,1.550,1.548,1075.3,158.89794,30.63569
1789866939.482,4807,5.20179,0.59048,3.07155,1.550,1.548,1075.3,158.92873,30.64161
1789866939.492,4808,5.20159,0.62959,3.27487,1.550,1.548,1075.3,158.96147,30.64791
1789866939.502,4809,5.20159,0.62212,3.23601,1.549,1.547,1075.3,158.99383,30.65413
1789866939.512,4810,5.17555,0.65949,3.41322,1.550,1.547,1075.3,159.02796,30.66072
1789866939.522,4811,5.20159,0.62910,3.27232,1.550,1.548,1075.3,159.06068,30.66701
1789866939.533,4812,5.20159,0.62536,3.25287,1.550,1.547,1075.3,159.09323,30.67327
1789866939.543,4813,5.18680,0.65999,3.42324,1.550,1.548,1075.3,159.12748,30.67987
1789866939.553,4814,5.20159,0.62586,3.25547,1.551,1.548,1075.3,159.16006,30.68614
1789866939.563,4815,5.20159,0.65326,3.39799,1.551,1.548,1075.3,159.19406,30.69267
1789866939.573,4816,5.20159,0.62760,3.26452,1.551,1.548,1075.3,159.22666,30.69894
1789866939.582,4817,5.20159,0.62536,3.25287,1.550,1.548,1075.3,159.25915,30.70519
1789866939.592,4818,5.20073,0.63184,3.28603,1.551,1.548,1075.3,159.29197,30.71150
1789866939.602,4819,5.20073,0.58375,3.03593,1.550,1.548,1075.3,159.32229,30.71733
1789866939.612,4820,5.20073,0.62112,3.23028,1.551,1.548,1075.3,159.35463,30.72355
1789866939.622,4821,5.20073,0.63757,3.31583,1.550,1.548,1075.3,159.38784,30.72993
1789866939.633,4822,5.20073,0.61073,3.17624,1.550,1.547,1075.3,159.41965,30.73605
1789866939.643,4823,5.20073,0.64330,3.34563,1.551,1.548,1075.3,159.45315,30.74249
1789866939.653,4824,5.20073,0.58475,3.04113,1.550,1.547,1075.3,159.48354,30.74833
1789866939.663,4825,5.20073,0.59247,3.08128,1.551,1.548,1075.3,159.51433,30.75425
1789866939.673,4826,5.20073,0.63532,3.30413,1.551,1.548,1075.3,159.54735,30.76060
1789866939.682,4827,5.20073,0.58250,3.02943,1.551,1.548,1075.3,159.57762,30.76642
1789866939.692,4828,5.20058,0.61094,3.17724,1.551,1.548,1075.3,159.60923,30.77250
1789866939.702,4829,5.20058,0.62237,3.23668,1.551,1.548,1075.3,159.64142,30.77869
1789866939.712,4830,5.19055,0.60019,3.11532,1.551,1.548,1075.3,159.67241,30.78466
1789866939.722,4831,5.20058,0.63607,3.30793,1.551,1.548,1075.3,159.70532,30.79099
1789866939.732,4832,5.20058,0.59970,3.11879,1.550,1.548,1075.3,159.73668,30.79702
1789866939.742,4833,5.20058,0.61094,3.17724,1.550,1.548,1075.3,159.76864,30.80316
1789866939.752,4834,5.20058,0.58624,3.04879,1.550,1.547,1075.3,159.79931,30.80906
1789866939.763,4835,5.20058,0.59870,3.11359,1.550,1.547,1075.3,159.83062,30.81508
1789866939.772,4836,5.20058,0.63408,3.29758,1.549,1.547,1075.3,159.86349,30.82140
1789866939.782,4837,5.20058,0.58275,3.03064,1.550,1.548,1075.3,159.89370,30.82721
1789866939.792,4838,5.20073,0.61008,3.17286,1.550,1.548,1075.3,159.92532,30.83329
1789866939.802,4839,5.20073,0.58774,3.05668,1.550,1.548,1075.3,159.95579,30.83915
1789866939.812,4840,5.20073,0.61008,3.17286,1.550,1.548,1075.3,159.98764,30.84527
1789866939.822,4841,5.20073,0.64280,3.34303,1.550,1.548,1075.3,160.02120,30.85173
1789866939.833,4842,5.20073,0.59745,3.10718,1.550,1.548,1075.3,160.05239,30.85772
1789866939.843,4843,5.20073,0.61008,3.17286,1.550,1.547,1075.3,160.08424,30.86385
1789866939.853,4844,5.20073,0.58699,3.05278,1.550,1.547,1075.3,160.11485,30.86973
1789866939.863,4845,5.20073,0.61008,3.17286,1.550,1.547,1075.3,160.14667,30.87585
1789866939.873,4846,5.20073,0.58450,3.03983,1.550,1.547,1075.3,160.17714,30.88171
1789866939.883,4847,5.20073,0.58624,3.04888,1.550,1.547,1075.3,160.20771,30.88759
1789866939.893,4848,5.20081,0.60948,3.16979,1.550,1.547,1075.3,160.23922,30.89365
1789866939.903,4849,5.20081,0.59222,3.08002,1.550,1.547,1075.3,160.26983,30.89953
1789866939.912,4850,5.20081,0.62436,3.24718,1.550,1.548,1075.3,160.30210,30.90574
1789866939.922,4851,5.20081,0.64529,3.35603,1.550,1.548,1075.3,160.33546,30.91215
1789866939.932,4852,5.20081,0.58699,3.05282,1.550,1.548,1075.3,160.36608,30.91804
1789866939.942,4853,5.20081,0.60948,3.16979,1.550,1.548,1075.3,160.39788,30.92416
1789866939.952,4854,5.20081,0.59048,3.07097,1.550,1.548,1075.3,160.42869,30.93008
1789866939.963,4855,5.20081,0.58425,3.03857,1.550,1.548,1075.3,160.45917,30.93594
1789866939.973,4856,5.20081,0.60948,3.16979,1.550,1.548,1075.3,160.49084,30.94203
1789866939.983,4857,5.20081,0.58848,3.06057,1.550,1.547,1075.3,160.52142,30.94791
1789866939.993,4858,5.20073,0.58624,3.04888,1.550,1.548,1075.3,160.55188,30.95377
1789866940.002,4859,5.20073,0.60966,3.17068,1.550,1.548,1075.3,160.58356,30.95986
1789866940.013,4860,5.20073,0.60966,3.17068,1.550,1.548,1075.3,160.61529,30.96596
1789866940.023,4861,5.17805,0.66423,3.43942,1.550,1.548,1075.3,160.64971,30.97260
1789866940.033,4862,5.20073,0.58624,3.04888,1.550,1.547,1075.3,160.68022,30.97847
1789866940.043,4863,5.20073,0.59372,3.08778,1.550,1.547,1075.3,160.71112,30.98441
1789866940.053,4864,5.20073,0.60966,3.17068,1.550,1.547,1075.3,160.74277,30.99050
1789866940.062,4865,5.20073,0.59172,3.07738,1.551,1.548,1075.3,160.77349,30.99641
1789866940.072,4866,5.20073,0.60966,3.17068,1.550,1.547,1075.3,160.80515,31.00249
1789866940.082,4867,5.20073,0.59073,3.07223,1.551,1.548,1075.3,160.83582,31.00839
1789866940.093,4868,5.20073,0.58400,3.03723,1.551,1.548,1075.3,160.86651,31.01429
1789866940.103,4869,5.20073,0.63532,3.30413,1.550,1.548,1075.3,160.89989,31.02071
1789866940.113,4870,5.20073,0.58350,3.03463,1.551,1.548,1075.3,160.93055,31.02661
1789866940.123,4871,5.20073,0.60997,3.17229,1.551,1.548,1075.3,160.96260,31.03277
1789866940.133,4872,5.20073,0.64828,3.37153,1.551,1.548,1075.3,160.99602,31.03919
1789866940.143,4873,5.20073,0.60997,3.17229,1.551,1.548,1075.3,161.02746,31.04524
1789866940.153,4874,5.20073,0.64255,3.34173,1.550,1.548,1075.3,161.06058,31.05161
1789866940.163,4875,5.20073,0.59446,3.09163,1.550,1.548,1075.3,161.09122,31.05750
1789866940.173,4876,5.20073,0.59073,3.07223,1.550,1.547,1075.3,161.12191,31.06340
1789866940.182,4877,5.20073,0.64255,3.34173,1.550,1.547,1075.3,161.15528,31.06982
1789866940.192,4878,5.20065,0.58724,3.05403,1.550,1.548,1075.3,161.18578,31.07568
1789866940.202,4879,5.20065,0.61080,3.17656,1.550,1.548,1075.3,161.21751,31.08178
1789866940.213,4880,5.20065,0.62760,3.26393,1.551,1.548,1075.3,161.25027,31.08808
1789866940.223,4881,5.20065,0.62760,3.26393,1.550,1.548,1075.3,161.28304,31.09438
1789866940.233,4882,5.20065,0.70384,3.66043,1.551,1.548,1075.3,161.31979,31.10145
1789866940.243,4883,5.20065,0.59546,3.09678,1.551,1.548,1075.3,161.35088,31.10743
1789866940.253,4884,5.20065,0.61080,3.17656,1.550,1.547,1075.3,161.38253,31.11351
1789866940.263,4885,5.20065,0.58873,3.06178,1.550,1.547,1075.3,161.41304,31.11938
1789866940.273,4886,5.20065,0.61080,3.17656,1.550,1.547,1075.3,161.44469,31.12547
1789866940.282,4887,5.20065,0.63806,3.31833,1.550,1.547,1075.3,161.47776,31.13182
1789866940.292,4888,5.20069,0.59048,3.07090,1.550,1.547,1075.3,161.50840,31.13772
1789866940.302,4889,5.20069,0.61052,3.17513,1.549,1.547,1075.3,161.54008,31.14381
1789866940.312,4890,5.20069,0.58873,3.06180,1.550,1.548,1075.3,161.57063,31.14968
1789866940.322,4891,5.20069,0.61052,3.17513,1.551,1.548,1075.3,161.60231,31.15577
1789866940.332,4892,5.18305,0.67295,3.48793,1.550,1.548,1075.3,161.63731,31.16253
1789866940.342,4893,5.20069,0.59197,3.07865,1.551,1.548,1075.3,161.66820,31.16847
1789866940.352,4894,5.20069,0.62312,3.24065,1.551,1.548,1075.3,161.70072,31.17472
1789866940.363,4895,5.20069,0.59795,3.10975,1.551,1.548,1075.3,161.73192,31.18072
1789866940.372,4896,5.20069,0.60044,3.12270,1.551,1.548,1075.3,161.76305,31.18670
1789866940.382,4897,5.20069,0.59795,3.10975,1.550,1.547,1075.3,161.79404,31.19266
1789866940.392,4898,5.20081,0.59023,3.06967,1.551,1.548,1075.3,161.82463,31.19854
1789866940.402,4899,5.20081,0.61015,3.17327,1.550,1.548,1075.3,161.85626,31.20463
1789866940.412,4900,5.20081,0.59098,3.07357,1.550,1.548,1075.3,161.88707,31.21055
1789866940.422,4901,5.20081,0.58574,3.04632,1.550,1.548,1075.3,161.91761,31.21642
1789866940.432,4902,5.18305,0.67245,3.48534,1.551,1.548,1075.3,161.95254,31.22316
1789866940.442,4903,5.20081,0.59671,3.10338,1.551,1.548,1075.3,161.98365,31.22914
1789866940.452,4904,5.20081,0.59895,3.11503,1.550,1.548,1075.3,162.01482,31.23514
1789866940.462,4905,5.20081,0.62237,3.23683,1.550,1.548,1075.3,162.04720,31.24136
1789866940.473,4906,5.20081,0.59048,3.07097,1.550,1.548,1075.3,162.07792,31.24727
1789866940.483,4907,5.20081,0.61015,3.17327,1.550,1.547,1075.3,162.10967,31.25337
1789866940.492,4908,5.20085,0.63059,3.27960,1.550,1.547,1075.3,162.14233,31.25965
1789866940.502,4909,5.20085,0.58525,3.04380,1.549,1.547,1075.3,162.17264,31.26548
1789866940.512,4910,5.20085,0.62038,3.22650,1.549,1.547,1075.3,162.20477,31.27166
1789866940.522,4911,5.20085,0.58400,3.03730,1.550,1.547,1075.3,162.23501,31.27747
1789866940.532,4912,5.18680,0.62710,3.25264,1.550,1.547,1075.3,162.26771,31.28378
1789866940.542,4913,5.20085,0.59745,3.10725,1.550,1.548,1075.3,162.29895,31.28978
1789866940.552,4914,5.20085,0.59571,3.09820,1.551,1.548,1075.3,162.33010,31.29577
1789866940.563,4915,5.20085,0.61021,3.17361,1.551,1.548,1075.3,162.36200,31.30191
1789866940.573,4916,5.20085,0.58948,3.06580,1.551,1.548,1075.3,162.39270,31.30781
1789866940.583,4917,5.20085,0.61021,3.17361,1.551,1.548,1075.3,162.42448,31.31392
1789866940.593,4918,5.20136,0.58500,3.04280,1.550,1.548,1075.3,162.45494,31.31978
1789866940.603,4919,5.20136,0.58624,3.04925,1.550,1.547,1075.3,162.48548,31.32565
1789866940.613,4920,5.20136,0.62087,3.22937,1.550,1.547,1075.3,162.51763,31.33183
1789866940.623,4921,5.20136,0.58848,3.06090,1.550,1.547,1075.3,162.54811,31.33769
1789866940.632,4922,5.20136,0.60764,3.16055,1.550,1.547,1075.3,162.57958,31.34374
1789866940.642,4923,5.20136,0.59297,3.08425,1.550,1.547,1075.3,162.61030,31.34965
1789866940.652,4924,5.20136,0.58824,3.05965,1.550,1.547,1075.3,162.64096,31.35554
1789866940.662,4925,5.20136,0.62984,3.27602,1.550,1.547,1075.3,162.67380,31.36186
1789866940.673,4926,5.20136,0.59297,3.08425,1.550,1.547,1075.3,162.70472,31.36780
1789866940.683,4927,5.20136,0.60764,3.16055,1.550,1.547,1075.3,162.73640,31.37389
1789866940.692,4928,5.20147,0.59147,3.07651,1.550,1.547,1075.3,162.76701,31.37978
1789866940.702,4929,5.20147,0.59172,3.07781,1.550,1.547,1075.3,162.79764,31.38566
1789866940.712,4930,5.20147,0.60685,3.15651,1.550,1.547,1075.3,162.82905,31.39170
1789866940.722,4931,5.20147,0.58923,3.06486,1.550,1.547,1075.3,162.85955,31.39757
1789866940.732,4932,5.20147,0.60685,3.15651,1.550,1.547,1075.3,162.89116,31.40364
1789866940.742,4933,5.20147,0.58375,3.03636,1.550,1.547,1075.3,162.92157,31.40949
1789866940.752,4934,5.20147,0.59247,3.08171,1.550,1.547,1075.3,162.95243,31.41542
1789866940.762,4935,5.20147,0.64155,3.33700,1.551,1.548,1075.3,162.98585,31.42185
1789866940.772,4936,5.20147,0.60685,3.15651,1.550,1.548,1075.3,163.01731,31.42790
1789866940.782,4937,5.20147,0.60685,3.15651,1.551,1.548,1075.3,163.04877,31.43394
1789866940.792,4938,5.20167,0.60675,3.15611,1.551,1.548,1075.3,163.08023,31.43999
1789866940.802,4939,5.20167,0.58400,3.03778,1.550,1.548,1075.3,163.11051,31.44581
1789866940.812,4940,5.20167,0.58400,3.03778,1.550,1.548,1075.3,163.14110,31.45169
1789866940.822,4941,5.20167,0.60675,3.15611,1.550,1.548,1075.3,163.17289,31.45781
1789866940.832,4942,5.20167,0.60675,3.15611,1.550,1.547,1075.3,163.20468,31.46392
1789866940.843,4943,5.18180,0.67917,3.51932,1.550,1.547,1075.3,163.24013,31.47076
1789866940.853,4944,5.20167,0.59397,3.08964,1.550,1.548,1075.3,163.27089,31.47667
1789866940.862,4945,5.20167,0.61714,3.21016,1.550,1.548,1075.3,163.30285,31.48282
1789866940.872,4946,5.20167,0.63283,3.29177,1.550,1.548,1075.3,163.33563,31.48912
1789866940.882,4947,5.20167,0.60675,3.15611,1.550,1.548,1075.3,163.36705,31.49516
1789866940.892,4948,5.20163,0.63358,3.29565,1.551,1.548,1075.3,163.39998,31.50149
1789866940.902,4949,5.20163,0.58300,3.03255,1.550,1.548,1075.3,163.43027,31.50731
1789866940.912,4950,5.20163,0.60667,3.15567,1.550,1.548,1075.3,163.46179,31.51337
1789866940.922,4951,5.20163,0.58599,3.04810,1.549,1.547,1075.3,163.49224,31.51923
1789866940.932,4952,5.20163,0.62212,3.23604,1.550,1.547,1075.3,163.52478,31.52548
1789866940.942,4953,5.18930,0.64429,3.34341,1.550,1.547,1075.3,163.55840,31.53196
1789866940.953,4954,5.20163,0.59471,3.09346,1.550,1.547,1075.3,163.58951,31.53794
1789866940.963,4955,5.20163,0.61838,3.21658,1.551,1.548,1075.3,163.62186,31.54416
1789866940.972,4956,5.20163,0.59222,3.08051,1.551,1.548,1075.3,163.65247,31.55005
1789866940.982,4957,5.20163,0.58450,3.04035,1.551,1.548,1075.3,163.68269,31.55586
1789866940.992,4958,5.20175,0.60653,3.15502,1.551,1.548,1075.3,163.71405,31.56188
1789866941.002,4959,5.20175,0.63682,3.31258,1.551,1.548,1075.3,163.74697,31.56821
1789866941.012,4960,5.20175,0.58898,3.06373,1.550,1.548,1075.3,163.77772,31.57412
1789866941.022,4961,5.20175,0.60653,3.15502,1.550,1.547,1075.3,163.80939,31.58021
1789866941.032,4962,5.20175,0.60653,3.15502,1.550,1.548,1075.3,163.84106,31.58630
1789866941.042,4963,5.20175,0.62337,3.24261,1.550,1.548,1075.3,163.87361,31.59256
1789866941.052,4964,5.20175,0.58848,3.06113,1.549,1.547,1075.3,163.90422,31.59844
1789866941.062,4965,5.20175,0.58923,3.06503,1.549,1.547,1075.3,163.93487,31.60433
1789866941.072,4966,5.20175,0.61838,3.21666,1.549,1.547,1075.3,163.96703,31.61052
1789866941.082,4967,5.20175,0.58724,3.05468,1.549,1.547,1075.3,163.99758,31.61639
1789866941.092,4968,5.20167,0.61913,3.22051,1.549,1.547,1075.3,164.02983,31.62259
1789866941.102,4969,5.20167,0.59546,3.09739,1.549,1.547,1075.3,164.06084,31.62855
1789866941.113,4970,5.20167,0.58674,3.05203,1.550,1.547,1075.3,164.09140,31.63443
1789866941.123,4971,5.20167,0.60621,3.15330,1.550,1.548,1075.3,164.12298,31.64050
1789866941.133,4972,5.20167,0.58624,3.04943,1.550,1.548,1075.3,164.15345,31.64636
1789866941.142,4973,5.20167,0.60621,3.15330,1.550,1.548,1075.3,164.18495,31.65241
1789866941.152,4974,5.20167,0.59122,3.07533,1.550,1.548,1075.3,164.21568,31.65832
1789866941.162,4975,5.20167,0.60621,3.15330,1.551,1.548,1075.3,164.24719,31.66438
1789866941.172,4976,5.20167,0.60621,3.15330,1.551,1.548,1075.3,164.27866,31.67043
1789866941.182,4977,5.20167,0.58774,3.05723,1.550,1.548,1075.3,164.30918,31.67629
1789866941.192,4978,5.20175,0.59197,3.07928,1.550,1.548,1075.3,164.33992,31.68220
1789866941.202,4979,5.20175,0.60548,3.14956,1.550,1.548,1075.3,164.37135,31.68825
1789866941.212,4980,5.20175,0.57951,3.01447,1.550,1.548,1075.3,164.40158,31.69406
1789866941.222,4981,5.20175,0.58923,3.06503,1.550,1.547,1075.3,164.43231,31.69997
1789866941.232,4982,5.20175,0.63283,3.29182,1.550,1.547,1075.3,164.46532,31.70631
1789866941.243,4983,5.20175,0.58973,3.06763,1.550,1.547,1075.3,164.49608,31.71222
1789866941.253,4984,5.18930,0.62461,3.24129,1.550,1.547,1075.3,164.52846,31.71846
1789866941.262,4985,5.20175,0.60548,3.14956,1.550,1.547,1075.3,164.55993,31.72451
1789866941.272,4986,5.20175,0.58973,3.06763,1.550,1.547,1075.3,164.59058,31.73041
1789866941.282,4987,5.20175,0.61838,3.21666,1.550,1.547,1075.3,164.62272,31.73659
1789866941.292,4988,5.20183,0.58226,3.02882,1.550,1.548,1075.3,164.65289,31.74238
1789866941.302,4989,5.20183,0.60511,3.14768,1.550,1.548,1075.3,164.68423,31.74841
1789866941.312,4990,5.20183,0.58724,3.05472,1.550,1.548,1075.3,164.71465,31.75426
1789866941.322,4991,5.20183,0.59347,3.08713,1.550,1.548,1075.3,164.74540,31.76017
1789866941.332,4992,5.18930,0.64130,3.32790,1.550,1.547,1075.3,164.77885,31.76661
1789866941.342,4993,5.20183,0.59098,3.07418,1.550,1.548,1075.3,164.80975,31.77255
1789866941.352,4994,5.20183,0.65924,3.42925,1.550,1.547,1075.3,164.84421,31.77918
1789866941.363,4995,5.20183,0.59048,3.07158,1.551,1.548,1075.3,164.87509,31.78512
1789866941.372,4996,5.20183,0.62087,3.22966,1.551,1.548,1075.3,164.90731,31.79131
1789866941.382,4997,5.20183,0.63757,3.31653,1.551,1.548,1075.3,164.94040,31.79767
1789866941.392,4998,5.20183,0.60509,3.14758,1.551,1.548,1075.3,164.97180,31.80371
1789866941.402,4999,5.20183,0.61539,3.20115,1.550,1.548,1075.3,165.00373,31.80985
1789866941.412,5000,5.20183,0.59397,3.08973,1.550,1.548,1075.3,165.03461,31.81578
1789866941.422,5001,5.20183,0.60509,3.14758,1.550,1.548,1075.3,165.06606,31.82183
1789866941.432,5002,5.20183,0.58026,3.01841,1.549,1.547,1075.3,165.09622,31.82763
1789866941.442,5003,5.20183,0.62461,3.24912,1.550,1.547,1075.3,165.12868,31.83387
1789866941.452,5004,5.20183,0.64828,3.37224,1.549,1.547,1075.3,165.16247,31.84036
1789866941.462,5005,5.20183,0.59048,3.07158,1.549,1.547,1075.3,165.19325,31.84628
1789866941.472,5006,5.20183,0.62087,3.22966,1.549,1.547,1075.3,165.22562,31.85250
1789866941.482,5007,5.20183,0.60509,3.14758,1.549,1.547,1075.3,165.25716,31.85856
1789866941.492,5008,5.20179,0.58873,3.06245,1.550,1.547,1075.3,165.28771,31.86444
1789866941.502,5009,5.20179,0.60514,3.14781,1.550,1.547,1075.3,165.31911,31.87047
1789866941.512,5010,5.20179,0.60514,3.14781,1.550,1.547,1075.3,165.35051,31.87651
1789866941.522,5011,5.20179,0.58051,3.01969,1.550,1.548,1075.3,165.38063,31.88230
1789866941.532,5012,5.20179,0.60514,3.14781,1.550,1.548,1075.3,165.41220,31.88837
1789866941.542,5013,5.20179,0.59122,3.07540,1.550,1.548,1075.3,165.44305,31.89430
1789866941.552,5014,5.20179,0.62287,3.24004,1.549,1.547,1075.3,165.47554,31.90055
1789866941.562,5015,5.20179,0.64554,3.35796,1.549,1.548,1075.3,165.50922,31.90702
1789866941.572,5016,5.20179,0.60514,3.14781,1.550,1.548,1075.3,165.54063,31.91306
1789866941.582,5017,5.20179,0.61664,3.20763,1.548,1.547,1075.3,165.57264,31.91921
1789866941.592,5018,5.20186,0.58749,3.05604,1.549,1.547,1075.3,165.60313,31.92508
1789866941.602,5019,5.20186,0.60501,3.14718,1.549,1.547,1075.3,165.63453,31.93111
1789866941.612,5020,5.20186,0.58275,3.03138,1.549,1.547,1075.3,165.66485,31.93694
1789866941.622,5021,5.20186,0.58824,3.05994,1.550,1.547,1075.3,165.69546,31.94282
1789866941.632,5022,5.20186,0.62237,3.23748,1.550,1.547,1075.3,165.72784,31.94905
1789866941.642,5023,5.20186,0.58699,3.05344,1.551,1.547,1075.3,165.75838,31.95492
1789866941.653,5024,5.20186,0.60501,3.14718,1.551,1.548,1075.3,165.79063,31.96112
1789866941.663,5025,5.20186,0.64105,3.33465,1.552,1.548,1075.3,165.82481,31.96769
1789866941.673,5026,5.20186,0.58973,3.06769,1.552,1.548,1075.3,165.85625,31.97373
1789866941.683,5027,5.20186,0.60501,3.14718,1.551,1.548,1075.3,165.88850,31.97993
1789866941.693,5028,5.20186,0.58749,3.05604,1.552,1.548,1075.3,165.91826,31.98566
1789866941.703,5029,5.20186,0.61863,3.21803,1.552,1.548,1075.3,165.94960,31.99168
1789866941.713,5030,5.20186,0.58948,3.06639,1.551,1.548,1075.3,165.97946,31.99742
1789866941.722,5031,5.20186,0.59222,3.08065,1.551,1.548,1075.3,166.00945,32.00319
1789866941.732,5032,5.20186,0.61664,3.20767,1.551,1.548,1075.3,166.04162,32.00937
1789866941.742,5033,5.20186,0.58998,3.06899,1.551,1.548,1075.3,166.07240,32.01529
1789866941.752,5034,5.20186,0.62486,3.25043,1.551,1.548,1075.3,166.10500,32.02155
1789866941.762,5035,5.20186,0.60524,3.14837,1.551,1.548,1075.3,166.13657,32.02762
1789866941.772,5036,5.20186,0.58774,3.05734,1.551,1.548,1075.3,166.16712,32.03350
1789866941.782,5037,5.20186,0.62162,3.23358,1.551,1.548,1075.3,166.19942,32.03970
1789866941.792,5038,5.20167,0.60524,3.14826,1.550,1.548,1075.3,166.23087,32.04575
1789866941.802,5039,5.20167,0.58973,3.06758,1.550,1.547,1075.3,166.26151,32.05164
1789866941.812,5040,5.20167,0.61888,3.21921,1.550,1.548,1075.3,166.29374,32.05784
1789866941.822,5041,5.20167,0.58724,3.05463,1.550,1.548,1075.3,166.32431,32.06371
1789866941.832,5042,5.20167,0.58151,3.02482,1.550,1.547,1075.3,166.35459,32.06954
1789866941.842,5043,5.20167,0.60524,3.14826,1.550,1.547,1075.3,166.38610,32.07559
1789866941.852,5044,5.20167,0.59147,3.07663,1.550,1.547,1075.3,166.41689,32.08151
1789866941.862,5045,5.20167,0.63358,3.29567,1.550,1.548,1075.3,166.44988,32.08785
1789866941.873,5046,5.20167,0.59421,3.09088,1.549,1.547,1075.3,166.48082,32.09380
1789866941.883,5047,5.20167,0.60524,3.14826,1.549,1.547,1075.3,166.51233,32.09986
1789866941.892,5048,5.20167,0.64380,3.34884,1.549,1.547,1075.3,166.54572,32.10628
1789866941.902,5049,5.20167,0.58250,3.02997,1.549,1.547,1075.3,166.57594,32.11209
1789866941.912,5050,5.20167,0.60531,3.14862,1.550,1.547,1075.3,166.60733,32.11812
1789866941.922,5051,5.20167,0.58549,3.04553,1.551,1.548,1075.3,166.63770,32.12396
1789866941.932,5052,5.20167,0.58425,3.03908,1.552,1.548,1075.3,166.66815,32.12982
1789866941.942,5053,5.20167,0.63856,3.32158,1.552,1.548,1075.3,166.70142,32.13621
1789866941.952,5054,5.20167,0.60531,3.14862,1.552,1.548,1075.3,166.73296,32.14228
1789866941.962,5055,5.20167,0.61788,3.21401,1.551,1.548,1075.3,166.76515,32.14846
1789866941.972,5056,5.20167,0.60531,3.14862,1.551,1.548,1075.3,166.79662,32.15451
1789866941.982,5057,5.20167,0.59372,3.08834,1.549,1.548,1075.3,166.82748,32.16045
1789866941.992,5058,5.20155,0.62785,3.26579,1.549,1.548,1075.3,166.86011,32.16672
1789866942.002,5059,5.20155,0.58176,3.02605,1.549,1.548,1075.3,166.89035,32.17253
1789866942.012,5060,5.20155,0.61639,3.20618,1.549,1.547,1075.3,166.92241,32.17870
1789866942.022,5061,5.20155,0.61639,3.20618,1.548,1.547,1075.3,166.95446,32.18486
1789866942.032,5062,5.20155,0.59297,3.08436,1.549,1.547,1075.3,166.98530,32.19079
1789866942.042,5063,5.20155,0.61689,3.20878,1.549,1.547,1075.3,167.01739,32.19696
1789866942.052,5064,5.20155,0.58475,3.04161,1.549,1.547,1075.3,167.04779,32.20280
1789866942.062,5065,5.20155,0.60523,3.14813,1.549,1.547,1075.3,167.07926,32.20885
1789866942.072,5066,5.20155,0.64554,3.35781,1.549,1.548,1075.3,167.11283,32.21531
1789866942.082,5067,5.20155,0.58923,3.06491,1.550,1.548,1075.3,167.14347,32.22120
1789866942.092,5068,5.20171,0.61539,3.20108,1.550,1.548,1075.3,167.17537,32.22733
1789866942.102,5069,5.20171,0.59122,3.07535,1.550,1.548,1075.3,167.20601,32.23322
1789866942.112,5070,5.20171,0.60534,3.14880,1.550,1.548,1075.3,167.23739,32.23925
1789866942.122,5071,5.20171,0.60534,3.14880,1.550,1.548,1075.3,167.26876,32.24528
1789866942.132,5072,5.20171,0.59297,3.08446,1.550,1.548,1075.3,167.29965,32.25122
1789866942.142,5073,5.20171,0.60534,3.14880,1.550,1.548,1075.3,167.33118,32.25728
1789866942.152,5074,5.20171,0.58375,3.03650,1.550,1.547,1075.3,167.36158,32.26313
1789866942.162,5075,5.20171,0.61639,3.20628,1.550,1.547,1075.3,167.39369,32.26930
1789866942.172,5076,5.20171,0.60534,3.14880,1.550,1.547,1075.3,167.42528,32.27537
1789866942.182,5077,5.20171,0.62885,3.27110,1.550,1.547,1075.3,167.45810,32.28168
1789866942.192,5078,5.20171,0.62087,3.22959,1.550,1.548,1075.3,167.49051,32.28791
1789866942.202,5079,5.20171,0.60536,3.14891,1.550,1.547,1075.3,167.52211,32.29399
1789866942.212,5080,5.20171,0.62287,3.23999,1.550,1.547,1075.3,167.55443,32.30020
1789866942.222,5081,5.20171,0.60536,3.14891,1.551,1.548,1075.3,167.58584,32.30624
1789866942.232,5082,5.20171,0.58599,3.04815,1.550,1.547,1075.3,167.61625,32.31209
1789866942.242,5083,5.20171,0.60536,3.14891,1.550,1.547,1075.3,167.64767,32.31813
1789866942.252,5084,5.20171,0.60536,3.14891,1.550,1.547,1075.3,167.67926,32.32420
1789866942.262,5085,5.20171,0.60536,3.14891,1.550,1.548,1075.3,167.71085,32.33027
1789866942.272,5086,5.18930,0.64903,3.36801,1.550,1.547,1075.3,167.74463,32.33678
1789866942.282,5087,5.20171,0.64006,3.32941,1.550,1.547,1075.3,167.77803,32.34320
1789866942.292,5088,5.20147,0.66273,3.44717,1.550,1.548,1075.3,167.81232,32.34980
1789866942.302,5089,5.20147,0.63682,3.31240,1.550,1.548,1075.3,167.84527,32.35613
1789866942.312,5090,5.20147,0.64903,3.37591,1.550,1.548,1075.3,167.87886,32.36259
1789866942.322,5091,5.20147,0.62411,3.24629,1.551,1.548,1075.3,167.91115,32.36880
1789866942.332,5092,5.20147,0.62112,3.23074,1.551,1.548,1075.3,167.94353,32.37502
1789866942.342,5093,5.19055,0.65326,3.39078,1.550,1.548,1075.3,167.97751,32.38157
1789866942.352,5094,5.20147,0.59147,3.07651,1.550,1.548,1075.3,168.00835,32.38750
1789866942.362,5095,5.20147,0.60648,3.15459,1.551,1.548,1075.3,168.03996,32.39357
1789866942.372,5096,5.20147,0.60648,3.15459,1.551,1.547,1075.3,168.07178,32.39969
1789866942.383,5097,5.20147,0.60648,3.15459,1.550,1.547,1075.3,168.10360,32.40581
1789866942.393,5098,5.20097,0.62162,3.23303,1.551,1.548,1075.3,168.13620,32.41208
1789866942.403,5099,5.20097,0.59347,3.08662,1.551,1.548,1075.3,168.16733,32.41806
1789866942.413,5100,5.20097,0.58599,3.04772,1.550,1.547,1075.3,168.19757,32.42388
1789866942.423,5101,5.20097,0.60880,3.16635,1.551,1.547,1075.3,168.22898,32.42991
1789866942.432,5102,5.20097,0.58599,3.04772,1.550,1.547,1075.3,168.25921,32.43573
1789866942.442,5103,5.20097,0.59122,3.07492,1.550,1.547,1075.3,168.28971,32.44159
1789866942.452,5104,5.20097,0.62013,3.22528,1.549,1.546,1075.3,168.32201,32.44780
1789866942.462,5105,5.20097,0.58799,3.05812,1.550,1.547,1075.3,168.35264,32.45369
1789866942.472,5106,5.20097,0.62835,3.26803,1.550,1.547,1075.3,168.38537,32.45998
1789866942.482,5107,5.20097,0.59222,3.08012,1.549,1.547,1075.3,168.41622,32.46592
1789866942.492,5108,5.20104,0.58998,3.06851,1.550,1.547,1075.3,168.44682,32.47180
1789866942.502,5109,5.19055,0.63632,3.30285,1.550,1.547,1075.3,168.47975,32.47814
1789866942.512,5110,5.20104,0.59048,3.07111,1.550,1.548,1075.3,168.51038,32.48403
1789866942.522,5111,5.20104,0.60859,3.16530,1.550,1.547,1075.3,168.54194,32.49010
1789866942.532,5112,5.20104,0.59272,3.08276,1.550,1.547,1075.3,168.57286,32.49605
1789866942.542,5113,5.20104,0.60859,3.16530,1.550,1.547,1075.3,168.60460,32.50215
1789866942.552,5114,5.20104,0.64130,3.33543,1.549,1.547,1075.3,168.63805,32.50858
1789866942.562,5115,5.20104,0.62810,3.26677,1.550,1.548,1075.3,168.67082,32.51488
1789866942.572,5116,5.20104,0.60859,3.16530,1.550,1.548,1075.3,168.70244,32.52096
1789866942.582,5117,5.19055,0.63383,3.28993,1.550,1.548,1075.3,168.73531,32.52729
1789866942.592,5118,5.20104,0.60868,3.16577,1.550,1.548,1075.3,168.76693,32.53337
1789866942.602,5119,5.20104,0.59471,3.09311,1.550,1.548,1075.3,168.79783,32.53931
1789866942.612,5120,5.20104,0.60868,3.16577,1.550,1.547,1075.3,168.82948,32.54540
1789866942.622,5121,5.20104,0.60868,3.16577,1.550,1.547,1075.3,168.86113,32.55148
1789866942.632,5122,5.20104,0.63806,3.31858,1.550,1.547,1075.3,168.89431,32.55786
1789866942.642,5123,5.20104,0.58749,3.05556,1.550,1.548,1075.3,168.92486,32.56374
1789866942.652,5124,5.20104,0.60868,3.16577,1.550,1.548,1075.3,168.95648,32.56982
1789866942.662,5125,5.20104,0.59471,3.09311,1.550,1.548,1075.3,168.98738,32.57576
1789866942.672,5126,5.20104,0.60868,3.16577,1.550,1.548,1075.3,169.01900,32.58184
1789866942.682,5127,5.18680,0.62635,3.24875,1.550,1.547,1075.3,169.05145,32.58809
1789866942.692,5128,5.20097,0.60857,3.16515,1.550,1.547,1075.3,169.08301,32.59416
1789866942.702,5129,5.20097,0.62361,3.24338,1.550,1.547,1075.3,169.11535,32.60038
1789866942.712,5130,5.20097,0.59596,3.09957,1.550,1.547,1075.3,169.14625,32.60632
1789866942.722,5131,5.20097,0.59197,3.07882,1.550,1.547,1075.3,169.17694,32.61222
1789866942.732,5132,5.20097,0.60857,3.16515,1.550,1.547,1075.3,169.20876,32.61834
1789866942.742,5133,5.20097,0.58400,3.03737,1.551,1.547,1075.3,169.23930,32.62421
1789866942.752,5134,5.20097,0.58674,3.05162,1.551,1.548,1075.3,169.26998,32.63011
1789866942.762,5135,5.20097,0.60857,3.16515,1.551,1.547,1075.3,169.30181,32.63623
1789866942.772,5136,5.20097,0.59122,3.07492,1.551,1.547,1075.3,169.33254,32.64214
1789866942.782,5137,5.20097,0.63159,3.28488,1.550,1.547,1075.3,169.36536,32.64845
1789866942.792,5138,5.20104,0.60856,3.16514,1.550,1.547,1075.3,169.39700,32.65453
1789866942.802,5139,5.20104,0.59197,3.07886,1.550,1.547,1075.3,169.42776,32.66045
1789866942.812,5140,5.20104,0.60856,3.16514,1.550,1.548,1075.3,169.45927,32.66651
1789866942.822,5141,5.20104,0.58848,3.06071,1.550,1.548,1075.3,169.48974,32.67236
1789866942.832,5142,5.20104,0.60856,3.16514,1.550,1.548,1075.3,169.52124,32.67842
1789866942.842,5143,5.20104,0.58475,3.04131,1.551,1.548,1075.3,169.55152,32.68424
1789866942.852,5144,5.20104,0.58724,3.05426,1.550,1.548,1075.3,169.58222,32.69015
1789866942.862,5145,5.20104,0.60856,3.16514,1.550,1.548,1075.3,169.61403,32.69626
1789866942.872,5146,5.20104,0.58873,3.06201,1.550,1.548,1075.3,169.64481,32.70218
1789866942.882,5147,5.20104,0.60856,3.16514,1.551,1.548,1075.3,169.67663,32.70830
1789866942.892,5148,5.20108,0.60845,3.16460,1.551,1.548,1075.3,169.70821,32.71437
1789866942.902,5149,5.20108,0.58998,3.06853,1.551,1.548,1075.3,169.73884,32.72026
1789866942.912,5150,5.20108,0.62162,3.23310,1.551,1.548,1075.3,169.77110,32.72646
1789866942.922,5151,5.20108,0.58300,3.03223,1.551,1.548,1075.3,169.80137,32.73228
1789866942.932,5152,5.20108,0.58724,3.05428,1.551,1.548,1075.3,169.83197,32.73817
1789866942.942,5153,5.20108,0.60845,3.16460,1.550,1.548,1075.3,169.86368,32.74426
1789866942.952,5154,5.20108,0.60845,3.16460,1.550,1.548,1075.3,169.89540,32.75036
1789866942.962,5155,5.20108,0.58898,3.06333,1.550,1.548,1075.3,169.92609,32.75626
1789866942.972,5156,5.20108,0.63084,3.28105,1.550,1.547,1075.3,169.95885,32.76256
1789866942.982,5157,5.20108,0.58898,3.06333,1.550,1.548,1075.3,169.98943,32.76844
1789866942.992,5158,5.18180,0.65202,3.37864,1.550,1.547,1075.3,170.02315,32.77495
1789866943.002,5159,5.20112,0.59147,3.07631,1.550,1.547,1075.3,170.05386,32.78085
1789866943.012,5160,5.20112,0.59471,3.09316,1.550,1.548,1075.3,170.08482,32.78680
1789866943.022,5161,5.18930,0.62735,3.25551,1.550,1.548,1075.3,170.11739,32.79308
1789866943.032,5162,5.20112,0.58500,3.04266,1.550,1.548,1075.3,170.14784,32.79893
1789866943.042,5163,5.20112,0.59272,3.08281,1.550,1.548,1075.3,170.17869,32.80487
1789866943.052,5164,5.20112,0.60831,3.16389,1.550,1.547,1075.3,170.21033,32.81095
1789866943.062,5165,5.20112,0.59122,3.07501,1.550,1.548,1075.3,170.24107,32.81686
1789866943.072,5166,5.20112,0.60831,3.16389,1.550,1.548,1075.3,170.27270,32.82294
1789866943.082,5167,5.20112,0.62785,3.26552,1.550,1.548,1075.3,170.30535,32.82922
1789866943.092,5168,5.20108,0.64977,3.37951,1.550,1.548,1075.3,170.33917,32.83572
1789866943.102,5169,5.18930,0.60829,3.15660,1.550,1.547,1075.3,170.37076,32.84181
1789866943.112,5170,5.20108,0.59172,3.07758,1.550,1.548,1075.3,170.40155,32.84773
1789866943.122,5171,5.20108,0.60829,3.16376,1.550,1.548,1075.3,170.43321,32.85381
1789866943.132,5172,5.20108,0.60829,3.16376,1.551,1.548,1075.3,170.46488,32.85991
1789866943.142,5173,5.20108,0.60829,3.16376,1.550,1.548,1075.3,170.49656,32.86600
1789866943.152,5174,5.20108,0.63532,3.30435,1.550,1.548,1075.3,170.52965,32.87236
1789866943.162,5175,5.20108,0.58599,3.04778,1.550,1.548,1075.3,170.56016,32.87822
1789866943.172,5176,5.20108,0.60829,3.16376,1.550,1.548,1075.3,170.59177,32.88430
1789866943.182,5177,5.20108,0.60829,3.16376,1.550,1.548,1075.3,170.62337,32.89038
1789866943.192,5178,5.20097,0.60822,3.16333,1.549,1.547,1075.3,170.65498,32.89645
1789866943.202,5179,5.20097,0.64604,3.36003,1.550,1.548,1075.3,170.68854,32.90291
1789866943.212,5180,5.20097,0.59397,3.08922,1.550,1.548,1075.3,170.71938,32.90884
1789866943.222,5181,5.20097,0.60822,3.16333,1.550,1.547,1075.3,170.75097,32.91491
1789866943.232,5182,5.20097,0.58699,3.05292,1.550,1.547,1075.3,170.78145,32.92077
1789866943.242,5183,5.20097,0.59272,3.08272,1.550,1.547,1075.3,170.81222,32.92669
1789866943.252,5184,5.20097,0.60822,3.16333,1.550,1.547,1075.3,170.84383,32.93276
1789866943.262,5185,5.20097,0.58923,3.06457,1.550,1.547,1075.3,170.87444,32.93865
1789866943.272,5186,5.20097,0.60822,3.16333,1.550,1.547,1075.3,170.90604,32.94473
1789866943.282,5187,5.20097,0.59048,3.07107,1.550,1.547,1075.3,170.93672,32.95063
1789866943.292,5188,5.20097,0.62187,3.23433,1.550,1.547,1075.3,170.96908,32.95685
1789866943.302,5189,5.20097,0.64355,3.34708,1.550,1.547,1075.3,171.00257,32.96329
1789866943.312,5190,5.20097,0.59073,3.07237,1.551,1.548,1075.3,171.03331,32.96920
1789866943.322,5191,5.20097,0.61963,3.22268,1.550,1.547,1075.3,171.06556,32.97540
1789866943.332,5192,5.20097,0.58475,3.04127,1.550,1.547,1075.3,171.09604,32.98126
1789866943.342,5193,5.20097,0.60807,3.16255,1.550,1.548,1075.3,171.12775,32.98735
1789866943.352,5194,5.20097,0.58699,3.05292,1.550,1.547,1075.3,171.15835,32.99324
1789866943.362,5195,5.20097,0.59247,3.08142,1.550,1.548,1075.3,171.18924,32.99918
1789866943.372,5196,5.20097,0.60807,3.16255,1.549,1.547,1075.3,171.22072,33.00523
1789866943.382,5197,5.20097,0.59172,3.07752,1.550,1.548,1075.3,171.25135,33.01112
1789866943.392,5198,5.20171,0.60477,3.14584,1.551,1.548,1075.3,171.28266,33.01714
1789866943.402,5199,5.20171,0.58973,3.06760,1.551,1.548,1075.3,171.31319,33.02301
1789866943.412,5200,5.20171,0.59347,3.08706,1.551,1.548,1075.3,171.34415,33.02896
1789866943.422,5201,5.20171,0.62112,3.23089,1.550,1.547,1075.3,171.37655,33.03519
1789866943.432,5202,5.20171,0.58400,3.03780,1.550,1.547,1075.3,171.40701,33.04105
1789866943.442,5203,5.20171,0.58948,3.06630,1.550,1.548,1075.3,171.43776,33.04696
1789866943.452,5204,5.20171,0.60477,3.14584,1.550,1.547,1075.3,171.46926,33.05301
1789866943.462,5205,5.20171,0.58824,3.05985,1.550,1.548,1075.3,171.49990,33.05890
1789866943.472,5206,5.20171,0.58948,3.06630,1.550,1.548,1075.3,171.53061,33.06481
1789866943.482,5207,5.20171,0.60477,3.14584,1.550,1.548,1075.3,171.56211,33.07086
1789866943.492,5208,5.20183,0.59247,3.08193,1.550,1.548,1075.3,171.59297,33.07679
1789866943.502,5209,5.20183,0.60469,3.14549,1.549,1.547,1075.3,171.62446,33.08285
1789866943.512,5210,5.20183,0.60469,3.14549,1.550,1.548,1075.3,171.65595,33.08890
1789866943.522,5211,5.20183,0.59421,3.09098,1.550,1.548,1075.3,171.68690,33.09485
1789866943.532,5212,5.20183,0.60469,3.14549,1.551,1.548,1075.3,171.71833,33.10089
1789866943.542,5213,5.20183,0.58923,3.06507,1.550,1.548,1075.3,171.74896,33.10678
1789866943.552,5214,5.20183,0.60469,3.14549,1.551,1.548,1075.3,171.78039,33.11282
1789866943.562,5215,5.20183,0.58425,3.03917,1.551,1.548,1075.3,171.81076,33.11866
1789866943.572,5216,5.20183,0.58525,3.04437,1.551,1.548,1075.3,171.84118,33.12451
1789866943.582,5217,5.19180,0.60469,3.13943,1.550,1.548,1075.3,171.87255,33.13055
1789866943.592,5218,5.20183,0.58699,3.05342,1.550,1.547,1075.3,171.90305,33.13642
1789866943.602,5219,5.20183,0.62959,3.27502,1.550,1.547,1075.3,171.93577,33.14271
1789866943.612,5220,5.20183,0.59421,3.09098,1.550,1.547,1075.3,171.96667,33.14865
1789866943.622,5221,5.20183,0.58848,3.06117,1.550,1.547,1075.3,171.99727,33.15453
1789866943.632,5222,5.20183,0.64230,3.34114,1.550,1.547,1075.3,172.03067,33.16095
1789866943.642,5223,5.20183,0.58824,3.05992,1.550,1.547,1075.3,172.06126,33.16683
1789866943.652,5224,5.20183,0.60462,3.14513,1.549,1.547,1075.3,172.09268,33.17287
1789866943.662,5225,5.20183,0.58500,3.04307,1.550,1.547,1075.3,172.12308,33.17871
1789866943.672,5226,5.20183,0.59172,3.07803,1.550,1.548,1075.3,172.15382,33.18462
1789866943.682,5227,5.20183,0.63981,3.32818,1.550,1.548,1075.3,172.18707,33.19102
1789866943.692,5228,5.20183,0.60487,3.14643,1.551,1.548,1075.3,172.21843,33.19705
1789866943.702,5229,5.20183,0.60487,3.14643,1.550,1.548,1075.3,172.24980,33.20308
1789866943.712,5230,5.19180,0.62635,3.25188,1.551,1.548,1075.3,172.28222,33.20932
1789866943.722,5231,5.20183,0.58674,3.05212,1.551,1.548,1075.3,172.31265,33.21517
1789866943.732,5232,5.20183,0.62511,3.25172,1.551,1.548,1075.3,172.34527,33.22144
1789866943.742,5233,5.20183,0.58549,3.04562,1.551,1.548,1075.3,172.37584,33.22732
1789866943.752,5234,5.20183,0.61489,3.19855,1.550,1.547,1075.3,172.40793,33.23349
1789866943.762,5235,5.20183,0.62785,3.26597,1.550,1.547,1075.3,172.44070,33.23979
1789866943.772,5236,5.20183,0.59023,3.07028,1.550,1.547,1075.3,172.47142,33.24569
1789866943.782,5237,5.20183,0.60487,3.14643,1.550,1.547,1075.3,172.50290,33.25174
1789866943.792,5238,5.20183,0.58549,3.04562,1.550,1.547,1075.3,172.53336,33.25760
1789866943.802,5239,5.20183,0.62660,3.25947,1.550,1.547,1075.3,172.56597,33.26387
1789866943.812,5240,5.19055,0.64380,3.34168,1.550,1.548,1075.3,172.59936,33.27030
1789866943.822,5241,5.20183,0.60488,3.14648,1.550,1.548,1075.3,172.63079,33.27634
1789866943.832,5242,5.20183,0.62635,3.25817,1.550,1.547,1075.3,172.66334,33.28260
1789866943.842,5243,5.20183,0.58749,3.05602,1.550,1.548,1075.3,172.69387,33.28847
1789866943.852,5244,5.20183,0.60488,3.14648,1.550,1.547,1075.3,172.72531,33.29451
1789866943.862,5245,5.20183,0.64056,3.33208,1.551,1.547,1075.3,172.75861,33.30091
1789866943.872,5246,5.20183,0.58525,3.04437,1.550,1.547,1075.3,172.78903,33.30676
1789866943.882,5247,5.20183,0.60488,3.14648,1.550,1.547,1075.3,172.82048,33.31281
1789866943.892,5248,5.20183,0.58699,3.05342,1.550,1.548,1075.3,172.85095,33.31867
1789866943.902,5249,5.20183,0.60512,3.14773,1.550,1.548,1075.3,172.88237,33.32471
1789866943.912,5250,5.18055,0.63757,3.30296,1.550,1.548,1075.3,172.91534,33.33107
1789866943.922,5251,5.20183,0.60512,3.14773,1.551,1.548,1075.3,172.94676,33.33711
1789866943.932,5252,5.20183,0.60512,3.14773,1.552,1.548,1075.3,172.97842,33.34320
1789866943.942,5253,5.20183,0.58624,3.04952,1.551,1.548,1075.3,173.00909,33.34909
1789866943.952,5254,5.20183,0.61514,3.19985,1.550,1.548,1075.3,173.04127,33.35528
1789866943.962,5255,5.20183,0.60512,3.14773,1.550,1.548,1075.3,173.07293,33.36137
1789866943.972,5256,5.20183,0.58475,3.04177,1.550,1.548,1075.3,173.10327,33.36720
1789866943.982,5257,5.20183,0.61514,3.19985,1.550,1.547,1075.3,173.13519,33.37333
1789866943.992,5258,5.20179,0.60530,3.14864,1.549,1.547,1075.3,173.16659,33.37937
1789866944.002,5259,5.20179,0.60530,3.14864,1.550,1.547,1075.3,173.19800,33.38541
1789866944.012,5260,5.20179,0.60530,3.14864,1.550,1.547,1075.3,173.22953,33.39147
1789866944.022,5261,5.20179,0.58774,3.05730,1.550,1.547,1075.3,173.26015,33.39736
1789866944.032,5262,5.20179,0.60530,3.14864,1.550,1.547,1075.3,173.29168,33.40342
1789866944.042,5263,5.20179,0.59272,3.08320,1.550,1.547,1075.3,173.32256,33.40936
1789866944.052,5264,5.20179,0.58475,3.04175,1.549,1.547,1075.3,173.35300,33.41521
1789866944.062,5265,5.20179,0.60530,3.14864,1.550,1.548,1075.3,173.38451,33.42126
1789866944.072,5266,5.20179,0.59297,3.08451,1.550,1.548,1075.3,173.41538,33.42720
1789866944.082,5267,5.20179,0.59347,3.08711,1.550,1.548,1075.3,173.44627,33.43314
1789866944.092,5268,5.20186,0.60503,3.14728,1.550,1.548,1075.3,173.47761,33.43916
1789866944.102,5269,5.20186,0.58226,3.02884,1.551,1.548,1075.3,173.50777,33.44496
1789866944.112,5270,5.20186,0.60503,3.14728,1.551,1.548,1075.3,173.53911,33.45098
1789866944.122,5271,5.20186,0.58898,3.06379,1.550,1.548,1075.3,173.56961,33.45685
1789866944.132,5272,5.20186,0.60503,3.14728,1.551,1.548,1075.3,173.60119,33.46292
1789866944.142,5273,5.20186,0.63358,3.29579,1.550,1.548,1075.3,173.63425,33.46927
1789866944.152,5274,5.20186,0.58774,3.05734,1.550,1.548,1075.3,173.66492,33.47517
1789866944.162,5275,5.20186,0.60503,3.14728,1.550,1.548,1075.3,173.69649,33.48124
1789866944.172,5276,5.20186,0.62237,3.23748,1.550,1.547,1075.3,173.72875,33.48744
1789866944.182,5277,5.20186,0.58724,3.05474,1.550,1.547,1075.3,173.75919,33.49329
1789866944.192,5278,5.20198,0.58250,3.03015,1.550,1.547,1075.3,173.78939,33.49910
1789866944.202,5279,5.20198,0.63209,3.28812,1.550,1.547,1075.3,173.82215,33.50540
1789866944.212,5280,5.20198,0.59421,3.09107,1.550,1.547,1075.3,173.85319,33.51136
1789866944.222,5281,5.18805,0.66622,3.45638,1.549,1.547,1075.3,173.88790,33.51805
1789866944.232,5282,5.20198,0.60491,3.14673,1.550,1.548,1075.3,173.91951,33.52413
1789866944.242,5283,5.20198,0.60491,3.14673,1.550,1.548,1075.3,173.95111,33.53020
1789866944.252,5284,5.20198,0.64006,3.32958,1.550,1.548,1075.3,173.98432,33.53659
1789866944.262,5285,5.20198,0.62187,3.23496,1.550,1.548,1075.3,174.01659,33.54279
1789866944.272,5286,5.20198,0.60491,3.14673,1.550,1.548,1075.3,174.04798,33.54883
1789866944.282,5287,5.20198,0.58549,3.04571,1.550,1.548,1075.3,174.07836,33.55467
1789866944.292,5288,5.20198,0.58923,3.06516,1.550,1.548,1075.3,174.10905,33.56057
1789866944.302,5289,5.20198,0.60540,3.14928,1.550,1.548,1075.3,174.14058,33.56663
1789866944.312,5290,5.20198,0.60540,3.14928,1.550,1.548,1075.3,174.17211,33.57269
1789866944.322,5291,5.18180,0.72253,3.74401,1.550,1.548,1075.3,174.20960,33.57992
1789866944.332,5292,5.20198,0.59421,3.09107,1.551,1.548,1075.3,174.24053,33.58587
1789866944.342,5293,5.20198,0.61763,3.21290,1.550,1.548,1075.3,174.27269,33.59205
1789866944.352,5294,5.20198,0.62910,3.27257,1.550,1.548,1075.3,174.30544,33.59835
1789866944.362,5295,5.20198,0.58525,3.04446,1.550,1.548,1075.3,174.33591,33.60420
1789866944.372,5296,5.20198,0.61838,3.21680,1.550,1.548,1075.3,174.36797,33.61037
1789866944.382,5297,5.20198,0.63632,3.31012,1.551,1.548,1075.3,174.40095,33.61671
1789866944.392,5298,5.20179,0.59048,3.07155,1.549,1.547,1075.3,174.43156,33.62259
1789866944.402,5299,5.20179,0.60602,3.15239,1.550,1.547,1075.3,174.46297,33.62863
1789866944.412,5300,5.20179,0.59521,3.09616,1.550,1.548,1075.3,174.49398,33.63459
1789866944.422,5301,5.20179,0.62212,3.23614,1.550,1.548,1075.3,174.52639,33.64082
1789866944.432,5302,5.20179,0.64205,3.33981,1.550,1.548,1075.3,174.55984,33.64725
1789866944.442,5303,5.20179,0.59421,3.09096,1.550,1.547,1075.3,174.59079,33.65320
1789866944.452,5304,5.20179,0.62187,3.23484,1.550,1.547,1075.3,174.62317,33.65943
1789866944.462,5305,5.20179,0.58375,3.03654,1.550,1.547,1075.3,174.65357,33.66527
1789866944.472,5306,5.20179,0.60602,3.15239,1.550,1.547,1075.3,174.68512,33.67134
1789866944.482,5307,5.20179,0.59147,3.07670,1.550,1.547,1075.3,174.71592,33.67726
1789866944.492,5308,5.20171,0.59496,3.09481,1.551,1.548,1075.3,174.74681,33.68320
1789866944.502,5309,5.20171,0.60615,3.15302,1.550,1.547,1075.3,174.77829,33.68925
1789866944.512,5310,5.20171,0.59322,3.08576,1.551,1.548,1075.3,174.80909,33.69517
1789866944.522,5311,5.20171,0.61639,3.20628,1.551,1.548,1075.3,174.84110,33.70132
1789866944.532,5312,5.20171,0.59496,3.09481,1.551,1.548,1075.3,174.87214,33.70729
1789866944.542,5313,5.20171,0.59446,3.09221,1.551,1.548,1075.3,174.90315,33.71325
1789866944.552,5314,5.20171,0.62511,3.25164,1.550,1.548,1075.3,174.93577,33.71952
1789866944.562,5315,5.20171,0.58450,3.04040,1.551,1.548,1075.3,174.96626,33.72538
1789866944.572,5316,5.20171,0.62262,3.23869,1.550,1.548,1075.3,174.99862,33.73161
1789866944.582,5317,5.20171,0.59247,3.08186,1.550,1.548,1075.3,175.02942,33.73753
1789866944.592,5318,5.20167,0.59272,3.08313,1.551,1.548,1075.3,175.06023,33.74345
1789866944.602,5319,5.20167,0.61763,3.21271,1.550,1.547,1075.3,175.09234,33.74962
1789866944.612,5320,5.20167,0.59048,3.07148,1.551,1.548,1075.3,175.12318,33.75555
1789866944.623,5321,5.20167,0.60598,3.15211,1.551,1.548,1075.3,175.15483,33.76163
1789866944.633,5322,5.20167,0.59421,3.09088,1.551,1.548,1075.3,175.18586,33.76760
1789866944.643,5323,5.20167,0.59397,3.08964,1.551,1.547,1075.3,175.21688,33.77356
1789866944.653,5324,5.20167,0.62635,3.25807,1.550,1.547,1075.3,175.24930,33.77980
1789866944.662,5325,5.20167,0.59172,3.07793,1.550,1.547,1075.3,175.27992,33.78568
1789866944.672,5326,5.20167,0.60598,3.15211,1.550,1.547,1075.3,175.31129,33.79171
1789866944.682,5327,5.20167,0.58599,3.04813,1.550,1.547,1075.3,175.34162,33.79754
1789866944.692,5328,5.20159,0.58226,3.02868,1.550,1.547,1075.3,175.37189,33.80336
1789866944.702,5329,5.20159,0.60597,3.15201,1.550,1.547,1075.3,175.40339,33.80942
1789866944.712,5330,5.20159,0.58699,3.05328,1.551,1.548,1075.3,175.43390,33.81529
1789866944.722,5331,5.20159,0.60597,3.15201,1.550,1.548,1075.3,175.46541,33.82134
1789866944.732,5332,5.19055,0.63582,3.30026,1.551,1.548,1075.3,175.49844,33.82771
1789866944.742,5333,5.20159,0.59471,3.09344,1.551,1.548,1075.3,175.52941,33.83366
1789866944.752,5334,5.20159,0.61888,3.21916,1.551,1.548,1075.3,175.56164,33.83986
1789866944.762,5335,5.20159,0.60597,3.15201,1.551,1.548,1075.3,175.59319,33.84592
1789866944.772,5336,5.20159,0.58699,3.05328,1.551,1.548,1075.3,175.62370,33.85179
1789866944.782,5337,5.20159,0.60597,3.15201,1.551,1.548,1075.3,175.65520,33.85784
1789866944.792,5338,5.20163,0.58824,3.05981,1.551,1.548,1075.3,175.68578,33.86372
1789866944.802,5339,5.20163,0.58674,3.05200,1.550,1.548,1075.3,175.71628,33.86959
1789866944.812,5340,5.20163,0.62038,3.22699,1.550,1.548,1075.3,175.74858,33.87580
1789866944.822,5341,5.20163,0.59147,3.07661,1.550,1.548,1075.3,175.77938,33.88172
1789866944.832,5342,5.20163,0.63607,3.30860,1.550,1.548,1075.3,175.81250,33.88808
1789866944.842,5343,5.20163,0.59272,3.08311,1.549,1.548,1075.3,175.84336,33.89402
1789866944.852,5344,5.20163,0.58724,3.05461,1.549,1.547,1075.3,175.87387,33.89988
1789866944.862,5345,5.20163,0.63632,3.30990,1.548,1.547,1075.3,175.90692,33.90624
1789866944.872,5346,5.20163,0.58724,3.05461,1.549,1.547,1075.3,175.93743,33.91210
1789866944.882,5347,5.20163,0.60584,3.15136,1.549,1.547,1075.3,175.96890,33.91815
1789866944.892,5348,5.20167,0.60560,3.15013,1.549,1.547,1075.3,176.00044,33.92421
1789866944.902,5349,5.20167,0.60560,3.15013,1.549,1.547,1075.3,176.03197,33.93028
1789866944.912,5350,5.20167,0.60560,3.15013,1.550,1.548,1075.3,176.06351,33.93634
1789866944.922,5351,5.20167,0.61689,3.20886,1.550,1.548,1075.3,176.09564,33.94252
1789866944.932,5352,5.20167,0.60560,3.15013,1.550,1.548,1075.3,176.12720,33.94858
1789866944.942,5353,5.20167,0.64753,3.36824,1.550,1.548,1075.3,176.16095,33.95507
1789866944.952,5354,5.20167,0.58973,3.06758,1.550,1.548,1075.3,176.19168,33.96098
1789866944.962,5355,5.20167,0.61614,3.20496,1.550,1.548,1075.3,176.22379,33.96715
1789866944.973,5356,5.20167,0.60560,3.15013,1.550,1.548,1075.3,176.25534,33.97322
1789866944.983,5357,5.20167,0.60560,3.15013,1.550,1.548,1075.3,176.28688,33.97928
1789866944.993,5358,5.20155,0.63906,3.32410,1.550,1.548,1075.3,176.32017,33.98568
1789866945.003,5359,5.20155,0.59546,3.09731,1.550,1.548,1075.3,176.35119,33.99165
1789866945.013,5360,5.20155,0.62062,3.22819,1.550,1.548,1075.3,176.38339,33.99784
1789866945.022,5361,5.20155,0.59197,3.07916,1.550,1.548,1075.3,176.41410,34.00374
1789866945.032,5362,5.20155,0.60609,3.15261,1.550,1.547,1075.3,176.44554,34.00979
1789866945.042,5363,5.18305,0.65725,3.40656,1.550,1.547,1075.3,176.47952,34.01634
1789866945.052,5364,5.20155,0.63483,3.30210,1.550,1.547,1075.3,176.51250,34.02268
1789866945.062,5365,5.18805,0.65276,3.38655,1.550,1.548,1075.3,176.54632,34.02920
1789866945.072,5366,5.20155,0.62635,3.25799,1.550,1.548,1075.3,176.57885,34.03545
1789866945.082,5367,5.20155,0.65825,3.42392,1.550,1.548,1075.3,176.61305,34.04203
1789866945.092,5368,5.20093,0.67419,3.50641,1.550,1.548,1075.3,176.64813,34.04877
1789866945.102,5369,5.20093,0.62984,3.27575,1.550,1.548,1075.3,176.68091,34.05508
1789866945.112,5370,5.20093,0.65551,3.40926,1.550,1.548,1075.3,176.71503,34.06164
1789866945.122,5371,5.20093,0.58325,3.03344,1.550,1.547,1075.3,176.74539,34.06747
1789866945.132,5372,5.20093,0.60870,3.16581,1.551,1.548,1075.3,176.77711,34.07357
1789866945.142,5373,5.20093,0.65027,3.38201,1.551,1.548,1075.3,176.81100,34.08009
1789866945.152,5374,5.20093,0.59247,3.08139,1.550,1.548,1075.3,176.84188,34.08603
1789866945.163,5375,5.20093,0.60870,3.16581,1.551,1.548,1075.3,176.87360,34.09213
1789866945.172,5376,5.20093,0.60870,3.16581,1.551,1.548,1075.3,176.90518,34.09820
1789866945.182,5377,5.20093,0.60870,3.16581,1.551,1.548,1075.3,176.93676,34.10427
1789866945.192,5378,5.20058,0.58973,3.06694,1.550,1.547,1075.3,176.96736,34.11015
1789866945.202,5379,5.20058,0.58948,3.06564,1.550,1.547,1075.3,176.99794,34.11603
1789866945.212,5380,5.20058,0.61010,3.17287,1.550,1.548,1075.3,177.02965,34.12213
1789866945.222,5381,5.20058,0.57927,3.01254,1.551,1.548,1075.3,177.05976,34.12792
1789866945.232,5382,5.20058,0.59621,3.10064,1.550,1.548,1075.3,177.09075,34.13388
1789866945.242,5383,5.20058,0.62361,3.24313,1.550,1.548,1075.3,177.12316,34.14011
1789866945.252,5384,5.20058,0.58799,3.05789,1.549,1.547,1075.3,177.15378,34.14600
1789866945.262,5385,5.20058,0.59496,3.09414,1.550,1.547,1075.3,177.18475,34.15196
1789866945.272,5386,5.20058,0.61010,3.17287,1.550,1.547,1075.3,177.21652,34.15806
1789866945.282,5387,5.20058,0.58649,3.05009,1.550,1.548,1075.3,177.24705,34.16393
1789866945.292,5388,5.20065,0.62013,3.22508,1.550,1.548,1075.3,177.27920,34.17012
1789866945.302,5389,5.20065,0.58549,3.04493,1.550,1.548,1075.3,177.30955,34.17595
1789866945.312,5390,5.20065,0.57877,3.00998,1.551,1.548,1075.3,177.33955,34.18172
1789866945.322,5391,5.20065,0.60952,3.16990,1.550,1.548,1075.3,177.37114,34.18780
1789866945.332,5392,5.20065,0.58674,3.05143,1.550,1.548,1075.3,177.40175,34.19368
1789866945.342,5393,5.20065,0.60952,3.16990,1.550,1.547,1075.3,177.43354,34.19979
1789866945.352,5394,5.20065,0.59347,3.08643,1.550,1.547,1075.3,177.46450,34.20575
1789866945.362,5395,5.20065,0.59646,3.10198,1.551,1.548,1075.3,177.49561,34.21173
1789866945.372,5396,5.20065,0.63782,3.31708,1.550,1.547,1075.3,177.52872,34.21810
1789866945.382,5397,5.20065,0.58176,3.02553,1.550,1.548,1075.3,177.55893,34.22390
1789866945.392,5398,5.20077,0.58525,3.04375,1.551,1.548,1075.3,177.58931,34.22974
1789866945.402,5399,5.20077,0.60895,3.16701,1.551,1.548,1075.3,177.62092,34.23582
1789866945.412,5400,5.20077,0.58624,3.04890,1.550,1.548,1075.3,177.65142,34.24169
1789866945.422,5401,5.20077,0.58774,3.05670,1.550,1.548,1075.3,177.68200,34.24757
1789866945.432,5402,5.20077,0.62735,3.26270,1.551,1.548,1075.3,177.71464,34.25384
1789866945.442,5403,5.20077,0.58649,3.05020,1.550,1.548,1075.3,177.74515,34.25971
1789866945.452,5404,5.20077,0.62860,3.26920,1.550,1.547,1075.3,177.77794,34.26602
1789866945.462,5405,5.20077,0.60895,3.16701,1.550,1.548,1075.3,177.80971,34.27212
1789866945.472,5406,5.20077,0.58525,3.04375,1.550,1.548,1075.3,177.84025,34.27799
1789866945.482,5407,5.20077,0.59372,3.08780,1.550,1.548,1075.3,177.87122,34.28395
1789866945.492,5408,5.20081,0.58848,3.06057,1.550,1.548,1075.3,177.90172,34.28981
1789866945.502,5409,5.20081,0.60875,3.16599,1.551,1.548,1075.3,177.93326,34.29588
1789866945.512,5410,5.20081,0.63408,3.29773,1.550,1.547,1075.3,177.96612,34.30220
1789866945.522,5411,5.20081,0.58898,3.06317,1.551,1.547,1075.3,177.99664,34.30807
1789866945.532,5412,5.20081,0.60875,3.16599,1.552,1.548,1075.3,178.02838,34.31417
1789866945.542,5413,5.21179,0.60875,3.17268,1.551,1.548,1075.3,178.06018,34.32027
1789866945.552,5414,5.18930,0.60875,3.15899,1.551,1.548,1075.3,178.09185,34.32637
1789866945.562,5415,5.19055,0.65650,3.40760,1.551,1.548,1075.3,178.12601,34.33295
1789866945.572,5416,5.20081,0.58574,3.04632,1.551,1.548,1075.3,178.15634,34.33879
1789866945.582,5417,5.20081,0.62038,3.22648,1.551,1.548,1075.3,178.18847,34.34496
1789866945.592,5418,5.20085,0.58774,3.05675,1.549,1.547,1075.3,178.21891,34.35082
1789866945.602,5419,5.20085,0.59397,3.08915,1.550,1.547,1075.3,178.24967,34.35673
1789866945.612,5420,5.20085,0.60857,3.16508,1.550,1.547,1075.3,178.28141,34.36283
1789866945.622,5421,5.20085,0.59272,3.08265,1.550,1.547,1075.3,178.31232,34.36878
1789866945.632,5422,5.20085,0.60857,3.16508,1.549,1.547,1075.3,178.34406,34.37488
1789866945.642,5423,5.20085,0.58176,3.02565,1.549,1.546,1075.3,178.37440,34.38071
1789866945.652,5424,5.20085,0.62062,3.22775,1.549,1.546,1075.3,178.40668,34.38692
1789866945.662,5425,5.20085,0.65850,3.42476,1.549,1.546,1075.3,178.44094,34.39351
1789866945.672,5426,5.20085,0.59496,3.09430,1.550,1.547,1075.3,178.47189,34.39946
1789866945.682,5427,5.20085,0.62910,3.27185,1.550,1.547,1075.3,178.50462,34.40575
1789866945.692,5428,5.20089,0.58574,3.04637,1.550,1.547,1075.3,178.53507,34.41161
1789866945.702,5429,5.20089,0.58624,3.04897,1.550,1.548,1075.3,178.56554,34.41747
1789866945.712,5430,5.20089,0.61963,3.22263,1.551,1.548,1075.3,178.59775,34.42366
1789866945.722,5431,5.20089,0.58724,3.05417,1.551,1.548,1075.3,178.62828,34.42953
1789866945.732,5432,5.20089,0.58126,3.02307,1.551,1.548,1075.3,178.65854,34.43535
1789866945.742,5433,5.20089,0.60864,3.16547,1.551,1.548,1075.3,178.69022,34.44144
1789866945.752,5434,5.20089,0.60864,3.16547,1.551,1.548,1075.3,178.72191,34.44753
1789866945.762,5435,5.20089,0.62038,3.22653,1.551,1.548,1075.3,178.75421,34.45374
1789866945.772,5436,5.20089,0.59745,3.10727,1.551,1.548,1075.3,178.78527,34.45971
1789866945.782,5437,5.20089,0.59596,3.09952,1.550,1.548,1075.3,178.81625,34.46567
1789866945.792,5438,5.20089,0.62087,3.22908,1.551,1.548,1075.3,178.84853,34.47188
1789866945.802,5439,5.20089,0.58500,3.04252,1.551,1.548,1075.3,178.87894,34.47772
1789866945.812,5440,5.20089,0.60800,3.16214,1.550,1.548,1075.3,178.91055,34.48380
1789866945.822,5441,5.20089,0.58176,3.02567,1.551,1.548,1075.3,178.94080,34.48962
1789866945.832,5442,5.20089,0.59048,3.07102,1.551,1.548,1075.3,178.97151,34.49552
1789866945.842,5443,5.20089,0.62112,3.23038,1.551,1.548,1075.3,179.00380,34.50173
1789866945.852,5444,5.20089,0.58873,3.06192,1.551,1.548,1075.3,179.03448,34.50763
1789866945.862,5445,5.20089,0.64629,3.36128,1.550,1.547,1075.3,179.06815,34.51410
1789866945.872,5446,5.20089,0.59596,3.09952,1.551,1.548,1075.3,179.09920,34.52008
1789866945.882,5447,5.20089,0.58998,3.06842,1.550,1.548,1075.3,179.12994,34.52599
1789866945.892,5448,5.20089,0.60817,3.16303,1.550,1.548,1075.3,179.16147,34.53205
1789866945.902,5449,5.20089,0.58699,3.05287,1.550,1.548,1075.3,179.19190,34.53790
1789866945.912,5450,5.20089,0.62062,3.22778,1.550,1.548,1075.3,179.22407,34.54408
1789866945.922,5451,5.20089,0.58649,3.05027,1.550,1.548,1075.3,179.25447,34.54993
1789866945.932,5452,5.20089,0.59222,3.08007,1.551,1.548,1075.3,179.28533,34.55586
1789866945.942,5453,5.20089,0.60817,3.16303,1.550,1.548,1075.3,179.31703,34.56196
1789866945.952,5454,5.20089,0.58450,3.03992,1.550,1.547,1075.3,179.34749,34.56781
1789866945.962,5455,5.18305,0.63732,3.30326,1.550,1.547,1075.3,179.38058,34.57420
1789866945.972,5456,5.20089,0.58724,3.05417,1.550,1.547,1075.3,179.41112,34.58007
1789866945.982,5457,5.20089,0.58923,3.06452,1.550,1.547,1075.3,179.44176,34.58596
1789866945.992,5458,5.20085,0.63258,3.28995,1.549,1.546,1075.3,179.47465,34.59229
1789866946.002,5459,5.20085,0.59147,3.07615,1.550,1.547,1075.3,179.50541,34.59820
1789866946.012,5460,5.20085,0.58500,3.04250,1.550,1.548,1075.3,179.53582,34.60405
1789866946.022,5461,5.20085,0.60818,3.16305,1.550,1.547,1075.3,179.56743,34.61013
1789866946.032,5462,5.20085,0.58848,3.06060,1.551,1.548,1075.3,179.59803,34.61601
1789866946.042,5463,5.20085,0.58126,3.02305,1.551,1.547,1075.3,179.62824,34.62182
1789866946.052,5464,5.20085,0.62785,3.26535,1.551,1.547,1075.3,179.66084,34.62809
1789866946.062,5465,5.20085,0.59621,3.10080,1.550,1.547,1075.3,179.69179,34.63404
1789866946.072,5466,5.20085,0.62710,3.26145,1.550,1.547,1075.3,179.72435,34.64030
1789866946.082,5467,5.20085,0.59122,3.07485,1.551,1.548,1075.3,179.75504,34.64620
1789866946.092,5468,5.20132,0.62337,3.24235,1.551,1.548,1075.3,179.78749,34.65244
1789866946.102,5469,5.20132,0.63283,3.29155,1.550,1.548,1075.3,179.82043,34.65877
1789866946.112,5470,5.20132,0.60656,3.15491,1.551,1.548,1075.3,179.85200,34.66484
1789866946.122,5471,5.20132,0.61739,3.21124,1.551,1.548,1075.3,179.88414,34.67102
1789866946.132,5472,5.20132,0.58076,3.02072,1.550,1.548,1075.3,179.91442,34.67684
1789866946.142,5473,5.20132,0.60656,3.15491,1.550,1.548,1075.3,179.94606,34.68292
1789866946.152,5474,5.20132,0.58848,3.06087,1.550,1.548,1075.3,179.97675,34.68882
1789866946.162,5475,5.20132,0.63682,3.31230,1.550,1.548,1075.3,180.00996,34.69521
1789866946.172,5476,5.18555,0.64130,3.32549,1.549,1.547,1075.3,180.04317,34.70161
1789866946.182,5477,5.20132,0.59147,3.07642,1.550,1.548,1075.3,180.07389,34.70752
1789866946.192,5478,5.20179,0.62162,3.23354,1.550,1.548,1075.3,180.10619,34.71373
1789866946.202,5479,5.20179,0.58176,3.02619,1.550,1.548,1075.3,180.13641,34.71954
1789866946.212,5480,5.20179,0.60455,3.14474,1.550,1.548,1075.3,180.16781,34.72558
1789866946.222,5481,5.20179,0.63433,3.29965,1.550,1.547,1075.3,180.20077,34.73191
1789866946.232,5482,5.20179,0.58450,3.04045,1.551,1.548,1075.3,180.23114,34.73775
1789866946.242,5483,5.20179,0.61514,3.19983,1.550,1.547,1075.3,180.26309,34.74389
1789866946.252,5484,5.20179,0.59073,3.07285,1.550,1.547,1075.3,180.29382,34.74980
1789866946.262,5485,5.20179,0.60455,3.14474,1.550,1.547,1075.3,180.32526,34.75584
1789866946.272,5486,5.20179,0.59147,3.07670,1.550,1.547,1075.3,180.35602,34.76176
1789866946.282,5487,5.20179,0.59272,3.08320,1.550,1.547,1075.3,180.38685,34.76768
1789866946.292,5488,5.20175,0.60465,3.14524,1.550,1.547,1075.3,180.41819,34.77371
1789866946.302,5489,5.20175,0.58774,3.05728,1.550,1.547,1075.3,180.44865,34.77956
1789866946.312,5490,5.20175,0.61589,3.20371,1.550,1.547,1075.3,180.48058,34.78570
1789866946.322,5491,5.20175,0.58500,3.04302,1.550,1.548,1075.3,180.51090,34.79153
1789866946.332,5492,5.20175,0.58948,3.06633,1.551,1.548,1075.3,180.54172,34.79746
1789866946.342,5493,5.20175,0.61888,3.21926,1.551,1.548,1075.3,180.57407,34.80368
1789866946.352,5494,5.20175,0.58450,3.04042,1.551,1.548,1075.3,180.60463,34.80955
1789866946.362,5495,5.20175,0.60465,3.14524,1.550,1.548,1075.3,180.63624,34.81563
1789866946.372,5496,5.20175,0.60465,3.14524,1.550,1.548,1075.3,180.66772,34.82168
1789866946.382,5497,5.20175,0.59048,3.07153,1.550,1.548,1075.3,180.69846,34.82759
1789866946.392,5498,5.20175,0.61838,3.21666,1.549,1.547,1075.3,180.73066,34.83378
1789866946.402,5499,5.20175,0.60438,3.14383,1.549,1.547,1075.3,180.76213,34.83983
1789866946.412,5500,5.20175,0.61913,3.22056,1.549,1.548,1075.3,180.79449,34.84605
1789866946.423,5501,5.20175,0.59247,3.08188,1.549,1.548,1075.3,180.82545,34.85200
1789866946.433,5502,5.20175,0.59147,3.07668,1.550,1.548,1075.3,180.85637,34.85795
1789866946.443,5503,5.20175,0.60438,3.14383,1.550,1.548,1075.3,180.88796,34.86402
1789866946.453,5504,5.20175,0.58026,3.01837,1.549,1.548,1075.3,180.91799,34.86979
1789866946.463,5505,5.20175,0.61664,3.20761,1.549,1.547,1075.3,180.94991,34.87593
1789866946.472,5506,5.18805,0.60438,3.13555,1.549,1.547,1075.3,180.98111,34.88194
1789866946.482,5507,5.20175,0.59073,3.07283,1.549,1.547,1075.3,181.01169,34.88782
1789866946.492,5508,5.20175,0.62137,3.23221,1.549,1.547,1075.3,181.04384,34.89400
1789866946.502,5509,5.20175,0.60457,3.14482,1.549,1.547,1075.3,181.07512,34.90001
1789866946.512,5510,5.20175,0.60457,3.14482,1.550,1.547,1075.3,181.10640,34.90603
1789866946.522,5511,5.20175,0.58674,3.05207,1.550,1.548,1075.3,181.13676,34.91186
1789866946.532,5512,5.20175,0.58674,3.05207,1.550,1.548,1075.3,181.16740,34.91776
1789866946.542,5513,5.20175,0.58574,3.04687,1.550,1.548,1075.3,181.19800,34.92364
1789866946.552,5514,5.20175,0.58948,3.06633,1.550,1.548,1075.3,181.22879,34.92956
1789866946.562,5515,5.20175,0.59147,3.07668,1.550,1.548,1075.3,181.25968,34.93550
1789866946.572,5516,5.20175,0.62710,3.26202,1.550,1.548,1075.3,181.29229,34.94176
1789866946.582,5517,5.20175,0.59297,3.08448,1.550,1.548,1075.3,181.32312,34.94769
1789866946.592,5518,5.20179,0.60468,3.14542,1.551,1.548,1075.3,181.35456,34.95373
1789866946.602,5519,5.20179,0.63159,3.28540,1.550,1.548,1075.3,181.38740,34.96005
1789866946.612,5520,5.20179,0.58475,3.04175,1.551,1.548,1075.3,181.41782,34.96590
1789866946.622,5521,5.20179,0.62561,3.25429,1.551,1.548,1075.3,181.45037,34.97215
1789866946.632,5522,5.20179,0.58699,3.05340,1.551,1.548,1075.3,181.48091,34.97803
1789866946.642,5523,5.20179,0.61763,3.21278,1.550,1.548,1075.3,181.51305,34.98420
1789866946.652,5524,5.20179,0.64355,3.34761,1.550,1.548,1075.3,181.54649,34.99063
1789866946.662,5525,5.20179,0.61614,3.20503,1.551,1.548,1075.3,181.57850,34.99679
1789866946.672,5526,5.20179,0.60468,3.14542,1.551,1.548,1075.3,181.60992,35.00283
1789866946.682,5527,5.20179,0.63881,3.32296,1.551,1.548,1075.3,181.64312,35.00921
1789866946.692,5528,5.18805,0.66522,3.45119,1.551,1.548,1075.3,181.67752,35.01584
1789866946.702,5529,5.20167,0.59247,3.08183,1.551,1.548,1075.3,181.70823,35.02174
1789866946.712,5530,5.20167,0.59122,3.07533,1.551,1.548,1075.3,181.73889,35.02764
1789866946.722,5531,5.20167,0.60528,3.14847,1.550,1.548,1075.3,181.77027,35.03367
1789866946.732,5532,5.20167,0.64853,3.37344,1.550,1.548,1075.3,181.80408,35.04017
1789866946.742,5533,5.20167,0.58873,3.06238,1.551,1.548,1075.3,181.83477,35.04607
1789866946.752,5534,5.20167,0.61739,3.21146,1.550,1.548,1075.3,181.86696,35.05226
1789866946.762,5535,5.20167,0.58549,3.04553,1.551,1.548,1075.3,181.89748,35.05813
1789866946.772,5536,5.20167,0.60528,3.14847,1.551,1.548,1075.3,181.92901,35.06419
1789866946.782,5537,5.20167,0.60528,3.14847,1.550,1.548,1075.3,181.96053,35.07025
1789866946.792,5538,5.18930,0.66024,3.42618,1.551,1.548,1075.3,181.99484,35.07686
1789866946.802,5539,5.18430,0.68690,3.56110,1.551,1.548,1075.3,182.03049,35.08374
1789866946.812,5540,5.20147,0.60619,3.15308,1.551,1.548,1075.3,182.06205,35.08980
1789866946.822,5541,5.20147,0.60619,3.15308,1.550,1.548,1075.3,182.09361,35.09587
1789866946.832,5542,5.20147,0.58674,3.05191,1.551,1.548,1075.3,182.12416,35.10174
1789866946.842,5543,5.20147,0.59147,3.07651,1.551,1.548,1075.3,182.15495,35.10766
1789866946.852,5544,5.20147,0.62013,3.22559,1.551,1.548,1075.3,182.18718,35.11386
1789866946.862,5545,5.20147,0.60619,3.15308,1.551,1.548,1075.3,182.21869,35.11992
1789866946.872,5546,5.20147,0.60619,3.15308,1.551,1.548,1075.3,182.25019,35.12597
1789866946.882,5547,5.20147,0.62561,3.25409,1.552,1.548,1075.3,182.28271,35.13222
1789866946.892,5548,5.20124,0.62162,3.23319,1.552,1.548,1075.3,182.31507,35.13845
1789866946.902,5549,5.20124,0.59521,3.09583,1.551,1.548,1075.3,182.34607,35.14441
1789866946.912,5550,5.20124,0.61988,3.22414,1.552,1.548,1075.3,182.37834,35.15061
1789866946.922,5551,5.20124,0.58574,3.04657,1.552,1.548,1075.3,182.40884,35.15647
1789866946.932,5552,5.20124,0.59521,3.09583,1.551,1.548,1075.3,182.43979,35.16243
1789866946.942,5553,5.20124,0.60779,3.16126,1.550,1.548,1075.3,182.47139,35.16850
1789866946.952,5554,5.20124,0.58973,3.06733,1.550,1.548,1075.3,182.50206,35.17440
1789866946.962,5555,5.20124,0.58649,3.05048,1.550,1.548,1075.3,182.53256,35.18026
1789866946.972,5556,5.20124,0.61838,3.21634,1.550,1.547,1075.3,182.56468,35.18644
1789866946.982,5557,5.20124,0.58923,3.06473,1.550,1.547,1075.3,182.59529,35.19232
1789866946.992,5558,5.20144,0.60743,3.15951,1.550,1.548,1075.3,182.62685,35.19839
1789866947.002,5559,5.20144,0.60743,3.15951,1.551,1.548,1075.3,182.65841,35.20446
1789866947.012,5560,5.20144,0.59696,3.10505,1.550,1.548,1075.3,182.68954,35.21044
1789866947.022,5561,5.20144,0.60743,3.15951,1.550,1.548,1075.3,182.72121,35.21653
1789866947.032,5562,5.20144,0.58824,3.05970,1.550,1.548,1075.3,182.75188,35.22243
1789866947.042,5563,5.20144,0.60743,3.15951,1.550,1.548,1075.3,182.78356,35.22852
1789866947.052,5564,5.20144,0.58226,3.02859,1.550,1.548,1075.3,182.81381,35.23433
1789866947.062,5565,5.20144,0.58724,3.05449,1.550,1.548,1075.3,182.84433,35.24020
1789866947.072,5566,5.20144,0.62013,3.22557,1.549,1.548,1075.3,182.87656,35.24640
1789866947.082,5567,5.20144,0.58699,3.05319,1.549,1.548,1075.3,182.90706,35.25226
1789866947.092,5568,5.20136,0.65526,3.40824,1.550,1.548,1075.3,182.94107,35.25880
1789866947.102,5569,5.20136,0.59197,3.07905,1.550,1.548,1075.3,182.97180,35.26471
1789866947.112,5570,5.20136,0.58923,3.06480,1.550,1.548,1075.3,183.00238,35.27059
1789866947.122,5571,5.20136,0.63009,3.27732,1.550,1.548,1075.3,183.03508,35.27687
1789866947.132,5572,5.20136,0.59048,3.07130,1.551,1.548,1075.3,183.06585,35.28279
1789866947.142,5573,5.20136,0.60763,3.16050,1.551,1.548,1075.3,183.09751,35.28888
1789866947.152,5574,5.20136,0.58848,3.06090,1.550,1.548,1075.3,183.12817,35.29477
1789866947.162,5575,5.20136,0.59297,3.08425,1.550,1.548,1075.3,183.15907,35.30071
1789866947.172,5576,5.20136,0.62561,3.25402,1.550,1.548,1075.3,183.19164,35.30697
1789866947.182,5577,5.20136,0.58574,3.04664,1.550,1.548,1075.3,183.22213,35.31284
1789866947.192,5578,5.20140,0.61988,3.22424,1.549,1.547,1075.3,183.25439,35.31904
1789866947.202,5579,5.20140,0.58549,3.04537,1.549,1.547,1075.3,183.28487,35.32490
1789866947.212,5580,5.20140,0.58923,3.06482,1.549,1.547,1075.3,183.31552,35.33079
1789866947.222,5581,5.20140,0.63632,3.30975,1.549,1.547,1075.3,183.34863,35.33716
1789866947.232,5582,5.20140,0.59397,3.08948,1.549,1.547,1075.3,183.37953,35.34310
1789866947.242,5583,5.20140,0.62436,3.24755,1.550,1.547,1075.3,183.41201,35.34934
1789866947.252,5584,5.20140,0.58948,3.06612,1.550,1.548,1075.3,183.44256,35.35521
1789866947.262,5585,5.20140,0.60718,3.15819,1.549,1.547,1075.3,183.47402,35.36126
1789866947.272,5586,5.20140,0.62785,3.26570,1.550,1.548,1075.3,183.50656,35.36752
1789866947.282,5587,5.20140,0.60718,3.15819,1.550,1.548,1075.3,183.53803,35.37357
1789866947.292,5588,5.17930,0.63159,3.27119,1.551,1.548,1075.3,183.57071,35.37988
1789866947.302,5589,5.20136,0.58948,3.06610,1.550,1.548,1075.3,183.60134,35.38577
1789866947.312,5590,5.20136,0.60732,3.15889,1.550,1.548,1075.3,183.63290,35.39184
1789866947.322,5591,5.20136,0.59122,3.07515,1.551,1.548,1075.3,183.66362,35.39774
1789866947.332,5592,5.20136,0.58774,3.05705,1.551,1.548,1075.3,183.69437,35.40365
1789866947.342,5593,5.20136,0.59646,3.10240,1.551,1.548,1075.3,183.72558,35.40965
1789866947.352,5594,5.20136,0.59571,3.09850,1.551,1.548,1075.3,183.75676,35.41565
1789866947.362,5595,5.20136,0.58151,3.02464,1.551,1.548,1075.3,183.78718,35.42150
1789866947.372,5596,5.20136,0.60732,3.15889,1.551,1.548,1075.3,183.81864,35.42755
1789866947.382,5597,5.20136,0.60732,3.15889,1.551,1.548,1075.3,183.85009,35.43359
1789866947.392,5598,5.20155,0.63906,3.32410,1.551,1.548,1075.3,183.88319,35.43996
1789866947.402,5599,5.20155,0.69113,3.59495,1.551,1.548,1075.3,183.91899,35.44684
1789866947.412,5600,5.20155,0.60718,3.15828,1.551,1.548,1075.3,183.95060,35.45292
1789866947.422,5601,5.20155,0.60718,3.15828,1.550,1.548,1075.3,183.98221,35.45899
1789866947.432,5602,5.20155,0.58450,3.04031,1.551,1.548,1075.3,184.01264,35.46484
1789866947.442,5603,5.20155,0.58998,3.06881,1.551,1.548,1075.3,184.04335,35.47075
1789866947.452,5604,5.20155,0.60718,3.15828,1.551,1.548,1075.3,184.07498,35.47683
1789866947.462,5605,5.20155,0.58574,3.04676,1.551,1.548,1075.3,184.10548,35.48269
1789866947.472,5606,5.20155,0.59073,3.07271,1.550,1.548,1075.3,184.13625,35.48861
1789866947.482,5607,5.20155,0.60718,3.15828,1.551,1.548,1075.3,184.16788,35.49469
1789866947.492,5608,5.20159,0.59397,3.08959,1.551,1.548,1075.3,184.19877,35.50063
1789866947.502,5609,5.20159,0.62561,3.25417,1.550,1.548,1075.3,184.23132,35.50688
1789866947.512,5610,5.20159,0.58599,3.04808,1.550,1.548,1075.3,184.26180,35.51274
1789866947.522,5611,5.20159,0.58525,3.04423,1.550,1.547,1075.3,184.29224,35.51860
1789866947.532,5612,5.20159,0.60755,3.16023,1.550,1.548,1075.3,184.32382,35.52467
1789866947.542,5613,5.20159,0.59272,3.08309,1.550,1.548,1075.3,184.35463,35.53059
1789866947.552,5614,5.20159,0.60755,3.16023,1.549,1.547,1075.3,184.38621,35.53666
1789866947.562,5615,5.20159,0.58574,3.04678,1.550,1.548,1075.3,184.41666,35.54251
1789866947.572,5616,5.20159,0.58749,3.05588,1.550,1.548,1075.3,184.44715,35.54838
1789866947.582,5617,5.20159,0.60755,3.16023,1.551,1.548,1075.3,184.47868,35.55444
1789866947.592,5618,5.20151,0.58873,3.06228,1.550,1.548,1075.3,184.50924,35.56031
1789866947.602,5619,5.18555,0.68490,3.55158,1.550,1.547,1075.3,184.54468,35.56715
1789866947.612,5620,5.20151,0.63906,3.32408,1.551,1.548,1075.3,184.57799,35.57355
1789866947.622,5621,5.20151,0.64130,3.33573,1.550,1.547,1075.3,184.61143,35.57998
1789866947.632,5622,5.20151,0.62038,3.22691,1.550,1.548,1075.3,184.64377,35.58620
1789866947.642,5623,5.20151,0.58300,3.03248,1.550,1.548,1075.3,184.67416,35.59204
1789866947.652,5624,5.20151,0.58375,3.03638,1.550,1.547,1075.3,184.70441,35.59786
1789866947.662,5625,5.20151,0.60773,3.16111,1.550,1.548,1075.3,184.73590,35.60391
1789866947.672,5626,5.20151,0.58350,3.03508,1.550,1.548,1075.3,184.76614,35.60972
1789866947.682,5627,5.20151,0.58475,3.04158,1.551,1.548,1075.3,184.79644,35.61555
1789866947.692,5628,5.20136,0.64081,3.33308,1.551,1.548,1075.3,184.82976,35.62195
1789866947.702,5629,5.19055,0.60856,3.15876,1.551,1.548,1075.3,184.86133,35.62804
1789866947.712,5630,5.18055,0.68515,3.54945,1.551,1.548,1075.3,184.89681,35.63489
1789866947.722,5631,5.20136,0.59322,3.08555,1.551,1.548,1075.3,184.92766,35.64082
1789866947.732,5632,5.20136,0.58375,3.03629,1.551,1.548,1075.3,184.95813,35.64667
1789866947.742,5633,5.20136,0.64703,3.36544,1.550,1.547,1075.3,184.99190,35.65317
1789866947.752,5634,5.20136,0.59222,3.08035,1.550,1.547,1075.3,185.02281,35.65911
1789866947.762,5635,5.20136,0.60856,3.16534,1.550,1.548,1075.3,185.05458,35.66522
1789866947.772,5636,5.20136,0.58948,3.06610,1.550,1.548,1075.3,185.08522,35.67111
1789866947.782,5637,5.20136,0.59397,3.08945,1.549,1.547,1075.3,185.11610,35.67705
1789866947.792,5638,5.19055,0.59197,3.07265,1.549,1.547,1075.3,185.14680,35.68296
1789866947.802,5639,5.18805,0.58201,3.01950,1.549,1.547,1075.3,185.17698,35.68878
1789866947.812,5640,5.17805,0.71505,3.70256,1.549,1.547,1075.3,185.21399,35.69593
1789866947.822,5641,5.18555,0.67843,3.51803,1.549,1.547,1075.3,185.24916,35.70271
1789866947.832,5642,5.20140,0.65700,3.41732,1.549,1.547,1075.3,185.28333,35.70928
1789866947.842,5643,5.20140,0.67344,3.50283,1.550,1.547,1075.3,185.31834,35.71601
1789866947.852,5644,5.20140,0.62586,3.25535,1.550,1.547,1075.3,185.35097,35.72228
1789866947.862,5645,5.20140,0.64604,3.36031,1.551,1.548,1075.3,185.38464,35.72876
1789866947.872,5646,5.18805,0.67569,3.50551,1.551,1.548,1075.3,185.41977,35.73553
1789866947.882,5647,5.20140,0.62536,3.25275,1.551,1.548,1075.3,185.45237,35.74179
1789866947.892,5648,5.20085,0.61094,3.17741,1.551,1.548,1075.3,185.48411,35.74790
1789866947.902,5649,5.20085,0.61094,3.17741,1.551,1.548,1075.3,185.51585,35.75400
1789866947.912,5650,5.17430,0.67170,3.47558,1.551,1.548,1075.3,185.55057,35.76071
1789866947.922,5651,5.18180,0.71680,3.71431,1.550,1.548,1075.3,185.58767,35.76787
1789866947.932,5652,5.19055,0.66148,3.43345,1.551,1.548,1075.3,185.62209,35.77450
1789866947.942,5653,5.18555,0.67843,3.51803,1.552,1.548,1075.3,185.65735,35.78130
1789866947.952,5654,5.19055,0.64828,3.36493,1.551,1.548,1075.3,185.69108,35.78780
1789866947.962,5655,5.20085,0.59596,3.09950,1.551,1.548,1075.3,185.72215,35.79377
1789866947.972,5656,5.20085,0.58674,3.05155,1.551,1.548,1075.3,185.75263,35.79963
1789866947.982,5657,5.20085,0.58749,3.05545,1.551,1.548,1075.3,185.78315,35.80550
1789866947.992,5658,5.20011,0.61356,3.19058,1.551,1.548,1075.3,185.81501,35.81163
1789866948.002,5659,5.21054,0.59895,3.12085,1.549,1.547,1075.3,185.84618,35.81761
1789866948.012,5660,5.18930,0.75392,3.91232,1.550,1.548,1075.3,185.88527,35.82514
1789866948.022,5661,5.18555,0.67843,3.51803,1.550,1.548,1075.3,185.92042,35.83192
1789866948.032,5662,5.18305,0.68540,3.55246,1.550,1.548,1075.3,185.95592,35.83877
1789866948.042,5663,5.20011,0.62586,3.25454,1.550,1.548,1075.3,185.98843,35.84502
1789866948.052,5664,5.20011,0.59023,3.06926,1.550,1.548,1075.3,186.01915,35.85093
1789866948.062,5665,5.20011,0.63184,3.28564,1.550,1.548,1075.3,186.05202,35.85725
1789866948.072,5666,5.20011,0.59745,3.10681,1.550,1.548,1075.3,186.08311,35.86323
1789866948.082,5667,5.20011,0.62735,3.26229,1.550,1.548,1075.3,186.11575,35.86951
1789866948.092,5668,5.19940,0.60443,3.14267,1.551,1.548,1075.3,186.14714,35.87554
1789866948.102,5669,5.19940,0.61690,3.20751,1.551,1.548,1075.3,186.17917,35.88170
1789866948.112,5670,5.18055,0.66547,3.44750,1.551,1.548,1075.3,186.21360,35.88835
1789866948.122,5671,5.19940,0.61690,3.20751,1.551,1.548,1075.3,186.24563,35.89451
1789866948.132,5672,5.19940,0.59122,3.07399,1.551,1.548,1075.3,186.27644,35.90044
1789866948.142,5673,5.19940,0.61690,3.20751,1.551,1.548,1075.3,186.30859,35.90662
1789866948.152,5674,5.19940,0.59421,3.08954,1.550,1.547,1075.3,186.33956,35.91258
1789866948.162,5675,5.19940,0.59322,3.08439,1.550,1.547,1075.3,186.37048,35.91852
1789866948.172,5676,5.19940,0.61690,3.20751,1.550,1.547,1075.3,186.40240,35.92466
1789866948.182,5677,5.19940,0.59023,3.06884,1.550,1.547,1075.3,186.43294,35.93054
1789866948.192,5678,5.19929,0.61766,3.21139,1.550,1.548,1075.3,186.46490,35.93668
1789866948.202,5679,5.19929,0.58624,3.04803,1.550,1.548,1075.3,186.49523,35.94252
1789866948.212,5680,5.19929,0.59795,3.10892,1.550,1.548,1075.3,186.52642,35.94852
1789866948.222,5681,5.19929,0.61766,3.21139,1.550,1.548,1075.3,186.55864,35.95471
1789866948.232,5682,5.19929,0.58948,3.06488,1.550,1.548,1075.3,186.58939,35.96063
1789866948.242,5683,5.19929,0.59247,3.08042,1.550,1.548,1075.3,186.62030,35.96657
1789866948.252,5684,5.19929,0.61766,3.21139,1.550,1.547,1075.3,186.65238,35.97274
1789866948.262,5685,5.19929,0.58674,3.05063,1.550,1.547,1075.3,186.68285,35.97860
1789866948.272,5686,5.19929,0.59272,3.08172,1.550,1.547,1075.3,186.71363,35.98452
1789866948.282,5687,5.19929,0.61766,3.21139,1.550,1.547,1075.3,186.74571,35.99069
1789866948.292,5688,5.19940,0.57976,3.01440,1.550,1.547,1075.3,186.77587,35.99649
1789866948.302,5689,5.19940,0.61736,3.20990,1.550,1.547,1075.3,186.80798,36.00267
1789866948.312,5690,5.19940,0.59496,3.09344,1.551,1.548,1075.3,186.83893,36.00862
1789866948.322,5691,5.19940,0.64404,3.34862,1.551,1.548,1075.3,186.87243,36.01506
1789866948.332,5692,5.18805,0.68640,3.56108,1.551,1.548,1075.3,186.90805,36.02193
1789866948.342,5693,5.19940,0.64031,3.32923,1.552,1.548,1075.3,186.94136,36.02834
1789866948.352,5694,5.18805,0.63682,3.30385,1.551,1.548,1075.3,186.97441,36.03471
1789866948.362,5695,5.19940,0.61736,3.20990,1.551,1.548,1075.3,187.00652,36.04088
1789866948.372,5696,5.19940,0.58799,3.05720,1.551,1.548,1075.3,187.03707,36.04676
1789866948.382,5697,5.19940,0.60717,3.15692,1.551,1.548,1075.3,187.06862,36.05283
1789866948.392,5698,5.19898,0.62984,3.27453,1.551,1.548,1075.3,187.10134,36.05912
1789866948.402,5699,5.19898,0.61940,3.22025,1.550,1.547,1075.3,187.13353,36.06531
1789866948.412,5700,5.19898,0.59720,3.10483,1.552,1.548,1075.3,187.16454,36.07128
1789866948.422,5701,5.18180,0.67743,3.51031,1.550,1.548,1075.3,187.19961,36.07804
1789866948.432,5702,5.19898,0.63433,3.29787,1.551,1.548,1075.3,187.23256,36.08438
1789866948.442,5703,5.19898,0.59596,3.09838,1.550,1.548,1075.3,187.26351,36.09033
1789866948.452,5704,5.19898,0.63283,3.29007,1.550,1.548,1075.3,187.29642,36.09667
1789866948.462,5705,5.19898,0.59272,3.08154,1.550,1.548,1075.3,187.32725,36.10259
1789866948.472,5706,5.19898,0.58848,3.05950,1.550,1.548,1075.3,187.35785,36.10848
1789866948.482,5707,5.19898,0.61940,3.22025,1.551,1.548,1075.3,187.39007,36.11468
1789866948.492,5708,5.19866,0.60293,3.13443,1.551,1.548,1075.3,187.42134,36.12069
1789866948.502,5709,5.19866,0.62028,3.22462,1.551,1.548,1075.3,187.45352,36.12688
1789866948.512,5710,5.19866,0.60169,3.12798,1.551,1.548,1075.3,187.48473,36.13289
1789866948.522,5711,5.19866,0.62028,3.22462,1.551,1.548,1075.3,187.51691,36.13908
1789866948.532,5712,5.19866,0.62028,3.22462,1.550,1.548,1075.3,187.54917,36.14528
1789866948.542,5713,5.19866,0.58574,3.04506,1.550,1.548,1075.3,187.57963,36.15114
1789866948.552,5714,5.19866,0.59571,3.09689,1.550,1.548,1075.3,187.61060,36.15710
1789866948.562,5715,5.19866,0.62028,3.22462,1.550,1.548,1075.3,187.64286,36.16330
1789866948.572,5716,5.20929,0.62028,3.23122,1.551,1.548,1075.3,187.67523,36.16952
1789866948.582,5717,5.20929,0.59147,3.08114,1.551,1.548,1075.3,187.70611,36.17545
1789866948.592,5718,5.19870,0.62021,3.22429,1.550,1.548,1075.3,187.73842,36.18166
1789866948.602,5719,5.19870,0.58250,3.02824,1.550,1.548,1075.3,187.76876,36.18750
1789866948.612,5720,5.19870,0.62021,3.22429,1.550,1.548,1075.3,187.80108,36.19371
1789866948.622,5721,5.19870,0.59471,3.09172,1.550,1.548,1075.3,187.83208,36.19968
1789866948.632,5722,5.19870,0.59098,3.07233,1.550,1.548,1075.3,187.86288,36.20560
1789866948.642,5723,5.19870,0.62021,3.22429,1.550,1.547,1075.3,187.89521,36.21182
1789866948.652,5724,5.20929,0.60318,3.14214,1.550,1.547,1075.3,187.92654,36.21783
1789866948.662,5725,5.19870,0.58549,3.04379,1.550,1.548,1075.3,187.95689,36.22367
1789866948.672,5726,5.19870,0.60916,3.16684,1.550,1.548,1075.3,187.98847,36.22975
1789866948.682,5727,5.19870,0.58549,3.04379,1.550,1.548,1075.3,188.01883,36.23559
1789866948.692,5728,5.19886,0.58375,3.03483,1.550,1.548,1075.3,188.04918,36.24143
1789866948.702,5729,5.19886,0.60617,3.15139,1.550,1.548,1075.3,188.08071,36.24749
1789866948.712,5730,5.19886,0.59347,3.08537,1.550,1.548,1075.3,188.11157,36.25343
1789866948.722,5731,5.19886,0.59272,3.08147,1.550,1.548,1075.3,188.14240,36.25935
1789866948.732,5732,5.19886,0.61883,3.21721,1.550,1.547,1075.3,188.17459,36.26555
1789866948.742,5733,5.19886,0.59471,3.09181,1.550,1.548,1075.3,188.20553,36.27150
1789866948.752,5734,5.19886,0.59048,3.06982,1.550,1.547,1075.3,188.23625,36.27741
1789866948.762,5735,5.19886,0.60318,3.13585,1.550,1.548,1075.3,188.26762,36.28344
1789866948.772,5736,5.19886,0.58425,3.03743,1.550,1.548,1075.3,188.29797,36.28928
1789866948.782,5737,5.19886,0.60493,3.14495,1.550,1.548,1075.3,188.32938,36.29532
1789866948.792,5738,5.19901,0.58425,3.03752,1.550,1.548,1075.3,188.35972,36.30116
1789866948.802,5739,5.19901,0.58724,3.05307,1.550,1.548,1075.3,188.39022,36.30702
1789866948.812,5740,5.19901,0.61834,3.21476,1.550,1.548,1075.3,188.42246,36.31322
1789866948.822,5741,5.19901,0.58300,3.03102,1.550,1.547,1075.3,188.45285,36.31907
1789866948.832,5742,5.19901,0.66173,3.44034,1.550,1.547,1075.3,188.48735,36.32571
1789866948.842,5743,5.19901,0.58799,3.05697,1.550,1.548,1075.3,188.51801,36.33160
1789866948.852,5744,5.19901,0.58475,3.04012,1.550,1.548,1075.3,188.54834,36.33744
1789866948.862,5745,5.19901,0.61834,3.21476,1.550,1.547,1075.3,188.58043,36.34361
1789866948.872,5746,5.19901,0.58674,3.05047,1.551,1.548,1075.3,188.61087,36.34946
1789866948.882,5747,5.19901,0.60518,3.14634,1.551,1.548,1075.3,188.64227,36.35550
1789866948.892,5748,5.19980,0.58724,3.05353,1.551,1.548,1075.3,188.67278,36.36137
1789866948.902,5749,5.19980,0.59471,3.09237,1.551,1.548,1075.3,188.70369,36.36732
1789866948.912,5750,5.19980,0.62511,3.25045,1.550,1.548,1075.3,188.73617,36.37356
1789866948.922,5751,5.19980,0.57877,3.00949,1.551,1.548,1075.3,188.76625,36.37935
1789866948.932,5752,5.18680,0.66522,3.45036,1.550,1.548,1075.3,188.80083,36.38601
1789866948.942,5753,5.19980,0.58674,3.05093,1.550,1.547,1075.3,188.83141,36.39190
1789866948.952,5754,5.19980,0.58824,3.05873,1.550,1.547,1075.3,188.86207,36.39779
1789866948.962,5755,5.19980,0.63707,3.31264,1.550,1.547,1075.3,188.89527,36.40418
1789866948.972,5756,5.19980,0.58475,3.04058,1.551,1.548,1075.3,188.92556,36.41000
1789866948.982,5757,5.19980,0.61476,3.19663,1.550,1.548,1075.3,188.95741,36.41613
1789866948.992,5758,5.20077,0.61077,3.17647,1.550,1.547,1075.3,188.98906,36.42221
1789866949.002,5759,5.20077,0.58923,3.06445,1.550,1.547,1075.3,189.01958,36.42808
1789866949.012,5760,5.20077,0.58599,3.04760,1.550,1.547,1075.3,189.05017,36.43396
1789866949.022,5761,5.20077,0.61077,3.17647,1.550,1.547,1075.3,189.08205,36.44009
1789866949.032,5762,5.20077,0.62287,3.23940,1.550,1.547,1075.3,189.11455,36.44634
1789866949.042,5763,5.18555,0.66647,3.45601,1.550,1.547,1075.3,189.14924,36.45303
1789866949.052,5764,5.20077,0.59745,3.10720,1.549,1.547,1075.3,189.18030,36.45900
1789866949.062,5765,5.20077,0.61077,3.17647,1.549,1.547,1075.3,189.21206,36.46511
1789866949.072,5766,5.20077,0.61077,3.17647,1.549,1.547,1075.3,189.24382,36.47122
1789866949.082,5767,5.20077,0.58649,3.05020,1.549,1.547,1075.3,189.27432,36.47708
1789866949.092,5768,5.20140,0.62062,3.22809,1.549,1.547,1075.3,189.30652,36.48327
1789866949.102,5769,5.20140,0.62461,3.24885,1.549,1.547,1075.3,189.33893,36.48950
1789866949.112,5770,5.20140,0.58898,3.06352,1.550,1.547,1075.3,189.36949,36.49538
1789866949.122,5771,5.20140,0.61988,3.22424,1.550,1.547,1075.3,189.40165,36.50156
1789866949.132,5772,5.20140,0.59397,3.08948,1.550,1.548,1075.3,189.43268,36.50753
1789866949.142,5773,5.20140,0.64305,3.34476,1.551,1.548,1075.3,189.46628,36.51399
1789866949.152,5774,5.18930,0.65725,3.41067,1.550,1.548,1075.3,189.50053,36.52059
1789866949.162,5775,5.18055,0.64404,3.33648,1.551,1.548,1075.3,189.53404,36.52706
1789866949.172,5776,5.20140,0.58026,3.01816,1.551,1.548,1075.3,189.56408,36.53283
1789866949.182,5777,5.20140,0.60779,3.16136,1.551,1.548,1075.3,189.59554,36.53888
1789866949.192,5778,5.20124,0.58724,3.05438,1.551,1.548,1075.3,189.62593,36.54472
1789866949.202,5779,5.20124,0.60813,3.16303,1.550,1.547,1075.3,189.65740,36.55077
1789866949.212,5780,5.20124,0.64230,3.34076,1.551,1.548,1075.3,189.69088,36.55721
1789866949.222,5781,5.20124,0.59347,3.08678,1.552,1.548,1075.3,189.72182,36.56316
1789866949.232,5782,5.20124,0.60813,3.16303,1.551,1.548,1075.3,189.75352,36.56925
1789866949.242,5783,5.20124,0.59073,3.07253,1.551,1.548,1075.3,189.78431,36.57517
1789866949.252,5784,5.20124,0.62112,3.23059,1.551,1.548,1075.3,189.81663,36.58139
1789866949.262,5785,5.20124,0.58898,3.06343,1.551,1.548,1075.3,189.84728,36.58728
1789866949.272,5786,5.20124,0.58998,3.06863,1.551,1.548,1075.3,189.87798,36.59318
1789866949.282,5787,5.20124,0.60813,3.16303,1.551,1.548,1075.3,189.90963,36.59927
1789866949.292,5788,5.20108,0.58674,3.05168,1.551,1.548,1075.3,189.94015,36.60513
1789866949.302,5789,5.20108,0.60825,3.16356,1.550,1.548,1075.3,189.97179,36.61122
1789866949.312,5790,5.20108,0.59397,3.08929,1.550,1.548,1075.3,190.00269,36.61716
1789866949.322,5791,5.20108,0.58300,3.03223,1.551,1.548,1075.3,190.03302,36.62299
1789866949.332,5792,5.20108,0.60825,3.16356,1.550,1.548,1075.3,190.06468,36.62908
1789866949.342,5793,5.18930,0.63806,3.31108,1.550,1.547,1075.3,190.09781,36.63546
1789866949.352,5794,5.18805,0.66124,3.43055,1.550,1.547,1075.3,190.13214,36.64208
1789866949.362,5795,5.20108,0.59272,3.08278,1.550,1.548,1075.3,190.16299,36.64801
1789866949.372,5796,5.20108,0.59397,3.08929,1.551,1.548,1075.3,190.19379,36.65393
1789866949.382,5797,5.20108,0.60825,3.16356,1.550,1.548,1075.3,190.22534,36.66000
1789866949.392,5798,5.20132,0.57976,3.01552,1.549,1.547,1075.3,190.25541,36.66578
1789866949.402,5799,5.20132,0.60688,3.15658,1.549,1.547,1075.3,190.28688,36.67183
1789866949.412,5800,5.20132,0.58250,3.02977,1.549,1.548,1075.3,190.31720,36.67766
1789866949.422,5801,5.20132,0.58525,3.04407,1.550,1.547,1075.3,190.34766,36.68351
1789866949.432,5802,5.20132,0.64629,3.36156,1.550,1.548,1075.3,190.38129,36.68998
1789866949.442,5803,5.18680,0.67967,3.52531,1.550,1.548,1075.3,190.41656,36.69678
1789866949.452,5804,5.18805,0.67120,3.48222,1.551,1.548,1075.3,190.45147,36.70351
1789866949.462,5805,5.20132,0.65052,3.38356,1.551,1.548,1075.3,190.48539,36.71003
1789866949.472,5806,5.19055,0.64355,3.34038,1.550,1.548,1075.3,190.51888,36.71648
1789866949.482,5807,5.20132,0.63059,3.27990,1.551,1.548,1075.3,190.55176,36.72281
1789866949.492,5808,5.20112,0.59720,3.10611,1.551,1.548,1075.3,190.58273,36.72876
1789866949.502,5809,5.20112,0.60762,3.16030,1.550,1.548,1075.3,190.61425,36.73482
1789866949.512,5810,5.20112,0.58076,3.02060,1.550,1.548,1075.3,190.64436,36.74061
1789866949.522,5811,5.20112,0.58923,3.06466,1.550,1.548,1075.3,190.67492,36.74648
1789866949.532,5812,5.20112,0.58873,3.06206,1.550,1.548,1075.3,190.70563,36.75239
1789866949.542,5813,5.20112,0.60762,3.16030,1.551,1.548,1075.3,190.73732,36.75848
1789866949.552,5814,5.19055,0.66697,3.46194,1.551,1.548,1075.3,190.77204,36.76517
1789866949.562,5815,5.20112,0.59222,3.08021,1.551,1.548,1075.3,190.80293,36.77111
1789866949.572,5816,5.20112,0.60762,3.16030,1.551,1.548,1075.3,190.83443,36.77717
1789866949.582,5817,5.20112,0.58574,3.04650,1.551,1.548,1075.3,190.86479,36.78300
1789866949.592,5818,5.20108,0.59720,3.10608,1.550,1.548,1075.3,190.89574,36.78895
1789866949.602,5819,5.20108,0.64953,3.37826,1.549,1.547,1075.3,190.92941,36.79543
1789866949.612,5820,5.20108,0.59496,3.09443,1.549,1.548,1075.3,190.96046,36.80140
1789866949.622,5821,5.20108,0.60768,3.16059,1.549,1.548,1075.3,190.99218,36.80750
1789866949.632,5822,5.20108,0.62959,3.27455,1.550,1.548,1075.3,191.02504,36.81381
1789866949.642,5823,5.20108,0.58649,3.05038,1.550,1.548,1075.3,191.05565,36.81970
1789866949.652,5824,5.20108,0.60768,3.16059,1.550,1.548,1075.3,191.08721,36.82577
1789866949.662,5825,5.20108,0.63333,3.29400,1.550,1.547,1075.3,191.12011,36.83209
1789866949.672,5826,5.20108,0.58898,3.06333,1.550,1.548,1075.3,191.15071,36.83798
1789866949.682,5827,5.20108,0.60768,3.16059,1.551,1.548,1075.3,191.18227,36.84405
1789866949.692,5828,5.20097,0.58400,3.03737,1.550,1.548,1075.3,191.21249,36.84986
1789866949.702,5829,5.20097,0.60756,3.15990,1.550,1.548,1075.3,191.24394,36.85590
1789866949.712,5830,5.20097,0.58674,3.05162,1.550,1.548,1075.3,191.27430,36.86174
1789866949.722,5831,5.20097,0.58201,3.02702,1.551,1.548,1075.3,191.30442,36.86753
1789866949.732,5832,5.20097,0.60756,3.15990,1.551,1.548,1075.3,191.33640,36.87368
1789866949.742,5833,5.20097,0.58624,3.04902,1.550,1.547,1075.3,191.36725,36.87961
1789866949.753,5834,5.20097,0.60756,3.15990,1.550,1.548,1075.3,191.39923,36.88576
1789866949.763,5835,5.20097,0.60756,3.15990,1.551,1.548,1075.3,191.43121,36.89191
1789866949.773,5836,5.20097,0.59446,3.09177,1.551,1.548,1075.3,191.46179,36.89779
1789866949.782,5837,5.20097,0.60756,3.15990,1.551,1.548,1075.3,191.49305,36.90380
1789866949.792,5838,5.20104,0.58998,3.06851,1.550,1.548,1075.3,191.52341,36.90964
1789866949.802,5839,5.20104,0.60731,3.15864,1.550,1.548,1075.3,191.55465,36.91564
1789866949.812,5840,5.20104,0.57852,3.00891,1.551,1.548,1075.3,191.58505,36.92149
1789866949.822,5841,5.20104,0.57902,3.01151,1.550,1.548,1075.3,191.61548,36.92734
1789866949.832,5842,5.20104,0.61988,3.22402,1.550,1.548,1075.3,191.64805,36.93360
1789866949.843,5843,5.20104,0.59222,3.08016,1.550,1.548,1075.3,191.67916,36.93958
1789866949.853,5844,5.20104,0.62611,3.25642,1.551,1.548,1075.3,191.71153,36.94581
1789866949.862,5845,5.18930,0.66921,3.47273,1.551,1.548,1075.3,191.74606,36.95246
1789866949.872,5846,5.20104,0.59421,3.09051,1.550,1.547,1075.3,191.77678,36.95837
1789866949.882,5847,5.20104,0.58450,3.04001,1.550,1.547,1075.3,191.80700,36.96418
1789866949.892,5848,5.20089,0.60733,3.15866,1.550,1.548,1075.3,191.83851,36.97023
1789866949.902,5849,5.20089,0.58450,3.03992,1.550,1.547,1075.3,191.86883,36.97607
1789866949.912,5850,5.20089,0.60733,3.15866,1.550,1.548,1075.3,191.90033,36.98212
1789866949.922,5851,5.20089,0.58948,3.06582,1.550,1.547,1075.3,191.93092,36.98800
1789866949.932,5852,5.20089,0.59073,3.07232,1.550,1.548,1075.3,191.96175,36.99393
1789866949.942,5853,5.20089,0.60733,3.15866,1.551,1.548,1075.3,191.99345,37.00003
1789866949.952,5854,5.20089,0.59073,3.07232,1.550,1.548,1075.3,192.02429,37.00596
1789866949.962,5855,5.20089,0.66423,3.45459,1.550,1.548,1075.3,192.05896,37.01262
1789866949.972,5856,5.20089,0.58500,3.04252,1.550,1.548,1075.3,192.08922,37.01844
1789866949.982,5857,5.20089,0.58774,3.05677,1.550,1.548,1075.3,192.11961,37.02428
1789866949.992,5858,5.20073,0.60758,3.15986,1.550,1.548,1075.3,192.15103,37.03033
1789866950.002,5859,5.20073,0.58799,3.05798,1.549,1.547,1075.3,192.18143,37.03617
1789866950.012,5860,5.20073,0.60758,3.15986,1.550,1.547,1075.3,192.21321,37.04228
1789866950.022,5861,5.20073,0.59546,3.09683,1.550,1.548,1075.3,192.24435,37.04827
1789866950.032,5862,5.20073,0.58724,3.05408,1.550,1.548,1075.3,192.27506,37.05417
1789866950.042,5863,5.20073,0.60758,3.15986,1.550,1.548,1075.3,192.30683,37.06028
1789866950.052,5864,5.20073,0.60758,3.15986,1.550,1.548,1075.3,192.33834,37.06634
1789866950.062,5865,5.20073,0.59347,3.08648,1.550,1.547,1075.3,192.36912,37.07226
1789866950.072,5866,5.20073,0.60758,3.15986,1.549,1.547,1075.3,192.40063,37.07832
1789866950.082,5867,5.20073,0.59696,3.10463,1.550,1.548,1075.3,192.43159,37.08427
1789866950.092,5868,5.20073,0.58624,3.04888,1.550,1.548,1075.3,192.46199,37.09012
1789866950.102,5869,5.20073,0.62511,3.25103,1.550,1.547,1075.3,192.49441,37.09635
1789866950.112,5870,5.20073,0.58998,3.06833,1.550,1.548,1075.3,192.52501,37.10223
1789866950.122,5871,5.20073,0.60764,3.16017,1.550,1.547,1075.3,192.55652,37.10829
1789866950.132,5872,5.20073,0.57976,3.01518,1.550,1.548,1075.3,192.58681,37.11412
1789866950.142,5873,5.20073,0.58375,3.03593,1.549,1.547,1075.3,192.61731,37.11998
1789866950.152,5874,5.20073,0.63109,3.28213,1.550,1.547,1075.3,192.65028,37.12632
1789866950.162,5875,5.18555,0.64255,3.33198,1.550,1.548,1075.3,192.68376,37.13278
1789866950.172,5876,5.20073,0.64604,3.35988,1.551,1.548,1075.3,192.71724,37.13922
1789866950.182,5877,5.20073,0.59197,3.07868,1.552,1.548,1075.3,192.74793,37.14512
1789866950.192,5878,5.20101,0.60671,3.15550,1.551,1.548,1075.3,192.77938,37.15116
1789866950.202,5879,5.20101,0.62536,3.25250,1.552,1.548,1075.3,192.81180,37.15740
1789866950.212,5880,5.20101,0.60671,3.15550,1.552,1.548,1075.3,192.84335,37.16346
1789866950.222,5881,5.20101,0.62337,3.24215,1.551,1.548,1075.3,192.87577,37.16970
1789866950.232,5882,5.20101,0.58624,3.04904,1.551,1.548,1075.3,192.90626,37.17556
1789866950.242,5883,5.20101,0.61988,3.22400,1.550,1.548,1075.3,192.93851,37.18176
1789866950.252,5884,5.20101,0.58898,3.06329,1.550,1.548,1075.3,192.96919,37.18766
1789866950.262,5885,5.20101,0.62586,3.25510,1.550,1.548,1075.3,193.00179,37.19393
1789866950.272,5886,5.18055,0.69487,3.59981,1.550,1.548,1075.3,193.03785,37.20089
1789866950.282,5887,5.20101,0.58649,3.05034,1.551,1.548,1075.3,193.06841,37.20676
1789866950.292,5888,5.20093,0.60708,3.15738,1.550,1.548,1075.3,193.10002,37.21284
1789866950.302,5889,5.20093,0.59098,3.07365,1.550,1.548,1075.3,193.13079,37.21876
1789866950.312,5890,5.20093,0.62237,3.23690,1.550,1.548,1075.3,193.16319,37.22499
1789866950.322,5891,5.20093,0.64330,3.34576,1.550,1.548,1075.3,193.19668,37.23143
1789866950.332,5892,5.20093,0.60708,3.15738,1.550,1.548,1075.3,193.22820,37.23749
1789866950.342,5893,5.20093,0.62013,3.22525,1.551,1.548,1075.3,193.26039,37.24368
1789866950.352,5894,5.20093,0.59073,3.07235,1.551,1.548,1075.3,193.29106,37.24957
1789866950.362,5895,5.20093,0.60708,3.15738,1.551,1.548,1075.3,193.32257,37.25563
1789866950.372,5896,5.18680,0.64081,3.32375,1.551,1.548,1075.3,193.35579,37.26204
1789866950.382,5897,5.20093,0.58624,3.04899,1.551,1.548,1075.3,193.38626,37.26790
1789866950.392,5898,5.20093,0.60720,3.15800,1.550,1.548,1075.3,193.41783,37.27396
1789866950.402,5899,5.20093,0.59297,3.08400,1.549,1.548,1075.3,193.44865,37.27989
1789866950.412,5900,5.20093,0.58500,3.04254,1.549,1.548,1075.3,193.47912,37.28575
1789866950.422,5901,5.20093,0.60720,3.15800,1.550,1.548,1075.3,193.51075,37.29183
1789866950.432,5902,5.20093,0.59471,3.09305,1.549,1.547,1075.3,193.54173,37.29779
1789866950.442,5903,5.20093,0.58674,3.05159,1.550,1.547,1075.3,193.57229,37.30366
1789866950.452,5904,5.20093,0.60720,3.15800,1.550,1.547,1075.3,193.60394,37.30975
1789866950.462,5905,5.20093,0.60720,3.15800,1.550,1.548,1049.7,193.63559,37.31583
1789866950.472,5906,5.20093,0.60720,3.15800,1.551,1.547,1049.7,193.66724,37.32192
1789866950.482,5907,5.20093,0.59397,3.08920,1.552,1.548,1075.3,193.69819,37.32787
1789866950.492,5908,5.20132,0.59496,3.09458,1.552,1.548,1075.3,193.72903,37.33380
1789866950.502,5909,5.20132,0.60580,3.15096,1.552,1.548,1075.3,193.76043,37.33984
1789866950.512,5910,5.20132,0.59122,3.07512,1.551,1.548,1075.3,193.79108,37.34573
1789866950.522,5911,5.20132,0.60580,3.15096,1.550,1.548,1075.3,193.82248,37.35177
1789866950.532,5912,5.20132,0.58275,3.03107,1.551,1.548,1075.3,193.85287,37.35761
1789866950.542,5913,5.20132,0.58674,3.05182,1.550,1.547,1075.3,193.88346,37.36349
1789866950.552,5914,5.20132,0.60580,3.15096,1.550,1.548,1075.3,193.91505,37.36956
1789866950.562,5915,5.20132,0.58475,3.04147,1.551,1.548,1075.3,193.94554,37.37543
1789866950.572,5916,5.17555,0.69960,3.62081,1.552,1.548,1075.3,193.98177,37.38243
1789866950.582,5917,5.18680,0.67768,3.51499,1.552,1.548,1075.3,194.01693,37.38920
1789866950.592,5918,5.18430,0.67618,3.50552,1.551,1.548,1075.3,194.05200,37.39597
1789866950.602,5919,5.18055,0.71879,3.72373,1.550,1.548,1075.3,194.08925,37.40316
1789866950.612,5920,5.20116,0.62660,3.25905,1.551,1.548,1075.3,194.12185,37.40943
1789866950.622,5921,5.20116,0.61938,3.22149,1.551,1.548,1075.3,194.15407,37.41562
1789866950.632,5922,5.19055,0.64928,3.37012,1.551,1.548,1049.7,194.18779,37.42212
1789866950.642,5923,5.20116,0.62511,3.25130,1.552,1.548,1049.7,194.22031,37.42837
1789866950.652,5924,5.20116,0.62660,3.25905,1.552,1.548,1049.7,194.25283,37.43462
1789866950.662,5925,5.18805,0.60668,3.14749,1.552,1.548,1049.7,194.28424,37.44068
1789866950.672,5926,5.18555,0.64230,3.33068,1.551,1.548,1049.7,194.31748,37.44709
1789866950.682,5927,5.20116,0.65650,3.41456,1.552,1.548,1049.7,194.35155,37.45364
1789866950.692,5928,5.20050,0.59446,3.09149,1.551,1.548,1049.7,194.38234,37.45956
1789866950.702,5929,5.20050,0.60982,3.17137,1.551,1.548,1049.7,194.41392,37.46563
1789866950.712,5930,5.20050,0.62312,3.24054,1.550,1.548,1049.7,194.44620,37.47184
1789866950.722,5931,5.20050,0.62187,3.23403,1.550,1.548,1049.7,194.47841,37.47803
1789866950.732,5932,5.20050,0.59272,3.08244,1.550,1.548,1049.7,194.50936,37.48398
1789866950.742,5933,5.20050,0.58475,3.04099,1.550,1.548,1049.7,194.53990,37.48986
1789866950.752,5934,5.20050,0.59521,3.09539,1.551,1.548,1049.7,194.57099,37.49583
1789866950.762,5935,5.20050,0.59347,3.08634,1.551,1.548,1049.7,194.60199,37.50179
1789866950.772,5936,5.20050,0.62461,3.24828,1.551,1.548,1049.7,194.63442,37.50803
1789866950.782,5937,5.18555,0.67942,3.52317,1.551,1.548,1049.7,194.66960,37.51482
1789866950.792,5938,5.20038,0.59197,3.07847,1.551,1.548,1049.7,194.70034,37.52073
1789866950.802,5939,5.20038,0.61079,3.17634,1.550,1.548,1049.7,194.73205,37.52682
1789866950.812,5940,5.20038,0.61079,3.17634,1.549,1.547,1049.7,194.76375,37.53292
1789866950.822,5941,5.20038,0.59970,3.11867,1.550,1.547,1049.7,194.79487,37.53890
1789866950.832,5942,5.20038,0.64006,3.32856,1.550,1.547,1049.7,194.82809,37.54529
1789866950.842,5943,5.20038,0.58923,3.06422,1.550,1.548,1049.7,194.85867,37.55117
1789866950.852,5944,5.20038,0.59122,3.07457,1.550,1.547,1049.7,194.88955,37.55711
1789866950.862,5945,5.20038,0.61079,3.17634,1.550,1.547,1049.7,194.92145,37.56324
1789866950.872,5946,5.20038,0.58898,3.06292,1.550,1.547,1049.7,194.95221,37.56916
1789866950.882,5947,5.18805,0.66821,3.46671,1.551,1.548,1075.3,194.98703,37.57587
1789866950.892,5948,5.18805,0.70060,3.63475,1.551,1.548,1075.3,195.02332,37.58287
1789866950.902,5949,5.20034,0.58599,3.04735,1.551,1.548,1075.3,195.05374,37.58872
1789866950.912,5950,5.20034,0.61116,3.17824,1.551,1.548,1075.3,195.08547,37.59482
1789866950.922,5951,5.21054,0.59147,3.08188,1.551,1.548,1075.3,195.11624,37.60072
1789866950.932,5952,5.20034,0.61116,3.17824,1.552,1.548,1075.3,195.14808,37.60685
1789866950.942,5953,5.20034,0.59098,3.07330,1.552,1.548,1075.3,195.17887,37.61277
1789866950.952,5954,5.20034,0.58973,3.06680,1.552,1.548,1075.3,195.20960,37.61868
1789866950.962,5955,5.20034,0.61116,3.17824,1.551,1.548,1075.3,195.24144,37.62480
1789866950.972,5956,5.20034,0.59820,3.11084,1.551,1.548,1075.3,195.27251,37.63077
1789866950.982,5957,5.20034,0.69014,3.58896,1.551,1.548,1075.3,195.30834,37.63766
1789866950.992,5958,5.20042,0.65376,3.39983,1.550,1.548,1049.7,195.34229,37.64419
1789866951.002,5959,5.20042,0.58848,3.06034,1.550,1.548,1049.7,195.37285,37.65007
1789866951.012,5960,5.20042,0.62262,3.23789,1.550,1.548,1049.7,195.40527,37.65630
1789866951.022,5961,5.20042,0.58799,3.05779,1.550,1.548,1049.7,195.43590,37.66219
1789866951.032,5962,5.20042,0.61187,3.18198,1.550,1.548,1049.7,195.46777,37.66832
1789866951.042,5963,5.20042,0.58475,3.04095,1.550,1.548,1049.7,195.49823,37.67418
1789866951.052,5964,5.20042,0.58549,3.04479,1.550,1.548,1049.7,195.52865,37.68003
1789866951.062,5965,5.20042,0.61187,3.18198,1.550,1.548,1049.7,195.56044,37.68614
1789866951.072,5966,5.20042,0.59098,3.07334,1.550,1.548,1049.7,195.59114,37.69204
1789866951.082,5967,5.18930,0.63707,3.30595,1.550,1.548,1049.7,195.62417,37.69841
1789866951.092,5968,5.20038,0.61173,3.18123,1.550,1.548,1049.7,195.65594,37.70452
1789866951.102,5969,5.20038,0.59446,3.09142,1.550,1.548,1049.7,195.68681,37.71045
1789866951.112,5970,5.20038,0.61173,3.18123,1.550,1.548,1049.7,195.71858,37.71656
1789866951.122,5971,5.20038,0.61173,3.18123,1.550,1.548,1049.7,195.75035,37.72267
1789866951.132,5972,5.20038,0.57927,3.01242,1.550,1.548,1049.7,195.78052,37.72847
1789866951.142,5973,5.20038,0.61173,3.18123,1.551,1.548,1049.7,195.81238,37.73460
1789866951.152,5974,5.20038,0.58450,3.03962,1.551,1.548,1049.7,195.84282,37.74045
1789866951.162,5975,5.20038,0.58400,3.03702,1.551,1.548,1049.7,195.87323,37.74630
1789866951.172,5976,5.20038,0.61173,3.18123,1.551,1.548,1049.7,195.90500,37.75241
1789866951.182,5977,5.20038,0.59172,3.07717,1.551,1.548,1049.7,195.93573,37.75832
1789866951.192,5978,5.18805,0.66198,3.43439,1.551,1.548,1049.7,195.97004,37.76493
1789866951.202,5979,5.20030,0.59546,3.09657,1.551,1.548,1049.7,196.00096,37.77088
1789866951.212,5980,5.20030,0.58724,3.05382,1.550,1.548,1049.7,196.03155,37.77676
1789866951.222,5981,5.20030,0.62187,3.23391,1.550,1.548,1049.7,196.06394,37.78299
1789866951.232,5982,5.20030,0.58624,3.04862,1.550,1.548,1049.7,196.09447,37.78886
1789866951.242,5983,5.20030,0.61177,3.18139,1.550,1.547,1049.7,196.12633,37.79499
1789866951.252,5984,5.20030,0.58749,3.05512,1.551,1.548,1049.7,196.15685,37.80086
1789866951.262,5985,5.20030,0.59446,3.09137,1.551,1.548,1049.7,196.18773,37.80679
1789866951.272,5986,5.20030,0.63034,3.27796,1.550,1.547,1049.7,196.22048,37.81309
1789866951.282,5987,5.20030,0.58724,3.05382,1.552,1.548,1049.7,196.25098,37.81896
1789866951.292,5988,5.20030,0.62511,3.25076,1.552,1.548,1049.7,196.28346,37.82520
1789866951.302,5989,5.20030,0.64629,3.36090,1.552,1.548,1075.3,196.31704,37.83166
1789866951.312,5990,5.18805,0.64255,3.33358,1.552,1.548,1075.3,196.35035,37.83808
1789866951.322,5991,5.17930,0.69487,3.59894,1.550,1.548,1075.3,196.38631,37.84502
1789866951.332,5992,5.18305,0.64903,3.36395,1.551,1.548,1075.3,196.42004,37.85153
1789866951.342,5993,5.20030,0.61161,3.18056,1.550,1.548,1049.7,196.45192,37.85766
1789866951.352,5994,5.20030,0.59297,3.08362,1.550,1.548,1049.7,196.48284,37.86361
1789866951.362,5995,5.20030,0.62760,3.26371,1.550,1.548,1049.7,196.51557,37.86990
1789866951.372,5996,5.20030,0.58724,3.05382,1.550,1.548,1049.7,196.54601,37.87575
1789866951.382,5997,5.20030,0.62436,3.24686,1.551,1.548,1049.7,196.57839,37.88198
1789866951.392,5998,5.17680,0.66273,3.43082,1.550,1.548,1049.7,196.61259,37.88859
1789866951.402,5999,5.17805,0.69537,3.60066,1.549,1.547,1049.7,196.64849,37.89552
1789866951.412,6000,5.18680,0.66871,3.46847,1.550,1.548,1049.7,196.68319,37.90221
1789866951.422,6001,5.19983,0.61382,3.19176,1.551,1.548,1049.7,196.71512,37.90835
1789866951.432,6002,5.19983,0.62984,3.27506,1.551,1.548,1049.7,196.74789,37.91465
1789866951.442,6003,5.19983,0.58948,3.06520,1.551,1.548,1049.7,196.77856,37.92055
1789866951.452,6004,5.19983,0.61382,3.19176,1.551,1.548,1049.7,196.81050,37.92669
1789866951.462,6005,5.19983,0.58774,3.05615,1.551,1.548,1049.7,196.84108,37.93257
1789866951.472,6006,5.19983,0.59696,3.10409,1.551,1.548,1049.7,196.87214,37.93855
1789866951.482,6007,5.19983,0.58699,3.05225,1.551,1.548,1049.7,196.90268,37.94442
1789866951.492,6008,5.18680,0.64753,3.35861,1.551,1.548,1049.7,196.93614,37.95087
1789866951.502,6009,5.19948,0.61553,3.20044,1.551,1.548,1049.7,196.96802,37.95700
1789866951.512,6010,5.19948,0.59546,3.09608,1.550,1.548,1049.7,196.99887,37.96294
1789866951.522,6011,5.19948,0.61553,3.20044,1.550,1.548,1049.7,197.03075,37.96907
1789866951.532,6012,5.19948,0.59023,3.06889,1.550,1.548,1049.7,197.06162,37.97500
1789866951.542,6013,5.19948,0.58948,3.06499,1.550,1.548,1049.7,197.09245,37.98093
1789866951.552,6014,5.19948,0.61553,3.20044,1.551,1.548,1049.7,197.12464,37.98713
1789866951.562,6015,5.19948,0.57927,3.01190,1.550,1.548,1049.7,197.15493,37.99295
1789866951.572,6016,5.19948,0.61553,3.20044,1.551,1.548,1049.7,197.18687,37.99909
1789866951.582,6017,5.19948,0.63159,3.28394,1.551,1.548,1049.7,197.21964,38.00540
1789866951.592,6018,5.19933,0.58923,3.06360,1.551,1.548,1049.7,197.25021,38.01128
1789866951.602,6019,5.19933,0.64180,3.33693,1.550,1.548,1049.7,197.28351,38.01768
1789866951.612,6020,5.19933,0.58898,3.06230,1.550,1.548,1049.7,197.31415,38.02357
1789866951.622,6021,5.19933,0.58799,3.05715,1.550,1.548,1049.7,197.34473,38.02946
1789866951.632,6022,5.19933,0.61581,3.20180,1.550,1.548,1049.7,197.37676,38.03562
1789866951.642,6023,5.19933,0.58649,3.04936,1.550,1.548,1049.7,197.40727,38.04148
1789866951.652,6024,5.19933,0.57951,3.01306,1.550,1.548,1049.7,197.43739,38.04728
1789866951.662,6025,5.19933,0.60518,3.14653,1.550,1.547,1049.7,197.46885,38.05333
1789866951.672,6026,5.19933,0.58400,3.03641,1.550,1.547,1049.7,197.49920,38.05917
1789866951.682,6027,5.19933,0.60518,3.14653,1.551,1.548,1049.7,197.53066,38.06522
1789866951.692,6028,5.20034,0.59272,3.08235,1.551,1.548,1049.7,197.56136,38.07112
1789866951.702,6029,5.20034,0.64280,3.34278,1.551,1.548,1049.7,197.59465,38.07752
1789866951.712,6030,5.20034,0.61126,3.17876,1.551,1.548,1049.7,197.62631,38.08361
1789866951.722,6031,5.20034,0.59048,3.07070,1.550,1.548,1049.7,197.65689,38.08949
1789866951.732,6032,5.20034,0.58674,3.05125,1.551,1.548,1049.7,197.68754,38.09538
1789866951.742,6033,5.20034,0.61126,3.17876,1.550,1.548,1049.7,197.71947,38.10152
1789866951.752,6034,5.20034,0.58201,3.02665,1.551,1.548,1049.7,197.74988,38.10737
1789866951.762,6035,5.20034,0.58873,3.06160,1.551,1.548,1049.7,197.78063,38.11328
1789866951.772,6036,5.20034,0.63557,3.30518,1.551,1.548,1049.7,197.81364,38.11963
1789866951.782,6037,5.20034,0.58923,3.06420,1.551,1.548,1049.7,197.84424,38.12552
1789866951.792,6038,5.20034,0.61131,3.17902,1.551,1.548,1049.7,197.87599,38.13162
1789866951.802,6039,5.20034,0.64853,3.37258,1.550,1.547,1049.7,197.90967,38.13810
1789866951.812,6040,5.20034,0.59347,3.08625,1.550,1.547,1049.7,197.94061,38.14405
1789866951.822,6041,5.20034,0.62835,3.26763,1.550,1.547,1049.7,197.97337,38.15035
1789866951.832,6042,5.20034,0.58051,3.01885,1.551,1.548,1049.7,198.00363,38.15617
1789866951.842,6043,5.20034,0.61131,3.17902,1.551,1.548,1049.7,198.03550,38.16229
1789866951.852,6044,5.20034,0.58699,3.05255,1.551,1.548,1049.7,198.06590,38.16814
1789866951.862,6045,5.20034,0.58525,3.04350,1.551,1.548,1049.7,198.09621,38.17397
1789866951.872,6046,5.20034,0.62561,3.25338,1.551,1.548,1049.7,198.12861,38.18020
1789866951.882,6047,5.20034,0.59073,3.07200,1.550,1.548,1049.7,198.15921,38.18608
1789866951.892,6048,5.20042,0.63483,3.30138,1.550,1.547,1049.7,198.19221,38.19243
1789866951.902,6049,5.20042,0.64853,3.37263,1.550,1.548,1049.7,198.22593,38.19891
1789866951.912,6050,5.20042,0.61091,3.17699,1.550,1.548,1049.7,198.25768,38.20502
1789866951.922,6051,5.20042,0.64454,3.35188,1.550,1.547,1049.7,198.29119,38.21146
1789866951.932,6052,5.20042,0.58450,3.03965,1.550,1.548,1049.7,198.32169,38.21733
1789866951.942,6053,5.20042,0.59970,3.11869,1.551,1.548,1049.7,198.35298,38.22334
1789866951.952,6054,5.20042,0.63159,3.28453,1.552,1.548,1049.7,198.38593,38.22968
1789866951.962,6055,5.20042,0.58450,3.03965,1.551,1.548,1049.7,198.41643,38.23554
1789866951.972,6056,5.20042,0.61091,3.17699,1.551,1.548,1049.7,198.44815,38.24164
1789866951.982,6057,5.21179,0.61091,3.18393,1.552,1.548,1049.7,198.47993,38.24774
1789866951.992,6058,5.20065,0.59172,3.07733,1.551,1.548,1049.7,198.51065,38.25365
1789866952.002,6059,5.18555,0.63732,3.30485,1.550,1.548,1049.7,198.54365,38.26001
1789866952.012,6060,5.20065,0.59397,3.08903,1.550,1.548,1049.7,198.57460,38.26596
1789866952.022,6061,5.20065,0.60979,3.17130,1.550,1.548,1049.7,198.60638,38.27207
1789866952.032,6062,5.20065,0.58873,3.06178,1.550,1.548,1049.7,198.63706,38.27797
1789866952.042,6063,5.21179,0.59098,3.08006,1.550,1.548,1049.7,198.66793,38.28390
1789866952.052,6064,5.20065,0.60979,3.17130,1.551,1.548,1049.7,198.69963,38.28999
1789866952.062,6065,5.20065,0.63233,3.28853,1.551,1.548,1049.7,198.73250,38.29631
1789866952.072,6066,5.20065,0.58674,3.05143,1.550,1.548,1049.7,198.76300,38.30218
1789866952.082,6067,5.20065,0.60979,3.17130,1.552,1.548,1049.7,198.79470,38.30827
1789866952.092,6068,5.20093,0.57777,3.00494,1.552,1.548,1049.7,198.82469,38.31404
1789866952.102,6069,5.20093,0.60931,3.16898,1.551,1.548,1049.7,198.85631,38.32012
1789866952.112,6070,5.18305,0.63906,3.31228,1.551,1.548,1049.7,198.88936,38.32649
1789866952.122,6071,5.20093,0.59197,3.07879,1.549,1.547,1049.7,198.92008,38.33240
1789866952.132,6072,5.20093,0.60931,3.16898,1.550,1.548,1049.7,198.95179,38.33850
1789866952.142,6073,5.20093,0.58599,3.04769,1.549,1.548,1049.7,198.98229,38.34436
1789866952.152,6074,5.20093,0.57951,3.01399,1.549,1.547,1049.7,199.01245,38.35016
1789866952.162,6075,5.20093,0.60931,3.16898,1.549,1.548,1049.7,199.04416,38.35626
1789866952.172,6076,5.20093,0.58500,3.04254,1.550,1.547,1049.7,199.07456,38.36210
1789866952.182,6077,5.20093,0.58450,3.03994,1.551,1.548,1049.7,199.10494,38.36795
1789866952.192,6078,5.20093,0.60937,3.16929,1.550,1.548,1049.7,199.13661,38.37404
1789866952.202,6079,5.20093,0.60937,3.16929,1.550,1.547,1049.7,199.16829,38.38012
1789866952.212,6080,5.17805,0.66348,3.43553,1.550,1.547,1049.7,199.20260,38.38675
1789866952.222,6081,5.20093,0.63283,3.29130,1.550,1.548,1049.7,199.23547,38.39307
1789866952.232,6082,5.20093,0.58998,3.06844,1.551,1.548,1049.7,199.26612,38.39897
1789866952.242,6083,5.20093,0.60937,3.16929,1.551,1.548,1049.7,199.29778,38.40505
1789866952.252,6084,5.20093,0.58350,3.03474,1.551,1.548,1049.7,199.32826,38.41091
1789866952.262,6085,5.20093,0.58998,3.06844,1.551,1.548,1049.7,199.35908,38.41684
1789866952.272,6086,5.20093,0.60937,3.16929,1.551,1.548,1049.7,199.39091,38.42296
1789866952.282,6087,5.20093,0.58375,3.03604,1.551,1.548,1049.7,199.42141,38.42882
1789866952.292,6088,5.20097,0.59098,3.07367,1.551,1.548,1049.7,199.45196,38.43470
1789866952.302,6089,5.20097,0.60945,3.16973,1.550,1.548,1049.7,199.48348,38.44076
1789866952.312,6090,5.19055,0.63956,3.31967,1.550,1.548,1049.7,199.51648,38.44711
1789866952.322,6091,5.20097,0.60945,3.16973,1.550,1.548,1049.7,199.54799,38.45317
1789866952.332,6092,5.20097,0.59023,3.06977,1.550,1.548,1049.7,199.57883,38.45910
1789866952.342,6093,5.20097,0.58624,3.04902,1.551,1.548,1049.7,199.60946,38.46499
1789866952.352,6094,5.20097,0.60945,3.16973,1.552,1.548,1049.7,199.64130,38.47111
1789866952.362,6095,5.20097,0.58923,3.06457,1.551,1.548,1049.7,199.67209,38.47703
1789866952.372,6096,5.20097,0.58500,3.04257,1.551,1.548,1049.7,199.70262,38.48290
1789866952.382,6097,5.20097,0.60945,3.16973,1.551,1.548,1049.7,199.73442,38.48902
1789866952.392,6098,5.20151,0.58624,3.04933,1.551,1.548,1049.7,199.76501,38.49490
1789866952.402,6099,5.20151,0.58475,3.04158,1.551,1.548,1049.7,199.79553,38.50077
1789866952.412,6100,5.20151,0.64180,3.33833,1.550,1.547,1049.7,199.82879,38.50716
1789866952.422,6101,5.20151,0.64454,3.35258,1.551,1.548,1049.7,199.86218,38.51358
1789866952.432,6102,5.20151,0.61913,3.22041,1.551,1.548,1049.7,199.89426,38.51975
1789866952.442,6103,5.20151,0.59098,3.07399,1.550,1.548,1049.7,199.92488,38.52564
1789866952.452,6104,5.20151,0.59596,3.09989,1.550,1.548,1049.7,199.95590,38.53160
1789866952.462,6105,5.20151,0.62536,3.25282,1.549,1.547,1049.7,199.98846,38.53786
1789866952.472,6106,5.20151,0.58176,3.02603,1.549,1.547,1049.7,200.01874,38.54368
1789866952.482,6107,5.20151,0.60706,3.15763,1.550,1.548,1049.7,200.05034,38.54975
1789866952.492,6108,5.20190,0.58973,3.06772,1.550,1.548,1049.7,200.08097,38.55564
1789866952.502,6109,5.20190,0.58425,3.03921,1.549,1.548,1049.7,200.11133,38.56148
1789866952.512,6110,5.20190,0.63059,3.28027,1.550,1.548,1049.7,200.14409,38.56778
1789866952.522,6111,5.18555,0.63333,3.28416,1.549,1.548,1049.7,200.17689,38.57410
1789866952.532,6112,5.20190,0.64803,3.37099,1.550,1.548,1049.7,200.21068,38.58060
1789866952.542,6113,5.20190,0.60523,3.14835,1.549,1.547,1049.7,200.24224,38.58667
1789866952.552,6114,5.20190,0.60523,3.14835,1.550,1.547,1049.7,200.27380,38.59273
1789866952.562,6115,5.20190,0.58026,3.01845,1.550,1.548,1049.7,200.30406,38.59855
1789866952.572,6116,5.20190,0.58948,3.06642,1.550,1.548,1049.7,200.33464,38.60443
1789866952.582,6117,5.20190,0.60523,3.14835,1.551,1.548,1049.7,200.36603,38.61046
1789866952.592,6118,5.20194,0.63607,3.30880,1.551,1.548,1049.7,200.39902,38.61680
1789866952.602,6119,5.20194,0.59297,3.08459,1.551,1.548,1049.7,200.42978,38.62272
1789866952.612,6120,5.20194,0.63059,3.28029,1.551,1.548,1049.7,200.46257,38.62902
1789866952.622,6121,5.20194,0.59197,3.07939,1.551,1.548,1049.7,200.49335,38.63494
1789866952.632,6122,5.20194,0.58923,3.06514,1.551,1.548,1049.7,200.52399,38.64083
1789866952.642,6123,5.20194,0.60485,3.14639,1.551,1.548,1049.7,200.55544,38.64687
1789866952.652,6124,5.20194,0.62137,3.23233,1.551,1.548,1049.7,200.58786,38.65311
1789866952.662,6125,5.20194,0.58624,3.04959,1.551,1.548,1049.7,200.61845,38.65899
1789866952.672,6126,5.20194,0.61639,3.20642,1.551,1.548,1049.7,200.65061,38.66517
1789866952.682,6127,5.20194,0.58450,3.04053,1.551,1.548,1049.7,200.68110,38.67103
1789866952.692,6128,5.20214,0.60454,3.14490,1.550,1.548,1049.7,200.71239,38.67704
1789866952.702,6129,5.20214,0.64105,3.33483,1.550,1.547,1049.7,200.74556,38.68342
1789866952.712,6130,5.20214,0.58749,3.05621,1.550,1.548,1049.7,200.77596,38.68927
1789866952.722,6131,5.18180,0.65725,3.40574,1.550,1.548,1049.7,200.80984,38.69580
1789866952.732,6132,5.20214,0.64105,3.33483,1.551,1.548,1049.7,200.84329,38.70223
1789866952.742,6133,5.20214,0.58873,3.06266,1.551,1.548,1049.7,200.87400,38.70814
1789866952.752,6134,5.20214,0.61938,3.22210,1.551,1.548,1049.7,200.90631,38.71435
1789866952.762,6135,5.20214,0.58998,3.06916,1.552,1.548,1049.7,200.93709,38.72026
1789866952.772,6136,5.20214,0.58973,3.06786,1.551,1.548,1049.7,200.96775,38.72616
1789866952.782,6137,5.20214,0.60454,3.14490,1.552,1.548,1049.7,200.99918,38.73220
1789866952.792,6138,5.20210,0.58624,3.04968,1.552,1.548,1049.7,201.02965,38.73806
1789866952.802,6139,5.20210,0.60473,3.14587,1.552,1.548,1049.7,201.06109,38.74410
1789866952.812,6140,5.20210,0.58350,3.03543,1.551,1.548,1049.7,201.09140,38.74993
1789866952.822,6141,5.18930,0.60473,3.13813,1.551,1.548,1049.7,201.12273,38.75596
1789866952.832,6142,5.20210,0.62038,3.22728,1.551,1.548,1049.7,201.15495,38.76216
1789866952.842,6143,5.20210,0.59023,3.07044,1.550,1.548,1049.7,201.18561,38.76805
1789866952.852,6144,5.20210,0.61838,3.21687,1.550,1.548,1049.7,201.21795,38.77427
1789866952.862,6145,5.20210,0.58923,3.06523,1.550,1.548,1049.7,201.24877,38.78019
1789866952.872,6146,5.20210,0.58425,3.03933,1.550,1.548,1049.7,201.27933,38.78607
1789866952.882,6147,5.20210,0.60473,3.14587,1.551,1.548,1049.7,201.31096,38.79215
1789866952.892,6148,5.20222,0.58749,3.05625,1.551,1.548,1049.7,201.34145,38.79801
1789866952.902,6149,5.20222,0.60471,3.14583,1.551,1.548,1049.7,201.37283,38.80404
1789866952.912,6150,5.20222,0.58549,3.04585,1.551,1.548,1049.7,201.40322,38.80988
1789866952.922,6151,5.20222,0.60471,3.14583,1.551,1.548,1049.7,201.43460,38.81591
1789866952.932,6152,5.20222,0.60471,3.14583,1.551,1.548,1049.7,201.46614,38.82198
1789866952.942,6153,5.20222,0.58824,3.06015,1.551,1.548,1049.7,201.49682,38.82788
1789866952.952,6154,5.20222,0.59272,3.08346,1.551,1.548,1049.7,201.52774,38.83382
1789866952.962,6155,5.20222,0.60471,3.14583,1.551,1.548,1049.7,201.55928,38.83988
1789866952.972,6156,5.20222,0.58026,3.01864,1.550,1.548,1049.7,201.58933,38.84566
1789866952.982,6157,5.20222,0.58375,3.03680,1.551,1.548,1049.7,201.61956,38.85147
1789866952.992,6158,5.20218,0.61788,3.21432,1.551,1.548,1049.7,201.65156,38.85762
1789866953.002,6159,5.20218,0.58350,3.03547,1.550,1.548,1049.7,201.68178,38.86343
1789866953.012,6160,5.20218,0.60451,3.14477,1.550,1.548,1049.7,201.71333,38.86949
1789866953.022,6161,5.20218,0.58923,3.06528,1.550,1.548,1049.7,201.74408,38.87541
1789866953.032,6162,5.20218,0.58525,3.04458,1.551,1.548,1049.7,201.77463,38.88128
1789866953.042,6163,5.20218,0.63856,3.32190,1.551,1.548,1049.7,201.80796,38.88768
1789866953.052,6164,5.20218,0.59073,3.07308,1.551,1.548,1049.7,201.83871,38.89360
1789866953.062,6165,5.20218,0.60451,3.14477,1.551,1.548,1049.7,201.87018,38.89964
1789866953.072,6166,5.20218,0.60451,3.14477,1.551,1.548,1049.7,201.90165,38.90569
1789866953.082,6167,5.20218,0.59073,3.07308,1.551,1.548,1049.7,201.93240,38.91160
1789866953.092,6168,5.20226,0.58824,3.06018,1.551,1.548,1049.7,201.96289,38.91747
1789866953.102,6169,5.20226,0.60405,3.14243,1.551,1.548,1049.7,201.99420,38.92348
1789866953.112,6170,5.20226,0.60405,3.14243,1.551,1.548,1049.7,202.02551,38.92950
1789866953.122,6171,5.20226,0.63283,3.29215,1.550,1.548,1049.7,202.05831,38.93581
1789866953.132,6172,5.20226,0.63009,3.27789,1.550,1.548,1049.7,202.09121,38.94213
1789866953.142,6173,5.20226,0.61888,3.21957,1.550,1.548,1049.7,202.12353,38.94835
1789866953.152,6174,5.20226,0.63333,3.29475,1.550,1.548,1049.7,202.15661,38.95470
1789866953.162,6175,5.20226,0.58450,3.04072,1.550,1.548,1049.7,202.18713,38.96057
1789866953.172,6176,5.20226,0.62486,3.25068,1.550,1.548,1049.7,202.21948,38.96679
1789866953.182,6177,5.20226,0.63607,3.30900,1.550,1.548,1049.7,202.25240,38.97312
1789866953.192,6178,5.20233,0.58300,3.03296,1.550,1.548,1049.7,202.28258,38.97892
1789866953.202,6179,5.20233,0.60391,3.14174,1.550,1.548,1049.7,202.31385,38.98493
1789866953.212,6180,5.20233,0.58998,3.06927,1.550,1.548,1049.7,202.34462,38.99084
1789866953.222,6181,5.20233,0.60391,3.14174,1.551,1.548,1049.7,202.37611,38.99690
1789866953.232,6182,5.18930,0.66622,3.45722,1.551,1.548,1049.7,202.41077,39.00358
1789866953.242,6183,5.20233,0.60391,3.14174,1.550,1.548,1049.7,202.44226,39.00963
1789866953.252,6184,5.20233,0.61689,3.20927,1.550,1.548,1049.7,202.47443,39.01581
1789866953.262,6185,5.20233,0.58998,3.06927,1.550,1.548,1049.7,202.50520,39.02173
1789866953.272,6186,5.20233,0.60391,3.14174,1.550,1.548,1049.7,202.53670,39.02778
1789866953.282,6187,5.20233,0.58001,3.01740,1.551,1.548,1049.7,202.56695,39.03360
1789866953.292,6188,5.20245,0.58001,3.01747,1.551,1.548,1049.7,202.59698,39.03937
1789866953.302,6189,5.20245,0.60330,3.13864,1.551,1.548,1049.7,202.62822,39.04537
1789866953.312,6190,5.20245,0.58649,3.05118,1.551,1.548,1049.7,202.65859,39.05121
1789866953.322,6191,5.20245,0.60330,3.13864,1.550,1.548,1049.7,202.68983,39.05722
1789866953.332,6192,5.20245,0.60330,3.13864,1.550,1.548,1049.7,202.72124,39.06325
1789866953.342,6193,5.20245,0.62586,3.25601,1.549,1.548,1049.7,202.75383,39.06952
1789866953.352,6194,5.18805,0.64230,3.33228,1.549,1.547,1049.7,202.78717,39.07595
1789866953.362,6195,5.20245,0.62635,3.25855,1.549,1.548,1049.7,202.81978,39.08221
1789866953.372,6196,5.20245,0.62461,3.24950,1.549,1.547,1049.7,202.85230,39.08846
1789866953.382,6197,5.19180,0.63931,3.31917,1.550,1.548,1049.7,202.88551,39.09486
1789866953.392,6198,5.20210,0.62337,3.24283,1.551,1.548,1049.7,202.91795,39.10110
1789866953.402,6199,5.20210,0.62586,3.25579,1.550,1.548,1049.7,202.95053,39.10736
1789866953.412,6200,5.19180,0.64629,3.35541,1.550,1.548,1049.7,202.98414,39.11383
1789866953.422,6201,5.20210,0.62536,3.25319,1.550,1.548,1049.7,203.01673,39.12010
1789866953.432,6202,5.20210,0.60489,3.14670,1.551,1.548,1049.7,203.04824,39.12616
1789866953.442,6203,5.20210,0.58201,3.02767,1.551,1.548,1049.7,203.07857,39.13199
1789866953.452,6204,5.20210,0.58824,3.06008,1.550,1.548,1049.7,203.10921,39.13787
1789866953.462,6205,5.20210,0.61589,3.20392,1.550,1.548,1049.7,203.14128,39.14404
1789866953.472,6206,5.20210,0.58574,3.04708,1.550,1.548,1049.7,203.17179,39.14990
1789866953.482,6207,5.20210,0.60489,3.14670,1.550,1.548,1049.7,203.20329,39.15596
1789866953.492,6208,5.20190,0.58624,3.04956,1.550,1.548,1049.7,203.23361,39.16179
1789866953.502,6209,5.20190,0.58076,3.02106,1.550,1.548,1049.7,203.26365,39.16756
1789866953.512,6210,5.20190,0.60546,3.14954,1.550,1.548,1049.7,203.29497,39.17358
1789866953.522,6211,5.20190,0.58749,3.05606,1.550,1.548,1049.7,203.32536,39.17943
1789866953.532,6212,5.20190,0.60546,3.14954,1.551,1.548,1049.7,203.35704,39.18552
1789866953.542,6213,5.20190,0.64081,3.33343,1.551,1.548,1049.7,203.39058,39.19196
1789866953.552,6214,5.20190,0.60546,3.14954,1.552,1.548,1049.7,203.42227,39.19806
1789866953.562,6215,5.20190,0.63258,3.29062,1.552,1.548,1049.7,203.45537,39.20442
1789866953.572,6216,5.20190,0.58599,3.04826,1.551,1.548,1049.7,203.48579,39.21027
1789866953.582,6217,5.20190,0.60546,3.14954,1.551,1.548,1049.7,203.51722,39.21631
1789866953.592,6218,5.20194,0.58325,3.03403,1.551,1.548,1049.7,203.54750,39.22213
1789866953.602,6219,5.20194,0.58001,3.01718,1.551,1.548,1049.7,203.57760,39.22792
1789866953.612,6220,5.20194,0.61863,3.21808,1.550,1.547,1049.7,203.60975,39.23410
1789866953.622,6221,5.20194,0.59222,3.08069,1.550,1.547,1049.7,203.64052,39.24001
1789866953.632,6222,5.20194,0.60568,3.15071,1.550,1.548,1049.7,203.67199,39.24606
1789866953.642,6223,5.20194,0.59347,3.08720,1.550,1.547,1049.7,203.70283,39.25199
1789866953.652,6224,5.20194,0.60568,3.15071,1.550,1.548,1049.7,203.73445,39.25807
1789866953.662,6225,5.19180,0.62984,3.27000,1.550,1.548,1049.7,203.76727,39.26439
1789866953.672,6226,5.20194,0.58774,3.05739,1.550,1.548,1049.7,203.79796,39.27029
1789866953.682,6227,5.20194,0.60568,3.15071,1.550,1.548,1049.7,203.82958,39.27637
1789866953.692,6228,5.20186,0.62785,3.26599,1.551,1.548,1049.7,203.86204,39.28261
1789866953.702,6229,5.20186,0.58624,3.04954,1.551,1.548,1049.7,203.89235,39.28843
1789866953.712,6230,5.20186,0.60582,3.15139,1.551,1.548,1049.7,203.92367,39.29446
1789866953.722,6231,5.20186,0.60582,3.15139,1.550,1.548,1049.7,203.95499,39.30048
1789866953.732,6232,5.20186,0.60582,3.15139,1.551,1.548,1049.7,203.98658,39.30655
1789866953.742,6233,5.19180,0.64155,3.33080,1.551,1.548,1049.7,204.01996,39.31298
1789866953.752,6234,5.20186,0.58475,3.04179,1.550,1.547,1049.7,204.05046,39.31884
1789866953.762,6235,5.20186,0.60582,3.15139,1.550,1.548,1049.7,204.08205,39.32491
1789866953.772,6236,5.20186,0.59397,3.08975,1.549,1.547,1049.7,204.11297,39.33086
1789866953.782,6237,5.20186,0.58574,3.04694,1.550,1.548,1049.7,204.14346,39.33672
1789866953.792,6238,5.20202,0.60503,3.14738,1.550,1.548,1049.7,204.17495,39.34277
1789866953.802,6239,5.20202,0.63732,3.31535,1.549,1.548,1049.7,204.20813,39.34915
1789866953.812,6240,5.20202,0.58624,3.04963,1.550,1.548,1049.7,204.23868,39.35503
1789866953.822,6241,5.20202,0.60503,3.14738,1.550,1.548,1049.7,204.27021,39.36109
1789866953.832,6242,5.20202,0.58599,3.04833,1.550,1.548,1049.7,204.30075,39.36696
1789866953.842,6243,5.20202,0.58425,3.03928,1.550,1.548,1049.7,204.33120,39.37281
1789866953.852,6244,5.20202,0.60503,3.14738,1.550,1.548,1049.7,204.36271,39.37887
1789866953.862,6245,5.20202,0.60503,3.14738,1.550,1.548,1049.7,204.39421,39.38492
1789866953.872,6246,5.20202,0.59122,3.07554,1.550,1.548,1049.7,204.42499,39.39084
1789866953.882,6247,5.20202,0.60503,3.14738,1.550,1.548,1049.7,204.45650,39.39690
1789866953.892,6248,5.20202,0.58824,3.06004,1.550,1.548,1049.7,204.48702,39.40276
1789866953.902,6249,5.20202,0.60498,3.14712,1.550,1.548,1049.7,204.51842,39.40880
1789866953.912,6250,5.20202,0.57677,3.00037,1.550,1.548,1049.7,204.54835,39.41455
1789866953.922,6251,5.20202,0.58201,3.02763,1.550,1.548,1049.7,204.57855,39.42036
1789866953.932,6252,5.20202,0.60498,3.14712,1.550,1.548,1049.7,204.60999,39.42640
1789866953.942,6253,5.20202,0.58923,3.06519,1.551,1.548,1049.7,204.64062,39.43229
1789866953.952,6254,5.20202,0.59372,3.08854,1.551,1.548,1049.7,204.67148,39.43822
1789866953.962,6255,5.20202,0.61639,3.20647,1.551,1.548,1049.7,204.70351,39.44438
1789866953.972,6256,5.20202,0.58674,3.05223,1.551,1.548,1049.7,204.73400,39.45024
1789866953.982,6257,5.20202,0.58001,3.01722,1.552,1.548,1049.7,204.76415,39.45604
1789866953.992,6258,5.20210,0.60464,3.14540,1.551,1.548,1049.7,204.79557,39.46208
1789866954.002,6259,5.20210,0.58250,3.03022,1.551,1.548,1049.7,204.82584,39.46790
1789866954.012,6260,5.20210,0.60464,3.14540,1.550,1.548,1049.7,204.85732,39.47395
1789866954.022,6261,5.20210,0.59172,3.07819,1.551,1.548,1049.7,204.88813,39.47987
1789866954.032,6262,5.20210,0.58799,3.05878,1.551,1.548,1049.7,204.91875,39.48576
1789866954.042,6263,5.20210,0.60464,3.14540,1.551,1.548,1049.7,204.95023,39.49181
1789866954.052,6264,5.20210,0.59048,3.07174,1.550,1.548,1049.7,204.98097,39.49772
1789866954.062,6265,5.20210,0.60464,3.14540,1.551,1.548,1049.7,205.01245,39.50377
1789866954.072,6266,5.20210,0.58500,3.04323,1.551,1.548,1049.7,205.04291,39.50962
1789866954.082,6267,5.20210,0.58873,3.06263,1.551,1.548,1049.7,205.07356,39.51552
1789866954.092,6268,5.20202,0.60473,3.14582,1.552,1.548,1049.7,205.10496,39.52155
1789866954.102,6269,5.20202,0.58425,3.03928,1.551,1.548,1049.7,205.13530,39.52738
1789866954.112,6270,5.20202,0.60473,3.14582,1.552,1.548,1049.7,205.16670,39.53342
1789866954.122,6271,5.20202,0.58649,3.05093,1.551,1.548,1049.7,205.19716,39.53928
1789866954.132,6272,5.20202,0.58151,3.02503,1.551,1.548,1049.7,205.22752,39.54511
1789866954.142,6273,5.20202,0.60473,3.14582,1.551,1.548,1049.7,205.25909,39.55118
1789866954.152,6274,5.20202,0.64753,3.36846,1.551,1.548,1049.7,205.29290,39.55768
1789866954.162,6275,5.20202,0.59272,3.08334,1.551,1.548,1049.7,205.32385,39.56363
1789866954.172,6276,5.20202,0.60473,3.14582,1.551,1.548,1049.7,205.35518,39.56965
1789866954.182,6277,5.20202,0.59397,3.08984,1.551,1.548,1049.7,205.38594,39.57557
1789866954.192,6278,5.20214,0.58624,3.04970,1.551,1.548,1049.7,205.41631,39.58140
1789866954.202,6279,5.20214,0.62137,3.23245,1.551,1.548,1049.7,205.44850,39.58759
1789866954.212,6280,5.20214,0.60463,3.14537,1.551,1.548,1049.7,205.48001,39.59365
1789866954.222,6281,5.20214,0.60463,3.14537,1.551,1.548,1049.7,205.51152,39.59971
1789866954.232,6282,5.20214,0.58076,3.02119,1.551,1.548,1049.7,205.54178,39.60552
1789866954.242,6283,5.20214,0.60463,3.14537,1.551,1.548,1049.7,205.57329,39.61158
1789866954.252,6284,5.20214,0.65376,3.40095,1.551,1.548,1049.7,205.60736,39.61813
1789866954.262,6285,5.20214,0.58848,3.06136,1.551,1.548,1049.7,205.63803,39.62403
1789866954.272,6286,5.20214,0.63831,3.32058,1.551,1.548,1049.7,205.67130,39.63042
1789866954.282,6287,5.20214,0.60463,3.14537,1.551,1.548,1049.7,205.70281,39.63648
1789866954.292,6288,5.20218,0.57827,3.00826,1.550,1.548,1049.7,205.73274,39.64223
1789866954.302,6289,5.20218,0.60470,3.14576,1.550,1.548,1049.7,205.76404,39.64825
1789866954.312,6290,5.20218,0.59172,3.07823,1.550,1.548,1049.7,205.79466,39.65413
1789866954.322,6291,5.20218,0.61714,3.21047,1.550,1.548,1049.7,205.82660,39.66027
1789866954.332,6292,5.20218,0.64006,3.32971,1.550,1.548,1049.7,205.86007,39.66671
1789866954.342,6293,5.20218,0.59048,3.07178,1.550,1.548,1049.7,205.89094,39.67264
1789866954.352,6294,5.20218,0.60470,3.14576,1.552,1.548,1049.7,205.92256,39.67872
1789866954.362,6295,5.20218,0.63308,3.29340,1.552,1.548,1049.7,205.95566,39.68508
1789866954.372,6296,5.20218,0.59421,3.09119,1.551,1.548,1049.7,205.98652,39.69101
1789866954.382,6297,5.20218,0.60470,3.14576,1.551,1.548,1049.7,206.01793,39.69705
1789866954.392,6298,5.20241,0.61589,3.20411,1.551,1.548,1049.7,206.04993,39.70320
1789866954.402,6299,5.20241,0.59297,3.08487,1.551,1.548,1049.7,206.08073,39.70912
1789866954.412,6300,5.20241,0.61440,3.19636,1.550,1.548,1049.7,206.11266,39.71526
1789866954.422,6301,5.20241,0.58275,3.03170,1.550,1.548,1049.7,206.14294,39.72108
1789866954.432,6302,5.20241,0.60377,3.14106,1.551,1.548,1049.7,206.17432,39.72711
1789866954.442,6303,5.20241,0.62710,3.26243,1.551,1.548,1049.7,206.20691,39.73338
1789866954.452,6304,5.20241,0.58126,3.02395,1.550,1.548,1049.7,206.23718,39.73920
1789866954.462,6305,5.18930,0.66373,3.44429,1.551,1.548,1049.7,206.27166,39.74584
1789866954.472,6306,5.20241,0.59172,3.07837,1.550,1.548,1049.7,206.30248,39.75176
1789866954.482,6307,5.20241,0.59347,3.08747,1.550,1.548,1049.7,206.33339,39.75771
1789866954.492,6308,5.20292,0.62810,3.26795,1.550,1.548,1049.7,206.36601,39.76397
1789866954.502,6309,5.20292,0.58824,3.06057,1.550,1.548,1049.7,206.39655,39.76985
1789866954.512,6310,5.20292,0.57927,3.01390,1.550,1.548,1049.7,206.42663,39.77563
1789866954.522,6311,5.20292,0.60163,3.13023,1.549,1.548,1049.7,206.45788,39.78163
1789866954.532,6312,5.20292,0.58774,3.05796,1.550,1.548,1049.7,206.48847,39.78751
1789866954.542,6313,5.20292,0.60163,3.13023,1.551,1.548,1049.7,206.51978,39.79353
1789866954.552,6314,5.20292,0.60163,3.13023,1.551,1.548,1049.7,206.55110,39.79955
1789866954.562,6315,5.20292,0.64205,3.34053,1.551,1.548,1049.7,206.58452,39.80597
1789866954.572,6316,5.20292,0.61639,3.20703,1.551,1.548,1049.7,206.61663,39.81215
1789866954.582,6317,5.20292,0.59147,3.07737,1.552,1.548,1049.7,206.64745,39.81807
1789866954.592,6318,5.20307,0.58998,3.06971,1.552,1.548,1049.7,206.67819,39.82398
1789866954.602,6319,5.20307,0.60115,3.12783,1.551,1.548,1049.7,206.70952,39.83000
1789866954.612,6320,5.20307,0.58250,3.03079,1.551,1.548,1049.7,206.73983,39.83582
1789866954.622,6321,5.20307,0.58749,3.05675,1.551,1.548,1049.7,206.77040,39.84170
1789866954.632,6322,5.20307,0.60115,3.12783,1.551,1.548,1049.7,206.80168,39.84771
1789866954.642,6323,5.20307,0.58400,3.03859,1.551,1.548,1049.7,206.83206,39.85355
1789866954.652,6324,5.20307,0.61390,3.19416,1.550,1.548,1049.7,206.86408,39.85970
1789866954.662,6325,5.20307,0.60115,3.12783,1.551,1.548,1049.7,206.89542,39.86573
1789866954.672,6326,5.20307,0.58774,3.05805,1.550,1.548,1049.7,206.92607,39.87162
1789866954.682,6327,5.20307,0.62511,3.25249,1.550,1.548,1049.7,206.95867,39.87788
1789866954.692,6328,5.20315,0.60118,3.12803,1.551,1.548,1049.7,206.98976,39.88386
1789866954.702,6329,5.20315,0.58126,3.02438,1.550,1.548,1049.7,207.01982,39.88964
1789866954.712,6330,5.20315,0.61415,3.19551,1.550,1.548,1049.7,207.05158,39.89574
1789866954.722,6331,5.20315,0.58948,3.06715,1.550,1.548,1049.7,207.08207,39.90160
1789866954.732,6332,5.20315,0.58051,3.02048,1.551,1.548,1049.7,207.11238,39.90742
1789866954.742,6333,5.20315,0.63009,3.27845,1.550,1.548,1049.7,207.14528,39.91375
1789866954.752,6334,5.20315,0.58973,3.06845,1.550,1.548,1049.7,207.17607,39.91967
1789866954.762,6335,5.20315,0.60118,3.12803,1.551,1.548,1049.7,207.20746,39.92570
1789866954.772,6336,5.20315,0.64205,3.34068,1.551,1.548,1049.7,207.24082,39.93211
1789866954.782,6337,5.20315,0.64928,3.37830,1.551,1.548,1049.7,207.27455,39.93859
1789866954.792,6338,5.19305,0.64031,3.32516,1.551,1.548,1049.7,207.30775,39.94499
1789866954.802,6339,5.20311,0.58226,3.02956,1.551,1.548,1049.7,207.33800,39.95080
1789866954.812,6340,5.20311,0.58649,3.05157,1.550,1.548,1049.7,207.36863,39.95669
1789866954.822,6341,5.20311,0.62635,3.25897,1.549,1.548,1049.7,207.40135,39.96297
1789866954.832,6342,5.20311,0.57653,2.99975,1.550,1.548,1049.7,207.43146,39.96876
1789866954.842,6343,5.20311,0.60190,3.13175,1.549,1.547,1049.7,207.46290,39.97480
1789866954.852,6344,5.20311,0.63906,3.32510,1.550,1.548,1049.7,207.49621,39.98121
1789866954.862,6345,5.20311,0.60190,3.13175,1.550,1.548,1049.7,207.52759,39.98724
1789866954.872,6346,5.19305,0.65276,3.38982,1.550,1.547,1049.7,207.56155,39.99378
1789866954.882,6347,5.20311,0.60190,3.13175,1.551,1.548,1049.7,207.59293,39.99981
1789866954.892,6348,5.20311,0.61938,3.22270,1.552,1.548,1049.7,207.62501,40.00597
1789866954.902,6349,5.20311,0.60176,3.13102,1.551,1.548,1049.7,207.65618,40.01196
1789866954.912,6350,5.20311,0.61838,3.21750,1.551,1.548,1049.7,207.68821,40.01812
1789866954.922,6351,5.18930,0.60176,3.12271,1.550,1.548,1049.7,207.71929,40.02411
1789866954.932,6352,5.20311,0.60176,3.13102,1.550,1.548,1049.7,207.75069,40.03014
1789866954.942,6353,5.20311,0.61838,3.21750,1.550,1.548,1049.7,207.78296,40.03635
1789866954.952,6354,5.20311,0.59147,3.07748,1.550,1.548,1049.7,207.81383,40.04228
1789866954.962,6355,5.20311,0.60176,3.13102,1.550,1.548,1049.7,207.84523,40.04831
1789866954.972,6356,5.18180,0.63134,3.27148,1.550,1.548,1049.7,207.87779,40.05460
1789866954.982,6357,5.20311,0.58599,3.04897,1.551,1.548,1049.7,207.90814,40.06043
1789866954.992,6358,5.20307,0.61539,3.20192,1.551,1.548,1049.7,207.94001,40.06656
1789866955.002,6359,5.20307,0.60220,3.13329,1.550,1.548,1049.7,207.97120,40.07255
1789866955.012,6360,5.20307,0.60220,3.13329,1.549,1.548,1049.7,208.00264,40.07859
1789866955.022,6361,5.20307,0.58624,3.05025,1.550,1.547,1049.7,208.03325,40.08448
1789866955.032,6362,5.20307,0.58923,3.06580,1.549,1.548,1049.7,208.06401,40.09039
1789866955.042,6363,5.20307,0.60220,3.13329,1.549,1.548,1049.7,208.09546,40.09643
1789866955.052,6364,5.20307,0.58026,3.01913,1.550,1.548,1049.7,208.12561,40.10223
1789866955.062,6365,5.20307,0.60220,3.13329,1.550,1.548,1049.7,208.15690,40.10824
1789866955.072,6366,5.17930,0.68565,3.55119,1.550,1.548,1049.7,208.19237,40.11509
1789866955.082,6367,5.20307,0.58824,3.06065,1.550,1.548,1049.7,208.22294,40.12096
1789866955.092,6368,5.20307,0.61489,3.19932,1.550,1.548,1049.7,208.25486,40.12710
1789866955.102,6369,5.20307,0.60234,3.13402,1.551,1.548,1049.7,208.28614,40.13311
1789866955.112,6370,5.20307,0.58450,3.04119,1.551,1.548,1049.7,208.31649,40.13894
1789866955.122,6371,5.20307,0.60234,3.13402,1.551,1.548,1049.7,208.34776,40.14495
1789866955.132,6372,5.20307,0.58649,3.05155,1.551,1.548,1049.7,208.37836,40.15083
1789866955.142,6373,5.20307,0.57827,3.00878,1.551,1.548,1049.7,208.40852,40.15663
1789866955.152,6374,5.20307,0.60234,3.13402,1.552,1.548,1049.7,208.43994,40.16267
1789866955.162,6375,5.20307,0.60234,3.13402,1.552,1.548,1049.7,208.47136,40.16871
1789866955.172,6376,5.20307,0.61788,3.21487,1.551,1.548,1049.7,208.50344,40.17488
1789866955.182,6377,5.18930,0.64105,3.32660,1.551,1.548,1049.7,208.53664,40.18127
1789866955.192,6378,5.20292,0.64230,3.34184,1.551,1.548,1049.7,208.56999,40.18768
1789866955.202,6379,5.18680,0.65825,3.41421,1.551,1.548,1049.7,208.60406,40.19425
1789866955.212,6380,5.20292,0.58574,3.04756,1.550,1.548,1049.7,208.63463,40.20013
1789866955.222,6381,5.20292,0.58599,3.04886,1.550,1.548,1049.7,208.66522,40.20601
1789866955.232,6382,5.20292,0.60307,3.13772,1.551,1.548,1049.7,208.69670,40.21206
1789866955.242,6383,5.20292,0.58101,3.02295,1.551,1.548,1049.7,208.72702,40.21788
1789866955.252,6384,5.20292,0.58948,3.06702,1.551,1.548,1049.7,208.75770,40.22378
1789866955.262,6385,5.20292,0.60307,3.13772,1.552,1.548,1049.7,208.78908,40.22981
1789866955.272,6386,5.20292,0.58724,3.05536,1.551,1.548,1049.7,208.81963,40.23568
1789866955.282,6387,5.20292,0.66597,3.46499,1.551,1.548,1049.7,208.85429,40.24234
1789866955.292,6388,5.18305,0.67544,3.50084,1.552,1.548,1049.7,208.88913,40.24907
1789866955.302,6389,5.18805,0.64330,3.33747,1.552,1.548,1049.7,208.92235,40.25547
1789866955.312,6390,5.19180,0.65476,3.39938,1.552,1.548,1049.7,208.95618,40.26199
1789866955.322,6391,5.20261,0.64778,3.37015,1.552,1.548,1049.7,208.98973,40.26843
1789866955.332,6392,5.20261,0.58948,3.06683,1.551,1.548,1049.7,209.02046,40.27434
1789866955.342,6393,5.20261,0.60433,3.14409,1.552,1.548,1049.7,209.05197,40.28040
1789866955.352,6394,5.20261,0.59023,3.07074,1.551,1.548,1049.7,209.08274,40.28631
1789866955.362,6395,5.20261,0.59098,3.07464,1.551,1.548,1049.7,209.11355,40.29223
1789866955.372,6396,5.18680,0.61440,3.18677,1.551,1.548,1049.7,209.14539,40.29837
1789866955.382,6397,5.20261,0.67170,3.49459,1.551,1.548,1049.7,209.18030,40.30508
1789866955.392,6398,5.20218,0.59122,3.07563,1.552,1.548,1049.7,209.21103,40.31099
1789866955.402,6399,5.20218,0.65750,3.42043,1.551,1.548,1049.7,209.24520,40.31756
1789866955.412,6400,5.20218,0.60569,3.15091,1.550,1.548,1049.7,209.27674,40.32362
1789866955.422,6401,5.20218,0.60569,3.15091,1.550,1.548,1049.7,209.30827,40.32968
1789866955.432,6402,5.20218,0.62735,3.26359,1.550,1.548,1049.7,209.34094,40.33596
1789866955.442,6403,5.20218,0.63383,3.29730,1.551,1.548,1049.7,209.37394,40.34231
1789866955.452,6404,5.18930,0.64853,3.36542,1.550,1.548,1049.7,209.40769,40.34881
1789866955.462,6405,5.20218,0.59048,3.07178,1.551,1.548,1049.7,209.43850,40.35473
1789866955.472,6406,5.20218,0.60569,3.15091,1.551,1.548,1049.7,209.47010,40.36081
1789866955.482,6407,5.20218,0.60569,3.15091,1.551,1.548,1049.7,209.50170,40.36688
1789866955.492,6408,5.20202,0.60630,3.15398,1.551,1.548,1049.7,209.53306,40.37291
1789866955.502,6409,5.20202,0.60630,3.15398,1.551,1.548,1049.7,209.56441,40.37894
1789866955.512,6410,5.19180,0.65077,3.37867,1.551,1.548,1049.7,209.59800,40.38541
1789866955.522,6411,5.20202,0.58500,3.04318,1.551,1.548,1049.7,209.62825,40.39122
1789866955.532,6412,5.20202,0.60630,3.15398,1.550,1.548,1049.7,209.65977,40.39728
1789866955.542,6413,5.20202,0.57976,3.01592,1.550,1.548,1049.7,209.68992,40.40308
1789866955.552,6414,5.20202,0.60630,3.15398,1.551,1.548,1049.7,209.72144,40.40913
1789866955.562,6415,5.20202,0.63059,3.28034,1.552,1.548,1049.7,209.75422,40.41544
1789866955.572,6416,5.20202,0.59172,3.07814,1.551,1.548,1049.7,209.78530,40.42141
1789866955.582,6417,5.20202,0.60630,3.15398,1.551,1.548,1049.7,209.81715,40.42753
1789866955.592,6418,5.20194,0.59596,3.10015,1.552,1.548,1049.7,209.84846,40.43355
1789866955.602,6419,5.20194,0.59372,3.08850,1.552,1.548,1049.7,209.87964,40.43955
1789866955.612,6420,5.20194,0.60672,3.15612,1.551,1.548,1049.7,209.91096,40.44557
1789866955.622,6421,5.20194,0.58749,3.05609,1.550,1.547,1049.7,209.94127,40.45139
1789866955.632,6422,5.20194,0.58176,3.02628,1.551,1.548,1049.7,209.97130,40.45717
1789866955.642,6423,5.20194,0.60672,3.15612,1.550,1.547,1049.7,210.00261,40.46319
1789866955.652,6424,5.20194,0.58948,3.06644,1.549,1.547,1049.7,210.03332,40.46909
1789866955.662,6425,5.20194,0.61938,3.22198,1.550,1.547,1049.7,210.06559,40.47529
1789866955.672,6426,5.20194,0.58624,3.04959,1.550,1.547,1049.7,210.09614,40.48116
1789866955.682,6427,5.20194,0.58998,3.06904,1.549,1.548,1049.7,210.12687,40.48707
1789866955.692,6428,5.18680,0.62361,3.23454,1.550,1.548,1049.7,210.15911,40.49329
1789866955.702,6429,5.20183,0.58649,3.05082,1.550,1.548,1049.7,210.18952,40.49914
1789866955.712,6430,5.20183,0.59098,3.07418,1.550,1.548,1049.7,210.22016,40.50503
1789866955.722,6431,5.20183,0.60662,3.15553,1.549,1.548,1049.7,210.25161,40.51107
1789866955.732,6432,5.20183,0.58001,3.01711,1.549,1.548,1049.7,210.28188,40.51689
1789866955.742,6433,5.20183,0.58599,3.04822,1.550,1.548,1049.7,210.31245,40.52277
1789866955.752,6434,5.20183,0.60662,3.15553,1.550,1.548,1049.7,210.34411,40.52885
1789866955.762,6435,5.20183,0.59048,3.07158,1.550,1.548,1049.7,210.37492,40.53478
1789866955.772,6436,5.20183,0.60662,3.15553,1.550,1.548,1049.7,210.40648,40.54084
1789866955.782,6437,5.20183,0.59247,3.08193,1.551,1.548,1049.7,210.43731,40.54677
1789866955.792,6438,5.20183,0.65052,3.38389,1.551,1.548,1049.7,210.47116,40.55328
1789866955.802,6439,5.20183,0.60645,3.15465,1.551,1.548,1049.7,210.50271,40.55934
1789866955.812,6440,5.20183,0.59172,3.07803,1.551,1.548,1049.7,210.53357,40.56528
1789866955.822,6441,5.20183,0.59222,3.08063,1.551,1.548,1049.7,210.56446,40.57121
1789866955.832,6442,5.20183,0.60645,3.15465,1.551,1.548,1049.7,210.59609,40.57729
1789866955.842,6443,5.20183,0.59048,3.07158,1.551,1.548,1049.7,210.62689,40.58321
1789866955.852,6444,5.20183,0.58425,3.03917,1.551,1.548,1049.7,210.65734,40.58907
1789866955.862,6445,5.20183,0.60645,3.15465,1.550,1.548,1049.7,210.68896,40.59515
1789866955.872,6446,5.20183,0.58375,3.03657,1.550,1.547,1049.7,210.71938,40.60100
1789866955.882,6447,5.20183,0.60645,3.15465,1.549,1.547,1049.7,210.75100,40.60707
1789866955.892,6448,5.20186,0.59621,3.10140,1.549,1.547,1049.7,210.78184,40.61300
1789866955.902,6449,5.20186,0.64230,3.34115,1.549,1.547,1049.7,210.81507,40.61939
1789866955.912,6450,5.20186,0.63831,3.32040,1.549,1.547,1049.7,210.84809,40.62574
1789866955.922,6451,5.20186,0.58574,3.04694,1.550,1.547,1049.7,210.87839,40.63156
1789866955.932,6452,5.20186,0.58799,3.05864,1.550,1.548,1049.7,210.90916,40.63748
1789866955.942,6453,5.20186,0.60660,3.15545,1.550,1.548,1049.7,210.94090,40.64358
1789866955.952,6454,5.20186,0.57727,3.00288,1.551,1.548,1049.7,210.97111,40.64939
1789866955.962,6455,5.20186,0.58325,3.03398,1.552,1.548,1049.7,211.00164,40.65526
1789866955.972,6456,5.20186,0.63657,3.31135,1.550,1.548,1049.7,211.03459,40.66159
1789866955.982,6457,5.20186,0.58799,3.05864,1.550,1.548,1049.7,211.06503,40.66744
1789866955.992,6458,5.20175,0.63557,3.30608,1.550,1.548,1049.7,211.09793,40.67377
1789866956.002,6459,5.20175,0.61664,3.20761,1.550,1.548,1049.7,211.12985,40.67990
1789866956.012,6460,5.20175,0.59646,3.10264,1.549,1.548,1049.7,211.16094,40.68588
1789866956.022,6461,5.20175,0.60656,3.15517,1.548,1.546,1049.7,211.19256,40.69196
1789866956.032,6462,5.20175,0.58898,3.06373,1.549,1.547,1049.7,211.22326,40.69786
1789866956.042,6463,5.20175,0.60656,3.15517,1.549,1.547,1049.7,211.25488,40.70394
1789866956.052,6464,5.20175,0.64753,3.36829,1.550,1.547,1049.7,211.28856,40.71041
1789866956.062,6465,5.20175,0.59023,3.07023,1.550,1.548,1049.7,211.31926,40.71632
1789866956.072,6466,5.20175,0.60656,3.15517,1.550,1.548,1049.7,211.35081,40.72238
1789866956.082,6467,5.20175,0.62536,3.25297,1.551,1.548,1049.7,211.38333,40.72863
1789866956.092,6468,5.20159,0.58699,3.05328,1.552,1.548,1049.7,211.41368,40.73447
1789866956.102,6469,5.18430,0.67170,3.48229,1.551,1.548,1049.7,211.44830,40.74115
1789866956.112,6470,5.17181,0.70434,3.64271,1.551,1.548,1049.7,211.48450,40.74815
1789866956.122,6471,5.20159,0.63956,3.32673,1.551,1.548,1049.7,211.51757,40.75450
1789866956.132,6472,5.18930,0.66173,3.43392,1.550,1.548,1049.7,211.55194,40.76113
1789866956.142,6473,5.20159,0.62337,3.24252,1.550,1.548,1049.7,211.58440,40.76737
1789866956.152,6474,5.20159,0.65725,3.41875,1.549,1.547,1049.7,211.61862,40.77395
1789866956.162,6475,5.20159,0.67344,3.50296,1.549,1.547,1049.7,211.65369,40.78069
1789866956.172,6476,5.20159,0.62685,3.26062,1.549,1.547,1049.7,211.68635,40.78697
1789866956.182,6477,5.20159,0.65127,3.38764,1.549,1.547,1049.7,211.72029,40.79349
1789866956.192,6478,5.18555,0.61065,3.16656,1.551,1.548,1049.7,211.75202,40.79961
1789866956.202,6479,5.20065,0.61065,3.17578,1.551,1.548,1049.7,211.78384,40.80573
1789866956.212,6480,5.20065,0.62860,3.26913,1.550,1.548,1049.7,211.81654,40.81202
1789866956.222,6481,5.20065,0.60019,3.12138,1.550,1.548,1049.7,211.84777,40.81802
1789866956.232,6482,5.20065,0.59521,3.09548,1.550,1.548,1049.7,211.87874,40.82398
1789866956.242,6483,5.20065,0.61065,3.17578,1.550,1.548,1049.7,211.91051,40.83009
1789866956.252,6484,5.20065,0.58450,3.03978,1.550,1.548,1049.7,211.94098,40.83595
1789866956.262,6485,5.20065,0.61065,3.17578,1.550,1.548,1049.7,211.97282,40.84207
1789866956.272,6486,5.20065,0.59720,3.10583,1.550,1.548,1049.7,212.00395,40.84805
1789866956.282,6487,5.20065,0.59297,3.08383,1.551,1.548,1049.7,212.03486,40.85400
1789866956.292,6488,5.20085,0.60944,3.16961,1.551,1.548,1049.7,212.06641,40.86006
1789866956.302,6489,5.20085,0.59920,3.11635,1.550,1.548,1049.7,212.09742,40.86603
1789866956.312,6490,5.20085,0.60944,3.16961,1.550,1.548,1049.7,212.12897,40.87209
1789866956.322,6491,5.20085,0.58824,3.05935,1.550,1.548,1049.7,212.15942,40.87795
1789866956.332,6492,5.20085,0.59347,3.08655,1.550,1.548,1049.7,212.19041,40.88391
1789866956.342,6493,5.20085,0.60944,3.16961,1.550,1.548,1049.7,212.22224,40.89003
1789866956.352,6494,5.20085,0.58101,3.02175,1.551,1.548,1049.7,212.25259,40.89586
1789866956.362,6495,5.20085,0.60944,3.16961,1.551,1.548,1049.7,212.28442,40.90198
1789866956.372,6496,5.20085,0.59571,3.09820,1.551,1.548,1049.7,212.31531,40.90792
1789866956.382,6497,5.20085,0.58674,3.05155,1.551,1.548,1049.7,212.34574,40.91377
1789866956.392,6498,5.20128,0.60797,3.16222,1.551,1.548,1049.7,212.37727,40.91983
1789866956.402,6499,5.20128,0.58475,3.04145,1.551,1.548,1049.7,212.40759,40.92566
1789866956.412,6500,5.20128,0.58749,3.05570,1.552,1.548,1049.7,212.43820,40.93155
1789866956.422,6501,5.20128,0.60797,3.16222,1.551,1.548,1049.7,212.46987,40.93764
1789866956.432,6502,5.20128,0.59421,3.09065,1.552,1.548,1049.7,212.50082,40.94359
1789866956.442,6503,5.20128,0.58848,3.06085,1.551,1.548,1049.7,212.53148,40.94948
1789866956.452,6504,5.20128,0.60797,3.16222,1.551,1.548,1049.7,212.56317,40.95557
1789866956.462,6505,5.20128,0.58973,3.06735,1.551,1.548,1049.7,212.59391,40.96148
1789866956.472,6506,5.20128,0.60797,3.16222,1.550,1.548,1049.7,212.62560,40.96758
1789866956.482,6507,5.20128,0.57777,3.00514,1.550,1.548,1049.7,212.65572,40.97337
1789866956.492,6508,5.20147,0.58699,3.05321,1.551,1.548,1049.7,212.68606,40.97920
1789866956.502,6509,5.20147,0.60738,3.15927,1.550,1.548,1049.7,212.71745,40.98524
1789866956.512,6510,5.20147,0.58824,3.05971,1.551,1.548,1049.7,212.74786,40.99108
1789866956.522,6511,5.20147,0.59322,3.08562,1.551,1.548,1049.7,212.77852,40.99698
1789866956.532,6512,5.20147,0.60738,3.15927,1.550,1.548,1049.7,212.81029,41.00308
1789866956.542,6513,5.20147,0.58375,3.03636,1.550,1.548,1049.7,212.84083,41.00896
1789866956.552,6514,5.20147,0.58500,3.04286,1.550,1.548,1049.7,212.87143,41.01484
1789866956.562,6515,5.20147,0.63333,3.29425,1.551,1.548,1049.7,212.90456,41.02121
1789866956.572,6516,5.20147,0.58001,3.01690,1.551,1.548,1049.7,212.93459,41.02698
1789866956.582,6517,5.20147,0.58475,3.04156,1.550,1.548,1049.7,212.96488,41.03280
1789866956.592,6518,5.20159,0.62312,3.24121,1.551,1.548,1049.7,212.99715,41.03901
1789866956.602,6519,5.20159,0.58948,3.06623,1.551,1.548,1049.7,213.02768,41.04488
1789866956.612,6520,5.18805,0.66074,3.42795,1.550,1.548,1049.7,213.06215,41.05152
1789866956.622,6521,5.18305,0.65850,3.41304,1.550,1.548,1049.7,213.09646,41.05814
1789866956.632,6522,5.20159,0.63582,3.30727,1.550,1.548,1049.7,213.12971,41.06453
1789866956.642,6523,5.20159,0.60682,3.15643,1.550,1.548,1049.7,213.16145,41.07064
1789866956.652,6524,5.20159,0.63682,3.31248,1.550,1.548,1049.7,213.19442,41.07697
1789866956.662,6525,5.20159,0.58300,3.03253,1.550,1.548,1049.7,213.22460,41.08278
1789866956.672,6526,5.20159,0.60682,3.15643,1.551,1.548,1049.7,213.25602,41.08882
1789866956.682,6527,5.20159,0.59421,3.09084,1.551,1.548,1049.7,213.28678,41.09473
1789866956.692,6528,5.20120,0.60802,3.16243,1.551,1.548,1049.7,213.31845,41.10082
1789866956.702,6529,5.20120,0.59745,3.10746,1.551,1.548,1049.7,213.34958,41.10680
1789866956.712,6530,5.20120,0.60802,3.16243,1.551,1.548,1049.7,213.38125,41.11289
1789866956.722,6531,5.20120,0.60802,3.16243,1.551,1.548,1049.7,213.41293,41.11898
1789866956.732,6532,5.20120,0.59172,3.07765,1.551,1.548,1049.7,213.44380,41.12492
1789866956.742,6533,5.20120,0.62112,3.23057,1.550,1.548,1049.7,213.47620,41.13115
1789866956.752,6534,5.20120,0.59521,3.09581,1.550,1.548,1049.7,213.50725,41.13712
1789866956.762,6535,5.20120,0.58674,3.05175,1.551,1.548,1049.7,213.53786,41.14300
1789866956.772,6536,5.20120,0.62237,3.23707,1.551,1.548,1049.7,213.57011,41.14920
1789866956.782,6537,5.20120,0.59222,3.08025,1.551,1.549,1049.7,213.60080,41.15510
1789866956.792,6538,5.20112,0.58425,3.03875,1.551,1.548,1049.7,213.63107,41.16092
1789866956.802,6539,5.20112,0.60857,3.16525,1.552,1.549,1049.7,213.66260,41.16699
1789866956.812,6540,5.20112,0.59446,3.09186,1.552,1.549,1049.7,213.69354,41.17294
1789866956.822,6541,5.20112,0.58674,3.05171,1.551,1.548,1049.7,213.72407,41.17881
1789866956.832,6542,5.20112,0.60857,3.16525,1.551,1.548,1049.7,213.75574,41.18490
1789866956.842,6543,5.20112,0.59222,3.08021,1.551,1.548,1049.7,213.78657,41.19082
1789866956.852,6544,5.20112,0.58525,3.04396,1.550,1.548,1049.7,213.81703,41.19668
1789866956.862,6545,5.20112,0.60857,3.16525,1.551,1.548,1049.7,213.84870,41.20277
1789866956.872,6546,5.20112,0.58848,3.06076,1.551,1.548,1049.7,213.87933,41.20866
1789866956.882,6547,5.20112,0.58001,3.01670,1.550,1.548,1049.7,213.90952,41.21446
1789866956.892,6548,5.20120,0.60832,3.16399,1.550,1.548,1049.7,213.94110,41.22053
1789866956.902,6549,5.20120,0.58699,3.05305,1.551,1.548,1049.7,213.97156,41.22639
1789866956.912,6550,5.20120,0.60832,3.16399,1.551,1.548,1049.7,214.00314,41.23246
1789866956.922,6551,5.20120,0.63956,3.32648,1.551,1.548,1049.7,214.03633,41.23884
1789866956.932,6552,5.20120,0.60832,3.16399,1.550,1.548,1049.7,214.06805,41.24494
1789866956.942,6553,5.20120,0.60832,3.16399,1.551,1.548,1049.7,214.09976,41.25104
1789866956.952,6554,5.20120,0.59197,3.07895,1.551,1.548,1049.7,214.13062,41.25697
1789866956.962,6555,5.20120,0.58724,3.05435,1.550,1.548,1049.7,214.16123,41.26286
1789866956.972,6556,5.20120,0.60832,3.16399,1.550,1.548,1049.7,214.19276,41.26892
1789866956.982,6557,5.20120,0.57902,3.01160,1.550,1.548,1049.7,214.22276,41.27469
1789866956.992,6558,5.20120,0.58699,3.05305,1.551,1.548,1049.7,214.25318,41.28054
1789866957.002,6559,5.20120,0.60808,3.16275,1.551,1.548,1049.7,214.28470,41.28659
1789866957.012,6560,5.20120,0.58525,3.04400,1.550,1.548,1049.7,214.31517,41.29245
1789866957.022,6561,5.18930,0.66971,3.47533,1.551,1.548,1049.7,214.34996,41.29916
1789866957.032,6562,5.20120,0.59247,3.08155,1.551,1.548,1049.7,214.38081,41.30509
1789866957.042,6563,5.20120,0.58674,3.05175,1.550,1.548,1049.7,214.41136,41.31096
1789866957.052,6564,5.20120,0.60808,3.16275,1.550,1.548,1049.7,214.44306,41.31706
1789866957.062,6565,5.20120,0.58425,3.03880,1.551,1.548,1049.7,214.47352,41.32291
1789866957.072,6566,5.20120,0.60808,3.16275,1.550,1.548,1049.7,214.50522,41.32901
1789866957.082,6567,5.20120,0.58549,3.04525,1.550,1.548,1049.7,214.53574,41.33488
1789866957.092,6568,5.20120,0.59147,3.07635,1.551,1.548,1049.7,214.56642,41.34077
1789866957.102,6569,5.20120,0.63333,3.29408,1.551,1.548,1049.7,214.59927,41.34709
1789866957.112,6570,5.20120,0.58574,3.04655,1.551,1.548,1049.7,214.62965,41.35293
1789866957.122,6571,5.20120,0.64255,3.34203,1.550,1.548,1049.7,214.66298,41.35934
1789866957.132,6572,5.20120,0.58824,3.05955,1.550,1.548,1049.7,214.69363,41.36523
1789866957.142,6573,5.20120,0.60836,3.16420,1.550,1.548,1049.7,214.72533,41.37133
1789866957.152,6574,5.20120,0.63707,3.31353,1.550,1.548,1049.7,214.75853,41.37771
1789866957.162,6575,5.20120,0.58151,3.02455,1.551,1.548,1049.7,214.78883,41.38354
1789866957.172,6576,5.20120,0.58799,3.05825,1.551,1.548,1049.7,214.81939,41.38941
1789866957.182,6577,5.20120,0.63582,3.30703,1.551,1.548,1049.7,214.85243,41.39576
1789866957.192,6578,5.20190,0.58998,3.06902,1.552,1.548,1049.7,214.88309,41.40166
1789866957.202,6579,5.20190,0.60553,3.14991,1.552,1.548,1049.7,214.91456,41.40771
1789866957.212,6580,5.20190,0.62885,3.27121,1.552,1.548,1049.7,214.94727,41.41400
1789866957.222,6581,5.20190,0.62013,3.22585,1.550,1.548,1049.7,214.97953,41.42020
1789866957.232,6582,5.18430,0.67419,3.49520,1.551,1.548,1049.7,215.01448,41.42694
1789866957.242,6583,5.20190,0.59048,3.07162,1.550,1.548,1049.7,215.04520,41.43284
1789866957.252,6584,5.20190,0.62287,3.24011,1.550,1.548,1049.7,215.07778,41.43911
1789866957.262,6585,5.20190,0.58674,3.05216,1.549,1.548,1049.7,215.10848,41.44501
1789866957.272,6586,5.20190,0.61763,3.21285,1.549,1.548,1049.7,215.14079,41.45122
1789866957.282,6587,5.20190,0.63607,3.30877,1.550,1.548,1049.7,215.17406,41.45762
1789866957.292,6588,5.20214,0.58475,3.04195,1.551,1.548,1049.7,215.20425,41.46342
1789866957.302,6589,5.20214,0.60491,3.14683,1.551,1.548,1049.7,215.23549,41.46942
1789866957.312,6590,5.20214,0.59272,3.08341,1.551,1.548,1049.7,215.26609,41.47531
1789866957.322,6591,5.20214,0.60491,3.14683,1.551,1.548,1049.7,215.29733,41.48131
1789866957.332,6592,5.19180,0.67967,3.52871,1.550,1.548,1049.7,215.33270,41.48813
1789866957.342,6593,5.20214,0.59272,3.08341,1.550,1.548,1049.7,215.36361,41.49407
1789866957.352,6594,5.20214,0.62237,3.23766,1.550,1.548,1049.7,215.39607,41.50031
1789866957.362,6595,5.20214,0.58699,3.05360,1.550,1.547,1049.7,215.42668,41.50619
1789866957.372,6596,5.20214,0.60491,3.14683,1.550,1.547,1049.7,215.45815,41.51224
1789866957.382,6597,5.20214,0.58400,3.03805,1.550,1.548,1049.7,215.48853,41.51808
1789866957.392,6598,5.20210,0.58126,3.02377,1.551,1.548,1049.7,215.51878,41.52389
1789866957.402,6599,5.20210,0.60482,3.14633,1.552,1.548,1049.7,215.55024,41.52994
1789866957.412,6600,5.20210,0.58649,3.05098,1.551,1.548,1049.7,215.58058,41.53577
1789866957.422,6601,5.20210,0.60482,3.14633,1.550,1.548,1049.7,215.61187,41.54179
1789866957.432,6602,5.19180,0.69462,3.60633,1.551,1.548,1049.7,215.64773,41.54870
1789866957.442,6603,5.20210,0.60482,3.14633,1.551,1.548,1049.7,215.67902,41.55471
1789866957.452,6604,5.20210,0.61639,3.20652,1.551,1.548,1049.7,215.71116,41.56089
1789866957.462,6605,5.20210,0.58724,3.05488,1.550,1.548,1049.7,215.74177,41.56677
1789866957.472,6606,5.20210,0.60482,3.14633,1.550,1.548,1049.7,215.77330,41.57283
1789866957.482,6607,5.20210,0.58176,3.02637,1.550,1.548,1049.7,215.80363,41.57866
1789866957.492,6608,5.20190,0.58201,3.02756,1.550,1.548,1049.7,215.83389,41.58448
1789866957.502,6609,5.20190,0.60499,3.14710,1.550,1.548,1049.7,215.86535,41.59053
1789866957.512,6610,5.20190,0.58898,3.06382,1.550,1.548,1049.7,215.89598,41.59642
1789866957.522,6611,5.20190,0.60499,3.14710,1.550,1.548,1049.7,215.92744,41.60247
1789866957.532,6612,5.20190,0.62486,3.25046,1.550,1.548,1049.7,215.95995,41.60872
1789866957.542,6613,5.20190,0.60499,3.14710,1.550,1.548,1049.7,215.99144,41.61477
1789866957.552,6614,5.20190,0.60499,3.14710,1.549,1.548,1049.7,216.02292,41.62082
1789866957.562,6615,5.20190,0.58500,3.04311,1.551,1.548,1049.7,216.05337,41.62667
1789866957.572,6616,5.20190,0.60499,3.14710,1.550,1.548,1049.7,216.08486,41.63273
1789866957.582,6617,5.20190,0.58026,3.01845,1.550,1.548,1049.7,216.11506,41.63853
1789866957.592,6618,5.20183,0.58250,3.03007,1.551,1.548,1049.7,216.14538,41.64436
1789866957.602,6619,5.20183,0.60519,3.14810,1.551,1.548,1049.7,216.17689,41.65042
1789866957.612,6620,5.20183,0.58998,3.06898,1.551,1.548,1049.7,216.20757,41.65632
1789866957.622,6621,5.20183,0.62237,3.23746,1.550,1.547,1049.7,216.23994,41.66254
1789866957.632,6622,5.20183,0.60519,3.14810,1.550,1.548,1049.7,216.27142,41.66859
1789866957.642,6623,5.20183,0.58475,3.04177,1.550,1.548,1049.7,216.30183,41.67444
1789866957.652,6624,5.20183,0.63856,3.32168,1.550,1.548,1049.7,216.33511,41.68084
1789866957.662,6625,5.20183,0.59098,3.07418,1.550,1.548,1049.7,216.36592,41.68676
1789866957.672,6626,5.20183,0.58026,3.01841,1.550,1.548,1049.7,216.39616,41.69257
1789866957.682,6627,5.20183,0.60519,3.14810,1.550,1.548,1049.7,216.42770,41.69864
1789866957.692,6628,5.20206,0.58649,3.05096,1.551,1.548,1049.7,216.45823,41.70450
1789866957.702,6629,5.20206,0.58699,3.05356,1.551,1.548,1049.7,216.48877,41.71038
1789866957.712,6630,5.20206,0.62685,3.26091,1.551,1.548,1049.7,216.52139,41.71665
1789866957.722,6631,5.20206,0.58400,3.03800,1.551,1.548,1049.7,216.55179,41.72249
1789866957.732,6632,5.20206,0.62735,3.26351,1.550,1.548,1049.7,216.58447,41.72877
1789866957.742,6633,5.18555,0.58500,3.03355,1.550,1.548,1049.7,216.61486,41.73463
1789866957.752,6634,5.19180,0.67444,3.50156,1.550,1.548,1049.7,216.64993,41.74139
1789866957.762,6635,5.18805,0.68490,3.55330,1.550,1.548,1049.7,216.68552,41.74825
1789866957.772,6636,5.20206,0.63732,3.31538,1.550,1.548,1049.7,216.71861,41.75461
1789866957.782,6637,5.18930,0.65775,3.41326,1.550,1.548,1049.7,216.75268,41.76117
1789866957.792,6638,5.16681,0.73523,3.79879,1.551,1.548,1049.7,216.79060,41.76851
1789866957.802,6639,5.20140,0.59073,3.07262,1.551,1.548,1049.7,216.82127,41.77441
1789866957.812,6640,5.20140,0.62386,3.24495,1.551,1.548,1049.7,216.85373,41.78065
1789866957.822,6641,5.20140,0.59172,3.07777,1.551,1.548,1049.7,216.88453,41.78657
1789866957.832,6642,5.20140,0.60618,3.15298,1.551,1.548,1049.7,216.91607,41.79264
1789866957.842,6643,5.18305,0.70708,3.66483,1.551,1.548,1049.7,216.95273,41.79971
1789866957.852,6644,5.18555,0.68515,3.55288,1.551,1.548,1049.7,216.98835,41.80658
1789866957.862,6645,5.20140,0.63333,3.29420,1.550,1.548,1049.7,217.02138,41.81293
1789866957.872,6646,5.20140,0.60618,3.15298,1.550,1.548,1049.7,217.05299,41.81900
1789866957.882,6647,5.20140,0.60618,3.15298,1.550,1.548,1049.7,217.08460,41.82508
1789866957.892,6648,5.18680,0.58549,3.03682,1.550,1.548,1049.7,217.11481,41.83091
1789866957.902,6649,5.20069,0.58649,3.05015,1.550,1.548,1049.7,217.14515,41.83674
1789866957.912,6650,5.20069,0.60905,3.16748,1.550,1.548,1049.7,217.17665,41.84280
1789866957.922,6651,5.20069,0.58973,3.06700,1.550,1.548,1049.7,217.20716,41.84866
1789866957.932,6652,5.20069,0.62038,3.22640,1.550,1.548,1049.7,217.23954,41.85489
1789866957.942,6653,5.18680,0.62361,3.23454,1.550,1.548,1049.7,217.27200,41.86115
1789866957.952,6654,5.20069,0.59895,3.11495,1.550,1.548,1049.7,217.30326,41.86716
1789866957.962,6655,5.20069,0.60905,3.16748,1.552,1.548,1049.7,217.33504,41.87327
1789866957.972,6656,5.20069,0.59272,3.08255,1.551,1.548,1049.7,217.36585,41.87919
1789866957.982,6657,5.20069,0.60905,3.16748,1.550,1.548,1049.7,217.39752,41.88528
1789866957.992,6658,5.20054,0.58250,3.02931,1.550,1.548,1049.7,217.42780,41.89110
1789866958.002,6659,5.20054,0.58774,3.05657,1.551,1.548,1049.7,217.45835,41.89698
1789866958.012,6660,5.20054,0.60956,3.17004,1.551,1.548,1049.7,217.49001,41.90307
1789866958.022,6661,5.20054,0.58574,3.04616,1.549,1.547,1049.7,217.52044,41.90892
1789866958.032,6662,5.20054,0.60956,3.17004,1.550,1.548,1049.7,217.55210,41.91501
1789866958.042,6663,5.20054,0.59571,3.09801,1.550,1.548,1049.7,217.58305,41.92096
1789866958.052,6664,5.20054,0.58549,3.04486,1.550,1.548,1049.7,217.61356,41.92683
1789866958.062,6665,5.20054,0.60956,3.17004,1.550,1.547,1049.7,217.64533,41.93293
1789866958.072,6666,5.20054,0.58898,3.06301,1.550,1.548,1049.7,217.67603,41.93884
1789866958.082,6667,5.20054,0.58574,3.04616,1.550,1.548,1049.7,217.70656,41.94471
1789866958.092,6668,5.20054,0.60891,3.16666,1.550,1.547,1049.7,217.73838,41.95083
1789866958.102,6669,5.20054,0.58973,3.06691,1.551,1.548,1049.7,217.76919,41.95675
1789866958.112,6670,5.20054,0.58799,3.05787,1.551,1.548,1049.7,217.79992,41.96266
1789866958.122,6671,5.20054,0.60891,3.16666,1.551,1.548,1049.7,217.83174,41.96878
1789866958.132,6672,5.20054,0.58500,3.04232,1.550,1.548,1049.7,217.86206,41.97461
1789866958.142,6673,5.20054,0.60891,3.16666,1.550,1.547,1049.7,217.89362,41.98068
1789866958.152,6674,5.20054,0.59471,3.09281,1.550,1.548,1049.7,217.92445,41.98660
1789866958.162,6675,5.20054,0.59696,3.10451,1.549,1.547,1049.7,217.95539,41.99255
1789866958.172,6676,5.20054,0.60891,3.16666,1.549,1.547,1049.7,217.98694,41.99862
1789866958.182,6677,5.20054,0.58450,3.03972,1.549,1.547,1049.7,218.01722,42.00444
1789866958.192,6678,5.20038,0.62062,3.22746,1.550,1.547,1049.7,218.04938,42.01063
1789866958.202,6679,5.20038,0.58649,3.04997,1.551,1.548,1049.7,218.07977,42.01647
1789866958.212,6680,5.20038,0.58848,3.06032,1.550,1.548,1049.7,218.11031,42.02234
1789866958.222,6681,5.20038,0.60916,3.16786,1.550,1.548,1049.7,218.14192,42.02842
1789866958.232,6682,5.20038,0.58325,3.03312,1.551,1.548,1049.7,218.17220,42.03424
1789866958.242,6683,5.20038,0.58724,3.05387,1.550,1.548,1049.7,218.20267,42.04011
1789866958.252,6684,5.20038,0.62187,3.23396,1.551,1.548,1049.7,218.23518,42.04636
1789866958.262,6685,5.20038,0.59297,3.08367,1.551,1.548,1049.7,218.26617,42.05232
1789866958.272,6686,5.20038,0.58574,3.04607,1.550,1.548,1049.7,218.29678,42.05820
1789866958.282,6687,5.20038,0.60916,3.16786,1.551,1.548,1049.7,218.32862,42.06432
1789866958.292,6688,5.20034,0.58226,3.02795,1.551,1.548,1049.7,218.35873,42.07011
1789866958.302,6689,5.20034,0.60896,3.16680,1.551,1.548,1049.7,218.39023,42.07617
1789866958.312,6690,5.20034,0.58873,3.06160,1.551,1.548,1049.7,218.42067,42.08203
1789866958.322,6691,5.20034,0.58973,3.06680,1.550,1.547,1049.7,218.45117,42.08789
1789866958.332,6692,5.20034,0.64006,3.32853,1.550,1.548,1049.7,218.48454,42.09431
1789866958.342,6693,5.20034,0.58350,3.03440,1.550,1.548,1049.7,218.51497,42.10016
1789866958.352,6694,5.20034,0.62386,3.24428,1.550,1.547,1049.7,218.54749,42.10641
1789866958.362,6695,5.20034,0.63308,3.29223,1.551,1.548,1049.7,218.58050,42.11276
1789866958.372,6696,5.20034,0.67021,3.48532,1.551,1.548,1049.7,218.61528,42.11945
1789866958.382,6697,5.18805,0.68740,3.56627,1.551,1.548,1049.7,218.65086,42.12631
1789866958.392,6698,5.19995,0.61001,3.17202,1.551,1.548,1049.7,218.68251,42.13239
1789866958.402,6699,5.19995,0.61001,3.17202,1.552,1.548,1049.7,218.71416,42.13848
1789866958.412,6700,5.18805,0.62162,3.22500,1.552,1.548,1049.7,218.74673,42.14476
1789866958.422,6701,5.19995,0.58574,3.04582,1.551,1.548,1049.7,218.77749,42.15067
1789866958.432,6702,5.19995,0.62885,3.26999,1.551,1.548,1049.7,218.81051,42.15702
1789866958.442,6703,5.19995,0.59421,3.08986,1.552,1.548,1049.7,218.84171,42.16302
1789866958.452,6704,5.19995,0.62436,3.24664,1.551,1.548,1049.7,218.87401,42.16923
1789866958.462,6705,5.19995,0.70658,3.67418,1.551,1.548,1049.7,218.91057,42.17626
1789866958.472,6706,5.19995,0.61001,3.17202,1.551,1.548,1049.7,218.94212,42.18233
1789866958.482,6707,5.19995,0.63383,3.29588,1.551,1.548,1049.7,218.97491,42.18864
1789866958.492,6708,5.19968,0.59197,3.07805,1.551,1.548,1049.7,219.00556,42.19453
1789866958.502,6709,5.19968,0.59397,3.08845,1.551,1.548,1049.7,219.03630,42.20044
1789866958.512,6710,5.19968,0.61104,3.17721,1.551,1.548,1049.7,219.06793,42.20653
1789866958.522,6711,5.19968,0.58350,3.03401,1.551,1.548,1049.7,219.09814,42.21234
1789866958.532,6712,5.19968,0.61104,3.17721,1.550,1.548,1049.7,219.13004,42.21847
1789866958.542,6713,5.19968,0.59671,3.10270,1.550,1.548,1049.7,219.16120,42.22446
1789866958.552,6714,5.19968,0.62112,3.22963,1.550,1.548,1049.7,219.19363,42.23070
1789866958.562,6715,5.19968,0.65650,3.41359,1.550,1.548,1049.7,219.22790,42.23729
1789866958.572,6716,5.19968,0.59446,3.09100,1.550,1.548,1049.7,219.25880,42.24324
1789866958.582,6717,5.19968,0.61104,3.17721,1.550,1.548,1049.7,219.29056,42.24934
1789866958.592,6718,5.19968,0.58873,3.06121,1.551,1.548,1049.7,219.32116,42.25523
1789866958.602,6719,5.19968,0.61121,3.17810,1.552,1.548,1049.7,219.35293,42.26134
1789866958.612,6720,5.19968,0.58325,3.03271,1.551,1.548,1049.7,219.38320,42.26716
1789866958.622,6721,5.19968,0.58574,3.04566,1.551,1.548,1049.7,219.41360,42.27301
1789866958.632,6722,5.19968,0.61121,3.17810,1.551,1.548,1049.7,219.44532,42.27911
1789866958.642,6723,5.19968,0.58923,3.06381,1.551,1.548,1049.7,219.47590,42.28499
1789866958.652,6724,5.19968,0.61121,3.17810,1.550,1.548,1049.7,219.50765,42.29109
1789866958.662,6725,5.19968,0.63682,3.31126,1.550,1.548,1049.7,219.54074,42.29746
1789866958.672,6726,5.19968,0.63209,3.28667,1.550,1.548,1049.7,219.57358,42.30377
1789866958.682,6727,5.19968,0.61121,3.17810,1.550,1.548,1049.7,219.60533,42.30988
1789866958.692,6728,5.19960,0.59272,3.08191,1.550,1.548,1049.7,219.63612,42.31580
1789866958.702,6729,5.19960,0.58525,3.04307,1.550,1.548,1049.7,219.66652,42.32165
1789866958.712,6730,5.19960,0.61184,3.18132,1.550,1.548,1049.7,219.69830,42.32776
1789866958.722,6731,5.19960,0.59147,3.07541,1.550,1.548,1049.7,219.72903,42.33367
1789866958.732,6732,5.19960,0.58923,3.06376,1.550,1.548,1049.7,219.75974,42.33958
1789866958.742,6733,5.19960,0.62835,3.26717,1.551,1.548,1049.7,219.79249,42.34588
1789866958.752,6734,5.19960,0.58549,3.04431,1.551,1.548,1049.7,219.82301,42.35174
1789866958.762,6735,5.17930,0.67145,3.47764,1.550,1.548,1049.7,219.85788,42.35848
1789866958.772,6736,5.19960,0.59147,3.07541,1.551,1.548,1049.7,219.88879,42.36442
1789866958.782,6737,5.19960,0.59646,3.10135,1.551,1.548,1049.7,219.91997,42.37042
1789866958.792,6738,5.19995,0.61092,3.17675,1.551,1.548,1049.7,219.95190,42.37656
1789866958.802,6739,5.19995,0.58375,3.03547,1.551,1.548,1049.7,219.98241,42.38243
1789866958.812,6740,5.19995,0.61092,3.17675,1.551,1.548,1049.7,220.01402,42.38850
1789866958.822,6741,5.19995,0.58450,3.03937,1.552,1.548,1049.7,220.04426,42.39432
1789866958.832,6742,5.19995,0.57927,3.01218,1.551,1.548,1049.7,220.07423,42.40008
1789866958.842,6743,5.19995,0.63109,3.28164,1.551,1.548,1049.7,220.10688,42.40636
1789866958.852,6744,5.19995,0.58923,3.06397,1.550,1.548,1049.7,220.13758,42.41227
1789866958.862,6745,5.19995,0.62386,3.24404,1.551,1.548,1049.7,220.17008,42.41852
1789866958.872,6746,5.19995,0.59247,3.08081,1.550,1.548,1049.7,220.20095,42.42445
1789866958.882,6747,5.19995,0.64529,3.35548,1.550,1.548,1049.7,220.23457,42.43092
1789866958.892,6748,5.18555,0.67469,3.49864,1.550,1.548,1049.7,220.26950,42.43765
1789866958.902,6749,5.20069,0.65276,3.39480,1.551,1.548,1049.7,220.30339,42.44417
1789866958.912,6750,5.18555,0.64529,3.34618,1.551,1.548,1049.7,220.33679,42.45061
1789866958.922,6751,5.20069,0.61838,3.21600,1.551,1.548,1049.7,220.36890,42.45679
1789866958.932,6752,5.18805,0.63209,3.27931,1.550,1.548,1049.7,220.40157,42.46308
1789866958.942,6753,5.18805,0.64255,3.33358,1.549,1.547,1049.7,220.43478,42.46948
1789866958.952,6754,5.20069,0.64579,3.35855,1.551,1.548,1049.7,220.46824,42.47592
1789866958.962,6755,5.20069,0.64554,3.35725,1.551,1.548,1049.7,220.50169,42.48235
1789866958.972,6756,5.20069,0.63981,3.32745,1.551,1.548,1049.7,220.53500,42.48875
1789866958.982,6757,5.20069,0.60769,3.16041,1.551,1.548,1049.7,220.56664,42.49484
1789866958.992,6758,5.20019,0.62486,3.24939,1.551,1.548,1049.7,220.59917,42.50109
1789866959.002,6759,5.20019,0.58749,3.05506,1.552,1.549,1049.7,220.62975,42.50698
1789866959.012,6760,5.20019,0.61022,3.17326,1.551,1.548,1049.7,220.66141,42.51306
1789866959.022,6761,5.20019,0.63084,3.28049,1.551,1.548,1049.7,220.69415,42.51936
1789866959.032,6762,5.20019,0.59322,3.08486,1.551,1.548,1049.7,220.72493,42.52528
1789866959.042,6763,5.20019,0.61022,3.17326,1.551,1.548,1049.7,220.75660,42.53137
1789866959.052,6764,5.20019,0.57827,3.00711,1.551,1.548,1049.7,220.78667,42.53715
1789866959.062,6765,5.20019,0.59048,3.07061,1.551,1.548,1049.7,220.81738,42.54306
1789866959.072,6766,5.20019,0.61022,3.17326,1.550,1.548,1049.7,220.84911,42.54916
1789866959.082,6767,5.20019,0.59297,3.08356,1.550,1.547,1049.7,220.87995,42.55509
1789866959.092,6768,5.20030,0.62411,3.24556,1.550,1.547,1049.7,220.91241,42.56133
1789866959.102,6769,5.21054,0.58873,3.06760,1.550,1.548,1049.7,220.94309,42.56722
1789866959.112,6770,5.20030,0.60999,3.17213,1.551,1.548,1049.7,220.97482,42.57332
1789866959.122,6771,5.20030,0.59073,3.07197,1.551,1.548,1049.7,221.00554,42.57923
1789866959.132,6772,5.20030,0.58649,3.04992,1.551,1.548,1049.7,221.03605,42.58510
1789866959.142,6773,5.20030,0.60999,3.17213,1.551,1.548,1049.7,221.06778,42.59120
1789866959.152,6774,5.20030,0.58176,3.02533,1.550,1.548,1049.7,221.09804,42.59702
1789866959.162,6775,5.20030,0.60999,3.17213,1.551,1.548,1049.7,221.12977,42.60312
1789866959.172,6776,5.20030,0.64155,3.33625,1.552,1.548,1049.7,221.16314,42.60953
1789866959.182,6777,5.20030,0.59471,3.09267,1.551,1.548,1049.7,221.19408,42.61548
1789866959.192,6778,5.20022,0.61006,3.17245,1.552,1.548,1049.7,221.22581,42.62159
1789866959.202,6779,5.20022,0.58151,3.02398,1.552,1.548,1049.7,221.25606,42.62740
1789866959.212,6780,5.20022,0.58101,3.02138,1.552,1.548,1049.7,221.28629,42.63321
1789866959.222,6781,5.20022,0.61006,3.17245,1.551,1.548,1049.7,221.31802,42.63932
1789866959.232,6782,5.20022,0.58475,3.04083,1.550,1.548,1049.7,221.34844,42.64517
1789866959.242,6783,5.20022,0.58674,3.05118,1.551,1.548,1049.7,221.37897,42.65104
1789866959.252,6784,5.20022,0.61006,3.17245,1.550,1.548,1049.7,221.41070,42.65714
1789866959.262,6785,5.20022,0.58799,3.05768,1.550,1.548,1049.7,221.44128,42.66302
1789866959.272,6786,5.20022,0.62062,3.22736,1.550,1.548,1049.7,221.47355,42.66923
1789866959.282,6787,5.20022,0.59023,3.06933,1.551,1.548,1049.7,221.50425,42.67513
1789866959.292,6788,5.20026,0.58799,3.05770,1.550,1.548,1049.7,221.53478,42.68100
1789866959.302,6789,5.20026,0.61018,3.17309,1.551,1.548,1049.7,221.56646,42.68709
1789866959.312,6790,5.20026,0.58749,3.05510,1.552,1.548,1049.7,221.59697,42.69296
1789866959.322,6791,5.20026,0.58749,3.05510,1.552,1.548,1049.7,221.62748,42.69883
1789866959.332,6792,5.20026,0.61018,3.17309,1.552,1.549,1049.7,221.65927,42.70494
1789866959.342,6793,5.20026,0.59098,3.07325,1.551,1.548,1049.7,221.69007,42.71086
1789866959.352,6794,5.20026,0.58450,3.03955,1.552,1.548,1049.7,221.72052,42.71672
1789866959.362,6795,5.20026,0.61018,3.17309,1.551,1.548,1049.7,221.75232,42.72283
1789866959.372,6796,5.20026,0.58400,3.03695,1.551,1.548,1049.7,221.78266,42.72867
1789866959.382,6797,5.20026,0.61018,3.17309,1.551,1.548,1049.7,221.81436,42.73476
1789866959.392,6798,5.20046,0.59347,3.08632,1.551,1.548,1049.7,221.84520,42.74069
1789866959.402,6799,5.20046,0.59446,3.09147,1.552,1.548,1049.7,221.87608,42.74663
1789866959.412,6800,5.20046,0.60987,3.17160,1.551,1.548,1049.7,221.90777,42.75272
1789866959.422,6801,5.20046,0.58375,3.03577,1.551,1.548,1049.7,221.93810,42.75856
1789866959.432,6802,5.20046,0.60987,3.17160,1.551,1.548,1049.7,221.96978,42.76465
1789866959.442,6803,5.20046,0.58250,3.02927,1.550,1.548,1049.7,222.00005,42.77047
1789866959.452,6804,5.20046,0.58649,3.05002,1.550,1.548,1049.7,222.03060,42.77634
1789866959.462,6805,5.20046,0.63682,3.31176,1.550,1.548,1049.7,222.06378,42.78272
1789866959.472,6806,5.20046,0.59720,3.10571,1.550,1.548,1049.7,222.09490,42.78871
1789866959.482,6807,5.18930,0.65750,3.41196,1.550,1.548,1049.7,222.12908,42.79529
1789866959.492,6808,5.20089,0.58574,3.04637,1.550,1.548,1049.7,222.15955,42.80115
1789866959.502,6809,5.20089,0.60827,3.16355,1.551,1.548,1049.7,222.19119,42.80724
1789866959.512,6810,5.20089,0.62984,3.27573,1.550,1.548,1049.7,222.22395,42.81354
1789866959.522,6811,5.20089,0.60827,3.16355,1.550,1.548,1049.7,222.25559,42.81962
1789866959.532,6812,5.20089,0.60827,3.16355,1.550,1.547,1049.7,222.28719,42.82569
1789866959.542,6813,5.20089,0.58649,3.05027,1.550,1.548,1049.7,222.31766,42.83155
1789866959.552,6814,5.20089,0.58549,3.04507,1.550,1.547,1049.7,222.34808,42.83740
1789866959.562,6815,5.20089,0.60827,3.16355,1.551,1.548,1049.7,222.37968,42.84348
1789866959.572,6816,5.20089,0.60827,3.16355,1.551,1.548,1049.7,222.41135,42.84957
1789866959.582,6817,5.18305,0.60827,3.15269,1.551,1.548,1049.7,222.44291,42.85566
1789866959.592,6818,5.20093,0.58574,3.04639,1.551,1.548,1049.7,222.47341,42.86152
1789866959.602,6819,5.20093,0.60786,3.16144,1.551,1.548,1049.7,222.50506,42.86761
